{
  "base": {
    "name": "base_sft_p1",
    "n_sentences": 114,
    "parse_failure_rate": 0.0,
    "summary_f1": 0.3995733323032852,
    "field_metrics": {
      "top": {
        "accuracy": 0.4298245614035088,
        "f1_macro": 0.34495122102777603,
        "precision": 0.3238011988011988,
        "recall": 0.40126262626262627,
        "jaccard_mean": 0.5270467836257311,
        "n": 114
      },
      "ten": {
        "accuracy": 0.7456140350877193,
        "f1_macro": 0.37598903251077165,
        "precision": 0.3783846872082166,
        "recall": 0.38541666666666663,
        "n": 114
      },
      "sen": {
        "accuracy": 0.30701754385964913,
        "f1_macro": 0.26846446180811506,
        "precision": 0.38047173883478497,
        "recall": 0.4215294391281233,
        "n": 114
      },
      "com": {
        "accuracy": 0.7807017543859649,
        "f1_macro": 0.36082532504239684,
        "precision": 0.3493346598681756,
        "recall": 0.39884020618556704,
        "n": 114
      },
      "hor": {
        "accuracy": 0.5964912280701754,
        "f1_macro": 0.35692951015531665,
        "precision": 0.39766081871345027,
        "recall": 0.47596371882086164,
        "n": 114
      },
      "ris": {
        "accuracy": 0.7807017543859649,
        "f1_macro": 0.5736967418546366,
        "precision": 0.5637254901960783,
        "recall": 0.6926406926406926,
        "n": 114
      },
      "wid": {
        "accuracy": 0.8859649122807017,
        "f1_macro": 0.411180904522613,
        "precision": 0.4294444444444444,
        "recall": 0.39646464646464646,
        "n": 114
      }
    },
    "timestamp": "2026-05-17T13:44:42.475716"
  },
  "sft": {
    "name": "sft_sft_p1",
    "n_sentences": 114,
    "parse_failure_rate": 0.0,
    "summary_f1": 0.48868290067221626,
    "field_metrics": {
      "top": {
        "accuracy": 0.5526315789473685,
        "f1_macro": 0.4577534912758697,
        "precision": 0.4713107438171376,
        "recall": 0.4745802177620359,
        "jaccard_mean": 0.6191520467836257,
        "n": 114
      },
      "ten": {
        "accuracy": 0.8157894736842105,
        "f1_macro": 0.4094551282051282,
        "precision": 0.40625,
        "recall": 0.41276041666666663,
        "n": 114
      },
      "sen": {
        "accuracy": 0.5877192982456141,
        "f1_macro": 0.43532900702379246,
        "precision": 0.4859722222222222,
        "recall": 0.42107256778309404,
        "n": 114
      },
      "com": {
        "accuracy": 0.9122807017543859,
        "f1_macro": 0.5912800687285223,
        "precision": 0.5746134020618556,
        "recall": 0.6121134020618557,
        "n": 114
      },
      "hor": {
        "accuracy": 0.9473684210526315,
        "f1_macro": 0.5900990099009901,
        "precision": 0.6474358974358975,
        "recall": 0.5555555555555555,
        "n": 114
      },
      "ris": {
        "accuracy": 0.9385964912280702,
        "f1_macro": 0.6972270197658799,
        "precision": 0.7942434210526316,
        "recall": 0.6981292517006803,
        "n": 114
      },
      "wid": {
        "accuracy": 0.8771929824561403,
        "f1_macro": 0.36442208462332304,
        "precision": 0.38244047619047616,
        "recall": 0.35353535353535354,
        "n": 114
      }
    },
    "timestamp": "2026-05-17T13:44:39.910847"
  },
  "delta_summary_f1": 0.08910956836893108,
  "timestamp": "2026-05-17T13:44:42.589437"
}