{
  "name": "sft_sft_p1",
  "n_sentences": 114,
  "parse_failure_rate": 0.0,
  "summary_f1": 0.48868290067221626,
  "field_metrics": {
    "top": {
      "accuracy": 0.5526315789473685,
      "f1_macro": 0.4577534912758697,
      "precision": 0.4713107438171376,
      "recall": 0.4745802177620359,
      "jaccard_mean": 0.6191520467836257,
      "n": 114
    },
    "ten": {
      "accuracy": 0.8157894736842105,
      "f1_macro": 0.4094551282051282,
      "precision": 0.40625,
      "recall": 0.41276041666666663,
      "n": 114
    },
    "sen": {
      "accuracy": 0.5877192982456141,
      "f1_macro": 0.43532900702379246,
      "precision": 0.4859722222222222,
      "recall": 0.42107256778309404,
      "n": 114
    },
    "com": {
      "accuracy": 0.9122807017543859,
      "f1_macro": 0.5912800687285223,
      "precision": 0.5746134020618556,
      "recall": 0.6121134020618557,
      "n": 114
    },
    "hor": {
      "accuracy": 0.9473684210526315,
      "f1_macro": 0.5900990099009901,
      "precision": 0.6474358974358975,
      "recall": 0.5555555555555555,
      "n": 114
    },
    "ris": {
      "accuracy": 0.9385964912280702,
      "f1_macro": 0.6972270197658799,
      "precision": 0.7942434210526316,
      "recall": 0.6981292517006803,
      "n": 114
    },
    "wid": {
      "accuracy": 0.8771929824561403,
      "f1_macro": 0.36442208462332304,
      "precision": 0.38244047619047616,
      "recall": 0.35353535353535354,
      "n": 114
    }
  },
  "timestamp": "2026-05-17T13:44:39.910847"
}