{
  "name": "sft_sft_p5",
  "n_sentences": 114,
  "parse_failure_rate": 0.0,
  "summary_f1": 0.46440350922150064,
  "field_metrics": {
    "top": {
      "accuracy": 0.543859649122807,
      "f1_macro": 0.5000235109717869,
      "precision": 0.5139129875971981,
      "recall": 0.5192243867243866,
      "jaccard_mean": 0.6279239766081871,
      "n": 114
    },
    "ten": {
      "accuracy": 0.8070175438596491,
      "f1_macro": 0.40361057382333976,
      "precision": 0.40153452685422,
      "recall": 0.40625,
      "n": 114
    },
    "sen": {
      "accuracy": 0.5701754385964912,
      "f1_macro": 0.3804100393988034,
      "precision": 0.38360863978937293,
      "recall": 0.3899787347155768,
      "n": 114
    },
    "com": {
      "accuracy": 0.868421052631579,
      "f1_macro": 0.4544587628865979,
      "precision": 0.4483049167327518,
      "recall": 0.46112542955326463,
      "n": 114
    },
    "hor": {
      "accuracy": 0.9298245614035088,
      "f1_macro": 0.5521454958795112,
      "precision": 0.6415094339622641,
      "recall": 0.5111111111111111,
      "n": 114
    },
    "ris": {
      "accuracy": 0.9385964912280702,
      "f1_macro": 0.6204731694422416,
      "precision": 0.5947916666666666,
      "recall": 0.6564625850340136,
      "n": 114
    },
    "wid": {
      "accuracy": 0.868421052631579,
      "f1_macro": 0.3567073170731707,
      "precision": 0.4240566037735849,
      "recall": 0.3308080808080808,
      "n": 114
    }
  },
  "timestamp": "2026-05-17T13:50:05.749203"
}