date,event_type,cpi,cpi_yoy,core_cpi,core_cpi_yoy,pce,pce_yoy,core_pce,core_pce_yoy,unemployment_rate,nonfarm_payroll,gdp,gdp_deflator,nat_unemp_rate,fed_funds_rate,yield_3mo,yield_6mo,yield_2yr,yield_5yr,yield_10yr,vix,breakeven_10yr,term_spread_10_2,real_rate_5yr,fff_implied_rate,excess_bond_prem,spf_gdp_1q,spf_unemp_1q,spf_cpi_1q,unemployment_gap,inflation_dev_from_target,yield_spread_10_2,implied_UNEMPF1,implied_UNEMPF4,implied_gRGDPF1,implied_gRGDPF4,implied_gPCPIF1,implied_gPCPIF4,implied_gPCPIXF1,implied_gPCPIXF4,actual_wedge_UNEMPF1,actual_wedge_UNEMPF4,actual_wedge_gRGDPF1,actual_wedge_gRGDPF4,actual_wedge_gPCPIF1,actual_wedge_gPCPIF4,UNEMPF1,UNEMPF4,gRGDPF1,gRGDPF4,gPCPIF1,gPCPIF4,spf_quarter,stmt_novelty_jaccard,stmt_novelty_cosine,fomc_dissent_count,fomc_gov_dissent,fomc_pres_dissent,fomc_any_dissent,michigan_1yr_inf_exp,inf_exp_5y5y,nfci,sloos_ci_tightening,inf_exp_gap,ffr_path_change,jk_mp1,jk_mp_shock,jk_info_shock,NGDP_P25_D1(T),NGDP_P75_D1(T),NGDP_D1(T),NGDP_P25_D1(T+1),NGDP_P75_D1(T+1),NGDP_D1(T+1),NGDP_P25_D1(T+2),NGDP_P75_D1(T+2),NGDP_D1(T+2),NGDP_P25_D1(T+3),NGDP_P75_D1(T+3),NGDP_D1(T+3),NGDP_P25_D1(T+4),NGDP_P75_D1(T+4),NGDP_D1(T+4),UNEMP_P25_D1(T),UNEMP_P75_D1(T),UNEMP_D1(T),UNEMP_P25_D1(T+1),UNEMP_P75_D1(T+1),UNEMP_D1(T+1),UNEMP_P25_D1(T+2),UNEMP_P75_D1(T+2),UNEMP_D1(T+2),UNEMP_P25_D1(T+3),UNEMP_P75_D1(T+3),UNEMP_D1(T+3),UNEMP_P25_D1(T+4),UNEMP_P75_D1(T+4),UNEMP_D1(T+4),CPI_P25_D1(T),CPI_P75_D1(T),CPI_D1(T),CPI_P25_D1(T+1),CPI_P75_D1(T+1),CPI_D1(T+1),CPI_P25_D1(T+2),CPI_P75_D1(T+2),CPI_D1(T+2),CPI_P25_D1(T+3),CPI_P75_D1(T+3),CPI_D1(T+3),CPI_P25_D1(T+4),CPI_P75_D1(T+4),CPI_D1(T+4),PCE_P25_D1(T),PCE_P75_D1(T),PCE_D1(T),PCE_P25_D1(T+1),PCE_P75_D1(T+1),PCE_D1(T+1),PCE_P25_D1(T+2),PCE_P75_D1(T+2),PCE_D1(T+2),PCE_P25_D1(T+3),PCE_P75_D1(T+3),PCE_D1(T+3),PCE_P25_D1(T+4),PCE_P75_D1(T+4),PCE_D1(T+4),NGDP_P25_D2(T),NGDP_P75_D2(T),NGDP_D2(T),NGDP_P25_D2(T+1),NGDP_P75_D2(T+1),NGDP_D2(T+1),NGDP_P25_D2(T+2),NGDP_P75_D2(T+2),NGDP_D2(T+2),NGDP_P25_D2(T+3),NGDP_P75_D2(T+3),NGDP_D2(T+3),NGDP_P25_D2(T+4),NGDP_P75_D2(T+4),NGDP_D2(T+4),RGDP_P25_D2(T),RGDP_P75_D2(T),RGDP_D2(T),RGDP_P25_D2(T+1),RGDP_P75_D2(T+1),RGDP_D2(T+1),RGDP_P25_D2(T+2),RGDP_P75_D2(T+2),RGDP_D2(T+2),RGDP_P25_D2(T+3),RGDP_P75_D2(T+3),RGDP_D2(T+3),RGDP_P25_D2(T+4),RGDP_P75_D2(T+4),RGDP_D2(T+4),RCONSUM_P25_D2(T),RCONSUM_P75_D2(T),RCONSUM_D2(T),RCONSUM_P25_D2(T+1),RCONSUM_P75_D2(T+1),RCONSUM_D2(T+1),RCONSUM_P25_D2(T+2),RCONSUM_P75_D2(T+2),RCONSUM_D2(T+2),RCONSUM_P25_D2(T+3),RCONSUM_P75_D2(T+3),RCONSUM_D2(T+3),RCONSUM_P25_D2(T+4),RCONSUM_P75_D2(T+4),RCONSUM_D2(T+4),NGDP_P25_D3(T),NGDP_P75_D3(T),NGDP_D3(T),NGDP_P25_D3(T+1),NGDP_P75_D3(T+1),NGDP_D3(T+1),NGDP_P25_D3(T+2),NGDP_P75_D3(T+2),NGDP_D3(T+2),NGDP_P25_D3(T+3),NGDP_P75_D3(T+3),NGDP_D3(T+3),NGDP_P25_D3(T+4),NGDP_P75_D3(T+4),NGDP_D3(T+4),UNEMP_P25_D3(T),UNEMP_P75_D3(T),UNEMP_D3(T),UNEMP_P25_D3(T+1),UNEMP_P75_D3(T+1),UNEMP_D3(T+1),UNEMP_P25_D3(T+2),UNEMP_P75_D3(T+2),UNEMP_D3(T+2),UNEMP_P25_D3(T+3),UNEMP_P75_D3(T+3),UNEMP_D3(T+3),UNEMP_P25_D3(T+4),UNEMP_P75_D3(T+4),UNEMP_D3(T+4),RGDP_P25_D3(T),RGDP_P75_D3(T),RGDP_D3(T),RGDP_P25_D3(T+1),RGDP_P75_D3(T+1),RGDP_D3(T+1),RGDP_P25_D3(T+2),RGDP_P75_D3(T+2),RGDP_D3(T+2),RGDP_P25_D3(T+3),RGDP_P75_D3(T+3),RGDP_D3(T+3),RGDP_P25_D3(T+4),RGDP_P75_D3(T+4),RGDP_D3(T+4),RCONSUM_P25_D3(T),RCONSUM_P75_D3(T),RCONSUM_D3(T),RCONSUM_P25_D3(T+1),RCONSUM_P75_D3(T+1),RCONSUM_D3(T+1),RCONSUM_P25_D3(T+2),RCONSUM_P75_D3(T+2),RCONSUM_D3(T+2),RCONSUM_P25_D3(T+3),RCONSUM_P75_D3(T+3),RCONSUM_D3(T+3),RCONSUM_P25_D3(T+4),RCONSUM_P75_D3(T+4),RCONSUM_D3(T+4),effective_rate,implied_ffr,cfnai,target_next,delta_rate_next,sent_monetary_policy_minutes,sent_monetary_policy_sd_minutes,sent_inflation_minutes,sent_inflation_sd_minutes,sent_labor_market_minutes,sent_labor_market_sd_minutes,sent_economic_activity_minutes,sent_economic_activity_sd_minutes,sent_financial_conditions_minutes,sent_financial_conditions_sd_minutes,sent_macro_minutes,sent_macro_sd_minutes,sent_total_minutes,sent_sd_minutes,sent_var_minutes,flag_elevated_wid_minutes,flag_skew_up_minutes,flag_skew_down_minutes,flag_unconditional_forward_minutes,flag_conditional_minutes,sent_monetary_policy_press_conference_prepared,sent_monetary_policy_sd_press_conference_prepared,sent_inflation_press_conference_prepared,sent_inflation_sd_press_conference_prepared,sent_labor_market_press_conference_prepared,sent_labor_market_sd_press_conference_prepared,sent_economic_activity_press_conference_prepared,sent_economic_activity_sd_press_conference_prepared,sent_financial_conditions_press_conference_prepared,sent_financial_conditions_sd_press_conference_prepared,sent_macro_press_conference_prepared,sent_macro_sd_press_conference_prepared,sent_total_press_conference_prepared,sent_sd_press_conference_prepared,sent_var_press_conference_prepared,flag_elevated_wid_press_conference_prepared,flag_skew_up_press_conference_prepared,flag_skew_down_press_conference_prepared,flag_unconditional_forward_press_conference_prepared,flag_conditional_press_conference_prepared,sent_monetary_policy_press_conference_qa,sent_monetary_policy_sd_press_conference_qa,sent_inflation_press_conference_qa,sent_inflation_sd_press_conference_qa,sent_labor_market_press_conference_qa,sent_labor_market_sd_press_conference_qa,sent_economic_activity_press_conference_qa,sent_economic_activity_sd_press_conference_qa,sent_financial_conditions_press_conference_qa,sent_financial_conditions_sd_press_conference_qa,sent_macro_press_conference_qa,sent_macro_sd_press_conference_qa,sent_total_press_conference_qa,sent_sd_press_conference_qa,sent_var_press_conference_qa,flag_elevated_wid_press_conference_qa,flag_skew_up_press_conference_qa,flag_skew_down_press_conference_qa,flag_unconditional_forward_press_conference_qa,flag_conditional_press_conference_qa,sent_monetary_policy_speech,sent_monetary_policy_sd_speech,sent_inflation_speech,sent_inflation_sd_speech,sent_labor_market_speech,sent_labor_market_sd_speech,sent_economic_activity_speech,sent_economic_activity_sd_speech,sent_financial_conditions_speech,sent_financial_conditions_sd_speech,sent_macro_speech,sent_macro_sd_speech,sent_total_speech,sent_sd_speech,sent_var_speech,flag_elevated_wid_speech,flag_skew_up_speech,flag_skew_down_speech,flag_unconditional_forward_speech,flag_conditional_speech,sent_monetary_policy_statement,sent_monetary_policy_sd_statement,sent_inflation_statement,sent_inflation_sd_statement,sent_labor_market_statement,sent_labor_market_sd_statement,sent_economic_activity_statement,sent_economic_activity_sd_statement,sent_financial_conditions_statement,sent_financial_conditions_sd_statement,sent_macro_statement,sent_macro_sd_statement,sent_total_statement,sent_sd_statement,sent_var_statement,flag_elevated_wid_statement,flag_skew_up_statement,flag_skew_down_statement,flag_unconditional_forward_statement,flag_conditional_statement,sent_monetary_policy,sent_monetary_policy_sd,sent_inflation,sent_inflation_sd,sent_labor_market,sent_labor_market_sd,sent_economic_activity,sent_economic_activity_sd,sent_financial_conditions,sent_financial_conditions_sd,sent_macro,sent_macro_sd,sent_total,sent_sd,sent_var,flag_elevated_wid,flag_skew_up,flag_skew_down,flag_unconditional_forward,flag_conditional
1999-02-03,meeting_date,164.7,1.6666666666666607,175.6,2.1524141942990127,71.358,0.932120680631976,73.155,1.2217733008633935,4.4,128117.0,9411.682,70.682,5.1536502701945,4.76,4.37,4.39,4.72,4.74,4.83,27.88,,0.11,,-0.3615,,7605.3,4.6,1.9,-0.7536502701945,-0.7782266991366065,0.1100000000000003,,,,,,,,,,,,,,,,,,,,,1999Q1,,,0.0,0.0,0.0,0.0,2.5,,-0.274,7.4,0.5,,0.0056,0.0251292276379871,-0.0195292276379871,8590.8,8616.2,25.4,8657.633,8712.0,54.367,8735.0,8797.829,62.829,8799.316,8885.0,85.684,8875.32,8988.9,113.58,4.6,4.6,0.0,4.5,4.7,0.2,4.6,4.8,0.2,4.7,5.0,0.3,4.7,5.1,0.4,1.6,2.2,0.6,1.86,2.4,0.54,2.15,2.5,0.35,2.15,2.5,0.35,2.1,2.7,0.6,,,,,,,,,,,,,,,,2.8207,4.2749,1.4543,2.9116,4.2863,1.3746,2.9377,4.229,1.2913,2.6814,4.6542,1.9729,2.5366,4.9014,2.3648,2.0367,2.672,0.6354,1.3,2.3115,1.0115,1.0931,2.158,1.0649,1.5184,2.4813,0.9628,1.9824,2.8256,0.8431,3.0067,3.7351,0.7284,2.0899,2.5528,0.4629,1.9158,2.7999,0.8841,1.8299,2.6052,0.7753,2.1021,2.8,0.6978,905.8447,906.1399,0.2952,906.6197,907.2457,0.626,907.5093,908.226,0.7167,908.2429,909.212,0.969,909.103,910.3746,1.2716,152.6056,152.6056,0.0,150.4077,154.7563,4.3485,152.6056,156.8616,4.256,154.7563,160.9438,6.1875,154.7563,162.9241,8.1678,893.5377,893.7153,0.1776,893.8663,894.2418,0.3755,894.2481,894.7357,0.4877,894.67,895.3875,0.7175,895.2101,895.9585,0.7484,855.9831,856.1593,0.1762,856.5253,856.8456,0.3203,856.9975,857.5067,0.5091,857.5047,858.197,0.6924,857.9858,858.8285,0.8427,4.76,4.7208,0.53,4.81,0.04999999999999982,,,,,,,,,,,,,,,,,,,,,,,,,,,,,,,,,,,,,,,,,,,,,,,,,,,,,,,,,,,,,,,,,,,,,,,,,,,,,,,,,,,,,,,,,,,,,,,,,,,,,,,,,,,,,,,,,,,,,,,,
1999-03-30,meeting_date,164.8,1.728395061728394,175.7,2.0325203252032464,71.412,0.9927874416631566,73.177,1.1444525840025532,4.2,128234.0,9411.682,70.682,5.1536502701945,4.81,4.36,4.33,4.97,5.09,5.21,22.73,,0.24,,-0.02,,7605.3,4.6,1.9,-0.9536502701945002,-0.8555474159974468,0.2400000000000002,,,,,,,,,,,,,,,,,,,,,1999Q1,,,0.0,0.0,0.0,0.0,2.7,,-0.405,7.4,0.7000000000000002,0.3414999999999999,-0.005,-0.0048776147115789,-0.000122385288421,8590.8,8616.2,25.4,8657.633,8712.0,54.367,8735.0,8797.829,62.829,8799.316,8885.0,85.684,8875.32,8988.9,113.58,4.6,4.6,0.0,4.5,4.7,0.2,4.6,4.8,0.2,4.7,5.0,0.3,4.7,5.1,0.4,1.6,2.2,0.6,1.86,2.4,0.54,2.15,2.5,0.35,2.15,2.5,0.35,2.1,2.7,0.6,,,,,,,,,,,,,,,,2.8207,4.2749,1.4543,2.9116,4.2863,1.3746,2.9377,4.229,1.2913,2.6814,4.6542,1.9729,2.5366,4.9014,2.3648,2.0367,2.672,0.6354,1.3,2.3115,1.0115,1.0931,2.158,1.0649,1.5184,2.4813,0.9628,1.9824,2.8256,0.8431,3.0067,3.7351,0.7284,2.0899,2.5528,0.4629,1.9158,2.7999,0.8841,1.8299,2.6052,0.7753,2.1021,2.8,0.6978,905.8447,906.1399,0.2952,906.6197,907.2457,0.626,907.5093,908.226,0.7167,908.2429,909.212,0.969,909.103,910.3746,1.2716,152.6056,152.6056,0.0,150.4077,154.7563,4.3485,152.6056,156.8616,4.256,154.7563,160.9438,6.1875,154.7563,162.9241,8.1678,893.5377,893.7153,0.1776,893.8663,894.2418,0.3755,894.2481,894.7357,0.4877,894.67,895.3875,0.7175,895.2101,895.9585,0.7484,855.9831,856.1593,0.1762,856.5253,856.8456,0.3203,856.9975,857.5067,0.5091,857.5047,858.197,0.6924,857.9858,858.8285,0.8427,4.81,4.77,-0.08,4.74,-0.0699999999999994,,,,,,,,,,,,,,,,,,,,,,,,,,,,,,,,,,,,,,,,,,,,,,,,,,,,,,,,,,,,,,,,,,,,,,,,,,,,,,,,,,,,,,,,,,,,,,,,,,,,,,,,,,,,,,,,,,,,,,,,
1999-05-18,meeting_date,166.0,2.091020910209096,176.5,2.0821283979178595,71.804,1.2821778686790353,73.435,1.2170581100451994,4.2,128813.0,9526.21,70.949,5.1439830521394,4.74,4.53,4.63,5.38,5.58,5.68,27.26,,0.3,,-6.0836,,7726.889,4.4,1.9,-0.9439830521393996,-0.7829418899548006,0.2999999999999998,,,,,,,,,,,,,,,,,,,,,1999Q2,0.821656050955414,0.7857755506168158,0.0,0.0,0.0,0.0,2.8,,-0.423,10.0,0.7999999999999998,-6.0636,-0.02385,-0.0935075181563618,0.0696575181563618,8752.2,8778.0,25.8,8837.0,8876.385,39.385,8908.4,8968.0,59.6,8992.0,9062.1,70.1,9085.0,9161.7,76.7,4.3,4.4,0.1,4.2,4.5,0.3,4.3,4.6,0.3,4.3,4.7,0.4,4.3,4.8,0.5,1.8,2.05,0.25,1.885,2.25,0.365,1.965,2.3,0.335,2.05,2.5,0.45,2.1,2.6,0.5,,,,,,,,,,,,,,,,3.7126,4.9409,1.2283,3.6,4.532,0.932,3.4194,4.4,0.9806,3.5367,4.9731,1.4364,3.1779,4.3237,1.1458,2.6332,3.4,0.7668,2.1852,2.9851,0.7999,1.9,2.7608,0.8608,2.0009,3.1,1.099,0.888,2.6041,1.716,3.168,4.05,0.8819,2.488,3.3726,0.8846,2.0775,3.1205,1.043,2.3202,3.1184,0.7982,1.7,2.5,0.8,907.706,908.0004,0.2943,908.6703,909.115,0.4447,909.475,910.1418,0.6668,910.4091,911.1856,0.7766,911.438,912.2787,0.8407,145.8615,148.1605,2.299,143.5085,150.4077,6.8993,145.8615,152.6056,6.7441,145.8615,154.7563,8.8947,145.8615,156.8616,11.0001,895.157,895.3431,0.1861,895.6995,896.0262,0.3267,896.1635,896.7861,0.6226,896.6556,897.5744,0.9188,897.0076,897.9794,0.9718,857.1454,857.3582,0.2128,857.7201,858.0854,0.3653,858.1078,858.9049,0.797,858.7462,859.6799,0.9337,859.0829,860.3004,1.2174,4.74,4.8354,0.56,4.76,0.019999999999999574,,,,,,,,,,,,,,,,,,,,,,,,,,,,,,,,,,,,,,,,,,,,,,,,,,,,,,,,,,,,,,,,,,,,,,,,,,,,,,,,,,,,,,,,,,,,,,,,,,,,,,,,,,,,,,,,,,,,,,,,
1999-06-30,meeting_date,166.0,1.96560196560196,176.6,1.9630484988452768,71.826,1.3990259052728105,73.474,1.397993403348008,4.3,129084.0,9526.21,70.949,5.1439830521394,4.76,4.65,4.84,5.53,5.67,5.81,21.09,,0.28,,-0.015,,7823.869,4.3,2.7,-0.8439830521394001,-0.6020065966519921,0.2799999999999993,,,,,,,,,,,,,,,,,,,,,1999Q2,0.7514792899408285,0.6469322942858637,1.0,0.0,1.0,1.0,2.5,,-0.332,10.0,0.5,6.0686,-0.05,0.0515736271459437,-0.1015736271459437,8887.3,8914.3,27.0,8986.1,9019.0,32.9,9081.4,9138.0,56.6,9155.4,9230.6,75.2,9235.5,9345.0,109.5,4.2,4.3,0.1,4.2,4.4,0.2,4.2,4.5,0.3,4.3,4.6,0.3,4.3,4.7,0.4,2.0,3.2,1.2,1.8,2.5,0.7,1.9,2.5,0.6,1.9,2.5,0.6,2.0,2.6,0.6,,,,,,,,,,,,,,,,3.6549,4.9203,1.2654,3.7147,4.9722,1.2574,4.0,5.5448,1.5448,2.6526,4.3136,1.661,3.6647,4.9227,1.2579,2.6,3.7,1.1,2.1918,3.358,1.1662,2.3657,3.7,1.3343,0.8761,2.8938,2.0177,2.0258,3.0,0.9742,2.8891,4.2213,1.3323,2.5563,3.3086,0.7524,2.21,3.391,1.181,1.6719,3.0309,1.359,2.0554,3.0468,0.9914,909.2379,909.5412,0.3033,910.3434,910.7089,0.3655,911.3984,912.0197,0.6213,912.2099,913.0279,0.818,913.081,914.2597,1.1787,143.5085,145.8615,2.353,143.5085,148.1605,4.652,143.5085,150.4077,6.8993,145.8615,152.6056,6.7441,145.8615,154.7563,8.8947,896.3477,896.6143,0.2666,897.014,897.3643,0.3503,897.558,898.2687,0.7107,897.9202,898.8071,0.8869,898.512,899.5574,1.0454,858.8583,859.18,0.3216,859.502,859.951,0.449,860.0187,860.6741,0.6554,860.5552,861.4356,0.8804,861.0684,862.107,1.0387,4.76,5.02,-0.08,5.07,0.3100000000000005,,,,,,,,,,,,,,,,,,,,,,,,,,,,,,,,,,,,,,,,,,,,,,,,,,,,,,,,,,,,,,,,,,,,,,,,,,,,,,,,,,,,,,,,,,,,,,,,,,,,,,,,,,,,,,,,,,,,,,,,
1999-08-24,meeting_date,167.1,2.2643818849449104,177.3,1.8965517241379404,72.148,1.4625639871744367,73.642,1.1468677462331822,4.2,129572.0,9686.626,71.2,5.13490264848964,5.07,4.85,4.9,5.65,5.73,5.85,22.4,,0.2,,-14.5669,,7823.869,4.3,2.7,-0.93490264848964,-0.8531322537668178,0.1999999999999993,,,,,,,,,,,,,,,,,,,,,1999Q3,0.7593582887700535,0.6528069866017283,1.0,0.0,1.0,1.0,2.8,,-0.161,5.4,0.7999999999999998,-14.5519,0.0425,0.0862337500638691,-0.0437337500638691,8887.3,8914.3,27.0,8986.1,9019.0,32.9,9081.4,9138.0,56.6,9155.4,9230.6,75.2,9235.5,9345.0,109.5,4.2,4.3,0.1,4.2,4.4,0.2,4.2,4.5,0.3,4.3,4.6,0.3,4.3,4.7,0.4,2.0,3.2,1.2,1.8,2.5,0.7,1.9,2.5,0.6,1.9,2.5,0.6,2.0,2.6,0.6,,,,,,,,,,,,,,,,3.6549,4.9203,1.2654,3.7147,4.9722,1.2574,4.0,5.5448,1.5448,2.6526,4.3136,1.661,3.6647,4.9227,1.2579,2.6,3.7,1.1,2.1918,3.358,1.1662,2.3657,3.7,1.3343,0.8761,2.8938,2.0177,2.0258,3.0,0.9742,2.8891,4.2213,1.3323,2.5563,3.3086,0.7524,2.21,3.391,1.181,1.6719,3.0309,1.359,2.0554,3.0468,0.9914,909.2379,909.5412,0.3033,910.3434,910.7089,0.3655,911.3984,912.0197,0.6213,912.2099,913.0279,0.818,913.081,914.2597,1.1787,143.5085,145.8615,2.353,143.5085,148.1605,4.652,143.5085,150.4077,6.8993,145.8615,152.6056,6.7441,145.8615,154.7563,8.8947,896.3477,896.6143,0.2666,897.014,897.3643,0.3503,897.558,898.2687,0.7107,897.9202,898.8071,0.8869,898.512,899.5574,1.0454,858.8583,859.18,0.3216,859.502,859.951,0.449,860.0187,860.6741,0.6554,860.5552,861.4356,0.8804,861.0684,862.107,1.0387,5.07,5.0479,0.34,5.2,0.1299999999999999,,,,,,,,,,,,,,,,,,,,,,,,,,,,,,,,,,,,,,,,,,,,,,,,,,,,,,,,,,,,,,,,,,,,,,,,,,,,,,,,,,,,,,,,,,,,,,,,,,,,,,,,,,,,,,,,,,,,,,,,
1999-10-05,meeting_date,168.1,2.56253813300793,178.1,2.1215596330275144,72.529,1.8336773233365689,73.963,1.40669344776998,4.1,130178.0,9900.169,71.595,5.12638112041102,5.2,4.72,4.91,5.78,5.94,6.02,24.79,,0.24,,-0.7576,,7867.2,4.3,2.2,-1.0263811204110205,-0.59330655223002,0.2399999999999993,,,,,,,,,,,,,,,,,,,,,1999Q4,0.8010471204188482,0.7182841203343886,0.0,0.0,0.0,0.0,2.9,,-0.091,9.1,0.8999999999999999,13.8093,-0.04769,-0.0844602782689099,0.0367702782689099,8993.0,9009.5,16.5,9099.0,9136.0,37.0,9171.7,9221.0,49.3,9277.0,9321.9,44.9,9372.3,9437.7,65.4,4.2,4.3,0.1,4.2,4.4,0.2,4.2,4.4,0.2,4.2,4.5,0.3,4.3,4.7,0.4,2.0,2.55,0.55,2.1,2.55,0.45,2.15,2.5,0.35,2.2,2.6,0.4,2.25,2.7,0.45,,,,,,,,,,,,,,,,4.6533,5.3297,0.6764,4.5682,5.5652,0.997,2.6219,4.6806,2.0586,4.062,5.145,1.0831,4.2126,5.1001,0.8874,2.9958,3.5,0.5042,2.7,3.6,0.9,1.0315,2.6512,1.6197,2.2,2.9848,0.7848,2.4,2.9605,0.5605,2.8377,3.606,0.7683,2.3853,3.3492,0.9639,2.0606,2.9998,0.9392,2.29,2.9999,0.7098,2.3074,3.0665,0.7591,910.4202,910.6035,0.1833,911.592,911.9978,0.4058,912.3878,912.9239,0.5361,913.5293,914.0122,0.4828,914.5514,915.2468,0.6954,143.5085,145.8615,2.353,143.5085,148.1605,4.652,143.5085,148.1605,4.652,143.5085,150.4077,6.8993,145.8615,154.7563,8.8947,896.972,897.0941,0.1221,897.625,898.0046,0.3797,898.143,898.6171,0.4741,898.7447,899.2756,0.531,899.344,900.0113,0.6673,859.8312,860.0247,0.1935,860.3921,860.8313,0.4392,860.9444,861.5354,0.591,861.476,862.2175,0.7415,862.1038,863.0057,0.9019,5.2,5.2715,0.75,5.42,0.21999999999999975,,,,,,,,,,,,,,,,,,,,,,,,,,,,,,,,,,,,,,,,,,,,,,,,,,,,,,,,,,,,,,,,,,,,,,,,,,,,,,,,,,,,,,,,,,,,,,,,,,,,,,,,,,,,,,,,,,,,,,,,
1999-11-16,meeting_date,168.4,2.620353443022561,178.4,2.0594965675057253,72.594,1.920646954763705,74.034,1.4859492803289909,4.1,130466.0,9900.169,71.595,5.12638112041102,5.42,5.14,5.22,5.85,5.91,5.97,20.73,,0.12,,-5.72,,7867.2,4.3,2.2,-1.0263811204110205,-0.5140507196710091,0.1200000000000001,,,,,,,,,,,,,,,,,,,,,1999Q4,0.7384615384615385,0.7127742577675896,0.0,0.0,0.0,0.0,2.9,,-0.147,9.1,0.8999999999999999,-4.9624,0.075,0.0662218259784821,0.0087781740215178,8993.0,9009.5,16.5,9099.0,9136.0,37.0,9171.7,9221.0,49.3,9277.0,9321.9,44.9,9372.3,9437.7,65.4,4.2,4.3,0.1,4.2,4.4,0.2,4.2,4.4,0.2,4.2,4.5,0.3,4.3,4.7,0.4,2.0,2.55,0.55,2.1,2.55,0.45,2.15,2.5,0.35,2.2,2.6,0.4,2.25,2.7,0.45,,,,,,,,,,,,,,,,4.6533,5.3297,0.6764,4.5682,5.5652,0.997,2.6219,4.6806,2.0586,4.062,5.145,1.0831,4.2126,5.1001,0.8874,2.9958,3.5,0.5042,2.7,3.6,0.9,1.0315,2.6512,1.6197,2.2,2.9848,0.7848,2.4,2.9605,0.5605,2.8377,3.606,0.7683,2.3853,3.3492,0.9639,2.0606,2.9998,0.9392,2.29,2.9999,0.7098,2.3074,3.0665,0.7591,910.4202,910.6035,0.1833,911.592,911.9978,0.4058,912.3878,912.9239,0.5361,913.5293,914.0122,0.4828,914.5514,915.2468,0.6954,143.5085,145.8615,2.353,143.5085,148.1605,4.652,143.5085,148.1605,4.652,143.5085,150.4077,6.8993,145.8615,154.7563,8.8947,896.972,897.0941,0.1221,897.625,898.0046,0.3797,898.143,898.6171,0.4741,898.7447,899.2756,0.531,899.344,900.0113,0.6673,859.8312,860.0247,0.1935,860.3921,860.8313,0.4392,860.9444,861.5354,0.591,861.476,862.2175,0.7415,862.1038,863.0057,0.9019,5.42,5.345,0.36,5.3,-0.1200000000000001,,,,,,,,,,,,,,,,,,,,,,,,,,,,,,,,,,,,,,,,,,,,,,,,,,,,,,,,,,,,,,,,,,,,,,,,,,,,,,,,,,,,,,,,,,,,,,,,,,,,,,,,,,,,,,,,,,,,,,,,
1999-12-21,meeting_date,168.8,2.676399026763998,178.7,1.881413911060425,72.763,2.0547560941400977,74.128,1.4395971317532563,4.0,130783.0,9900.169,71.595,5.12638112041102,5.3,5.42,5.6,6.21,6.29,6.38,22.66,,0.17,,-9.9741,,7867.2,4.3,2.2,-1.12638112041102,-0.5604028682467437,0.1699999999999999,,,,,,,,,,,,,,,,,,,,,1999Q4,0.7918781725888324,0.7018918573266624,0.0,0.0,0.0,0.0,3.0,,-0.169,9.1,1.0,-4.2541,0.0155,0.0530940495479959,-0.0375940495479959,8993.0,9009.5,16.5,9099.0,9136.0,37.0,9171.7,9221.0,49.3,9277.0,9321.9,44.9,9372.3,9437.7,65.4,4.2,4.3,0.1,4.2,4.4,0.2,4.2,4.4,0.2,4.2,4.5,0.3,4.3,4.7,0.4,2.0,2.55,0.55,2.1,2.55,0.45,2.15,2.5,0.35,2.2,2.6,0.4,2.25,2.7,0.45,,,,,,,,,,,,,,,,4.6533,5.3297,0.6764,4.5682,5.5652,0.997,2.6219,4.6806,2.0586,4.062,5.145,1.0831,4.2126,5.1001,0.8874,2.9958,3.5,0.5042,2.7,3.6,0.9,1.0315,2.6512,1.6197,2.2,2.9848,0.7848,2.4,2.9605,0.5605,2.8377,3.606,0.7683,2.3853,3.3492,0.9639,2.0606,2.9998,0.9392,2.29,2.9999,0.7098,2.3074,3.0665,0.7591,910.4202,910.6035,0.1833,911.592,911.9978,0.4058,912.3878,912.9239,0.5361,913.5293,914.0122,0.4828,914.5514,915.2468,0.6954,143.5085,145.8615,2.353,143.5085,148.1605,4.652,143.5085,148.1605,4.652,143.5085,150.4077,6.8993,145.8615,154.7563,8.8947,896.972,897.0941,0.1221,897.625,898.0046,0.3797,898.143,898.6171,0.4741,898.7447,899.2756,0.531,899.344,900.0113,0.6673,859.8312,860.0247,0.1935,860.3921,860.8313,0.4392,860.9444,861.5354,0.591,861.476,862.2175,0.7415,862.1038,863.0057,0.9019,5.3,5.734,0.6,5.73,0.4300000000000006,,,,,,,,,,,,,,,,,,,,,,,,,,,,,,,,,,,,,,,,,,,,,,,,,,,,,,,,,,,,,,,,,,,,,,,,,,,,,,,,,,,,,,,,,,,,,,,,,,,,,,,,,,,,,,,,,,,,,,,,
2000-02-02,meeting_date,170.0,3.217972070431085,179.4,2.1640091116173155,73.191,2.5687379130580945,74.415,1.722370309616572,4.1,131120.0,10002.179,72.071,5.118389459825649,5.73,5.49,5.68,6.63,6.69,6.6,23.12,,-0.03,,-0.2016,,8964.5,4.1,2.55,-1.0183894598256495,-0.2776296903834279,-0.0300000000000002,,,,,,,,,,,,,,,,,,,,,2000Q1,0.6941176470588235,0.6117446153530007,0.0,0.0,0.0,0.0,2.9,,-0.211,10.9,0.8999999999999999,9.7725,-0.05907,-0.0685395352560783,0.0094695352560783,9388.0,9417.3,29.3,9478.5,9517.3,38.8,9579.7,9642.0,62.3,9689.0,9777.7,88.7,9803.0,9925.0,122.0,4.1,4.2,0.1,4.1,4.3,0.2,4.1,4.4,0.3,4.1,4.4,0.3,4.1,4.5,0.4,2.4,2.8,0.4,2.1,2.7,0.6,2.2,2.725,0.525,2.15,2.7,0.55,2.1,2.85,0.75,,,,,,,,,,,,,,,,4.8551,6.22,1.3649,3.1032,5.0888,1.9856,4.4277,6.0,1.5723,4.6416,5.7166,1.075,4.3461,5.7172,1.3712,3.3235,4.2217,0.8982,1.2048,2.954,1.7492,2.4974,3.8722,1.3748,2.6228,3.7579,1.1352,2.5254,3.5239,0.9985,2.8786,4.0,1.1214,1.8981,3.4,1.5019,2.4281,3.6279,1.1998,2.5027,3.4351,0.9324,2.2836,3.3008,1.0172,914.7188,915.0304,0.3116,915.6781,916.0866,0.4085,916.7402,917.3884,0.6482,917.8747,918.786,0.9113,919.0444,920.2812,1.2368,141.0987,143.5085,2.4098,141.0987,145.8615,4.7628,141.0987,148.1605,7.0618,141.0987,148.1605,7.0618,141.0987,150.4077,9.309,910.0023,910.2187,0.2164,910.4535,910.8939,0.4403,911.2,911.7128,0.5128,911.8664,912.5512,0.6849,912.5654,913.4113,0.8459,871.0784,871.3735,0.295,871.588,872.17,0.582,872.1765,873.0949,0.9183,872.8264,873.9392,1.1128,873.4721,874.7511,1.279,5.73,5.7622,-0.23,5.85,0.11999999999999922,,,,,,,,,,,,,,,,,,,,,,,,,,,,,,,,,,,,,,,,,,,,,,,,,,,,,,,,,,,,,-5.886104031450156,3.442082316157967,-3.044522437723423,1.8516009594562668,-1.9459101490553132,1.7320458746024063,1.252762968495368,1.5606443746428669,-5.452468046375294,2.252221496416553,0.916290731874155,2.2185407845540652,-4.935911747900319,0.7865588138744052,0.6209349085982199,18.0,10.0,32.0,0.0,0.0,1.3862943611198906,0.0,1.0986122886681098,0.0,0.0,0.0,0.6931471805599453,0.0,0.0,0.0,0.0,0.0,1.791759469228055,0.0,0.0,0.0,2.0,0.0,0.0,0.0,-4.499809670330265,3.442082316157967,-1.9459101490553132,1.8516009594562668,-1.9459101490553132,1.7320458746024063,1.9459101490553135,1.5606443746428669,-5.452468046375294,2.252221496416553,0.916290731874155,2.2185407845540652,-3.1441522786722644,0.7865588138744052,0.6209349085982199,18.0,12.0,32.0,0.0,0.0
2000-03-21,meeting_date,171.0,3.762135922330101,180.0,2.4473534433693933,73.505,2.930879964151667,74.568,1.9008704920945083,4.0,131604.0,10002.179,72.071,5.118389459825649,5.85,5.74,5.87,6.5,6.44,6.13,21.7,,-0.37,,-10.7368,,8964.5,4.1,2.55,-1.1183894598256492,-0.0991295079054914,-0.3700000000000001,,,,,,,,,,,,,,,,,,,,,2000Q1,0.1428571428571429,0.0424362765595522,0.0,0.0,0.0,0.0,3.2,,-0.132,10.9,1.2000000000000002,-10.5352,-0.031,-0.0234847502995621,-0.0075152497004378,9388.0,9417.3,29.3,9478.5,9517.3,38.8,9579.7,9642.0,62.3,9689.0,9777.7,88.7,9803.0,9925.0,122.0,4.1,4.2,0.1,4.1,4.3,0.2,4.1,4.4,0.3,4.1,4.4,0.3,4.1,4.5,0.4,2.4,2.8,0.4,2.1,2.7,0.6,2.2,2.725,0.525,2.15,2.7,0.55,2.1,2.85,0.75,,,,,,,,,,,,,,,,4.8551,6.22,1.3649,3.1032,5.0888,1.9856,4.4277,6.0,1.5723,4.6416,5.7166,1.075,4.3461,5.7172,1.3712,3.3235,4.2217,0.8982,1.2048,2.954,1.7492,2.4974,3.8722,1.3748,2.6228,3.7579,1.1352,2.5254,3.5239,0.9985,2.8786,4.0,1.1214,1.8981,3.4,1.5019,2.4281,3.6279,1.1998,2.5027,3.4351,0.9324,2.2836,3.3008,1.0172,914.7188,915.0304,0.3116,915.6781,916.0866,0.4085,916.7402,917.3884,0.6482,917.8747,918.786,0.9113,919.0444,920.2812,1.2368,141.0987,143.5085,2.4098,141.0987,145.8615,4.7628,141.0987,148.1605,7.0618,141.0987,148.1605,7.0618,141.0987,150.4077,9.309,910.0023,910.2187,0.2164,910.4535,910.8939,0.4403,911.2,911.7128,0.5128,911.8664,912.5512,0.6849,912.5654,913.4113,0.8459,871.0784,871.3735,0.295,871.588,872.17,0.582,872.1765,873.0949,0.9183,872.8264,873.9392,1.1128,873.4721,874.7511,1.279,5.85,5.8345,0.44,6.27,0.41999999999999993,,,,,,,,,,,,,,,,,,,,,,,,,,,,,,,,,,,,,,,,,,,,,,,,,,,,,,,,,,,,,-0.6931471805599454,5.337007965768778,1.5040773967762742,2.15401495923538,-0.5108256237659906,2.6279000537835238,-1.163150809805681,4.402900960636789,-9.523690191176541,5.67172057405511,-1.6582280766035327,2.517645431740374,-6.658813034846287,0.6553114665221523,0.4918510920484693,24.0,9.0,25.0,0.0,0.0,1.3862943611198906,0.0,1.0986122886681098,0.0,0.0,0.0,0.6931471805599453,0.0,0.0,0.0,0.0,0.0,1.791759469228055,0.408248290463863,0.16666666666666669,0.0,2.0,0.0,0.0,0.0,0.6931471805599452,5.337007965768778,2.6026896854443837,2.15401495923538,-0.5108256237659906,2.6279000537835238,-0.4700036292457358,4.402900960636789,-9.523690191176541,5.67172057405511,-1.6582280766035327,2.517645431740374,-4.867053565618232,1.0635597569860153,0.658517758715136,24.0,11.0,25.0,0.0,0.0
2000-05-16,meeting_date,171.2,3.1325301204819134,180.7,2.3796033994334165,73.505,2.368948805080495,74.697,1.7185265881391798,4.0,132105.0,10247.72,72.52,5.11089845549919,6.27,6.02,6.24,6.89,6.72,6.43,24.34,,-0.46,,-5.9631,,9097.4,4.0,2.5,-1.11089845549919,-0.2814734118608202,-0.4599999999999999,,,,,,,,,,,,,,,,,,,,,2000Q2,0.295774647887324,0.17984808811351,0.0,0.0,0.0,0.0,3.0,,-0.002,24.6,1.0,4.773700000000001,0.04133,0.0142158482940561,0.0271141517059438,9568.179,9607.5,39.321,9678.2825,9739.9725,61.69,9794.951,9867.05,72.099,9910.7,10000.3735,89.6735,10016.9,10125.636,108.736,4.0,4.1,0.1,3.9,4.1,0.2,3.95,4.2,0.25,3.95,4.3,0.35,4.0,4.4,0.4,2.3,3.0,0.7,2.2,2.8,0.6,2.2,2.8,0.6,2.1,2.8,0.7,2.1,2.8,0.7,,,,,,,,,,,,,,,,3.9,5.6184,1.7185,4.5399,5.8398,1.2999,4.3486,5.6612,1.3127,4.1996,5.6961,1.4965,4.6108,5.6407,1.0299,2.1283,3.8474,1.7191,2.8,3.531,0.731,2.6298,3.5677,0.9379,2.5728,3.3638,0.791,2.3913,3.3642,0.9729,3.7026,4.6746,0.972,2.8803,3.5433,0.663,2.2652,3.6,1.3348,2.4976,3.1537,0.6561,2.1077,3.0,0.8923,916.6198,917.0299,0.4101,917.764,918.3994,0.6354,918.9622,919.6956,0.7334,920.137,921.0378,0.9007,921.2029,922.2826,1.0797,138.6294,141.0987,2.4693,136.0977,141.0987,5.001,137.3716,143.5085,6.1369,137.3716,145.8615,8.4899,138.6294,148.1605,9.531,911.3229,911.7402,0.4173,912.1176,912.5811,0.4636,912.7978,913.3797,0.5819,913.5029,914.0953,0.5923,914.2549,914.9621,0.7072,872.6968,872.93,0.2332,873.4399,873.7549,0.315,873.928,874.608,0.68,874.5476,875.3987,0.8512,875.0002,876.1174,1.1172,6.27,6.239,-0.35,6.53,0.2600000000000007,,,,,,,,,,,,,,,,,,,,,,,,,,,,,,,,,,,,,,,,,,,,,,,,,,,,,,,,,,,,,-2.890371757896165,7.3810718901257495,-4.1588830833596715,10.437349501979108,-0.036367644170874236,10.217800657636316,23.295702479219774,9.958230336287189,-7.89655270164304,9.503469092535155,9.21830854162536,7.742219010182316,10.122353547082577,0.8074590199630045,0.6584727004236536,28.0,19.0,49.0,1.0,0.0,1.3862943611198906,0.0,1.3862943611198906,0.0,0.0,0.0,0.6931471805599453,0.0,0.0,0.0,0.0,0.0,1.9459101490553132,0.0,0.0,0.0,2.0,0.0,0.0,0.0,-1.5040773967762744,7.3810718901257495,-2.7725887222397807,10.437349501979108,-0.036367644170874236,10.217800657636316,23.988849659779717,9.958230336287189,-7.89655270164304,9.503469092535155,9.21830854162536,7.742219010182316,12.06826369613789,0.8074590199630045,0.6584727004236536,28.0,21.0,49.0,1.0,0.0
2000-06-28,meeting_date,172.2,3.7349397590361377,181.1,2.5481313703284325,73.754,2.684264750925869,74.754,1.742112856248479,4.0,132063.0,10247.72,72.52,5.11089845549919,6.53,5.65,5.95,6.43,6.28,6.11,20.29,,-0.32,,0.05,,9097.4,4.0,2.5,-1.11089845549919,-0.2578871437515211,-0.3199999999999994,,,,,,,,,,,,,,,,,,,,,2000Q2,0.6705882352941177,0.5830384357439535,0.0,0.0,0.0,0.0,2.9,,0.016,24.6,0.8999999999999999,6.0131,-0.02,0.0052401236733866,-0.0252401236733866,9568.179,9607.5,39.321,9678.2825,9739.9725,61.69,9794.951,9867.05,72.099,9910.7,10000.3735,89.6735,10016.9,10125.636,108.736,4.0,4.1,0.1,3.9,4.1,0.2,3.95,4.2,0.25,3.95,4.3,0.35,4.0,4.4,0.4,2.3,3.0,0.7,2.2,2.8,0.6,2.2,2.8,0.6,2.1,2.8,0.7,2.1,2.8,0.7,,,,,,,,,,,,,,,,3.9,5.6184,1.7185,4.5399,5.8398,1.2999,4.3486,5.6612,1.3127,4.1996,5.6961,1.4965,4.6108,5.6407,1.0299,2.1283,3.8474,1.7191,2.8,3.531,0.731,2.6298,3.5677,0.9379,2.5728,3.3638,0.791,2.3913,3.3642,0.9729,3.7026,4.6746,0.972,2.8803,3.5433,0.663,2.2652,3.6,1.3348,2.4976,3.1537,0.6561,2.1077,3.0,0.8923,916.6198,917.0299,0.4101,917.764,918.3994,0.6354,918.9622,919.6956,0.7334,920.137,921.0378,0.9007,921.2029,922.2826,1.0797,138.6294,141.0987,2.4693,136.0977,141.0987,5.001,137.3716,143.5085,6.1369,137.3716,145.8615,8.4899,138.6294,148.1605,9.531,911.3229,911.7402,0.4173,912.1176,912.5811,0.4636,912.7978,913.3797,0.5819,913.5029,914.0953,0.5923,914.2549,914.9621,0.7072,872.6968,872.93,0.2332,873.4399,873.7549,0.315,873.928,874.608,0.68,874.5476,875.3987,0.8512,875.0002,876.1174,1.1172,6.53,6.54,0.13,6.5,-0.03000000000000025,,,,,,,,,,,,,,,,,,,,,,,,,,,,,,,,,,,,,,,,,,,,,,,,,,,,,,,,,,,,,-1.3862943611198908,4.144307480065706,-2.0794415416798357,1.4473201306737433,3.1780538303479458,1.5299906313420326,3.768922161787473,1.5541433460615814,-6.674561391814426,5.743240296558962,3.960813169597578,1.6218824528935685,-0.8484133094710699,0.710530078903787,0.5193086114101397,14.0,9.0,35.0,2.0,0.0,0.0,0.0,0.6931471805599453,0.7071067811865476,0.6931471805599453,0.0,0.0,1.4142135623730951,0.0,0.0,0.0,0.0,0.0,0.816496580927726,0.6666666666666666,0.0,1.0,0.0,0.0,0.0,-1.3862943611198908,4.144307480065706,-1.3862943611198904,2.154426911860291,3.871201010907891,1.5299906313420326,3.768922161787473,2.968356908434677,-6.674561391814426,5.743240296558962,3.960813169597578,1.6218824528935685,-0.8484133094710699,1.5270266598315132,1.1859752780768065,14.0,10.0,35.0,2.0,0.0
2000-08-22,meeting_date,172.7,3.3512866546977715,181.9,2.5944726452340694,73.934,2.475467095414974,75.021,1.8725727166562625,4.1,132234.0,10318.165,72.944,5.10387951056623,6.5,6.1,6.08,6.27,6.07,5.78,17.47,,-0.49,,-13.608,,9251.283,3.9,3.2,-1.0038795105662306,-0.1274272833437377,-0.4899999999999993,,,,,,,,,,,,,,,,,,,,,2000Q3,0.2727272727272727,0.1550989943865103,0.0,0.0,0.0,0.0,2.7,,-0.186,33.9,0.7000000000000002,-13.658,0.01722,0.0178485809518679,-0.0006285809518679,9832.0,9864.924,32.924,9961.0,10006.1,45.1,10082.4,10140.0,57.6,10201.0,10289.7,88.7,10309.2,10488.3,179.1,3.9,4.0,0.1,3.9,4.0,0.1,3.9,4.1,0.2,4.0,4.2,0.2,4.0,4.25,0.25,2.825,3.9,1.075,2.15,3.0,0.85,2.35,3.0,0.65,2.5,2.95,0.45,2.5,3.0,0.5,,,,,,,,,,,,,,,,5.6774,7.1,1.4226,5.2,6.3566,1.1566,4.8734,5.9395,1.0661,4.4438,6.1015,1.6577,4.6657,6.2926,1.627,3.7293,4.5489,0.8196,3.0117,3.9639,0.9522,2.5719,3.824,1.2521,2.3,3.7401,1.4401,2.4647,3.5109,1.0462,3.0412,4.3,1.2588,2.9033,3.5867,0.6834,2.5566,3.511,0.9544,2.2202,3.1583,0.9381,2.2836,3.2442,0.9606,919.3398,919.6741,0.3343,920.6433,921.095,0.4517,921.8547,922.4243,0.5697,923.0241,923.8899,0.8658,924.0792,925.8016,1.7224,136.0977,138.6294,2.5318,136.0977,138.6294,2.5318,136.0977,141.0987,5.001,138.6294,143.5085,4.879,138.6294,144.6919,6.0625,913.1384,913.3351,0.1968,913.9907,914.249,0.2583,914.6804,915.1948,0.5144,915.2817,916.1255,0.8438,915.8856,917.0289,1.1433,874.3755,874.6886,0.3131,875.13,875.5958,0.4658,875.857,876.4522,0.5952,876.4834,877.292,0.8086,877.06,878.0557,0.9957,6.5,6.4656,-0.36,6.51,0.009999999999999787,,,,,,,,,,,,,,,,,,,,,,,,,,,,,,,,,,,,,,,,,,,,,,,,,,,,,,,,,,,,,0.0,1.1547005383792515,0.0,0.0,-1.3862943611198906,0.9749612559222293,0.980829253011726,0.6504436355879909,-3.6375861597263857,1.9070553322425305,0.0,1.4831632475943928,-1.299282984130261,0.8074872221117899,0.6541046319272126,4.0,0.0,4.0,0.0,0.0,0.0,0.0,0.0,1.4142135623730951,-0.6931471805599453,0.0,-1.0986122886681098,0.0,0.0,0.0,0.0,0.0,-1.0986122886681098,0.8944271909999159,0.7999999999999999,0.0,1.0,1.0,0.0,0.0,0.0,1.1547005383792515,0.0,1.4142135623730951,-2.0794415416798357,0.9749612559222293,-0.11778303565638382,0.6504436355879909,-3.6375861597263857,1.9070553322425305,0.0,1.4831632475943928,-2.3978952727983707,1.7019144131117057,1.4541046319272124,4.0,1.0,5.0,0.0,0.0
2000-10-03,meeting_date,173.9,3.450327186198688,182.6,2.5266704098820814,74.353,2.5148561265149194,75.308,1.8184768059705807,3.9,132352.0,10435.744,73.337,5.0973053895934894,6.51,6.06,6.04,6.0,5.88,5.87,21.85,,-0.13,,-0.4553,,9386.9,4.0,2.9,-1.1973053895934895,-0.1815231940294186,-0.1299999999999999,,,,,,,,,,,,,,,,,,,,,2000Q4,0.3656716417910447,0.2067904144086618,0.0,0.0,0.0,0.0,3.2,,-0.197,43.9,1.2000000000000002,13.1527,0.0,-0.0028591816941238,0.0028591816941238,10060.0,10087.871,27.871,10198.0,10246.4,48.4,10332.7,10381.189,48.489,10449.0,10512.0,63.0,10586.0,10655.0,69.0,4.0,4.1,0.1,4.0,4.1,0.1,4.0,4.3,0.3,4.0,4.3,0.3,4.1,4.4,0.3,2.6,3.2,0.6,2.45,2.95,0.5,2.6,3.0,0.4,2.35,2.9,0.55,2.3,3.0,0.7,,,,,,,,,,,,,,,,5.0312,6.2,1.1688,5.2733,6.1411,0.8679,4.6,6.1,1.5,4.9315,5.8,0.8685,5.2,6.0024,0.8024,2.9629,3.6498,0.6869,2.8988,3.8622,0.9634,2.4,3.5043,1.1044,2.5385,3.5,0.9615,2.7,3.6364,0.9364,3.1224,3.9554,0.833,2.9,3.4553,0.5553,2.5,3.2469,0.7469,2.3876,3.2187,0.8311,2.4896,3.2403,0.7507,921.6322,921.9089,0.2767,922.9947,923.4682,0.4735,924.3069,924.7751,0.4682,925.4262,926.0273,0.6011,926.7288,927.3785,0.6497,138.6294,141.0987,2.4693,138.6294,141.0987,2.4693,138.6294,145.8615,7.2321,138.6294,145.8615,7.2321,141.0987,148.1605,7.0618,914.6015,914.7677,0.1662,915.3252,915.694,0.3688,916.0099,916.4757,0.4658,916.7694,917.2149,0.4456,917.4691,918.1591,0.69,874.9558,875.1569,0.2011,875.6892,876.0296,0.3404,876.3798,876.7641,0.3843,876.948,877.4622,0.5142,877.6386,878.345,0.7064,6.51,6.4934,-0.52,6.51,0.0,,,,,,,,,,,,,,,,,,,,,,,,,,,,,,,,,,,,,,,,,,,,,,,,,,,,,,,,,,,,,-0.6931471805599453,2.121320343559643,0.0,0.0,1.791759469228055,1.0,-0.4054651081081645,0.8864052604279183,-2.5902671654458262,1.6498834394323993,0.0,0.7669649888473704,-2.772588722239781,0.7565206643251695,0.5783632658632659,5.0,0.0,5.0,0.0,0.0,0.0,0.0,0.0,1.1547005383792515,0.6931471805599453,0.0,-0.6931471805599453,0.0,0.0,0.0,0.0,0.0,0.0,1.0,1.0,0.0,2.0,0.0,0.0,0.0,-0.6931471805599453,2.121320343559643,0.0,1.1547005383792515,2.4849066497880004,1.0,-1.0986122886681098,0.8864052604279183,-2.5902671654458262,1.6498834394323993,0.0,0.7669649888473704,-2.772588722239781,1.7565206643251696,1.578363265863266,5.0,2.0,5.0,0.0,0.0
2000-11-15,meeting_date,174.2,3.444180522565321,183.1,2.6345291479820565,74.457,2.5663277956855968,75.441,1.9004781586838384,3.9,132556.0,10435.744,73.337,5.0973053895934894,6.51,6.19,6.08,5.9,5.69,5.72,26.15,,-0.18,,-5.705,,9386.9,4.0,2.9,-1.1973053895934895,-0.0995218413161618,-0.1800000000000006,,,,,,,,,,,,,,,,,,,,,2000Q4,0.4178082191780822,0.2080292856780859,0.0,0.0,0.0,0.0,2.9,,-0.146,43.9,0.8999999999999999,-5.2497,-0.01,-0.0396199062302091,0.0296199062302091,10060.0,10087.871,27.871,10198.0,10246.4,48.4,10332.7,10381.189,48.489,10449.0,10512.0,63.0,10586.0,10655.0,69.0,4.0,4.1,0.1,4.0,4.1,0.1,4.0,4.3,0.3,4.0,4.3,0.3,4.1,4.4,0.3,2.6,3.2,0.6,2.45,2.95,0.5,2.6,3.0,0.4,2.35,2.9,0.55,2.3,3.0,0.7,,,,,,,,,,,,,,,,5.0312,6.2,1.1688,5.2733,6.1411,0.8679,4.6,6.1,1.5,4.9315,5.8,0.8685,5.2,6.0024,0.8024,2.9629,3.6498,0.6869,2.8988,3.8622,0.9634,2.4,3.5043,1.1044,2.5385,3.5,0.9615,2.7,3.6364,0.9364,3.1224,3.9554,0.833,2.9,3.4553,0.5553,2.5,3.2469,0.7469,2.3876,3.2187,0.8311,2.4896,3.2403,0.7507,921.6322,921.9089,0.2767,922.9947,923.4682,0.4735,924.3069,924.7751,0.4682,925.4262,926.0273,0.6011,926.7288,927.3785,0.6497,138.6294,141.0987,2.4693,138.6294,141.0987,2.4693,138.6294,145.8615,7.2321,138.6294,145.8615,7.2321,141.0987,148.1605,7.0618,914.6015,914.7677,0.1662,915.3252,915.694,0.3688,916.0099,916.4757,0.4658,916.7694,917.2149,0.4456,917.4691,918.1591,0.69,874.9558,875.1569,0.2011,875.6892,876.0296,0.3404,876.3798,876.7641,0.3843,876.948,877.4622,0.5142,877.6386,878.345,0.7064,6.51,6.52,-0.36,6.4,-0.10999999999999943,,,,,,,,,,,,,,,,,,,,,,,,,,,,,,,,,,,,,,,,,,,,,,,,,,,,,,,,,,,,,-1.3862943611198906,2.4069300381276335,-0.8266785731844679,1.9384643511989774,1.09861228866811,0.5773502691896258,0.0,3.3029312676801195,-8.594154232552366,3.437651798924273,0.6931471805599453,1.1547005383792517,-7.3395376954076745,0.6985308362455847,0.4925287525432717,8.0,1.0,24.0,0.0,0.0,0.6931471805599453,0.7071067811865476,1.3862943611198906,0.0,0.6931471805599453,0.0,-0.6931471805599453,0.0,0.0,0.0,0.0,0.0,1.0986122886681098,0.8944271909999159,0.7999999999999999,0.0,3.0,1.0,0.0,0.0,-0.6931471805599453,3.114036819314181,0.5596157879354227,1.9384643511989774,1.7917594692280554,0.5773502691896258,-0.6931471805599453,3.3029312676801195,-8.594154232552366,3.437651798924273,0.6931471805599453,1.1547005383792517,-6.2409254067395645,1.5929580272455004,1.2925287525432716,8.0,4.0,25.0,0.0,0.0
2000-12-19,meeting_date,174.6,3.4360189573459543,183.3,2.5741466144376224,74.571,2.4847793521432404,75.515,1.8710878480466155,3.9,132716.0,10435.744,73.337,5.0973053895934894,6.4,5.76,5.68,5.35,5.12,5.19,27.17,,-0.16,,-9.0119,,9386.9,4.0,2.9,-1.1973053895934895,-0.1289121519533846,-0.1599999999999992,,,,,,,,,,,,,,,,,,,,,2000Q4,0.6265822784810127,0.3785152991072613,0.0,0.0,0.0,0.0,2.8,,-0.067,43.9,0.7999999999999998,-3.3069000000000006,0.06458,0.0422056283001475,0.0223743716998524,10060.0,10087.871,27.871,10198.0,10246.4,48.4,10332.7,10381.189,48.489,10449.0,10512.0,63.0,10586.0,10655.0,69.0,4.0,4.1,0.1,4.0,4.1,0.1,4.0,4.3,0.3,4.0,4.3,0.3,4.1,4.4,0.3,2.6,3.2,0.6,2.45,2.95,0.5,2.6,3.0,0.4,2.35,2.9,0.55,2.3,3.0,0.7,,,,,,,,,,,,,,,,5.0312,6.2,1.1688,5.2733,6.1411,0.8679,4.6,6.1,1.5,4.9315,5.8,0.8685,5.2,6.0024,0.8024,2.9629,3.6498,0.6869,2.8988,3.8622,0.9634,2.4,3.5043,1.1044,2.5385,3.5,0.9615,2.7,3.6364,0.9364,3.1224,3.9554,0.833,2.9,3.4553,0.5553,2.5,3.2469,0.7469,2.3876,3.2187,0.8311,2.4896,3.2403,0.7507,921.6322,921.9089,0.2767,922.9947,923.4682,0.4735,924.3069,924.7751,0.4682,925.4262,926.0273,0.6011,926.7288,927.3785,0.6497,138.6294,141.0987,2.4693,138.6294,141.0987,2.4693,138.6294,145.8615,7.2321,138.6294,145.8615,7.2321,141.0987,148.1605,7.0618,914.6015,914.7677,0.1662,915.3252,915.694,0.3688,916.0099,916.4757,0.4658,916.7694,917.2149,0.4456,917.4691,918.1591,0.69,874.9558,875.1569,0.2011,875.6892,876.0296,0.3404,876.3798,876.7641,0.3843,876.948,877.4622,0.5142,877.6386,878.345,0.7064,6.4,6.6067,-0.27,5.98,-0.41999999999999993,,,,,,,,,,,,,,,,,,,,,,,,,,,,,,,,,,,,,,,,,,,,,,,,,,,,,,,,,,,,,0.6931471805599453,0.5175491695067657,-0.5108256237659905,1.8783723817250992,0.916290731874155,1.5161466161424382,1.0986122886681098,1.764094822558228,-4.071871706370042,1.9106435823320078,0.4054651081081645,1.1118727530144747,0.34484048629172936,0.6972580318546834,0.5246322335495318,10.0,4.0,25.0,0.0,0.0,0.0,0.0,-0.6931471805599453,0.0,0.0,0.0,-0.6931471805599453,0.0,-0.6931471805599453,0.0,-0.6931471805599453,0.0,-1.3862943611198906,0.5,0.25,0.0,0.0,3.0,0.0,0.0,0.6931471805599453,0.5175491695067657,-1.203972804325936,1.8783723817250992,0.916290731874155,1.5161466161424382,0.4054651081081645,1.764094822558228,-4.765018886929988,1.9106435823320078,-0.2876820724517808,1.1118727530144747,-1.0414538748281612,1.1972580318546835,0.7746322335495318,10.0,4.0,28.0,0.0,0.0
2001-01-31,meeting_date,175.6,3.7212049616065945,183.9,2.5655326268823275,74.932,2.7014432367977514,75.796,2.005221651010692,4.2,132703.0,10470.231,73.822,5.09115087525391,5.98,4.86,4.65,4.62,4.85,5.19,22.02,,0.57,,-0.185,,9457.487,4.0,3.0,-0.8911508752539099,0.0052216510106912,0.5700000000000003,,,,,,,,,,,,,,,,,,,,,2001Q1,0.4921465968586387,0.220503332189025,0.0,0.0,0.0,0.0,3.0,,-0.226,59.6,1.0,8.8269,0.03,0.0101159045878182,0.0198840954121817,10184.373,10220.9,36.527,10322.0,10360.614,38.614,10450.62,10503.0,52.38,10588.896,10649.7,60.804,10742.0,10805.0,63.0,4.0,4.1,0.1,4.0,4.2,0.2,4.1,4.23,0.13,4.1,4.27,0.17,4.1,4.3,0.2,2.8,3.4,0.6,2.4,3.2,0.8,2.5,2.9,0.4,2.4,2.9,0.5,2.3,2.9,0.6,,,,,,,,,,,,,,,,4.9,6.413,1.513,5.1148,6.1845,1.0697,5.1755,5.779,0.6035,5.1182,5.8832,0.7649,5.0926,6.2258,1.1332,2.6001,3.7,1.1,2.9528,3.5434,0.5907,2.7852,3.5996,0.8143,2.957,3.7915,0.8345,2.9791,3.9607,0.9816,3.0,4.1774,1.1774,2.7491,3.3,0.5509,2.6224,3.2131,0.5907,2.6,3.3071,0.7072,2.8,3.2741,0.4741,922.861,923.219,0.358,924.2033,924.5767,0.3734,925.4417,925.9416,0.5,926.7561,927.3287,0.5726,928.1917,928.7764,0.5848,138.6294,141.0987,2.4693,138.6294,143.5085,4.879,141.0987,144.2202,3.1215,141.0987,145.1614,4.0627,141.0987,145.8615,4.7628,915.3473,915.5653,0.2179,916.0132,916.4012,0.3879,916.7224,917.2359,0.5134,917.5169,918.0973,0.5804,918.4233,919.077,0.6538,876.0516,876.335,0.2834,876.7412,877.0936,0.3523,877.4279,877.908,0.4801,878.1494,878.6732,0.5238,878.8319,879.4659,0.634,5.98,5.455,-0.66,5.31,-0.6700000000000008,,,,,,,,,,,,,,,,,,,,,,,,,,,,,,,,,,,,,,,,,,,,,,,,,,,,,,,,,,,,,1.0986122886681098,1.6629935441317958,0.6931471805599453,0.9944289260117534,1.6094379124341003,0.8432740427115678,1.6094379124341003,0.8348141712647579,-2.0794415416798357,1.3007236208912114,1.3862943611198906,0.5175491695067657,0.47000362924573547,0.7368826481739144,0.5446795205836374,5.0,3.0,9.0,0.0,0.0,0.0,1.1547005383792515,0.6931471805599453,0.0,0.0,0.0,0.0,1.1547005383792515,0.0,0.0,-0.6931471805599453,0.0,-1.0986122886681098,1.0350983390135313,1.0714285714285714,0.0,0.0,2.0,0.0,0.0,1.0986122886681098,2.8176940825110472,1.3862943611198906,0.9944289260117534,1.6094379124341003,0.8432740427115678,1.6094379124341003,1.9895147096440093,-2.0794415416798357,1.3007236208912114,0.6931471805599453,0.5175491695067657,-0.6286086594223743,1.7719809871874457,1.6161080920122088,5.0,3.0,11.0,0.0,0.0
2001-03-20,meeting_date,176.1,2.9824561403508643,184.7,2.6111111111110974,75.055,2.1087000884293827,76.009,1.932464327861827,4.3,132751.0,10470.231,73.822,5.09115087525391,5.31,4.38,4.19,4.24,4.52,4.78,30.96,,0.54,,-8.5183,,9457.487,4.0,3.0,-0.7911508752539103,-0.067535672138173,0.54,,,,,,,,,,,,,,,,,,,,,2001Q1,0.5868544600938967,0.3296254969263704,0.0,0.0,0.0,0.0,2.8,,-0.256,59.6,0.7999999999999998,-8.3333,0.05636,0.0317131938608458,0.0246468061391541,10184.373,10220.9,36.527,10322.0,10360.614,38.614,10450.62,10503.0,52.38,10588.896,10649.7,60.804,10742.0,10805.0,63.0,4.0,4.1,0.1,4.0,4.2,0.2,4.1,4.23,0.13,4.1,4.27,0.17,4.1,4.3,0.2,2.8,3.4,0.6,2.4,3.2,0.8,2.5,2.9,0.4,2.4,2.9,0.5,2.3,2.9,0.6,,,,,,,,,,,,,,,,4.9,6.413,1.513,5.1148,6.1845,1.0697,5.1755,5.779,0.6035,5.1182,5.8832,0.7649,5.0926,6.2258,1.1332,2.6001,3.7,1.1,2.9528,3.5434,0.5907,2.7852,3.5996,0.8143,2.957,3.7915,0.8345,2.9791,3.9607,0.9816,3.0,4.1774,1.1774,2.7491,3.3,0.5509,2.6224,3.2131,0.5907,2.6,3.3071,0.7072,2.8,3.2741,0.4741,922.861,923.219,0.358,924.2033,924.5767,0.3734,925.4417,925.9416,0.5,926.7561,927.3287,0.5726,928.1917,928.7764,0.5848,138.6294,141.0987,2.4693,138.6294,143.5085,4.879,141.0987,144.2202,3.1215,141.0987,145.1614,4.0627,141.0987,145.8615,4.7628,915.3473,915.5653,0.2179,916.0132,916.4012,0.3879,916.7224,917.2359,0.5134,917.5169,918.0973,0.5804,918.4233,919.077,0.6538,876.0516,876.335,0.2834,876.7412,877.0936,0.3523,877.4279,877.908,0.4801,878.1494,878.6732,0.5238,878.8319,879.4659,0.634,5.31,5.2395,-0.69,4.21,-1.0999999999999996,,,,,,,,,,,,,,,,,,,,,,,,,,,,,,,,,,,,,,,,,,,,,,,,,,,,,,,,,,,,,-2.4849066497880004,2.7287641287186313,-2.995732273553991,2.747610536927648,1.3862943611198906,0.6992932067530679,0.5108256237659904,3.1685359582169594,-11.774674155395505,4.843662081899719,-0.6931471805599453,0.7050361858740393,-11.857365871240619,0.6987106191002769,0.5001374057121274,14.0,6.0,42.0,0.0,0.0,0.0,0.0,0.0,0.0,0.0,0.0,-1.0986122886681098,0.0,0.0,0.0,-0.6931471805599453,0.0,-1.3862943611198906,0.5,0.25,0.0,0.0,2.0,0.0,0.0,-2.4849066497880004,2.7287641287186313,-2.995732273553991,2.747610536927648,1.3862943611198906,0.6992932067530679,-0.5877866649021194,3.1685359582169594,-11.774674155395505,4.843662081899719,-1.3862943611198906,0.7050361858740393,-13.24366023236051,1.198710619100277,0.7501374057121274,14.0,6.0,44.0,0.0,0.0
2001-05-15,meeting_date,177.3,3.56308411214954,185.3,2.54565578306587,75.385,2.5576491395143286,76.148,1.94251442494342,4.3,132408.0,10599.0,74.266,5.0853933171443,4.21,3.55,3.58,4.28,4.95,5.5,23.71,,1.22,,-3.9856,,9421.3,4.2,2.7,-0.7853933171443002,-0.0574855750565799,1.2199999999999998,,,,,,,,,,,,,,,,,,,,,2001Q2,0.3084577114427861,0.1538407798597272,1.0,0.0,1.0,1.0,3.2,,-0.388,50.9,1.2000000000000002,4.5327,-0.09687,-0.0657171899474615,-0.0311528100525384,10191.0,10222.0,31.0,10281.6,10330.469,48.869,10404.0,10472.0,68.0,10532.406,10632.0,99.594,10661.841,10793.7,131.859,4.2,4.3,0.1,4.3,4.6,0.3,4.3,4.7,0.4,4.3,4.8,0.5,4.2,4.8,0.6,2.4,2.8,0.4,2.4,2.7,0.3,2.1,2.8,0.7,2.1,2.8,0.7,2.1,2.95,0.85,,,,,,,,,,,,,,,,2.633,3.8875,1.2545,3.5996,4.575,0.9754,4.4733,5.6432,1.1699,5.0546,6.253,1.1984,5.1337,6.4533,1.3196,0.132,1.7343,1.6023,1.5,2.666,1.166,2.6,3.7265,1.1265,2.9983,3.8871,0.8888,3.0946,4.1042,1.0096,1.5399,2.7512,1.2114,1.5894,2.5791,0.9897,2.4,3.2708,0.8708,2.8082,3.4779,0.6698,2.6918,3.6352,0.9434,922.926,923.2298,0.3037,923.8111,924.2853,0.4742,924.9946,925.646,0.6515,926.2212,927.1624,0.9412,927.4426,928.6718,1.2292,143.5085,145.8615,2.353,145.8615,152.6056,6.7441,145.8615,154.7563,8.8947,145.8615,156.8616,11.0001,143.5085,156.8616,13.3531,914.8954,915.2923,0.3969,915.31,915.8299,0.5199,916.0733,916.7297,0.6564,917.0057,917.6174,0.6117,917.8023,918.5959,0.7937,876.3897,876.6862,0.2965,876.873,877.3539,0.481,877.4653,878.1663,0.701,878.1407,879.0391,0.8984,878.8549,879.8236,0.9686,4.21,4.2391,-0.42,3.97,-0.23999999999999977,,,,,,,,,,,,,,,,,,,,,,,,,,,,,,,,,,,,,,,,,,,,,,,,,,,,,,,,,,,,,-12.123842547261201,3.6368627294924014,-4.276666119016055,1.3408732336448212,-2.1972245773362196,2.0,-2.70805020110221,3.405917044008147,-12.553113833500621,5.276178815704679,-3.2188758248682006,1.7307414191446342,-18.19340225555664,0.7135844560407871,0.521459921851267,37.0,3.0,62.0,1.0,0.0,0.6931471805599453,0.0,-0.6931471805599453,0.0,0.0,0.0,0.0,1.4142135623730951,0.0,0.0,-1.0986122886681098,0.0,-1.0986122886681098,1.0327955589886446,1.0666666666666669,1.0,0.0,3.0,0.0,0.0,-11.430695366701256,3.6368627294924014,-4.969813299576001,1.3408732336448212,-2.1972245773362196,2.0,-2.70805020110221,4.820130606381242,-12.553113833500621,5.276178815704679,-4.31748811353631,1.7307414191446342,-19.292014544224752,1.7463800150294317,1.5881265885179339,38.0,3.0,65.0,1.0,0.0
2001-06-27,meeting_date,177.7,3.193960511033689,186.0,2.705687465488693,75.518,2.391734685576364,76.318,2.092195735345248,4.5,132300.0,10599.0,74.266,5.0853933171443,3.97,3.44,3.44,4.06,4.82,5.26,20.88,,1.2,,-0.085,,9421.3,4.2,2.7,-0.5853933171443,0.092195735345248,1.2000000000000002,,,,,,,,,,,,,,,,,,,,,2001Q2,0.4867724867724867,0.260863723810373,1.0,0.0,1.0,1.0,3.0,,-0.454,50.9,1.0,3.9006,0.1,0.079747866517679,0.0202521334823209,10191.0,10222.0,31.0,10281.6,10330.469,48.869,10404.0,10472.0,68.0,10532.406,10632.0,99.594,10661.841,10793.7,131.859,4.2,4.3,0.1,4.3,4.6,0.3,4.3,4.7,0.4,4.3,4.8,0.5,4.2,4.8,0.6,2.4,2.8,0.4,2.4,2.7,0.3,2.1,2.8,0.7,2.1,2.8,0.7,2.1,2.95,0.85,,,,,,,,,,,,,,,,2.633,3.8875,1.2545,3.5996,4.575,0.9754,4.4733,5.6432,1.1699,5.0546,6.253,1.1984,5.1337,6.4533,1.3196,0.132,1.7343,1.6023,1.5,2.666,1.166,2.6,3.7265,1.1265,2.9983,3.8871,0.8888,3.0946,4.1042,1.0096,1.5399,2.7512,1.2114,1.5894,2.5791,0.9897,2.4,3.2708,0.8708,2.8082,3.4779,0.6698,2.6918,3.6352,0.9434,922.926,923.2298,0.3037,923.8111,924.2853,0.4742,924.9946,925.646,0.6515,926.2212,927.1624,0.9412,927.4426,928.6718,1.2292,143.5085,145.8615,2.353,145.8615,152.6056,6.7441,145.8615,154.7563,8.8947,145.8615,156.8616,11.0001,143.5085,156.8616,13.3531,914.8954,915.2923,0.3969,915.31,915.8299,0.5199,916.0733,916.7297,0.6564,917.0057,917.6174,0.6117,917.8023,918.5959,0.7937,876.3897,876.6862,0.2965,876.873,877.3539,0.481,877.4653,878.1663,0.701,878.1407,879.0391,0.8984,878.8549,879.8236,0.9686,3.97,3.735,-0.92,3.65,-0.3200000000000003,,,,,,,,,,,,,,,,,,,,,,,,,,,,,,,,,,,,,,,,,,,,,,,,,,,,,,,,,,,,,-6.056003068245553,4.645694211512778,0.6931471805599453,3.471648155070477,-1.2809338454620645,3.0204449781216534,-1.80049314919681,4.764327968572934,-10.000251220968437,6.254125954787592,-2.367123614131617,2.3929808327738917,-10.069282671958103,0.7488599348937025,0.5731481189421299,22.0,14.0,54.0,0.0,0.0,-1.0986122886681098,1.0,-0.6931471805599453,0.0,-0.6931471805599453,0.0,-0.6931471805599453,0.0,0.0,0.0,-0.6931471805599453,0.0,-1.791759469228055,0.7559289460184545,0.5714285714285715,0.0,0.0,1.0,0.0,0.0,-7.154615356913663,5.645694211512778,0.0,3.471648155070477,-1.9740810260220099,3.0204449781216534,-2.4936403297567553,4.764327968572934,-10.000251220968437,6.254125954787592,-3.0602707946915624,2.3929808327738917,-11.861042141186157,1.504788880912157,1.1445766903707013,22.0,14.0,55.0,0.0,0.0
2001-08-21,meeting_date,177.4,2.7214823393167498,186.7,2.638812534359536,75.484,2.096464414207256,76.553,2.0420948801002314,4.9,132021.0,10598.02,74.558,5.08001305816486,3.65,3.31,3.25,3.69,4.5,4.87,24.4,,1.18,,-6.5759,,9469.0,4.5,3.05,-0.1800130581648593,0.0420948801002314,1.1800000000000002,,,,,,,,,,,,,,,,,,,,,2001Q3,0.2222222222222222,0.0914726014233365,0.0,0.0,0.0,0.0,2.7,,-0.486,40.4,0.7000000000000002,-6.4909,0.0465,0.0165246675961362,0.0299753324038637,10324.583,10349.504,24.921,10417.0,10478.0,61.0,10520.2,10620.1,99.9,10645.544,10769.0,123.456,10765.8,10920.3,154.5,4.4,4.6,0.2,4.5,4.8,0.3,4.6,4.9,0.3,4.6,5.0,0.4,4.6,5.0,0.4,2.5,3.6,1.1,2.0,2.8,0.8,2.0,2.8,0.8,2.2,3.0,0.8,2.1,2.8,0.7,,,,,,,,,,,,,,,,3.2,4.2868,1.0868,3.7,5.0,1.3,3.9725,5.6987,1.7262,5.0,6.0,1.0001,4.8314,5.6736,0.8422,0.7606,1.4999,0.7393,1.618,2.6055,0.9875,2.2036,3.4345,1.231,2.7611,3.7,0.9388,3.0,3.8,0.8,1.1383,2.0964,0.9581,1.5624,2.5,0.9375,2.1919,3.0,0.8081,2.6458,3.5,0.8541,2.6,3.5011,0.9011,924.2283,924.4694,0.2411,925.1194,925.7033,0.5839,926.1052,927.0504,0.9451,927.2897,928.4427,1.153,928.413,929.8379,1.4249,148.1605,152.6056,4.4452,150.4077,156.8616,6.4539,152.6056,158.9235,6.3179,152.6056,160.9438,8.3382,152.6056,160.9438,8.3382,915.4595,915.6412,0.1817,915.8542,916.2588,0.4046,916.4694,917.0664,0.5969,917.1662,917.9984,0.8322,917.8736,918.9321,1.0585,877.0408,877.2765,0.2357,877.4282,877.8711,0.4429,877.9604,878.6096,0.6492,878.6976,879.4696,0.772,879.3824,880.3055,0.923,3.65,3.619,-0.43,2.49,-1.1599999999999997,,,,,,,,,,,,,,,,,,,,,,,,,,,,,,,,,,,,,,,,,,,,,,,,,,,,,,,,,,,,,0.0,0.0,-2.1972245773362196,0.8638800836460913,0.0,0.0,-1.791759469228055,0.7666169923131275,-0.6931471805599453,0.8345229603962802,-0.6931471805599453,0.5393598899705937,-2.772588722239781,0.39126702856291057,0.30617977528089896,7.0,3.0,6.0,0.0,0.0,-1.0986122886681098,1.0,-0.6931471805599453,0.0,-0.6931471805599453,0.0,-0.6931471805599453,0.0,0.0,0.0,-0.6931471805599453,0.0,-1.791759469228055,0.7559289460184545,0.5714285714285715,0.0,0.0,2.0,0.0,0.0,-1.0986122886681098,1.0,-2.890371757896165,0.8638800836460913,-0.6931471805599453,0.0,-2.4849066497880004,0.7666169923131275,-0.6931471805599453,0.8345229603962802,-1.3862943611198906,0.5393598899705937,-4.564348191467836,1.1471959745813651,0.8776083467094704,7.0,3.0,8.0,0.0,0.0
2001-10-02,meeting_date,177.6,2.127659574468077,187.4,2.6286966046002336,75.492,1.531881699460702,76.654,1.7873267116375269,5.3,131452.0,10660.465,74.792,5.0749937271223695,2.49,2.22,2.22,2.77,3.87,4.53,31.18,,1.76,,-0.1988,,9380.0,4.7,2.4,0.2250062728776303,-0.2126732883624731,1.7600000000000002,,,,,,,,,,,,,,,,,,,,,2001Q4,0.3947368421052631,0.179975398808063,0.0,0.0,0.0,0.0,1.0,,-0.338,50.9,-1.0,6.3771,-0.03207,-0.0424716690598888,0.0104016690598888,10288.5,10310.829,22.329,10388.6,10432.393,43.793,10514.0,10567.956,53.956,10626.062,10715.079,89.017,10745.0,10882.553,137.553,4.6,4.7,0.1,4.8,4.9,0.1,4.8,5.0,0.2,4.8,5.0,0.2,4.7,5.1,0.4,1.7,2.7,1.0,2.1,2.8,0.7,2.2,2.8,0.6,2.2,2.9,0.7,2.3,2.9,0.6,,,,,,,,,,,,,,,,2.8046,3.8562,1.0516,3.9368,5.1,1.1632,4.6533,5.8,1.1467,4.5234,5.6168,1.0934,4.5944,5.8144,1.2201,0.996,1.9,0.904,1.9382,2.9831,1.0449,2.4957,3.2,0.7043,2.5212,3.4658,0.9446,2.6581,3.7,1.0419,1.9,2.6733,0.7733,2.1958,3.4,1.2042,2.3478,3.1,0.7523,2.5,3.2,0.7,2.5104,3.2,0.6896,923.8782,924.095,0.2168,924.8464,925.2671,0.4207,926.0463,926.5582,0.5119,927.1065,927.9407,0.8342,928.2196,929.4916,1.272,152.6056,154.7563,2.1506,156.8616,158.9235,2.0619,156.8616,160.9438,4.0822,156.8616,160.9438,4.0822,154.7563,162.9241,8.1678,914.5781,914.8008,0.2228,915.0983,915.525,0.4267,915.7664,916.241,0.4746,916.3092,917.0904,0.7813,917.1693,917.8771,0.7077,877.2268,877.4158,0.189,877.7417,878.22,0.4783,878.3878,878.9767,0.5889,879.0543,879.7117,0.6574,879.7686,880.4325,0.6639,2.49,2.5007,-0.18,2.09,-0.40000000000000036,,,,,,,,,,,,,,,,,,,,,,,,,,,,,,,,,,,,,,,,,,,,,,,,,,,,,,,,,,,,,0.0,0.0,0.0,0.0,0.0,0.0,0.6931471805599453,0.0,-1.3862943611198906,1.1057713807902418,0.6931471805599453,0.0,0.0,0.5617602738103737,0.33914053426248547,0.0,0.0,3.0,0.0,0.0,-1.0986122886681098,0.5773502691896258,0.0,0.0,0.0,0.0,-0.6931471805599453,0.0,0.0,0.0,-0.6931471805599453,1.1547005383792517,-1.6094379124341003,0.7867957924694431,0.619047619047619,1.0,0.0,1.0,0.0,0.0,-1.0986122886681098,0.5773502691896258,0.0,0.0,0.0,0.0,0.0,0.0,-1.3862943611198906,1.1057713807902418,0.0,1.1547005383792517,-1.6094379124341003,1.3485560662798168,0.9581881533101044,1.0,0.0,4.0,0.0,0.0
2001-11-06,meeting_date,177.5,1.894374282433997,188.1,2.730748225013646,75.441,1.321568153430852,76.81,1.8146631142217151,5.5,131144.0,10660.465,74.792,5.0749937271223695,2.09,1.82,1.79,2.37,3.54,4.3,28.8,,1.93,,-0.526,,9380.0,4.7,2.4,0.4250062728776305,-0.1853368857782849,1.93,,,,,,,,,,,,,,,,,,,,,2001Q4,0.3787878787878788,0.1627774069713472,0.0,0.0,0.0,0.0,0.4,,-0.395,50.9,-1.6,-0.3272,-0.1375,-0.0908867246615062,-0.0466132753384938,10288.5,10310.829,22.329,10388.6,10432.393,43.793,10514.0,10567.956,53.956,10626.062,10715.079,89.017,10745.0,10882.553,137.553,4.6,4.7,0.1,4.8,4.9,0.1,4.8,5.0,0.2,4.8,5.0,0.2,4.7,5.1,0.4,1.7,2.7,1.0,2.1,2.8,0.7,2.2,2.8,0.6,2.2,2.9,0.7,2.3,2.9,0.6,,,,,,,,,,,,,,,,2.8046,3.8562,1.0516,3.9368,5.1,1.1632,4.6533,5.8,1.1467,4.5234,5.6168,1.0934,4.5944,5.8144,1.2201,0.996,1.9,0.904,1.9382,2.9831,1.0449,2.4957,3.2,0.7043,2.5212,3.4658,0.9446,2.6581,3.7,1.0419,1.9,2.6733,0.7733,2.1958,3.4,1.2042,2.3478,3.1,0.7523,2.5,3.2,0.7,2.5104,3.2,0.6896,923.8782,924.095,0.2168,924.8464,925.2671,0.4207,926.0463,926.5582,0.5119,927.1065,927.9407,0.8342,928.2196,929.4916,1.272,152.6056,154.7563,2.1506,156.8616,158.9235,2.0619,156.8616,160.9438,4.0822,156.8616,160.9438,4.0822,154.7563,162.9241,8.1678,914.5781,914.8008,0.2228,915.0983,915.525,0.4267,915.7664,916.241,0.4746,916.3092,917.0904,0.7813,917.1693,917.8771,0.7077,877.2268,877.4158,0.189,877.7417,878.22,0.4783,878.3878,878.9767,0.5889,879.0543,879.7117,0.6574,879.7686,880.4325,0.6639,2.09,2.0837,-0.81,1.82,-0.2699999999999998,,,,,,,,,,,,,,,,,,,,,,,,,,,,,,,,,,,,,,,,,,,,,,,,,,,,,,,,,,,,,1.203972804325936,1.3863901041455162,0.0,0.6324555320336759,0.0,0.0,1.0986122886681098,1.4142135623730951,-4.382026634673881,3.5720626477824267,0.6931471805599453,0.7071067811865476,-3.044522437723423,0.6891827826877206,0.4918706282317773,17.0,1.0,13.0,0.0,0.0,-1.0986122886681098,0.5773502691896258,0.0,0.0,0.0,0.0,0.0,1.4142135623730951,0.0,0.0,-0.6931471805599453,0.0,-1.3862943611198906,0.8366600265340756,0.7,1.0,0.0,2.0,0.0,0.0,0.10536051565782611,1.963740373335142,0.0,0.6324555320336759,0.0,0.0,1.0986122886681098,2.8284271247461903,-4.382026634673881,3.5720626477824267,0.0,0.7071067811865476,-4.430816798843313,1.5258428092217962,1.1918706282317773,18.0,1.0,15.0,0.0,0.0
2001-12-11,meeting_date,177.4,1.603665521191311,188.4,2.782324058919805,75.363,1.0620750693969505,76.828,1.738727405151308,5.7,130983.0,10660.465,74.792,5.0749937271223695,1.82,1.63,1.69,3.03,4.38,5.13,25.3,,2.1,,-1.0671,,9380.0,4.7,2.4,0.6250062728776307,-0.261272594848692,2.1,,,,,,,,,,,,,,,,,,,,,2001Q4,0.3333333333333333,0.2403870482631934,1.0,0.0,1.0,1.0,1.8,,-0.362,50.9,-0.1999999999999999,-0.5410999999999999,-0.00775,0.0172315797954539,-0.0249815797954539,10288.5,10310.829,22.329,10388.6,10432.393,43.793,10514.0,10567.956,53.956,10626.062,10715.079,89.017,10745.0,10882.553,137.553,4.6,4.7,0.1,4.8,4.9,0.1,4.8,5.0,0.2,4.8,5.0,0.2,4.7,5.1,0.4,1.7,2.7,1.0,2.1,2.8,0.7,2.2,2.8,0.6,2.2,2.9,0.7,2.3,2.9,0.6,,,,,,,,,,,,,,,,2.8046,3.8562,1.0516,3.9368,5.1,1.1632,4.6533,5.8,1.1467,4.5234,5.6168,1.0934,4.5944,5.8144,1.2201,0.996,1.9,0.904,1.9382,2.9831,1.0449,2.4957,3.2,0.7043,2.5212,3.4658,0.9446,2.6581,3.7,1.0419,1.9,2.6733,0.7733,2.1958,3.4,1.2042,2.3478,3.1,0.7523,2.5,3.2,0.7,2.5104,3.2,0.6896,923.8782,924.095,0.2168,924.8464,925.2671,0.4207,926.0463,926.5582,0.5119,927.1065,927.9407,0.8342,928.2196,929.4916,1.272,152.6056,154.7563,2.1506,156.8616,158.9235,2.0619,156.8616,160.9438,4.0822,156.8616,160.9438,4.0822,154.7563,162.9241,8.1678,914.5781,914.8008,0.2228,915.0983,915.525,0.4267,915.7664,916.241,0.4746,916.3092,917.0904,0.7813,917.1693,917.8771,0.7077,877.2268,877.4158,0.189,877.7417,878.22,0.4783,878.3878,878.9767,0.5889,879.0543,879.7117,0.6574,879.7686,880.4325,0.6639,1.82,1.7968,-0.32,1.73,-0.09000000000000008,,,,,,,,,,,,,,,,,,,,,,,,,,,,,,,,,,,,,,,,,,,,,,,,,,,,,,,,,,,,,-2.9957322735539913,0.5191929164449932,-3.401197381662155,1.4837092205186546,-0.6931471805599453,0.0,-0.9808292530117261,2.4752957074581197,-5.438079308923196,1.9316347655100574,-1.791759469228055,1.330122921898707,-8.026170194946427,0.7440184510464608,0.5635941941568946,3.0,2.0,17.0,0.0,0.0,-0.6931471805599453,1.1547005383792517,-0.6931471805599453,0.0,0.0,0.0,0.0,1.0,0.0,0.0,-0.6931471805599453,0.0,-1.0986122886681098,0.9511897312113418,0.9047619047619047,1.0,0.0,1.0,0.0,0.0,-3.6888794541139367,1.673893454824245,-4.0943445622221,1.4837092205186546,-0.6931471805599453,0.0,-0.9808292530117261,3.4752957074581197,-5.438079308923196,1.9316347655100574,-2.4849066497880004,1.330122921898707,-9.124782483614537,1.6952081822578027,1.4683560989187994,4.0,2.0,18.0,0.0,0.0
2002-01-30,meeting_date,177.7,1.1958997722095743,188.7,2.610114192495905,75.431,0.6659371163187933,76.871,1.4182806480552923,5.7,130859.0,10783.5,75.027,5.07032238974232,1.73,1.72,1.82,3.06,4.37,5.02,23.22,,1.96,,0.0,,9287.9,5.6,1.6,0.62967761025768,-0.5817193519447077,1.9599999999999995,,,,,,,,,,,,,,,,,,,,,2002Q1,0.595890410958904,0.366068163690032,0.0,0.0,0.0,0.0,1.9,,-0.463,45.5,-0.1,1.0671,0.0175,0.0251339161809967,-0.0076339161809967,10203.867,10255.377,51.51,10234.882,10318.0,83.118,10317.0,10450.0,133.0,10464.21,10629.5,165.29,10602.4335,10791.0,188.5665,5.5,5.7,0.2,5.8,6.0,0.2,5.8,6.2,0.4,5.75,6.3,0.55,5.5,6.2,0.7,1.1,2.0,0.9,1.7,2.4,0.7,1.8,2.4,0.6,1.9,2.5,0.6,2.2,2.7,0.5,,,,,,,,,,,,,,,,-1.5406,0.3,1.8406,0.8,3.6917,2.8918,3.6203,4.756,1.1356,4.5902,6.0534,1.4631,4.8552,6.3168,1.4615,-2.5635,-1.3601,1.2034,-0.7,1.471,2.1709,1.8988,2.7638,0.865,3.0658,4.05,0.9842,3.0018,4.4266,1.4248,-0.6992,0.9245,1.6236,-1.6501,0.6837,2.3338,1.3329,2.9022,1.5694,2.0535,3.4257,1.3722,2.6001,3.7033,1.1032,923.0522,923.5557,0.5035,923.3557,924.1645,0.8088,924.1548,925.4357,1.2809,925.5716,927.1388,1.5672,926.8839,928.6468,1.7629,170.4748,174.0466,3.5718,175.7858,179.1759,3.3902,175.7858,182.4549,6.6691,174.92,184.055,9.135,170.4748,182.4549,11.9801,913.4862,913.7931,0.3069,913.2271,914.0454,0.8184,913.82,914.8178,0.9978,914.6132,915.8858,1.2725,915.4373,916.8189,1.3816,876.974,877.3795,0.4055,876.631,877.4313,0.8002,876.9942,878.0557,1.0615,877.524,878.8319,1.3079,878.2936,879.5643,1.2706,1.73,1.74,-0.05,1.73,0.0,,,,,,,,,,,,,,,,,,,,,,,,,,,,,,,,,,,,,,,,,,,,,,,,,,,,,,,,,,,,,0.5108256237659905,1.851251418709457,-2.995732273553991,1.8590509453261015,-1.0986122886681096,0.7071067811865476,-5.123963979403259,1.4455239212869917,-0.8472978603872034,2.422595612685121,1.7917594692280552,0.6030226891555273,-3.21442147451882,0.5503248839714255,0.3844163302327603,11.0,2.0,9.0,0.0,0.0,0.0,0.0,0.0,0.0,0.0,0.0,0.0,0.0,0.0,0.0,0.0,1.4142135623730951,0.0,1.0,1.0,1.0,0.0,1.0,0.0,0.0,0.5108256237659905,1.851251418709457,-2.995732273553991,1.8590509453261015,-1.0986122886681096,0.7071067811865476,-5.123963979403259,1.4455239212869917,-0.8472978603872034,2.422595612685121,1.7917594692280552,2.0172362515286224,-3.21442147451882,1.5503248839714256,1.3844163302327603,12.0,2.0,10.0,0.0,0.0
2002-03-19,meeting_date,178.5,1.362862010221466,189.2,2.436383324309688,75.763,0.9433082406235416,77.11,1.4485126761304643,5.7,130722.0,10783.5,75.027,5.07032238974232,1.73,1.82,2.05,3.64,4.78,5.33,18.16,,1.69,,-2.3677,,9287.9,5.6,1.6,0.62967761025768,-0.5514873238695355,1.69,,,,,,,,,,,,,,,,,,,,,2002Q1,0.7127071823204421,0.5901565722765267,0.0,0.0,0.0,0.0,2.7,,-0.491,45.5,0.7000000000000002,-2.3677,-0.03229,-0.0419567394556545,0.0096667394556545,10203.867,10255.377,51.51,10234.882,10318.0,83.118,10317.0,10450.0,133.0,10464.21,10629.5,165.29,10602.4335,10791.0,188.5665,5.5,5.7,0.2,5.8,6.0,0.2,5.8,6.2,0.4,5.75,6.3,0.55,5.5,6.2,0.7,1.1,2.0,0.9,1.7,2.4,0.7,1.8,2.4,0.6,1.9,2.5,0.6,2.2,2.7,0.5,,,,,,,,,,,,,,,,-1.5406,0.3,1.8406,0.8,3.6917,2.8918,3.6203,4.756,1.1356,4.5902,6.0534,1.4631,4.8552,6.3168,1.4615,-2.5635,-1.3601,1.2034,-0.7,1.471,2.1709,1.8988,2.7638,0.865,3.0658,4.05,0.9842,3.0018,4.4266,1.4248,-0.6992,0.9245,1.6236,-1.6501,0.6837,2.3338,1.3329,2.9022,1.5694,2.0535,3.4257,1.3722,2.6001,3.7033,1.1032,923.0522,923.5557,0.5035,923.3557,924.1645,0.8088,924.1548,925.4357,1.2809,925.5716,927.1388,1.5672,926.8839,928.6468,1.7629,170.4748,174.0466,3.5718,175.7858,179.1759,3.3902,175.7858,182.4549,6.6691,174.92,184.055,9.135,170.4748,182.4549,11.9801,913.4862,913.7931,0.3069,913.2271,914.0454,0.8184,913.82,914.8178,0.9978,914.6132,915.8858,1.2725,915.4373,916.8189,1.3816,876.974,877.3795,0.4055,876.631,877.4313,0.8002,876.9942,878.0557,1.0615,877.524,878.8319,1.3079,878.2936,879.5643,1.2706,1.73,1.8204,-0.03,1.75,0.020000000000000018,,,,,,,,,,,,,,,,,,,,,,,,,,,,,,,,,,,,,,,,,,,,,,,,,,,,,,,,,,,,,-7.937374696163295,3.2742922162991044,-1.0986122886681098,1.4142135623730951,-0.6931471805599453,1.957427107756338,-6.104793232414985,3.1160645201703945,-12.35470814466932,6.001183547819341,-0.5108256237659904,3.0545906199759534,-20.284546823945828,0.7445364087113975,0.5630078340786819,12.0,5.0,32.0,0.0,0.0,0.0,0.0,0.0,0.0,0.0,0.0,0.6931471805599453,0.7071067811865476,0.0,0.0,0.0,0.0,0.6931471805599453,0.5773502691896258,0.33333333333333337,1.0,0.0,0.0,0.0,0.0,-7.937374696163295,3.2742922162991044,-1.0986122886681098,1.4142135623730951,-0.6931471805599453,1.957427107756338,-5.4116460518550396,3.823171301356942,-12.35470814466932,6.001183547819341,-0.5108256237659904,3.0545906199759534,-19.591399643385884,1.3218866779010234,0.8963411674120153,13.0,5.0,32.0,0.0,0.0
2002-05-07,meeting_date,179.5,1.2408347433727984,190.0,2.5364274150026844,76.13,0.9882602639782244,77.411,1.6586121762882875,5.8,130632.0,10887.46,75.289,5.0659895539952,1.75,1.73,1.82,3.14,4.43,5.09,21.94,,1.95,,-0.4355,,9348.6,5.8,1.4,0.7340104460047998,-0.3413878237117123,1.95,,,,,,,,,,,,,,,,,,,,,2002Q2,0.2838709677419354,0.1242647244156368,0.0,0.0,0.0,0.0,2.7,,-0.602,25.0,0.7000000000000002,1.9322,0.00646,-0.0009239861919563,0.0073839861919563,10277.36,10331.0,53.64,10373.26,10469.0,95.74,10485.908,10619.0,133.092,10612.065,10744.0,131.935,10747.078,10903.7,156.622,5.7,5.9,0.2,5.8,6.1,0.3,5.7,6.1,0.4,5.5,6.1,0.6,5.5,6.0,0.5,1.0,1.7,0.7,1.7,2.25,0.55,1.9,2.4,0.5,2.1,2.5,0.4,2.2,2.6,0.4,,,,,,,,,,,,,,,,2.2,4.3504,2.1504,3.0163,5.7482,2.7319,4.4,5.8,1.4,4.3187,5.9,1.5813,4.8001,6.1871,1.387,0.5,2.3,1.8,1.8229,3.5292,1.7063,2.6974,4.0252,1.3278,2.8,4.22,1.42,2.7,3.7,1.0,-1.9101,0.8976,2.8076,1.135,2.5736,1.4386,1.9456,3.0934,1.1478,2.3133,3.4389,1.1257,2.45,3.5658,1.1158,923.7699,924.2904,0.5206,924.6987,925.6174,0.9187,925.7788,927.04,1.2613,926.9747,928.2103,1.2356,928.2389,929.6857,1.4468,174.0466,177.4952,3.4486,175.7858,180.8289,5.0431,174.0466,180.8289,6.7823,170.4748,180.8289,10.3541,170.4748,179.1759,8.7011,914.0693,914.513,0.4438,914.5643,915.3664,0.8021,915.3033,916.199,0.8957,916.1633,917.1984,1.0351,917.1007,917.9572,0.8565,877.9096,878.6151,0.7055,878.3856,879.141,0.7554,878.9497,879.8835,0.9338,879.8013,880.6843,0.883,880.7045,881.4219,0.7174,1.75,1.7565,0.07,1.75,0.0,,,,,,,,,,,,,,,,,,,,,,,,,,,,,,,,,,,,,,,,,,,,,,,,,,,,,,,,,,,,,1.3862943611198906,1.8618073195657994,0.0,0.0,0.0,0.0,1.0986122886681098,1.195056817660814,-0.9808292530117261,4.047755134454923,-0.6931471805599453,0.8997354108424372,-0.13353139262452263,0.7843830823719259,0.6195722849443357,3.0,1.0,17.0,0.0,0.0,0.0,0.0,0.0,0.0,0.0,0.0,0.6931471805599453,0.7071067811865476,0.0,0.0,0.0,0.0,0.6931471805599453,0.5773502691896258,0.33333333333333337,1.0,0.0,0.0,0.0,0.0,1.3862943611198906,1.8618073195657994,0.0,0.0,0.0,0.0,1.791759469228055,1.9021635988473617,-0.9808292530117261,4.047755134454923,-0.6931471805599453,0.8997354108424372,0.5596157879354227,1.3617333515615517,0.9529056182776691,4.0,1.0,17.0,0.0,0.0
2002-06-26,meeting_date,179.6,1.0692177827799745,190.2,2.2580645161290214,76.225,0.9362006409068035,77.534,1.5933331586257538,5.8,130674.0,10887.46,75.289,5.0659895539952,1.75,1.67,1.7,2.77,3.99,4.75,28.42,,1.98,,0.0075,,9348.6,5.8,1.4,0.7340104460047998,-0.4066668413742462,1.98,,,,,,,,,,,,,,,,,,,,,2002Q2,0.2116788321167882,0.121848857897398,0.0,0.0,0.0,0.0,2.7,,-0.566,25.0,0.7000000000000002,0.443,0.005,-0.012878230603121,0.017878230603121,10277.36,10331.0,53.64,10373.26,10469.0,95.74,10485.908,10619.0,133.092,10612.065,10744.0,131.935,10747.078,10903.7,156.622,5.7,5.9,0.2,5.8,6.1,0.3,5.7,6.1,0.4,5.5,6.1,0.6,5.5,6.0,0.5,1.0,1.7,0.7,1.7,2.25,0.55,1.9,2.4,0.5,2.1,2.5,0.4,2.2,2.6,0.4,,,,,,,,,,,,,,,,2.2,4.3504,2.1504,3.0163,5.7482,2.7319,4.4,5.8,1.4,4.3187,5.9,1.5813,4.8001,6.1871,1.387,0.5,2.3,1.8,1.8229,3.5292,1.7063,2.6974,4.0252,1.3278,2.8,4.22,1.42,2.7,3.7,1.0,-1.9101,0.8976,2.8076,1.135,2.5736,1.4386,1.9456,3.0934,1.1478,2.3133,3.4389,1.1257,2.45,3.5658,1.1158,923.7699,924.2904,0.5206,924.6987,925.6174,0.9187,925.7788,927.04,1.2613,926.9747,928.2103,1.2356,928.2389,929.6857,1.4468,174.0466,177.4952,3.4486,175.7858,180.8289,5.0431,174.0466,180.8289,6.7823,170.4748,180.8289,10.3541,170.4748,179.1759,8.7011,914.0693,914.513,0.4438,914.5643,915.3664,0.8021,915.3033,916.199,0.8957,916.1633,917.1984,1.0351,917.1007,917.9572,0.8565,877.9096,878.6151,0.7055,878.3856,879.141,0.7554,878.9497,879.8835,0.9338,879.8013,880.6843,0.883,880.7045,881.4219,0.7174,1.75,1.745,0.3,1.74,-0.010000000000000009,,,,,,,,,,,,,,,,,,,,,,,,,,,,,,,,,,,,,,,,,,,,,,,,,,,,,,,,,,,,,-2.4849066497880004,1.654482016942198,0.0,0.0,-1.3862943611198906,0.8660254037844386,1.3862943611198906,1.4142135623730951,-5.644941974633268,4.501922138016031,0.6931471805599453,0.0,-6.610503755514205,0.7286380087259519,0.5783279656468062,4.0,0.0,8.0,1.0,0.0,0.0,0.0,0.0,0.0,0.0,0.0,0.6931471805599453,0.5773502691896258,0.0,0.0,0.0,0.0,0.6931471805599453,0.5,0.25,1.0,0.0,0.0,0.0,0.0,-2.4849066497880004,1.654482016942198,0.0,0.0,-1.3862943611198906,0.8660254037844386,2.0794415416798357,1.991563831562721,-5.644941974633268,4.501922138016031,0.6931471805599453,0.0,-5.91735657495426,1.2286380087259519,0.8283279656468062,5.0,0.0,8.0,1.0,0.0
2002-08-13,meeting_date,180.5,1.747463359639223,191.1,2.3567220139260936,76.543,1.402946319749887,77.845,1.6877196190874244,5.7,130581.0,10984.04,75.65,5.06198902947023,1.74,1.6,1.55,2.0,3.15,4.12,35.82,,2.12,,-1.1157,,9540.815,5.9,3.0,0.6380109705297698,-0.3122803809125756,2.12,,,,,,,,,,,,,,,,,,,,,2002Q3,0.5,0.3231998779466118,0.0,0.0,0.0,0.0,2.6,,-0.415,21.4,0.6000000000000001,-1.1232,0.03444,0.0096045886816001,0.0248354113183998,10525.0,10572.4,47.4,10646.51,10704.1,57.59,10754.975,10888.0,133.025,10914.0,11037.0,123.0,11038.6,11179.7,141.1,5.8,6.0,0.2,5.7,6.0,0.3,5.6,5.95,0.35,5.4,5.9,0.5,5.2,5.8,0.6,2.2,3.7,1.5,2.0,2.5,0.5,2.0,2.5,0.5,2.2,2.678,0.478,2.2,2.7,0.5,,,,,,,,,,,,,,,,3.6417,5.5215,1.8798,4.0097,5.8383,1.8286,4.2052,6.212,2.0069,4.8126,6.4533,1.6406,5.1,6.2,1.1,2.0146,3.2837,1.2691,2.5021,3.9399,1.4378,2.4993,3.8899,1.3906,3.1,3.9805,0.8805,3.1212,3.8756,0.7543,2.2314,3.4698,1.2384,2.18,2.9,0.7201,2.3153,3.5946,1.2793,2.6696,3.6027,0.9331,2.648,3.3668,0.7188,926.1509,926.6002,0.4493,927.2987,927.8382,0.5395,928.3124,929.5417,1.2293,929.7802,930.9009,1.1207,930.9154,932.1855,1.2701,175.7858,179.1759,3.3902,174.0466,179.1759,5.1293,172.2767,178.3391,6.0625,168.6399,177.4952,8.8553,164.8659,175.7858,10.9199,916.2148,916.5238,0.3091,916.956,917.3158,0.3598,917.6897,918.1519,0.4622,918.4917,919.0954,0.6037,919.2889,919.9482,0.6593,879.9963,880.2973,0.301,880.6057,880.9012,0.2954,881.1891,881.7875,0.5985,881.863,882.6294,0.7664,882.6294,883.4774,0.848,1.74,1.7142,-0.07,1.75,0.010000000000000009,,,,,,,,,,,,,,,,,,,,,,,,,,,,,,,,,,,,,,,,,,,,,,,,,,,,,,,,,,,,,-1.3862943611198906,1.1543203766865056,-0.6931471805599453,0.0,0.6931471805599453,0.7378647873726218,1.791759469228055,0.812510406193767,-1.791759469228055,1.2844570503761732,0.6931471805599453,0.5,-0.2876820724517808,0.6336165926432717,0.41811069442648385,4.0,0.0,1.0,0.0,0.0,-0.6931471805599453,0.7071067811865476,0.0,0.0,0.0,0.0,-1.0986122886681098,0.0,-0.6931471805599453,0.0,-0.6931471805599453,0.0,-1.3862943611198906,0.5,0.25,1.0,0.0,1.0,0.0,0.0,-2.0794415416798357,1.8614271578730532,-0.6931471805599453,0.0,0.6931471805599453,0.7378647873726218,0.6931471805599452,0.812510406193767,-2.4849066497880004,1.2844570503761732,0.0,0.5,-1.6739764335716714,1.1336165926432717,0.6681106944264839,5.0,0.0,2.0,0.0,0.0
2002-09-24,meeting_date,180.8,1.516002245929271,191.3,2.2447888829503,76.681,1.9328166748640685,77.972,2.43569195196931,5.7,130502.0,10984.04,75.65,5.06198902947023,1.75,1.62,1.58,1.93,2.76,3.69,40.52,,1.76,,0.025,,9540.815,5.9,3.0,0.6380109705297698,0.4356919519693099,1.76,,,,,,,,,,,,,,,,,,,,,2002Q3,0.3057324840764331,0.1218134017367297,2.0,1.0,1.0,1.0,2.5,,-0.361,21.4,0.5,1.1406999999999998,0.02,-0.0282241733489421,0.0482241733489421,10525.0,10572.4,47.4,10646.51,10704.1,57.59,10754.975,10888.0,133.025,10914.0,11037.0,123.0,11038.6,11179.7,141.1,5.8,6.0,0.2,5.7,6.0,0.3,5.6,5.95,0.35,5.4,5.9,0.5,5.2,5.8,0.6,2.2,3.7,1.5,2.0,2.5,0.5,2.0,2.5,0.5,2.2,2.678,0.478,2.2,2.7,0.5,,,,,,,,,,,,,,,,3.6417,5.5215,1.8798,4.0097,5.8383,1.8286,4.2052,6.212,2.0069,4.8126,6.4533,1.6406,5.1,6.2,1.1,2.0146,3.2837,1.2691,2.5021,3.9399,1.4378,2.4993,3.8899,1.3906,3.1,3.9805,0.8805,3.1212,3.8756,0.7543,2.2314,3.4698,1.2384,2.18,2.9,0.7201,2.3153,3.5946,1.2793,2.6696,3.6027,0.9331,2.648,3.3668,0.7188,926.1509,926.6002,0.4493,927.2987,927.8382,0.5395,928.3124,929.5417,1.2293,929.7802,930.9009,1.1207,930.9154,932.1855,1.2701,175.7858,179.1759,3.3902,174.0466,179.1759,5.1293,172.2767,178.3391,6.0625,168.6399,177.4952,8.8553,164.8659,175.7858,10.9199,916.2148,916.5238,0.3091,916.956,917.3158,0.3598,917.6897,918.1519,0.4622,918.4917,919.0954,0.6037,919.2889,919.9482,0.6593,879.9963,880.2973,0.301,880.6057,880.9012,0.2954,881.1891,881.7875,0.5985,881.863,882.6294,0.7664,882.6294,883.4774,0.848,1.75,1.7,-0.34,1.34,-0.4099999999999999,,,,,,,,,,,,,,,,,,,,,,,,,,,,,,,,,,,,,,,,,,,,,,,,,,,,,,,,,,,,,-1.3862943611198906,1.1543203766865056,-0.6931471805599453,0.0,0.6931471805599453,0.7378647873726218,1.791759469228055,0.812510406193767,-1.791759469228055,1.2844570503761732,0.6931471805599453,0.5,-0.2876820724517808,0.6336165926432717,0.41811069442648385,4.0,0.0,1.0,0.0,0.0,-1.0986122886681098,0.5773502691896258,0.0,0.0,0.0,0.0,-0.6931471805599453,0.7071067811865476,0.0,0.0,-0.6931471805599453,0.0,-1.3862943611198906,0.5477225575051662,0.30000000000000004,1.0,0.0,1.0,0.0,0.0,-1.0986122886681098,0.5773502691896258,0.0,0.0,0.0,0.0,-0.6931471805599453,0.7071067811865476,0.0,0.0,-0.6931471805599453,0.0,-1.3862943611198906,0.5477225575051662,0.30000000000000004,1.0,0.0,1.0,0.0,0.0
2002-11-06,meeting_date,181.5,2.2535211267605604,191.9,2.020202020202033,76.897,1.9299850214074648,78.114,1.6976956125504428,5.9,130616.0,11061.433,76.089,5.05831764437482,1.34,1.21,1.24,1.87,3.01,4.09,30.73,,2.22,,-0.313,,9443.728,6.0,2.0,0.8416823556251805,-0.3023043874495572,2.22,,,,,,,,,,,,,,,,,,,,,2002Q4,0.5101010101010102,0.3482991295955695,0.0,0.0,0.0,0.0,2.4,,-0.406,20.0,0.3999999999999999,-0.338,-0.20625,-0.2272376363545772,0.0209876363545772,10459.2,10494.7,35.5,10569.0,10643.6,74.6,10698.6,10782.0,83.4,10826.099,10926.8,100.701,10969.381,11095.1,125.719,5.9,6.0,0.1,5.9,6.1,0.2,5.7,6.0,0.3,5.6,6.0,0.4,5.5,5.8,0.3,1.7,2.5,0.8,1.9,2.4,0.5,1.9,2.8,0.9,2.1,2.5,0.4,2.0,2.7,0.7,,,,,,,,,,,,,,,,3.4893,4.9015,1.4122,3.9979,5.4647,1.4668,4.6448,6.2828,1.6379,4.8,5.8,1.0,5.2,6.0106,0.8106,2.0,3.1381,1.1381,2.299,3.2601,0.9612,2.8974,3.8,0.9026,2.9974,3.7186,0.7213,3.2663,3.9962,0.7299,2.5,3.8438,1.3438,1.9,2.8751,0.9751,2.5002,3.3339,0.8337,2.5914,3.1711,0.5797,2.8,3.4686,0.6686,925.5237,925.8626,0.3388,926.568,927.2714,0.7034,927.7868,928.5633,0.7765,928.9715,929.8974,0.9259,930.2863,931.4259,1.1396,177.4952,179.1759,1.6807,177.4952,180.8289,3.3336,174.0466,179.1759,5.1293,172.2767,179.1759,6.8993,170.4748,175.7858,5.311,915.2128,915.4902,0.2774,915.7889,916.2913,0.5025,916.5029,917.2555,0.7526,917.268,918.0603,0.7923,918.2085,919.0597,0.8512,879.2508,879.5764,0.3256,879.8515,880.2312,0.3797,880.521,881.031,0.51,881.1816,881.7949,0.6133,881.9384,882.6603,0.7218,1.34,1.365,0.15,1.24,-0.10000000000000009,,,,,,,,,,,,,,,,,,,,,,,,,,,,,,,,,,,,,,,,,,,,,,,,,,,,,,,,,,,,,-6.536691597591306,1.9601772339806691,-0.2876820724517808,1.770022226770829,-3.1780538303479458,1.1547005383792517,-1.0090001299784228,5.14027311898707,-13.584133201722961,6.03542558041322,-1.791759469228055,2.914886119946937,-12.296936591835294,0.7315413163749925,0.5553141456517638,20.0,5.0,52.0,0.0,0.0,-1.3862943611198906,0.894427190999916,-0.6931471805599453,0.0,-0.6931471805599453,0.0,-1.3862943611198906,0.0,0.0,0.0,0.0,0.0,-1.6094379124341003,0.816496580927726,0.6666666666666666,1.0,0.0,1.0,0.0,0.0,-7.922985958711196,2.854604424980585,-0.9808292530117261,1.770022226770829,-3.871201010907891,1.1547005383792517,-2.3952944910983134,5.14027311898707,-13.584133201722961,6.03542558041322,-1.791759469228055,2.914886119946937,-13.906374504269394,1.5480378973027187,1.2219808123184306,21.0,5.0,53.0,0.0,0.0
2002-12-10,meeting_date,181.8,2.480270574971821,192.1,1.9639065817409709,76.971,2.13367302257077,78.187,1.7688863435205926,6.0,130465.0,11061.433,76.089,5.05831764437482,1.24,1.19,1.25,1.9,3.07,4.06,28.76,,2.16,,-0.7316,,9443.728,6.0,2.0,0.94168235562518,-0.2311136564794074,2.16,,,,,,,,,,,,,,,,,,,,,2002Q4,0.3764705882352941,0.2484044801683973,0.0,0.0,0.0,0.0,2.5,,-0.458,20.0,0.5,-0.4186,0.0,-0.0073484435745909,0.0073484435745909,10459.2,10494.7,35.5,10569.0,10643.6,74.6,10698.6,10782.0,83.4,10826.099,10926.8,100.701,10969.381,11095.1,125.719,5.9,6.0,0.1,5.9,6.1,0.2,5.7,6.0,0.3,5.6,6.0,0.4,5.5,5.8,0.3,1.7,2.5,0.8,1.9,2.4,0.5,1.9,2.8,0.9,2.1,2.5,0.4,2.0,2.7,0.7,,,,,,,,,,,,,,,,3.4893,4.9015,1.4122,3.9979,5.4647,1.4668,4.6448,6.2828,1.6379,4.8,5.8,1.0,5.2,6.0106,0.8106,2.0,3.1381,1.1381,2.299,3.2601,0.9612,2.8974,3.8,0.9026,2.9974,3.7186,0.7213,3.2663,3.9962,0.7299,2.5,3.8438,1.3438,1.9,2.8751,0.9751,2.5002,3.3339,0.8337,2.5914,3.1711,0.5797,2.8,3.4686,0.6686,925.5237,925.8626,0.3388,926.568,927.2714,0.7034,927.7868,928.5633,0.7765,928.9715,929.8974,0.9259,930.2863,931.4259,1.1396,177.4952,179.1759,1.6807,177.4952,180.8289,3.3336,174.0466,179.1759,5.1293,172.2767,179.1759,6.8993,170.4748,175.7858,5.311,915.2128,915.4902,0.2774,915.7889,916.2913,0.5025,916.5029,917.2555,0.7526,917.268,918.0603,0.7923,918.2085,919.0597,0.8512,879.2508,879.5764,0.3256,879.8515,880.2312,0.3797,880.521,881.031,0.51,881.1816,881.7949,0.6133,881.9384,882.6603,0.7218,1.24,1.2252,-0.59,1.24,0.0,,,,,,,,,,,,,,,,,,,,,,,,,,,,,,,,,,,,,,,,,,,,,,,,,,,,,,,,,,,,,-6.674561391814426,2.759821011502545,-3.6375861597263857,1.7512292343397378,0.0,1.8618073195657994,-1.6582280766035322,2.346405742489098,-11.533316154617962,4.204956009712849,-1.0986122886681098,2.870717765631173,-14.296335425841594,0.681069985042905,0.4834114435403109,7.0,1.0,36.0,0.0,0.0,-0.6931471805599453,0.7071067811865476,0.0,0.0,0.0,0.0,-0.6931471805599453,0.0,0.0,0.0,0.0,0.0,-0.6931471805599453,0.5773502691896258,0.33333333333333337,0.0,0.0,0.0,0.0,0.0,-7.367708572374371,3.4669277926890927,-3.6375861597263857,1.7512292343397378,0.0,1.8618073195657994,-2.3513752571634776,2.346405742489098,-11.533316154617962,4.204956009712849,-1.0986122886681098,2.870717765631173,-14.98948260640154,1.2584202542325307,0.8167447768736442,7.0,1.0,36.0,0.0,0.0
2003-01-29,meeting_date,182.6,2.757456387169399,192.4,1.9607843137255048,77.201,2.34651535840702,78.24,1.7809056731407091,5.8,130573.0,11174.129,76.461,5.0549748275089,1.24,1.16,1.18,1.77,3.07,4.06,31.26,1.85,2.29,1.55,0.0,,9496.5065,5.8,2.3,0.7450251724910997,-0.2190943268592908,2.29,,,,,,,,,,,,,,,,,,,,,2003Q1,0.464968152866242,0.1725161836110558,0.0,0.0,0.0,0.0,2.5,2.18,-0.518,22.0,0.5,0.7316,0.0075,0.0264095249061796,-0.0189095249061796,10551.032,10585.9,34.868,10657.5,10730.6,73.1,10778.109,10890.7,112.591,10917.975,11018.4,100.425,11060.0,11182.6,122.6,5.8,5.9,0.1,5.7,6.0,0.3,5.6,6.0,0.4,5.5,5.9,0.4,5.4,5.7,0.3,2.0,2.5,0.5,2.0,2.45,0.45,1.9,2.55,0.65,1.9,2.6,0.7,2.0,2.45,0.45,,,,,,,,,,,,,,,,2.5,3.8616,1.3617,4.0583,5.5361,1.4778,4.5,5.8113,1.3113,4.65,5.9417,1.2918,5.2,6.4133,1.2133,1.0011,1.7996,0.7985,2.0328,3.0212,0.9885,2.7,3.7661,1.0661,2.9353,3.9547,1.0194,3.3,4.2952,0.9951,0.5,1.8031,1.3031,2.1081,2.6849,0.5768,2.4974,3.1452,0.6478,2.568,3.297,0.7291,2.7527,3.6269,0.8742,926.3979,926.7278,0.3299,927.4019,928.0855,0.6836,928.5272,929.5664,1.0392,929.8166,930.7322,0.9156,931.109,932.2114,1.1024,175.7858,177.4952,1.7094,174.0466,179.1759,5.1293,172.2767,179.1759,6.8993,170.4748,177.4952,7.0204,168.6399,174.0466,5.4067,915.7865,915.9836,0.1971,916.2815,916.712,0.4304,917.0091,917.5097,0.5005,917.7611,918.5433,0.7822,918.7382,919.4109,0.6727,879.7707,880.0927,0.3221,880.24,880.7173,0.4773,880.9624,881.4247,0.4623,881.6691,882.1732,0.5041,882.4531,883.1566,0.7035,1.24,1.23,0.39,1.25,0.010000000000000009,,,,,,,,,,,,,,,,,,,,,,,,,,,,,,,,,,,,,,,,,,,,,,,,,,,,,,,,,,,,,-0.9808292530117262,1.0367482592045092,-1.3862943611198904,1.5510924434397249,-0.6931471805599453,1.7677669529663689,2.0149030205422647,1.5057385295121923,-4.564348191467836,2.3172417612577734,-0.6931471805599453,2.314550199751615,-3.8712010109078907,0.7288802951742294,0.5475040206962238,9.0,1.0,16.0,0.0,0.0,0.0,0.0,0.0,0.0,0.0,0.0,-0.6931471805599453,0.0,0.0,0.0,0.0,0.0,-0.6931471805599453,0.5773502691896258,0.33333333333333337,0.0,0.0,1.0,0.0,0.0,-0.9808292530117262,1.0367482592045092,-1.3862943611198904,1.5510924434397249,-0.6931471805599453,1.7677669529663689,1.3217558399823193,1.5057385295121923,-4.564348191467836,2.3172417612577734,-0.6931471805599453,2.314550199751615,-4.564348191467836,1.3062305643638552,0.8808373540295572,9.0,1.0,17.0,0.0,0.0
2003-03-18,meeting_date,183.9,3.025210084033625,192.5,1.744186046511631,77.725,2.589654580732015,78.474,1.768901569186876,5.9,130235.0,11174.129,76.461,5.0549748275089,1.25,1.12,1.16,1.72,2.93,3.91,30.43,1.83,2.19,1.3,-1.5907,,9496.5065,5.8,2.3,0.8450251724911002,-0.2310984308131241,2.1900000000000004,,,,,,,,,,,,,,,,,,,,,2003Q1,0.4171428571428571,0.1962869552158423,0.0,0.0,0.0,0.0,3.1,2.03,-0.555,22.0,1.1,-1.5907,0.02385,0.0088077263018298,0.0150422736981701,10551.032,10585.9,34.868,10657.5,10730.6,73.1,10778.109,10890.7,112.591,10917.975,11018.4,100.425,11060.0,11182.6,122.6,5.8,5.9,0.1,5.7,6.0,0.3,5.6,6.0,0.4,5.5,5.9,0.4,5.4,5.7,0.3,2.0,2.5,0.5,2.0,2.45,0.45,1.9,2.55,0.65,1.9,2.6,0.7,2.0,2.45,0.45,,,,,,,,,,,,,,,,2.5,3.8616,1.3617,4.0583,5.5361,1.4778,4.5,5.8113,1.3113,4.65,5.9417,1.2918,5.2,6.4133,1.2133,1.0011,1.7996,0.7985,2.0328,3.0212,0.9885,2.7,3.7661,1.0661,2.9353,3.9547,1.0194,3.3,4.2952,0.9951,0.5,1.8031,1.3031,2.1081,2.6849,0.5768,2.4974,3.1452,0.6478,2.568,3.297,0.7291,2.7527,3.6269,0.8742,926.3979,926.7278,0.3299,927.4019,928.0855,0.6836,928.5272,929.5664,1.0392,929.8166,930.7322,0.9156,931.109,932.2114,1.1024,175.7858,177.4952,1.7094,174.0466,179.1759,5.1293,172.2767,179.1759,6.8993,170.4748,177.4952,7.0204,168.6399,174.0466,5.4067,915.7865,915.9836,0.1971,916.2815,916.712,0.4304,917.0091,917.5097,0.5005,917.7611,918.5433,0.7822,918.7382,919.4109,0.6727,879.7707,880.0927,0.3221,880.24,880.7173,0.4773,880.9624,881.4247,0.4623,881.6691,882.1732,0.5041,882.4531,883.1566,0.7035,1.25,1.2381,-0.18,1.26,0.010000000000000009,,,,,,,,,,,,,,,,,,,,,,,,,,,,,,,,,,,,,,,,,,,,,,,,,,,,,,,,,,,,,-12.850617644250901,3.5363124179931344,-2.014903020542265,2.515345840369475,-5.442417710521793,4.018337315319832,-6.620073206530357,3.8754845074332045,-16.933912370286418,8.442157975512377,-2.4849066497880004,2.279532308132728,-21.282919658444264,0.7749402184628331,0.6084667521950075,22.0,3.0,57.0,0.0,0.0,-0.6931471805599453,0.5773502691896258,0.0,0.0,-0.6931471805599453,0.0,-1.0986122886681098,0.0,0.0,0.0,0.0,0.0,-1.3862943611198906,0.5477225575051661,0.3,3.0,0.0,0.0,0.0,0.0,-13.543764824810847,4.11366268718276,-2.014903020542265,2.515345840369475,-6.135564891081739,4.018337315319832,-7.718685495198467,3.8754845074332045,-16.933912370286418,8.442157975512377,-2.4849066497880004,2.279532308132728,-22.669214019564155,1.3226627759679992,0.9084667521950074,25.0,3.0,57.0,0.0,0.0
2003-05-06,meeting_date,182.9,1.8941504178273003,192.9,1.5263157894736867,77.504,1.80480756600554,78.674,1.63155107155315,6.1,130197.0,11312.766,76.73,5.05196206617004,1.26,1.08,1.1,1.45,2.76,3.84,20.8,1.67,2.39,1.34,-0.2323,,9554.321,6.0,2.5,1.04803793382996,-0.3684489284468499,2.39,,,,,,,,,,,,,,,,,,,,,2003Q2,0.6116071428571428,0.3824328683618514,0.0,0.0,0.0,0.0,2.0,1.92,-0.699,8.9,0.0,1.3584,0.0155,0.0326794020157123,-0.0171794020157123,10658.462,10702.0,43.538,10775.2,10843.9,68.7,10904.4,10984.3,79.9,11030.9,11137.4,106.5,11185.673,11321.0,135.327,5.8,6.1,0.3,5.8,6.2,0.4,5.7,6.1,0.4,5.6,5.9,0.3,5.5,5.8,0.3,2.2,2.8,0.6,2.0,2.3,0.3,1.6,2.2,0.6,1.9,2.4,0.5,2.0,2.5,0.5,,,,,,,,,,,,,,,,3.3,4.9982,1.6982,4.0,5.6,1.6,4.4,5.9,1.5,4.7217,6.0787,1.357,5.1929,6.6256,1.4326,1.8197,2.6827,0.863,2.3113,3.5002,1.1889,2.7509,4.0282,1.2773,3.0,4.1316,1.1316,3.2703,4.0047,0.7343,1.4876,2.8986,1.4111,2.0291,3.1818,1.1528,2.55,3.4493,0.8993,2.9,3.529,0.629,2.8691,3.827,0.958,927.4109,927.8186,0.4077,928.5002,929.1358,0.6356,929.6922,930.4222,0.7301,930.8456,931.8064,0.9608,932.2389,933.4415,1.2026,175.7858,180.8289,5.0431,175.7858,182.4549,6.6691,174.0466,180.8289,6.7823,172.2767,177.4952,5.2186,170.4748,175.7858,5.311,916.3892,916.6002,0.211,916.9326,917.4164,0.4838,917.6693,918.355,0.6856,918.3916,919.353,0.9614,919.2523,920.397,1.1448,880.2403,880.5855,0.3452,880.846,881.2949,0.4489,881.6072,882.012,0.4049,882.3118,882.8341,0.5223,883.0179,883.8718,0.8539,1.26,1.2352,0.01,1.22,-0.040000000000000036,,,,,,,,,,,,,,,,,,,,,,,,,,,,,,,,,,,,,,,,,,,,,,,,,,,,,,,,,,,,,-2.302585092994046,3.915737217659218,0.0,3.7861940963122906,-2.890371757896165,1.243878982492721,-5.662960480135945,3.5759998874601173,-8.881836305004146,3.7667291125140956,-1.791759469228055,4.22472580045315,-13.96530892305267,0.7347722004005316,0.5577231217800702,13.0,5.0,34.0,0.0,0.0,0.0,0.0,-0.6931471805599453,0.0,0.0,0.0,0.0,0.0,0.0,0.0,0.0,1.4142135623730951,-0.6931471805599453,0.9574271077563381,0.9166666666666666,1.0,0.0,2.0,0.0,0.0,-2.302585092994046,3.915737217659218,-0.6931471805599453,3.7861940963122906,-2.890371757896165,1.243878982492721,-5.662960480135945,3.5759998874601173,-8.881836305004146,3.7667291125140956,-1.791759469228055,5.638939362826245,-14.658456103612615,1.6921993081568698,1.4743897884467367,14.0,5.0,36.0,0.0,0.0
2003-06-25,meeting_date,183.1,1.948775055679297,193.0,1.4721345951629994,77.588,1.788127254837657,78.718,1.5270719942218849,6.3,130186.0,11312.766,76.73,5.05196206617004,1.22,0.9,0.92,1.3,2.32,3.38,20.81,1.67,2.08,0.87,0.015,,9554.321,6.0,2.5,1.24803793382996,-0.4729280057781153,2.08,,,,,,,,,,,,,,,,,,,,,2003Q2,0.5689655172413793,0.4184635282354926,1.0,0.0,1.0,1.0,2.1,1.89,-0.711,8.9,0.1,0.2473,0.1325,0.1305299570080348,0.0019700429919651,10658.462,10702.0,43.538,10775.2,10843.9,68.7,10904.4,10984.3,79.9,11030.9,11137.4,106.5,11185.673,11321.0,135.327,5.8,6.1,0.3,5.8,6.2,0.4,5.7,6.1,0.4,5.6,5.9,0.3,5.5,5.8,0.3,2.2,2.8,0.6,2.0,2.3,0.3,1.6,2.2,0.6,1.9,2.4,0.5,2.0,2.5,0.5,,,,,,,,,,,,,,,,3.3,4.9982,1.6982,4.0,5.6,1.6,4.4,5.9,1.5,4.7217,6.0787,1.357,5.1929,6.6256,1.4326,1.8197,2.6827,0.863,2.3113,3.5002,1.1889,2.7509,4.0282,1.2773,3.0,4.1316,1.1316,3.2703,4.0047,0.7343,1.4876,2.8986,1.4111,2.0291,3.1818,1.1528,2.55,3.4493,0.8993,2.9,3.529,0.629,2.8691,3.827,0.958,927.4109,927.8186,0.4077,928.5002,929.1358,0.6356,929.6922,930.4222,0.7301,930.8456,931.8064,0.9608,932.2389,933.4415,1.2026,175.7858,180.8289,5.0431,175.7858,182.4549,6.6691,174.0466,180.8289,6.7823,172.2767,177.4952,5.2186,170.4748,175.7858,5.311,916.3892,916.6002,0.211,916.9326,917.4164,0.4838,917.6693,918.355,0.6856,918.3916,919.353,0.9614,919.2523,920.397,1.1448,880.2403,880.5855,0.3452,880.846,881.2949,0.4489,881.6072,882.012,0.4049,882.3118,882.8341,0.5223,883.0179,883.8718,0.8539,1.22,1.13,0.14,1.03,-0.18999999999999995,,,,,,,,,,,,,,,,,,,,,,,,,,,,,,,,,,,,,,,,,,,,,,,,,,,,,,,,,,,,,-4.6443908991413725,1.8176820338109505,-0.6931471805599453,1.0690449676496976,0.4054651081081645,0.5773502691896257,1.5040773967762744,3.2468976332704793,-9.660141293904399,3.3870597236299185,-2.3025850929940455,0.8432740427115678,-8.496990484098717,0.586158177365503,0.4086763255905357,2.0,1.0,23.0,0.0,0.0,-1.3862943611198906,0.9759000729485332,-0.6931471805599453,1.1547005383792517,0.6931471805599453,0.0,-0.6931471805599453,0.9574271077563381,0.6931471805599453,0.0,0.0,0.0,-1.6094379124341003,0.9244162777371755,0.8545454545454547,0.0,0.0,1.0,0.0,0.0,-6.030685260261263,2.7935821067594837,-1.3862943611198906,2.2237455060289495,1.0986122886681098,0.5773502691896257,0.8109302162163291,4.204324741026817,-8.966994113344454,3.3870597236299185,-2.3025850929940455,0.8432740427115678,-10.106428396532817,1.5105744551026785,1.2632217801359904,2.0,1.0,24.0,0.0,0.0
2003-08-12,meeting_date,184.5,2.216066481994461,193.6,1.3082155939298843,78.079,2.0067151797029004,79.004,1.4888560601194811,6.1,130153.0,11566.669,77.169,5.04928225430245,1.03,0.93,1.02,1.71,3.23,4.37,17.94,2.08,2.66,1.42,-0.5222,,9598.715,6.0,2.0,1.0507177456975496,-0.5111439398805189,2.66,,,,,,,,,,,,,,,,,,,,,2003Q3,0.4593301435406698,0.352495012651438,0.0,0.0,0.0,0.0,2.5,2.35,-0.692,3.4,0.5,-0.5372,0.00408,0.0094735847509284,-0.0053935847509284,10777.046,10817.6,40.554,10896.8,10977.329,80.529,11035.379,11133.0,97.621,11178.0,11295.6,117.6,11316.5,11457.8,141.3,6.0,6.1,0.1,5.9,6.1,0.2,5.8,6.1,0.3,5.7,6.0,0.3,5.6,5.9,0.3,1.15,2.35,1.2,1.35,2.2,0.85,1.8,2.35,0.55,2.0,2.35,0.35,2.0,2.5,0.5,,,,,,,,,,,,,,,,3.0,4.5591,1.5591,4.3933,6.0827,1.6894,4.8087,5.8169,1.0082,5.108,6.3551,1.2472,4.8988,5.806,0.9072,1.5,2.2924,0.7924,2.7,4.0412,1.3412,2.6754,3.9663,1.2909,3.1,4.2775,1.1775,3.0596,4.0,0.9404,1.5767,2.6994,1.1227,2.4,3.5,1.1,2.7068,3.4532,0.7463,2.9128,3.626,0.7132,2.7522,3.5414,0.7892,928.5174,928.893,0.3756,929.6224,930.3587,0.7363,930.8862,931.7669,0.8807,932.1703,933.2169,1.0466,933.4017,934.6426,1.2409,179.1759,180.8289,1.6529,177.4952,180.8289,3.3336,175.7858,180.8289,5.0431,174.0466,179.1759,5.1293,172.2767,177.4952,5.2186,916.8647,917.0591,0.1944,917.5697,918.0087,0.439,918.2938,918.9229,0.6291,919.1265,920.0492,0.9227,919.9482,920.8739,0.9257,880.7861,881.0609,0.2748,881.4339,881.8334,0.3995,882.0735,882.6808,0.6073,882.7905,883.6519,0.8615,883.5294,884.6209,1.0915,1.03,0.9811,-0.15,1.01,-0.020000000000000018,,,,,,,,,,,,,,,,,,,,,,,,,,,,,,,,,,,,,,,,,,,,,,,,,,,,,,,,,,,,,-3.8066624897703196,1.2986859769235717,-3.4011973816621555,0.7319602594950816,-1.3862943611198906,0.8320502943378437,-2.302585092994046,1.8255779474818965,-4.2484952420493585,2.9607998419269688,-0.6931471805599453,0.7071067811865476,-9.035986984831405,0.6878554695870043,0.48722059000128676,10.0,7.0,32.0,1.0,0.0,-1.0986122886681098,0.5773502691896258,-1.3862943611198906,0.0,0.0,0.0,-0.6931471805599453,0.5773502691896258,0.0,0.0,0.0,0.0,-1.6094379124341003,0.5345224838248488,0.2857142857142857,0.0,0.0,2.0,0.0,0.0,-4.90527477843843,1.8760362461131974,-4.787491742782046,0.7319602594950816,-1.3862943611198906,0.8320502943378437,-2.9957322735539913,2.4029282166715222,-4.2484952420493585,2.9607998419269688,-0.6931471805599453,0.7071067811865476,-10.645424897265505,1.222377953411853,0.7729348757155725,10.0,7.0,34.0,1.0,0.0
2003-09-16,meeting_date,185.1,2.378318584070782,193.7,1.2545739675901668,78.323,2.141338793182146,79.114,1.4646283281178007,6.1,130252.0,11566.669,77.169,5.04928225430245,1.01,0.91,1.0,1.63,3.12,4.29,18.03,2.03,2.66,1.32,-1.105,,9598.715,6.0,2.0,1.0507177456975496,-0.5353716718821993,2.66,,,,,,,,,,,,,,,,,,,,,2003Q3,0.0666666666666666,0.0061547078254322,0.0,0.0,0.0,0.0,2.8,2.26,-0.67,3.4,0.7999999999999998,-0.5828,-0.00536,0.0101374336390949,-0.0154974336390949,10777.046,10817.6,40.554,10896.8,10977.329,80.529,11035.379,11133.0,97.621,11178.0,11295.6,117.6,11316.5,11457.8,141.3,6.0,6.1,0.1,5.9,6.1,0.2,5.8,6.1,0.3,5.7,6.0,0.3,5.6,5.9,0.3,1.15,2.35,1.2,1.35,2.2,0.85,1.8,2.35,0.55,2.0,2.35,0.35,2.0,2.5,0.5,,,,,,,,,,,,,,,,3.0,4.5591,1.5591,4.3933,6.0827,1.6894,4.8087,5.8169,1.0082,5.108,6.3551,1.2472,4.8988,5.806,0.9072,1.5,2.2924,0.7924,2.7,4.0412,1.3412,2.6754,3.9663,1.2909,3.1,4.2775,1.1775,3.0596,4.0,0.9404,1.5767,2.6994,1.1227,2.4,3.5,1.1,2.7068,3.4532,0.7463,2.9128,3.626,0.7132,2.7522,3.5414,0.7892,928.5174,928.893,0.3756,929.6224,930.3587,0.7363,930.8862,931.7669,0.8807,932.1703,933.2169,1.0466,933.4017,934.6426,1.2409,179.1759,180.8289,1.6529,177.4952,180.8289,3.3336,175.7858,180.8289,5.0431,174.0466,179.1759,5.1293,172.2767,177.4952,5.2186,916.8647,917.0591,0.1944,917.5697,918.0087,0.439,918.2938,918.9229,0.6291,919.1265,920.0492,0.9227,919.9482,920.8739,0.9257,880.7861,881.0609,0.2748,881.4339,881.8334,0.3995,882.0735,882.6808,0.6073,882.7905,883.6519,0.8615,883.5294,884.6209,1.0915,1.01,0.9993,0.35,1.01,0.0,,,,,,,,,,,,,,,,,,,,,,,,,,,,,,,,,,,,,,,,,,,,,,,,,,,,,,,,,,,,,-3.401197381662155,1.3963196155516986,-2.8903717578961645,1.9319009012461277,-2.0794415416798357,0.7608859102526822,1.7047480922384253,1.5774585659324298,1.6094379124341003,0.7867957924694431,0.6931471805599453,1.4511305903293925,-2.8903717578961645,0.7423287368974676,0.5648459383753501,10.0,9.0,16.0,0.0,0.0,-1.0986122886681098,0.5773502691896258,-1.3862943611198906,0.0,0.0,0.0,-0.6931471805599453,0.5773502691896258,0.0,0.0,0.0,0.0,-1.6094379124341003,0.5345224838248488,0.2857142857142857,0.0,0.0,2.0,0.0,0.0,-4.499809670330265,1.9736698847413243,-4.276666119016055,1.9319009012461277,-2.0794415416798357,0.7608859102526822,1.0116009116784799,2.1548088351220556,1.6094379124341003,0.7867957924694431,0.6931471805599453,1.4511305903293925,-4.499809670330265,1.2768512207223164,0.8505602240896358,10.0,9.0,18.0,0.0,0.0
2003-10-28,meeting_date,184.9,2.041942604856528,194.0,1.305483028720622,78.333,1.9682118170812668,79.26,1.565903790461065,6.0,130439.0,11772.234,77.639,5.0469389482292,1.01,0.94,1.01,1.71,3.11,4.23,16.82,2.32,2.52,1.11,0.0,,9691.95,6.2,1.55,0.9530610517708,-0.4340962095389349,2.5200000000000005,,,,,,,,,,,,,,,,,,,,,2003Q4,0.0408163265306122,0.0058330829621799,0.0,0.0,0.0,0.0,2.6,2.64,-0.711,0.0,0.6000000000000001,1.105,-0.0025,0.0065011604135231,-0.0090011604135231,10899.156,10927.699,28.543,11032.0,11086.1,54.1,11173.9,11266.0,92.1,11309.6,11413.6,104.0,11455.011,11572.7,117.689,6.2,6.2,0.0,6.0,6.2,0.2,5.8,6.1,0.3,5.7,6.1,0.4,5.6,6.0,0.4,1.2,2.0,0.8,1.0,2.3,1.3,1.2,2.45,1.25,1.3,2.3,1.0,1.75,2.5,0.75,,,,,,,,,,,,,,,,4.6,5.7,1.1,4.8955,5.921,1.0255,5.2,6.1367,0.9367,4.9,5.8,0.9,4.8724,6.212,1.3396,3.3297,4.1599,0.8302,3.2056,4.2395,1.034,3.5,4.1161,0.6161,3.4,4.1,0.7,3.2513,4.3545,1.1032,3.019,4.0751,1.0561,2.7,3.4516,0.7516,3.0375,4.0608,1.0233,3.0028,3.7849,0.7821,2.9917,3.8557,0.864,929.6441,929.9056,0.2615,930.8555,931.3447,0.4892,932.1336,932.9545,0.8209,933.3407,934.2561,0.9154,934.6183,935.6404,1.0222,182.4549,182.4549,0.0,179.1759,182.4549,3.279,175.7858,180.8289,5.0431,174.0466,180.8289,6.7823,172.2767,179.1759,6.8993,917.855,918.0551,0.2001,918.6867,919.075,0.3883,919.6163,920.1239,0.5076,920.4763,921.022,0.5457,921.2897,921.9796,0.6898,882.1172,882.3722,0.255,882.8348,883.3273,0.4926,883.661,884.2277,0.5667,884.4749,885.1076,0.6328,885.3108,885.8226,0.5118,1.01,1.01,0.14,0.98,-0.030000000000000027,,,,,,,,,,,,,,,,,,,,,,,,,,,,,,,,,,,,,,,,,,,,,,,,,,,,,,,,,,,,,-9.554780778246572,3.2193127869133473,-7.234177179749849,1.9455608834724296,-4.564348191467836,1.412997944482606,0.9162907318741551,4.2137066407837125,-6.356686197015181,4.057976262333932,-1.791759469228055,1.9511237170428402,-11.216015763416408,0.712461487930013,0.5181960566235562,15.0,5.0,38.0,0.0,0.0,-1.0986122886681098,0.5773502691896258,-1.3862943611198906,0.0,0.6931471805599453,0.0,0.0,1.0,0.0,0.0,0.0,0.0,-1.3862943611198906,0.7867957924694431,0.619047619047619,0.0,0.0,2.0,0.0,0.0,-10.653393066914681,3.796663056102973,-8.620471540869739,1.9455608834724296,-3.8712010109078907,1.412997944482606,0.9162907318741551,5.2137066407837125,-6.356686197015181,4.057976262333932,-1.791759469228055,1.9511237170428402,-12.602310124536299,1.4992572803994562,1.1372436756711752,15.0,5.0,40.0,0.0,0.0
2003-12-09,meeting_date,185.5,2.0352035203520247,194.2,1.0931806350858997,78.605,2.122877447350291,79.467,1.6371007968076556,5.7,130589.0,11772.234,77.639,5.0469389482292,0.98,0.91,1.02,1.97,3.33,4.32,17.63,2.32,2.35,1.24,-0.3443,,9691.95,6.2,1.55,0.6530610517708002,-0.3628992031923443,2.3500000000000005,,,,,,,,,,,,,,,,,,,,,2003Q4,0.3048780487804878,0.097046161286102,0.0,0.0,0.0,0.0,2.6,2.55,-0.714,0.0,0.6000000000000001,-0.3443,-0.00352,-0.0004131813889238,-0.0031068186110761,10899.156,10927.699,28.543,11032.0,11086.1,54.1,11173.9,11266.0,92.1,11309.6,11413.6,104.0,11455.011,11572.7,117.689,6.2,6.2,0.0,6.0,6.2,0.2,5.8,6.1,0.3,5.7,6.1,0.4,5.6,6.0,0.4,1.2,2.0,0.8,1.0,2.3,1.3,1.2,2.45,1.25,1.3,2.3,1.0,1.75,2.5,0.75,,,,,,,,,,,,,,,,4.6,5.7,1.1,4.8955,5.921,1.0255,5.2,6.1367,0.9367,4.9,5.8,0.9,4.8724,6.212,1.3396,3.3297,4.1599,0.8302,3.2056,4.2395,1.034,3.5,4.1161,0.6161,3.4,4.1,0.7,3.2513,4.3545,1.1032,3.019,4.0751,1.0561,2.7,3.4516,0.7516,3.0375,4.0608,1.0233,3.0028,3.7849,0.7821,2.9917,3.8557,0.864,929.6441,929.9056,0.2615,930.8555,931.3447,0.4892,932.1336,932.9545,0.8209,933.3407,934.2561,0.9154,934.6183,935.6404,1.0222,182.4549,182.4549,0.0,179.1759,182.4549,3.279,175.7858,180.8289,5.0431,174.0466,180.8289,6.7823,172.2767,179.1759,6.8993,917.855,918.0551,0.2001,918.6867,919.075,0.3883,919.6163,920.1239,0.5076,920.4763,921.022,0.5457,921.2897,921.9796,0.6898,882.1172,882.3722,0.255,882.8348,883.3273,0.4926,883.661,884.2277,0.5667,884.4749,885.1076,0.6328,885.3108,885.8226,0.5118,0.98,1.0152,0.04,1.0,0.020000000000000018,,,,,,,,,,,,,,,,,,,,,,,,,,,,,,,,,,,,,,,,,,,,,,,,,,,,,,,,,,,,,-0.8109302162163288,1.5051496652615044,-2.4849066497880004,0.8498365855987975,-3.295836866004329,0.7790000297032511,-2.4849066497880004,2.9155277082750617,-7.16703787691222,2.8457715253095217,-2.4849066497880004,1.0075605122043734,-11.99089726386514,0.6951214622786631,0.48720606091589014,14.0,1.0,30.0,0.0,0.0,-1.0986122886681098,0.5773502691896258,-1.0986122886681098,0.0,0.0,1.4142135623730951,0.0,1.0,0.0,0.0,0.0,0.0,-1.0986122886681098,0.816496580927726,0.6666666666666667,0.0,0.0,0.0,0.0,0.0,-1.9095425048844386,2.08249993445113,-3.58351893845611,0.8498365855987975,-3.295836866004329,2.1932135920763463,-2.4849066497880004,3.9155277082750617,-7.16703787691222,2.8457715253095217,-2.4849066497880004,1.0075605122043734,-13.089509552533249,1.511618043206389,1.1538727275825569,14.0,1.0,30.0,0.0,0.0
2004-01-28,meeting_date,186.3,2.026286966046009,194.6,1.1434511434511352,78.909,2.212406575044379,79.671,1.828987730061371,5.7,130756.0,11923.447,78.193,5.044935549930529,1.0,0.92,0.98,1.87,3.22,4.22,16.78,2.3,2.35,1.09,0.0,,9893.736,6.0,2.2,0.6550644500694709,-0.1710122699386289,2.35,,,,,,,,,,,,,,,,,,,,,2004Q1,0.2371794871794872,0.0876411618236531,0.0,0.0,0.0,0.0,2.7,2.47,-0.774,-17.9,0.7000000000000002,0.3443,0.0,-0.0428457727663164,0.0428457727663164,11179.184,11204.5,25.316,11322.1,11383.7,61.6,11460.478,11550.4,89.922,11601.349,11725.8,124.451,11744.1,11902.1,158.0,6.0,6.1,0.1,5.9,6.0,0.1,5.7,6.0,0.3,5.6,5.9,0.3,5.4,5.8,0.4,1.8,2.4,0.6,1.3,2.3,1.0,1.5,2.2,0.7,1.7,2.5,0.8,1.7,2.5,0.8,,,,,,,,,,,,,,,,5.1216,6.1562,1.0346,5.3,6.5263,1.2263,4.9861,6.3794,1.3933,5.0141,6.5238,1.5096,4.8163,6.2017,1.3854,3.5284,4.3901,0.8617,3.5,4.67,1.17,3.5,4.3319,0.8319,3.6,4.4181,0.8181,3.1857,4.1451,0.9594,1.3,3.2,1.9,2.9617,3.955,0.9933,3.0671,3.9235,0.8564,3.0364,4.0335,0.9971,3.1,3.9622,0.8622,932.1809,932.4071,0.2262,933.4512,933.9938,0.5426,934.666,935.4475,0.7816,935.8877,936.9547,1.067,937.1106,938.447,1.3364,179.1759,180.8289,1.6529,177.4952,179.1759,1.6807,174.0466,179.1759,5.1293,172.2767,177.4952,5.2186,168.6399,175.7858,7.1459,919.8521,920.0684,0.2163,920.7045,921.2098,0.5053,921.5647,922.2121,0.6474,922.6168,923.3461,0.7293,923.4447,924.3166,0.8718,883.4079,883.8725,0.4646,884.2171,884.782,0.5649,885.0417,885.6889,0.6471,885.7771,886.5975,0.8204,886.8132,887.4994,0.6862,1.0,1.0,0.05,1.0,0.0,-2.302585092994046,0.6377042156569663,-2.5649493574615367,0.7799835794659097,-1.9459101490553132,0.8725195256156996,3.6888794541139363,0.6525574319904996,-1.6094379124341003,0.9473309334313417,0.0,1.1547005383792515,2.5649493574615367,0.8590841098484177,0.7380255077940481,3.0,4.0,7.0,0.0,0.0,,,,,,,,,,,,,,,,,,,,,,,,,,,,,,,,,,,,,,,,,-6.040254711277414,1.9759411593760587,-4.564348191467836,1.286795792469443,-1.6739764335716716,2.1935847150402816,1.2119409739751128,2.48624825756266,-2.6548056865833978,2.062832082163914,-3.58351893845611,2.409724383841664,-4.14621639292894,0.7304301954009323,0.5468235595285508,12.0,1.0,20.0,0.0,0.0,-1.0986122886681098,0.5773502691896258,-1.0986122886681098,0.5773502691896258,-0.6931471805599453,0.7071067811865476,0.0,1.0,0.0,0.0,0.0,0.0,-1.0986122886681098,0.7071067811865476,0.5,0.0,0.0,0.0,0.0,0.0,-9.44145209293957,3.190995644222651,-8.227909837597483,2.6441296411249784,-4.3130337631869295,3.7732110218425285,4.900820428089049,4.138805689553159,-4.264243599017498,3.0101630155952557,-3.58351893845611,3.5644249222209154,-2.6798793241355128,2.2966210864358976,1.784849067322599,15.0,5.0,27.0,0.0,0.0
2004-03-16,meeting_date,187.1,1.7400761283306032,195.5,1.558441558441559,79.199,1.8964297201672584,79.934,1.8604888243239688,5.8,131140.0,11923.447,78.193,5.044935549930529,1.0,0.94,0.99,1.51,2.65,3.7,20.34,2.3,2.19,0.45,-0.9844,,9893.736,6.0,2.2,0.7550644500694705,-0.1395111756760307,2.1900000000000004,,,,,,,,,,,,,,,,,,,,,2004Q1,0.1333333333333333,0.0678036549691809,0.0,0.0,0.0,0.0,2.9,2.4,-0.814,-17.9,0.8999999999999999,-0.9844,0.0,0.0067281527061994,-0.0067281527061994,11179.184,11204.5,25.316,11322.1,11383.7,61.6,11460.478,11550.4,89.922,11601.349,11725.8,124.451,11744.1,11902.1,158.0,6.0,6.1,0.1,5.9,6.0,0.1,5.7,6.0,0.3,5.6,5.9,0.3,5.4,5.8,0.4,1.8,2.4,0.6,1.3,2.3,1.0,1.5,2.2,0.7,1.7,2.5,0.8,1.7,2.5,0.8,,,,,,,,,,,,,,,,5.1216,6.1562,1.0346,5.3,6.5263,1.2263,4.9861,6.3794,1.3933,5.0141,6.5238,1.5096,4.8163,6.2017,1.3854,3.5284,4.3901,0.8617,3.5,4.67,1.17,3.5,4.3319,0.8319,3.6,4.4181,0.8181,3.1857,4.1451,0.9594,1.3,3.2,1.9,2.9617,3.955,0.9933,3.0671,3.9235,0.8564,3.0364,4.0335,0.9971,3.1,3.9622,0.8622,932.1809,932.4071,0.2262,933.4512,933.9938,0.5426,934.666,935.4475,0.7816,935.8877,936.9547,1.067,937.1106,938.447,1.3364,179.1759,180.8289,1.6529,177.4952,179.1759,1.6807,174.0466,179.1759,5.1293,172.2767,177.4952,5.2186,168.6399,175.7858,7.1459,919.8521,920.0684,0.2163,920.7045,921.2098,0.5053,921.5647,922.2121,0.6474,922.6168,923.3461,0.7293,923.4447,924.3166,0.8718,883.4079,883.8725,0.4646,884.2171,884.782,0.5649,885.0417,885.6889,0.6471,885.7771,886.5975,0.8204,886.8132,887.4994,0.6862,1.0,1.0103,0.54,1.0,0.0,-2.0794415416798357,0.7274384280931732,-2.1972245773362196,0.8544932592822077,-2.70805020110221,0.642732769590452,2.3978952727983707,0.8492434074221487,-0.6931471805599453,0.9003366373785199,-0.6931471805599453,0.8366600265340756,-1.791759469228055,0.8455752712621619,0.7149975393700787,4.0,3.0,9.0,1.0,0.0,,,,,,,,,,,,,,,,,,,,,,,,,,,,,,,,,,,,,,,,,-2.4277482359480516,1.523946355862201,-3.9889840465642745,1.6283355297603204,-5.393627546352362,1.393910006229294,-1.9459101490553132,2.912283183290969,-11.764175891203047,6.088021186063402,-2.7568403652716422,2.330405237317671,-15.427185965338566,0.7871117150060674,0.6269221745350351,11.0,1.0,35.0,0.0,0.0,-1.0986122886681098,0.5773502691896258,-1.0986122886681098,0.5773502691896258,-1.0986122886681098,0.0,0.0,1.0,0.0,0.0,0.0,0.0,-1.3862943611198906,0.7440238091428449,0.5535714285714286,0.0,0.0,0.0,0.0,0.0,-5.605802066295997,2.828735053145,-7.284820912568604,3.060179058232154,-9.20029003612268,2.036642775819746,0.45198512374305744,4.7615265907131175,-12.457323071762993,6.988357823441922,-3.4499875458315876,3.1670652638517467,-18.60523979568651,2.376710795411074,1.8954911424765424,15.0,4.0,44.0,1.0,0.0
2004-05-04,meeting_date,188.2,2.8977583378895444,196.2,1.710730948678063,79.604,2.709537572254317,80.252,2.0057452271398324,5.6,131697.0,12112.815,78.824,5.04327443998783,1.0,0.99,1.17,2.32,3.66,4.56,16.55,2.46,2.24,1.26,-0.1104,,10713.046,5.7,1.7,0.5567255600121692,0.0057452271398323,2.24,,,,,,,,,,,,,,,,,,,,,2004Q2,0.3192771084337349,0.1981733698514421,0.0,0.0,0.0,0.0,3.3,2.52,-0.74,-22.8,1.2999999999999998,0.8740000000000001,-0.00861,0.0220899283151397,-0.0306999283151397,11398.923,11428.88,29.957,11548.259,11605.4485,57.1895,11686.85,11772.2925,85.4425,11828.318,11937.7625,109.4445,11982.613,12098.5,115.887,5.6,5.8,0.2,5.5,5.7,0.2,5.4,5.6,0.2,5.305,5.6,0.295,5.3,5.5,0.2,1.3,2.0,0.7,1.2,2.0,0.8,1.1,1.9,0.8,1.3,2.2,0.9,1.4,2.3,0.9,,,,,,,,,,,,,,,,5.5399,6.6538,1.1139,5.1413,6.1885,1.0472,4.9888,5.85,0.8612,4.9826,5.9637,0.9811,5.0,5.9769,0.9769,3.9075,4.809,0.9015,3.8779,4.559,0.6811,3.7128,4.2159,0.5031,3.7757,4.3499,0.5743,3.1413,4.0,0.8587,3.05,4.1053,1.0553,3.3699,4.0,0.6301,3.2602,3.8522,0.5919,3.2994,3.7794,0.4799,2.9306,3.5,0.5694,934.1274,934.3899,0.2625,935.429,935.923,0.494,936.622,937.3504,0.7284,937.8252,938.7462,0.921,939.1212,940.0837,0.9625,172.2767,175.7858,3.5091,170.4748,174.0466,3.5718,168.6399,172.2767,3.6368,166.865,172.2767,5.4117,166.7707,170.4748,3.7041,927.7918,928.0078,0.216,928.7867,929.0832,0.2964,929.6642,930.1633,0.4991,930.6352,931.2312,0.596,931.4462,932.1658,0.7196,892.6723,892.9271,0.2547,893.5787,893.8647,0.286,894.3924,894.7762,0.3839,895.1956,895.6346,0.439,895.9311,896.5258,0.5947,1.0,1.0172,0.56,1.03,0.030000000000000027,0.0,0.8401680504168059,-1.0986122886681098,0.8143105085150717,1.9459101490553132,0.8469895538599198,3.4339872044851463,0.7749311753605761,-2.0794415416798357,0.6602252917735247,-1.6094379124341003,0.7264831572567789,3.367295829986474,0.8358575485780962,0.6986578415149844,3.0,1.0,5.0,1.0,0.0,,,,,,,,,,,,,,,,,,,,,,,,,,,,,,,,,,,,,,,,,-3.1090609588609937,4.332017572754638,-3.198673117550681,3.833690573901462,-9.96716632919931,3.2555155796970547,8.451053388911692,3.4911162135608627,-6.62155359170079,5.740283706270086,3.9889840465642745,2.173776335240625,-9.421411342056123,0.5956703014831498,0.4440570200314204,42.0,22.0,70.0,0.0,0.0,0.0,1.0,0.6931471805599453,0.7071067811865476,1.0986122886681098,0.0,0.0,1.0,0.0,0.0,0.0,0.0,0.6931471805599453,0.752772652709081,0.5666666666666667,0.0,0.0,0.0,0.0,0.0,-3.1090609588609937,6.172185623171444,-3.6041382256588457,5.355107863603082,-6.922643891475888,4.102505133556974,11.885040593396837,5.2660473889214385,-8.700995133380626,6.400508998043611,2.379546134130174,2.900259492497404,-5.360968331509703,2.184300502770327,1.7093815282130715,45.0,23.0,75.0,1.0,0.0
2004-06-30,meeting_date,188.9,3.16766794101584,196.6,1.865284974093262,79.831,2.890910965613247,80.379,2.110063771945425,5.6,131794.0,12112.815,78.824,5.04327443998783,1.03,1.31,1.64,2.7,3.81,4.62,14.34,2.52,1.92,1.38,-0.01,,10827.014,5.6,2.9,0.5567255600121692,0.1100637719454251,1.92,,,,,,,,,,,,,,,,,,,,,2004Q2,0.4405940594059405,0.3509039303430729,0.0,0.0,0.0,0.0,3.3,2.61,-0.687,-22.8,1.2999999999999998,0.1004,-0.0075,0.0176145779765634,-0.0251145779765634,11616.3415,11646.825,30.4835,11780.705,11823.9195,43.2145,11926.275,12002.1235,75.8485,12077.342,12185.5,108.158,12233.297,12378.0,144.703,5.6,5.6365,0.0365,5.4665,5.5855,0.119,5.4,5.5,0.1,5.203,5.5,0.297,5.167,5.4,0.233,2.0,3.3,1.3,1.7,2.59,0.89,1.6,2.7,1.1,1.7,2.55,0.85,1.863,2.413,0.55,,,,,,,,,,,,,,,,6.0204,7.1377,1.1173,5.4745,6.6365,1.162,5.3603,6.5064,1.1461,5.1361,6.4559,1.3197,4.8166,6.2846,1.4681,4.072,4.907,0.835,3.7719,4.48,0.7081,3.6387,4.3008,0.6621,3.3076,4.1,0.7924,3.121,4.1,0.979,3.4383,4.0953,0.6571,3.2,3.9705,0.7705,2.9624,3.6276,0.6653,2.9,3.7091,0.8091,3.0,4.0,1.0,936.0168,936.2789,0.2621,937.4218,937.788,0.3662,938.6499,939.2839,0.634,939.9086,940.8002,0.8916,941.1917,942.3676,1.1759,172.2767,172.9263,0.6497,169.8639,172.0174,2.1535,168.6399,170.4748,1.8349,164.9235,170.4748,5.5513,164.2292,168.6399,4.4107,928.8944,929.0778,0.1834,929.8771,930.1366,0.2595,930.6845,931.1613,0.4767,931.5815,932.1376,0.5561,932.4264,933.0732,0.6468,893.8711,894.0079,0.1368,894.6128,894.9702,0.3574,895.3828,895.8306,0.4478,896.234,896.6992,0.4651,896.9796,897.7424,0.7628,1.03,1.26,-0.28,1.43,0.3999999999999999,1.9459101490553132,0.6887004431501818,2.3978952727983707,0.7699370300894939,2.302585092994046,0.8411910241920599,3.258096538021482,0.7521942641083493,0.0,0.8528028654224418,-1.0986122886681098,0.8338093878327919,3.6375861597263857,0.8037544908225799,0.6460212815174646,3.0,3.0,7.0,1.0,0.0,,,,,,,,,,,,,,,,,,,,,,,,,,,,,,,,,,,,,,,,,5.662960480135946,3.0965782103180843,-3.1780538303479453,2.2069467177318423,-2.1972245773362196,2.478475482715872,2.1972245773362196,3.5827107399763225,-10.718262221217772,9.456543424796902,-3.58351893845611,3.292681823067684,-14.205200331668102,0.8137544482173796,0.7017377760421578,11.0,7.0,34.0,0.0,0.0,0.6931471805599453,0.8366600265340756,0.0,0.0,0.6931471805599453,0.0,0.0,1.0,0.0,0.0,0.0,0.0,1.0986122886681098,0.7559289460184544,0.5714285714285714,0.0,0.0,0.0,0.0,0.0,8.302017809751204,4.621938680002342,-0.7801585575495746,2.9768837478213364,0.7985076962177717,3.3196665069079323,5.455321115357702,5.334905004084671,-10.718262221217772,10.309346290219343,-4.68213122712422,4.126491210900476,-9.469001883273606,2.373437885058414,1.919187628988194,14.0,10.0,41.0,1.0,0.0
2004-08-10,meeting_date,189.2,2.5474254742547275,196.9,1.7045454545454586,79.946,2.391167919671111,80.505,1.899903802339109,5.4,131939.0,12305.307,79.324,5.04195608394937,1.43,1.48,1.71,2.55,3.52,4.32,17.47,2.42,1.77,1.17,-0.5523,,10827.014,5.6,2.9,0.3580439160506303,-0.1000961976608909,1.7700000000000005,,,,,,,,,,,,,,,,,,,,,2004Q3,0.1949999999999999,0.0920882490759755,0.0,0.0,0.0,0.0,2.8,2.49,-0.697,-20.0,0.7999999999999998,-0.5423,0.01476,0.0072040334014365,0.0075559665985634,11616.3415,11646.825,30.4835,11780.705,11823.9195,43.2145,11926.275,12002.1235,75.8485,12077.342,12185.5,108.158,12233.297,12378.0,144.703,5.6,5.6365,0.0365,5.4665,5.5855,0.119,5.4,5.5,0.1,5.203,5.5,0.297,5.167,5.4,0.233,2.0,3.3,1.3,1.7,2.59,0.89,1.6,2.7,1.1,1.7,2.55,0.85,1.863,2.413,0.55,,,,,,,,,,,,,,,,6.0204,7.1377,1.1173,5.4745,6.6365,1.162,5.3603,6.5064,1.1461,5.1361,6.4559,1.3197,4.8166,6.2846,1.4681,4.072,4.907,0.835,3.7719,4.48,0.7081,3.6387,4.3008,0.6621,3.3076,4.1,0.7924,3.121,4.1,0.979,3.4383,4.0953,0.6571,3.2,3.9705,0.7705,2.9624,3.6276,0.6653,2.9,3.7091,0.8091,3.0,4.0,1.0,936.0168,936.2789,0.2621,937.4218,937.788,0.3662,938.6499,939.2839,0.634,939.9086,940.8002,0.8916,941.1917,942.3676,1.1759,172.2767,172.9263,0.6497,169.8639,172.0174,2.1535,168.6399,170.4748,1.8349,164.9235,170.4748,5.5513,164.2292,168.6399,4.4107,928.8944,929.0778,0.1834,929.8771,930.1366,0.2595,930.6845,931.1613,0.4767,931.5815,932.1376,0.5561,932.4264,933.0732,0.6468,893.8711,894.0079,0.1368,894.6128,894.9702,0.3574,895.3828,895.8306,0.4478,896.234,896.6992,0.4651,896.9796,897.7424,0.7628,1.43,1.4374,0.3,1.61,0.18000000000000016,1.9459101490553132,0.7367883976130073,-2.302585092994046,0.8458041235325207,-1.0986122886681098,0.936585811581694,-1.0986122886681098,0.8553431437637905,0.0,1.0,1.0986122886681098,0.816496580927726,-2.1972245773362196,0.8767140075192094,0.7686274509803922,4.0,1.0,4.0,1.0,0.0,,,,,,,,,,,,,,,,,,,,,,,,,,,,,,,,,,,,,,,,,-0.4054651081081645,1.5163977794943224,-1.0986122886681098,2.7152428878190524,0.4700036292457356,2.2781949846880836,1.791759469228055,2.244261222673922,0.9903987040278768,3.8131693963442133,-3.9889840465642745,1.2276603919762925,-1.814748987452754,0.7272052708938734,0.535982221088604,10.0,1.0,27.0,0.0,0.0,0.6931471805599453,0.8366600265340756,0.0,1.0,0.0,0.0,0.0,0.816496580927726,0.0,0.0,0.0,0.0,1.0986122886681098,0.8333333333333335,0.6944444444444446,0.0,0.0,0.0,0.0,0.0,2.2335922215070942,3.089846203641405,-3.401197381662156,4.561047011351573,-0.6286086594223742,3.2147807962697774,0.6931471805599452,3.9161009473654382,0.9903987040278768,4.813169396344213,-2.8903717578961645,2.0441569729040188,-2.913361276120864,2.437252611746416,1.9990541165134408,14.0,2.0,31.0,1.0,0.0
2004-09-21,meeting_date,189.8,2.539168017287952,197.5,1.961796592669085,80.104,2.273916984793756,80.656,1.94908612887732,5.4,132089.0,12305.307,79.324,5.04195608394937,1.61,1.69,1.89,2.49,3.28,4.05,13.66,2.25,1.56,1.14,-3.25,,10827.014,5.6,2.9,0.3580439160506303,-0.0509138711226802,1.5599999999999996,,,,,,,,,,,,,,,,,,,,,2004Q3,0.196969696969697,0.0550804333052588,0.0,0.0,0.0,0.0,2.8,2.36,-0.701,-20.0,0.7999999999999998,-2.6977,0.0,0.0114547475477842,-0.0114547475477842,11616.3415,11646.825,30.4835,11780.705,11823.9195,43.2145,11926.275,12002.1235,75.8485,12077.342,12185.5,108.158,12233.297,12378.0,144.703,5.6,5.6365,0.0365,5.4665,5.5855,0.119,5.4,5.5,0.1,5.203,5.5,0.297,5.167,5.4,0.233,2.0,3.3,1.3,1.7,2.59,0.89,1.6,2.7,1.1,1.7,2.55,0.85,1.863,2.413,0.55,,,,,,,,,,,,,,,,6.0204,7.1377,1.1173,5.4745,6.6365,1.162,5.3603,6.5064,1.1461,5.1361,6.4559,1.3197,4.8166,6.2846,1.4681,4.072,4.907,0.835,3.7719,4.48,0.7081,3.6387,4.3008,0.6621,3.3076,4.1,0.7924,3.121,4.1,0.979,3.4383,4.0953,0.6571,3.2,3.9705,0.7705,2.9624,3.6276,0.6653,2.9,3.7091,0.8091,3.0,4.0,1.0,936.0168,936.2789,0.2621,937.4218,937.788,0.3662,938.6499,939.2839,0.634,939.9086,940.8002,0.8916,941.1917,942.3676,1.1759,172.2767,172.9263,0.6497,169.8639,172.0174,2.1535,168.6399,170.4748,1.8349,164.9235,170.4748,5.5513,164.2292,168.6399,4.4107,928.8944,929.0778,0.1834,929.8771,930.1366,0.2595,930.6845,931.1613,0.4767,931.5815,932.1376,0.5561,932.4264,933.0732,0.6468,893.8711,894.0079,0.1368,894.6128,894.9702,0.3574,895.3828,895.8306,0.4478,896.234,896.6992,0.4651,896.9796,897.7424,0.7628,1.61,1.5433,0.17,1.93,0.31999999999999984,1.791759469228055,0.8264420947336313,-2.833213344056216,0.7,0.0,0.8528028654224418,2.1972245773362196,0.802661568509025,1.0986122886681098,0.8333333333333334,0.6931471805599453,0.7817359599705717,-1.3862943611198906,0.8461570724981164,0.7159817913385826,2.0,0.0,11.0,1.0,0.0,,,,,,,,,,,,,,,,,,,,,,,,,,,,,,,,,,,,,,,,,-1.6094379124341003,1.7165817622725863,-0.6931471805599453,0.9418819117146114,-2.302585092994046,2.047537256149746,-3.58351893845611,1.3954308044495654,-4.189654742026426,1.7294878274681105,-0.6931471805599453,0.6685579234215214,-7.843848638152473,0.8047706345467271,0.6496936952267506,3.0,11.0,26.0,0.0,0.0,0.6931471805599453,0.8366600265340756,-0.6931471805599453,0.7071067811865476,0.6931471805599453,0.0,0.0,1.0,0.0,0.0,0.0,0.0,0.6931471805599453,0.8997354108424372,0.8095238095238094,0.0,0.0,0.0,0.0,0.0,0.8754687373538999,3.3796838835402934,-4.219507705176107,2.348988692901159,-1.6094379124341005,2.900340121572188,-1.3862943611198904,3.19809237295859,-3.091042453358316,2.5628211608014437,0.0,1.450293883392093,-8.536995818712418,2.550663117887281,2.1751992960891426,5.0,11.0,37.0,1.0,0.0
2004-11-10,meeting_date,191.7,3.621621621621607,198.3,2.216494845360839,80.758,2.9656262749897966,81.005,2.062544098377184,5.4,132503.0,12527.214,79.939,5.04097813694991,1.93,2.04,2.24,2.82,3.56,4.25,13.08,2.5,1.43,0.97,-0.7671,,10870.7,5.5,3.0,0.3590218630500903,0.0625440983771836,1.4300000000000002,,,,,,,,,,,,,,,,,,,,,2004Q4,0.1284916201117318,0.0505226991062447,0.0,0.0,0.0,0.0,2.8,2.41,-0.71,-21.1,0.7999999999999998,2.4829,0.0,0.0165109715020327,-0.0165109715020327,11795.645,11825.0,29.355,11968.1,12011.0,42.9,12120.0,12202.0,82.0,12277.466,12404.0,126.534,12439.064,12571.0,131.936,5.5,5.6,0.1,5.4,5.5,0.1,5.261,5.4,0.139,5.2,5.4,0.2,5.1,5.4,0.3,2.735,3.505,0.77,1.8,3.1,1.3,1.9,2.9,1.0,2.0,2.7,0.7,2.0,2.6,0.6,,,,,,,,,,,,,,,,5.2702,6.1708,0.9006,5.363,6.922,1.559,5.165,6.5142,1.3492,5.3517,6.4039,1.0522,5.1,6.1091,1.0091,3.2365,3.6283,0.3919,3.3229,4.3638,1.0408,3.2912,4.0998,0.8086,3.1263,3.8,0.6736,3.19,3.7431,0.5531,2.5,3.4,0.9,2.7903,3.5,0.7097,2.9391,3.6,0.6609,2.9317,3.4999,0.5683,2.9556,3.5187,0.5631,937.5486,937.7971,0.2486,939.0,939.3578,0.3578,940.2612,940.9355,0.6743,941.5521,942.5774,1.0253,942.8597,943.9148,1.0551,170.4748,172.2767,1.8019,168.6399,170.4748,1.8349,166.0321,168.6399,2.6078,164.8659,168.6399,3.774,162.9241,168.6399,5.7158,929.3182,929.4172,0.099,930.0716,930.4832,0.4116,930.874,931.4658,0.5918,931.731,932.4115,0.6806,932.5364,933.3,0.7636,893.7188,893.9316,0.2128,894.5252,894.7676,0.2424,895.264,895.648,0.384,895.9544,896.5437,0.5893,896.6484,897.4156,0.7672,1.93,1.9225,0.04,2.16,0.2300000000000002,1.6094379124341003,0.6306035352846115,-2.0794415416798357,0.7952062255644572,1.0986122886681098,0.8522416262267904,1.6094379124341003,0.7974452569334963,-1.6094379124341003,0.7264831572567789,0.0,0.6666666666666666,-1.3862943611198906,0.802546569916497,0.6440809968847349,5.0,1.0,9.0,1.0,0.0,,,,,,,,,,,,,,,,,,,,,,,,,,,,,,,,,,,,,,,,,-4.477336814478206,6.388197299298863,-3.465735902799727,6.714935643886449,-0.9808292530117261,4.230710143300821,-4.68213122712422,7.026182892240711,-1.6993733836556435,8.667806506858867,-0.04879016416943216,2.264082170926242,-6.380648769612009,0.7304777889448875,0.5482816987753801,42.0,11.0,46.0,0.0,0.0,0.6931471805599453,0.8366600265340756,-0.6931471805599453,0.7071067811865476,0.6931471805599453,0.0,0.0,1.0,0.0,0.0,0.0,0.0,0.6931471805599453,0.8997354108424372,0.8095238095238094,0.0,0.0,0.0,0.0,0.0,-2.17475172148416,7.85546086111755,-6.238324625039509,8.217248650637455,0.810930216216329,5.082951769527612,-3.0726933146901194,8.823628149174207,-3.308811296089744,9.394289664115645,-0.04879016416943216,2.9307488375929087,-7.073795950171954,2.4327597697038215,2.0018865051839243,47.0,12.0,55.0,1.0,0.0
2004-12-14,meeting_date,191.7,3.3423180592991875,198.6,2.2657054582904346,80.801,2.7937154125055708,81.109,2.0662665005599656,5.4,132630.0,12527.214,79.939,5.04097813694991,2.16,2.18,2.42,2.99,3.53,4.14,12.73,2.52,1.15,0.89,-1.5744,,10870.7,5.5,3.0,0.3590218630500903,0.0662665005599656,1.1499999999999997,,,,,,,,,,,,,,,,,,,,,2004Q4,0.1570680628272251,0.050802615778809,0.0,0.0,0.0,0.0,3.0,2.4,-0.712,-21.1,1.0,-0.8073,0.0,0.0134995945823426,-0.0134995945823426,11795.645,11825.0,29.355,11968.1,12011.0,42.9,12120.0,12202.0,82.0,12277.466,12404.0,126.534,12439.064,12571.0,131.936,5.5,5.6,0.1,5.4,5.5,0.1,5.261,5.4,0.139,5.2,5.4,0.2,5.1,5.4,0.3,2.735,3.505,0.77,1.8,3.1,1.3,1.9,2.9,1.0,2.0,2.7,0.7,2.0,2.6,0.6,,,,,,,,,,,,,,,,5.2702,6.1708,0.9006,5.363,6.922,1.559,5.165,6.5142,1.3492,5.3517,6.4039,1.0522,5.1,6.1091,1.0091,3.2365,3.6283,0.3919,3.3229,4.3638,1.0408,3.2912,4.0998,0.8086,3.1263,3.8,0.6736,3.19,3.7431,0.5531,2.5,3.4,0.9,2.7903,3.5,0.7097,2.9391,3.6,0.6609,2.9317,3.4999,0.5683,2.9556,3.5187,0.5631,937.5486,937.7971,0.2486,939.0,939.3578,0.3578,940.2612,940.9355,0.6743,941.5521,942.5774,1.0253,942.8597,943.9148,1.0551,170.4748,172.2767,1.8019,168.6399,170.4748,1.8349,166.0321,168.6399,2.6078,164.8659,168.6399,3.774,162.9241,168.6399,5.7158,929.3182,929.4172,0.099,930.0716,930.4832,0.4116,930.874,931.4658,0.5918,931.731,932.4115,0.6806,932.5364,933.3,0.7636,893.7188,893.9316,0.2128,894.5252,894.7676,0.2424,895.264,895.648,0.384,895.9544,896.5437,0.5893,896.6484,897.4156,0.7672,2.16,2.1326,0.85,2.5,0.33999999999999986,1.9459101490553132,0.646206172658864,-1.6094379124341003,0.8482786803738024,1.6094379124341003,0.7132825035177587,2.995732273553991,0.6611381051492481,-1.0986122886681098,0.9870962335856491,0.0,0.8660254037844386,2.70805020110221,0.8211936278119639,0.6743589743589744,4.0,6.0,5.0,1.0,0.0,,,,,,,,,,,,,,,,,,,,,,,,,,,,,,,,,,,,,,,,,-1.0986122886681098,2.177847960767957,0.6931471805599453,1.5993547182007484,1.9459101490553135,1.463035727205002,2.8903717578961645,2.2194827122732996,-6.20010341221931,2.7433440879464253,-0.5108256237659905,1.4535186381983323,-5.514161615380634,0.6287267555359329,0.4126976111072178,17.0,3.0,22.0,0.0,0.0,0.6931471805599453,0.8366600265340756,-0.6931471805599453,0.7071067811865476,0.0,0.0,-0.6931471805599453,0.5773502691896258,0.0,0.0,0.0,0.0,0.0,0.816496580927726,0.6666666666666666,0.0,0.0,0.0,0.0,0.0,1.5404450409471488,3.6607141599608966,-1.6094379124341003,3.1547401797610983,3.555348061489414,2.1763182307227606,5.19295685089021,3.4579710866121736,-7.29871570088742,3.7304403215320745,-0.5108256237659905,2.3195440419827706,-2.806111414278424,2.266416964275623,1.753723252132859,21.0,9.0,27.0,1.0,0.0
2005-02-02,meeting_date,192.4,3.0530262453133394,199.4,2.308876346844535,81.132,2.598732880610055,81.536,2.1754385964912304,5.4,133034.0,12767.286,80.578,5.04033457190233,2.5,2.47,2.69,3.32,3.73,4.15,11.66,2.45,0.83,1.18,-0.0889,,10982.704,5.4,2.55,0.3596654280976707,0.1754385964912304,0.8300000000000005,,,,,,,,,,,,,,,,,,,,,2005Q1,0.202020202020202,0.0411281145871148,0.0,0.0,0.0,0.0,2.9,2.35,-0.703,-23.6,0.8999999999999999,1.4855,-0.00538,0.0055009062577386,-0.0108809062577386,11950.452,11982.0,31.548,12095.216,12150.915,55.699,12255.188,12319.601,64.413,12413.6,12501.356,87.756,12568.6,12700.255,131.655,5.4,5.433,0.033,5.3,5.4,0.1,5.2,5.367,0.167,5.1,5.4,0.3,5.1,5.3,0.2,2.205,3.0755,0.8705,2.0,2.679,0.679,1.95,2.6355,0.6855,1.841,2.6385,0.7975,2.074,2.7635,0.6895,,,,,,,,,,,,,,,,5.0737,6.1877,1.1139,4.9342,6.1645,1.2302,5.0466,5.9036,0.857,5.1379,5.9239,0.786,5.2612,6.216,0.9548,3.4811,4.0137,0.5326,3.0,3.6142,0.6142,2.9381,3.7253,0.7872,3.1132,4.0,0.8868,3.1618,3.9337,0.7719,2.7,3.3002,0.6002,2.7,3.5138,0.8138,2.5839,3.3688,0.7849,2.9069,3.5954,0.6885,3.0,3.7503,0.7503,938.8524,939.1161,0.2636,940.0565,940.516,0.4594,941.3705,941.8947,0.5242,942.6548,943.3592,0.7044,943.8957,944.9377,1.042,168.6399,169.2491,0.6093,166.7707,168.6399,1.8692,164.8659,168.0269,3.161,162.9241,168.6399,5.7158,162.9241,166.7707,3.8466,930.3549,930.4832,0.1283,931.1054,931.407,0.3015,931.9099,932.2829,0.373,932.6964,933.2061,0.5097,933.4918,934.1533,0.6615,895.0284,895.1741,0.1457,895.7124,896.0596,0.3472,896.3416,896.8214,0.4798,897.0813,897.6692,0.5878,897.8384,898.5896,0.7512,2.5,2.5,0.4,2.63,0.1299999999999999,1.6094379124341003,0.6370220572706061,0.0,0.7637626158259734,1.9459101490553132,0.7859052479933757,3.091042453358316,0.6686245759238975,1.6094379124341003,0.7037315505489969,0.6931471805599453,0.6009252125773316,3.258096538021482,0.7192315898193571,0.5172940797940799,5.0,2.0,1.0,1.0,0.0,,,,,,,,,,,,,,,,,,,,,,,,,,,,,,,,,,,,,,,,,-6.915723448631314,4.5828172962502425,-2.4849066497880004,5.068471939011431,-6.016157159698354,2.1807171365148044,-7.822444729489318,4.946435673231141,-5.777652323222656,2.812052496840246,-1.3862943611198908,1.2548293386917138,-14.635519438113807,0.7000860700232359,0.505493068713155,27.0,5.0,37.0,0.0,0.0,0.6931471805599453,0.8366600265340756,-0.6931471805599453,0.7071067811865476,0.0,0.0,-0.6931471805599453,0.5773502691896258,0.0,0.0,0.0,0.0,0.0,0.816496580927726,0.6666666666666666,0.0,0.0,0.0,0.0,0.0,-4.613138355637268,6.056499380054924,-3.1780538303479458,6.539341336023952,-4.07024701064304,2.96662238450818,-5.424549456690947,6.192410518344665,-4.168214410788556,3.5157840473892428,-0.6931471805599455,1.8557545512690452,-11.377422900092325,2.2358142407703188,1.6894538151739016,32.0,7.0,38.0,1.0,0.0
2005-03-22,meeting_date,193.1,3.2068412613575736,200.1,2.35294117647058,81.375,2.747509438250484,81.737,2.255610878975145,5.2,133154.0,12767.286,80.578,5.04033457190233,2.63,2.83,3.08,3.86,4.31,4.63,14.27,2.76,0.77,1.37,-5.7065,,10982.704,5.4,2.55,0.1596654280976706,0.255610878975145,0.77,,,,,,,,,,,,,,,,,,,,,2005Q1,0.1958762886597937,0.0663977911343982,0.0,0.0,0.0,0.0,3.2,2.58,-0.68,-23.6,1.2000000000000002,-5.6176,0.0,-0.0096890969085134,0.0096890969085134,11950.452,11982.0,31.548,12095.216,12150.915,55.699,12255.188,12319.601,64.413,12413.6,12501.356,87.756,12568.6,12700.255,131.655,5.4,5.433,0.033,5.3,5.4,0.1,5.2,5.367,0.167,5.1,5.4,0.3,5.1,5.3,0.2,2.205,3.0755,0.8705,2.0,2.679,0.679,1.95,2.6355,0.6855,1.841,2.6385,0.7975,2.074,2.7635,0.6895,,,,,,,,,,,,,,,,5.0737,6.1877,1.1139,4.9342,6.1645,1.2302,5.0466,5.9036,0.857,5.1379,5.9239,0.786,5.2612,6.216,0.9548,3.4811,4.0137,0.5326,3.0,3.6142,0.6142,2.9381,3.7253,0.7872,3.1132,4.0,0.8868,3.1618,3.9337,0.7719,2.7,3.3002,0.6002,2.7,3.5138,0.8138,2.5839,3.3688,0.7849,2.9069,3.5954,0.6885,3.0,3.7503,0.7503,938.8524,939.1161,0.2636,940.0565,940.516,0.4594,941.3705,941.8947,0.5242,942.6548,943.3592,0.7044,943.8957,944.9377,1.042,168.6399,169.2491,0.6093,166.7707,168.6399,1.8692,164.8659,168.0269,3.161,162.9241,168.6399,5.7158,162.9241,166.7707,3.8466,930.3549,930.4832,0.1283,931.1054,931.407,0.3015,931.9099,932.2829,0.373,932.6964,933.2061,0.5097,933.4918,934.1533,0.6615,895.0284,895.1741,0.1457,895.7124,896.0596,0.3472,896.3416,896.8214,0.4798,897.0813,897.6692,0.5878,897.8384,898.5896,0.7512,2.63,2.5783,-0.28,3.0,0.3700000000000001,2.0794415416798357,0.6349504353380415,1.6094379124341003,0.8207528908152864,1.9459101490553132,0.7492686492653552,3.332204510175204,0.751816583086044,0.0,0.816496580927726,1.0986122886681098,0.48795003647426666,3.871201010907891,0.7578344218447254,0.5743130109327292,4.0,4.0,5.0,1.0,0.0,,,,,,,,,,,,,,,,,,,,,,,,,,,,,,,,,,,,,,,,,-3.6888794541139363,3.242476252536601,-7.249925536717988,3.2191347357922124,-2.772588722239781,1.6645338889428856,-3.109060958860994,5.278274029528069,-8.476371196895983,6.719561340881773,-7.773173680482536,3.4013787426211963,-18.303187726236715,0.7110590681388295,0.5150855061379267,49.0,12.0,54.0,0.0,0.0,0.6931471805599453,0.8366600265340756,0.0,1.0,0.6931471805599453,0.0,0.0,1.0,0.0,0.0,0.0,0.0,1.0986122886681098,0.8864052604279183,0.7857142857142857,0.0,0.0,0.0,0.0,0.0,-0.9162907318741551,4.714086714408718,-5.640487624283887,5.039887626607499,-0.1335313926245223,2.4138025382082406,0.2231435513142097,7.030090612614113,-8.476371196895983,7.536057921809499,-6.674561391814426,3.889328779095463,-13.333374426660715,2.3552987504114733,1.8751128027849417,53.0,16.0,59.0,1.0,0.0
2005-05-03,meeting_date,193.6,2.869287991498415,200.5,2.1916411824668858,81.649,2.568966383598825,81.999,2.176892787718687,5.1,133689.0,12922.656,81.158,5.04001485646218,3.0,2.85,3.1,3.68,3.9,4.21,14.53,2.57,0.53,1.24,-0.2055,,11076.288,5.3,2.15,0.05998514353782,0.1768927877186872,0.5299999999999998,,,,,,,,,,,,,,,,,,,,,2005Q2,0.1616161616161616,0.0875745754816315,0.0,0.0,0.0,0.0,3.2,2.48,-0.61,-24.1,1.2000000000000002,0.0,0.0,0.0188504782999112,-0.0188504782999112,12128.258,12159.0,30.742,12291.686,12344.6,52.914,12452.209,12518.402,66.193,12610.84,12686.248,75.408,12779.9,12882.0,102.1,5.2185,5.3,0.0815,5.1965,5.3,0.1035,5.1,5.3,0.2,5.05,5.253,0.203,5.0,5.2,0.2,1.773,2.9,1.127,2.009,2.65,0.641,1.9,2.5385,0.6385,2.0895,2.65,0.5605,2.03,2.6,0.57,,,,,,,,,,,,,,,,5.4215,6.5738,1.1523,5.2422,6.4,1.1579,5.2165,5.8,0.5835,5.2608,5.8831,0.6223,5.2,5.987,0.787,3.2944,4.1184,0.824,3.3903,4.0578,0.6675,3.3152,3.691,0.3758,3.1678,3.9548,0.787,2.9426,3.8023,0.8598,2.8113,3.49,0.6786,2.8243,3.5241,0.6998,2.7783,3.3912,0.6129,2.6796,3.6244,0.9448,2.6185,3.4,0.7815,940.3293,940.5825,0.2532,941.6678,942.0974,0.4296,942.9653,943.4955,0.5302,944.2312,944.8274,0.5962,945.5629,946.3586,0.7957,165.221,166.7707,1.5497,164.7985,166.7707,1.9721,162.9241,166.7707,3.8466,161.9388,165.8799,3.9411,160.9438,164.8659,3.9221,931.1634,931.3529,0.1894,931.9374,932.3067,0.3693,932.7946,933.2373,0.4427,933.5889,934.2375,0.6486,934.3282,935.1021,0.7739,896.3076,896.4721,0.1645,897.0326,897.3694,0.3368,897.7179,898.2014,0.4836,898.3513,899.0535,0.7022,899.0429,899.8901,0.8472,3.0,3.0,-0.02,3.04,0.040000000000000036,1.6094379124341003,0.749603069567329,1.6094379124341003,0.8667528507029444,0.0,0.7844645405527362,-2.5649493574615367,0.7826796359861502,-1.791759469228055,0.8201995322647243,-1.0986122886681098,0.5477225575051662,-2.833213344056216,0.8228196996089219,0.6770322580645165,9.0,5.0,10.0,1.0,0.0,,,,,,,,,,,,,,,,,,,,,,,,,,,,,,,,,,,,,,,,,-1.4271163556401456,4.6232937171193145,4.0943445622221,4.502062225264168,-1.3862943611198906,2.3915247913633086,-6.9957661563048505,3.3265097922806937,-7.619023000655278,5.19843952561169,-7.994463663147423,2.2115334222602208,-15.646840679109898,0.6804224381472693,0.4919160652171262,9.0,7.0,41.0,0.0,0.0,0.6931471805599453,0.8366600265340756,0.0,1.0,0.6931471805599453,0.0,-1.0986122886681098,0.5773502691896258,0.0,0.0,0.0,0.0,0.6931471805599453,0.927960727138337,0.8611111111111112,0.0,0.0,0.0,0.0,0.0,0.8754687373539,6.209556813220719,5.703782474656201,6.368815075967112,-0.6931471805599453,3.175989331916045,-10.659327802434497,4.686539697456469,-9.410782469883333,6.018639057876414,-9.093075951815532,2.759255979765387,-17.786906842606168,2.4312028648945283,2.030059434392754,18.0,12.0,51.0,1.0,0.0
2005-06-30,meeting_date,193.7,2.541026998411855,200.6,2.0345879959308144,81.7,2.3411957760769653,82.056,2.086365841824356,5.0,133948.0,12922.656,81.158,5.04001485646218,3.04,3.06,3.24,3.66,3.72,3.94,12.04,2.27,0.28,1.41,0.0,,11160.368,5.2,3.3,-0.0400148564621796,0.0863658418243558,0.2799999999999998,,,,,,,,,,,,,,,,,,,,,2005Q2,0.1534391534391535,0.0504775568863007,0.0,0.0,0.0,0.0,3.2,2.23,-0.604,-24.1,1.2000000000000002,0.2055,0.0,-0.0139152287668716,0.0139152287668716,12335.335,12367.294,31.959,12498.0355,12545.2235,47.188,12670.259,12735.539,65.28,12823.963,12919.638,95.675,12997.814,13109.219,111.405,5.149,5.209,0.06,5.1,5.2,0.1,5.0,5.2,0.2,5.0,5.2,0.2,5.0,5.2,0.2,2.8,4.2,1.4,1.95,2.6,0.65,2.237,2.706,0.469,2.1,2.7,0.6,2.3,2.695,0.395,,,,,,,,,,,,,,,,5.1065,6.2,1.0935,5.3703,6.0103,0.64,5.3211,6.1567,0.8356,5.0945,6.0677,0.9732,5.3184,6.0025,0.6841,2.7799,3.1607,0.3809,3.3,3.6846,0.3846,3.0122,3.8189,0.8067,2.8771,3.7127,0.8356,3.0083,3.7012,0.6929,2.8295,3.6489,0.8194,3.0,3.5799,0.5799,2.9528,3.4999,0.5472,2.775,3.4629,0.6879,2.9237,3.4314,0.5078,942.0223,942.2811,0.2587,943.3327,943.7095,0.3769,944.7013,945.2152,0.5139,945.9071,946.6504,0.7433,947.2536,948.1071,0.8535,163.8803,165.0388,1.1585,162.9241,164.8659,1.9418,160.9438,164.8659,3.9221,160.9438,164.8659,3.9221,160.9438,164.8659,3.9221,931.9589,932.0514,0.0925,932.759,932.9509,0.1919,933.5739,933.8417,0.2678,934.3013,934.7586,0.4573,935.0569,935.6438,0.5869,897.0673,897.2658,0.1984,897.803,898.1028,0.2998,898.5676,898.9394,0.3718,899.3254,899.831,0.5055,900.105,900.63,0.525,3.04,3.26,0.41,3.5,0.45999999999999996,1.6094379124341003,0.6467616667635546,-1.3862943611198906,0.8868791472623198,1.9459101490553132,0.7859052479933758,2.833213344056216,0.7060812450686403,0.6931471805599453,0.8406346808612327,-1.0986122886681098,0.8944271909999157,3.091042453358316,0.8099854396285421,0.6560764124102426,7.0,6.0,4.0,1.0,0.0,,,,,,,,,,,,,,,,,,,,,,,,,,,,,,,,,,,,,,,,,-3.8712010109078907,7.453576719502525,-6.3561076606958915,3.9498679924262996,-3.8066624897703196,3.141014187951804,-1.8971199848858813,2.986281377743154,-25.250061682761615,9.464182570006828,-5.480638923341991,3.742069593693245,-31.42945294656234,0.7191003119258965,0.5266739223687804,53.0,10.0,71.0,0.0,0.0,0.6931471805599453,0.8366600265340756,0.0,0.0,0.0,0.0,-0.6931471805599453,0.5773502691896258,0.0,0.0,0.0,0.0,0.6931471805599453,0.6900655593423541,0.4761904761904761,0.0,0.0,0.0,0.0,0.0,-1.5686159179138452,8.936998412800156,-7.742402021815782,4.83674713968862,-1.8607523407150064,3.92691943594518,0.24294617861038958,4.2697128920014205,-24.55691450220167,10.30481725086806,-6.579251212010101,4.636496784693161,-27.64526331264408,2.219151310896793,1.6589408109694992,60.0,16.0,75.0,1.0,0.0
2005-08-09,meeting_date,196.1,3.646934460887952,201.1,2.133062468257996,82.377,3.0408025417156592,82.243,2.158872119744104,4.9,134502.0,13142.642,81.898,5.04000320324226,3.5,3.44,3.67,4.13,4.25,4.41,12.4,2.39,0.28,1.86,-1.2174,,11160.368,5.2,3.3,-0.1400032032422595,0.1588721197441041,0.2800000000000002,,,,,,,,,,,,,,,,,,,,,2005Q3,0.125,0.0377623148348629,0.0,0.0,0.0,0.0,3.1,2.39,-0.613,-16.7,1.1,-1.2174,0.0,0.0220584861511554,-0.0220584861511554,12335.335,12367.294,31.959,12498.0355,12545.2235,47.188,12670.259,12735.539,65.28,12823.963,12919.638,95.675,12997.814,13109.219,111.405,5.149,5.209,0.06,5.1,5.2,0.1,5.0,5.2,0.2,5.0,5.2,0.2,5.0,5.2,0.2,2.8,4.2,1.4,1.95,2.6,0.65,2.237,2.706,0.469,2.1,2.7,0.6,2.3,2.695,0.395,,,,,,,,,,,,,,,,5.1065,6.2,1.0935,5.3703,6.0103,0.64,5.3211,6.1567,0.8356,5.0945,6.0677,0.9732,5.3184,6.0025,0.6841,2.7799,3.1607,0.3809,3.3,3.6846,0.3846,3.0122,3.8189,0.8067,2.8771,3.7127,0.8356,3.0083,3.7012,0.6929,2.8295,3.6489,0.8194,3.0,3.5799,0.5799,2.9528,3.4999,0.5472,2.775,3.4629,0.6879,2.9237,3.4314,0.5078,942.0223,942.2811,0.2587,943.3327,943.7095,0.3769,944.7013,945.2152,0.5139,945.9071,946.6504,0.7433,947.2536,948.1071,0.8535,163.8803,165.0388,1.1585,162.9241,164.8659,1.9418,160.9438,164.8659,3.9221,160.9438,164.8659,3.9221,160.9438,164.8659,3.9221,931.9589,932.0514,0.0925,932.759,932.9509,0.1919,933.5739,933.8417,0.2678,934.3013,934.7586,0.4573,935.0569,935.6438,0.5869,897.0673,897.2658,0.1984,897.803,898.1028,0.2998,898.5676,898.9394,0.3718,899.3254,899.831,0.5055,900.105,900.63,0.525,3.5,3.4507,0.21,3.62,0.1200000000000001,1.6094379124341003,0.6642111641550714,1.0986122886681098,0.7593857166596345,1.9459101490553132,0.5163977794943222,2.6390573296152584,0.7774894185250159,-1.0986122886681098,0.8338093878327919,-1.3862943611198906,0.5,2.772588722239781,0.7922895760245919,0.6277227722772277,2.0,2.0,5.0,1.0,0.0,,,,,,,,,,,,,,,,,,,,,,,,,,,,,,,,,,,,,,,,,-0.6931471805599453,0.5676462121975466,0.0,0.816496580927726,0.0,0.0,0.0,1.0,-1.3862943611198906,0.7121306936069975,0.0,0.0,-1.0986122886681098,0.6967653820886336,0.4854819976771195,4.0,1.0,7.0,0.0,0.0,0.6931471805599453,0.8366600265340756,-0.6931471805599453,0.7071067811865476,0.6931471805599453,0.0,0.0,1.0,0.0,0.0,0.0,0.0,0.6931471805599453,0.8997354108424372,0.8095238095238094,0.0,0.0,0.0,0.0,0.0,1.6094379124341003,2.0685174028866937,0.4054651081081645,2.282989078773908,2.6390573296152584,0.5163977794943222,2.6390573296152584,2.7774894185250156,-2.4849066497880004,1.5459400814397894,-1.3862943611198906,0.5,2.3671236141316165,2.3887903689556627,1.9227285794781568,6.0,3.0,12.0,1.0,0.0
2005-09-20,meeting_date,198.8,4.741833508956805,201.3,1.924050632911389,83.172,3.830020972735437,82.425,2.193265225153729,5.0,134552.0,13142.642,81.898,5.04000320324226,3.62,3.54,3.76,4.0,4.06,4.26,12.64,2.52,0.26,1.43,-6.2527,,11160.368,5.2,3.3,-0.0400032032422599,0.1932652251537288,0.2599999999999998,,,,,,,,,,,,,,,,,,,,,2005Q3,0.3858921161825726,0.1555123075924688,1.0,1.0,0.0,1.0,4.3,2.41,-0.576,-16.7,2.3,-5.035299999999999,0.03,0.0311674528925701,-0.0011674528925701,12335.335,12367.294,31.959,12498.0355,12545.2235,47.188,12670.259,12735.539,65.28,12823.963,12919.638,95.675,12997.814,13109.219,111.405,5.149,5.209,0.06,5.1,5.2,0.1,5.0,5.2,0.2,5.0,5.2,0.2,5.0,5.2,0.2,2.8,4.2,1.4,1.95,2.6,0.65,2.237,2.706,0.469,2.1,2.7,0.6,2.3,2.695,0.395,,,,,,,,,,,,,,,,5.1065,6.2,1.0935,5.3703,6.0103,0.64,5.3211,6.1567,0.8356,5.0945,6.0677,0.9732,5.3184,6.0025,0.6841,2.7799,3.1607,0.3809,3.3,3.6846,0.3846,3.0122,3.8189,0.8067,2.8771,3.7127,0.8356,3.0083,3.7012,0.6929,2.8295,3.6489,0.8194,3.0,3.5799,0.5799,2.9528,3.4999,0.5472,2.775,3.4629,0.6879,2.9237,3.4314,0.5078,942.0223,942.2811,0.2587,943.3327,943.7095,0.3769,944.7013,945.2152,0.5139,945.9071,946.6504,0.7433,947.2536,948.1071,0.8535,163.8803,165.0388,1.1585,162.9241,164.8659,1.9418,160.9438,164.8659,3.9221,160.9438,164.8659,3.9221,160.9438,164.8659,3.9221,931.9589,932.0514,0.0925,932.759,932.9509,0.1919,933.5739,933.8417,0.2678,934.3013,934.7586,0.4573,935.0569,935.6438,0.5869,897.0673,897.2658,0.1984,897.803,898.1028,0.2998,898.5676,898.9394,0.3718,899.3254,899.831,0.5055,900.105,900.63,0.525,3.62,3.59,-0.62,4.0,0.3799999999999999,1.791759469228055,0.7932002689527196,2.5649493574615367,0.7702813338860894,1.6094379124341003,0.7510676161988107,1.0986122886681098,0.8540010842846519,1.6094379124341003,0.6741998624632421,-1.3862943611198906,0.599144689515278,2.9444389791664403,0.8263251344111862,0.6828132277596648,9.0,9.0,9.0,1.0,0.0,,,,,,,,,,,,,,,,,,,,,,,,,,,,,,,,,,,,,,,,,-2.0794415416798357,1.0393048839805814,0.0,1.4760673034625427,-2.0794415416798357,0.0,-0.4054651081081645,3.0805206381518033,-0.13353139262452274,2.2315601145691484,-0.6931471805599453,0.6666666666666666,-1.0986122886681098,0.7459998674257822,0.5577345886283415,3.0,3.0,11.0,0.0,0.0,0.0,0.816496580927726,0.0,1.0,0.0,0.0,-0.6931471805599453,0.7071067811865476,0.0,0.0,0.0,0.0,0.0,0.816496580927726,0.6666666666666666,1.0,1.0,0.0,0.0,0.0,-0.2876820724517808,2.649001733861027,2.5649493574615367,3.246348637348632,-0.47000362924573547,0.7510676161988107,0.0,4.641628503623003,1.4759065198095775,2.9057599770323908,-2.0794415416798357,1.2658113561819446,1.8458266904983305,2.3888215827646944,1.907214483054673,13.0,13.0,20.0,1.0,0.0
2005-11-01,meeting_date,198.1,3.338549817423053,202.5,2.1180030257186067,83.131,2.938408578716656,82.873,2.306030491944955,5.0,134997.0,13324.204,82.571,5.040277916439569,4.0,3.87,4.11,4.42,4.47,4.58,14.85,2.58,0.16,1.84,0.0325,,11206.676,5.0,2.811,-0.0402779164395692,0.3060304919449548,0.1600000000000001,,,,,,,,,,,,,,,,,,,,,2005Q4,0.3304347826086956,0.1075884256150896,0.0,0.0,0.0,0.0,3.3,2.53,-0.584,-8.8,1.2999999999999998,6.2852,0.0,0.0223411072860131,-0.0223411072860131,12555.2835,12585.8485,30.565,12724.576,12770.7135,46.1375,12895.454,12976.4095,80.9555,13057.429,13161.0,103.571,13219.636,13356.0,136.364,5.0,5.0065,0.0065,4.9,5.0,0.1,4.8,5.019,0.219,4.8,5.04,0.24,4.8,5.029,0.229,2.365,3.213,0.848,2.146,2.9,0.754,2.2,2.8,0.6,2.2,2.746,0.546,2.158,2.72,0.562,,,,,,,,,,,,,,,,5.9149,6.95,1.0351,5.3747,6.3365,0.9617,5.5,6.5001,1.0001,5.2791,6.1941,0.915,4.8768,5.8847,1.0079,3.7307,4.6218,0.8912,3.1362,3.7388,0.6025,2.954,3.5782,0.6242,3.0085,3.5573,0.5488,2.8,3.5462,0.7462,3.0568,4.2378,1.1809,2.4675,3.4099,0.9424,2.802,3.5222,0.7202,2.7831,3.4337,0.6505,2.8994,3.4989,0.5996,943.7897,944.0328,0.2431,945.1291,945.491,0.3619,946.463,947.0888,0.6258,947.7113,948.5013,0.7901,948.9459,949.9721,1.0262,160.9438,161.0737,0.1299,158.9235,160.9438,2.0203,156.8616,161.3231,4.4615,156.8616,161.7406,4.879,156.8616,161.5221,4.6605,932.3136,932.5275,0.2139,933.1141,933.4306,0.3165,933.861,934.3187,0.4577,934.6443,935.1271,0.4828,935.3417,935.9294,0.5876,897.3028,897.5877,0.2849,898.0336,898.3387,0.3052,898.7591,899.1572,0.3982,899.428,900.0132,0.5852,900.216,900.7881,0.5721,4.0,4.0052,0.75,4.16,0.16000000000000014,1.9459101490553132,0.7367883976130073,-0.6931471805599453,0.9056473068115288,-1.791759469228055,0.7929614610987591,1.0986122886681098,0.8360066410173644,-1.6094379124341003,0.8090398349558905,0.0,0.0,-1.791759469228055,0.8345261136506568,0.6964338343648689,1.0,4.0,5.0,0.0,0.0,,,,,,,,,,,,,,,,,,,,,,,,,,,,,,,,,,,,,,,,,0.5108256237659904,3.571842578035559,-5.717027701406222,3.4840138966327463,0.7827593392496324,2.88451272580724,-2.0949457282158015,4.046757383973824,-5.021106593963551,3.421830718071399,3.378724525810097,3.6712707328520215,-4.4980223597561695,0.7165589011825276,0.5189359279139916,22.0,10.0,37.0,0.0,0.0,1.3862943611198906,0.5477225575051662,0.0,0.0,-0.6931471805599453,0.0,0.0,1.0,0.0,0.0,0.0,0.0,1.0986122886681098,0.7559289460184544,0.5714285714285714,0.0,0.0,0.0,0.0,0.0,3.8430301339411943,4.856353533153733,-6.410174881966167,4.389661203444275,-1.702147310538368,3.6774741869059993,-0.9963334395476917,5.882764024991189,-6.630544506397651,4.230870553027289,3.378724525810097,3.6712707328520215,-5.191169540316114,2.3070139608516387,1.786798333707432,23.0,14.0,42.0,0.0,0.0
2005-12-13,meeting_date,198.1,3.338549817423053,202.8,2.114803625377659,83.131,2.8836276778752667,82.959,2.280881283211489,4.9,135159.0,13324.204,82.571,5.040277916439569,4.16,3.83,4.19,4.43,4.44,4.54,11.11,2.38,0.11,2.1,-2.6779,,11206.676,5.0,2.811,-0.1402779164395688,0.2808812832114888,0.1100000000000003,,,,,,,,,,,,,,,,,,,,,2005Q4,0.324742268041237,0.1615754145860943,0.0,0.0,0.0,0.0,3.1,2.42,-0.569,-8.8,1.1,-2.7104000000000004,0.0,0.0399645128190637,-0.0399645128190637,12555.2835,12585.8485,30.565,12724.576,12770.7135,46.1375,12895.454,12976.4095,80.9555,13057.429,13161.0,103.571,13219.636,13356.0,136.364,5.0,5.0065,0.0065,4.9,5.0,0.1,4.8,5.019,0.219,4.8,5.04,0.24,4.8,5.029,0.229,2.365,3.213,0.848,2.146,2.9,0.754,2.2,2.8,0.6,2.2,2.746,0.546,2.158,2.72,0.562,,,,,,,,,,,,,,,,5.9149,6.95,1.0351,5.3747,6.3365,0.9617,5.5,6.5001,1.0001,5.2791,6.1941,0.915,4.8768,5.8847,1.0079,3.7307,4.6218,0.8912,3.1362,3.7388,0.6025,2.954,3.5782,0.6242,3.0085,3.5573,0.5488,2.8,3.5462,0.7462,3.0568,4.2378,1.1809,2.4675,3.4099,0.9424,2.802,3.5222,0.7202,2.7831,3.4337,0.6505,2.8994,3.4989,0.5996,943.7897,944.0328,0.2431,945.1291,945.491,0.3619,946.463,947.0888,0.6258,947.7113,948.5013,0.7901,948.9459,949.9721,1.0262,160.9438,161.0737,0.1299,158.9235,160.9438,2.0203,156.8616,161.3231,4.4615,156.8616,161.7406,4.879,156.8616,161.5221,4.6605,932.3136,932.5275,0.2139,933.1141,933.4306,0.3165,933.861,934.3187,0.4577,934.6443,935.1271,0.4828,935.3417,935.9294,0.5876,897.3028,897.5877,0.2849,898.0336,898.3387,0.3052,898.7591,899.1572,0.3982,899.428,900.0132,0.5852,900.216,900.7881,0.5721,4.16,4.16,0.33,4.29,0.1299999999999999,2.302585092994046,0.6183469424008423,-1.3862943611198906,0.9469631093315001,1.0986122886681098,0.9189365834726815,2.995732273553991,0.8862533199992275,0.6931471805599453,0.6685579234215214,1.3862943611198906,0.5477225575051662,3.091042453358316,0.8704552301481725,0.7576923076923079,2.0,5.0,2.0,0.0,0.0,,,,,,,,,,,,,,,,,,,,,,,,,,,,,,,,,,,,,,,,,1.6094379124341005,5.119859658534585,0.4054651081081645,3.2604409775070566,3.8712010109078907,2.732469685515201,-0.4054651081081646,3.511893492054826,-12.946408708892577,4.932930972373955,-1.163150809805681,2.9247274038114117,-7.992099595852542,0.7433339755211437,0.5561032919581778,18.0,8.0,39.0,0.0,0.0,1.3862943611198906,0.5,0.6931471805599453,1.1547005383792517,0.0,0.0,1.0986122886681098,0.0,0.0,0.0,0.0,0.0,1.6094379124341003,0.7867957924694431,0.619047619047619,0.0,1.0,0.0,0.0,0.0,5.298317366548037,6.238206600935428,-0.2876820724517808,5.362104625217809,4.969813299576001,3.6514062689878823,3.688879454113936,4.398146812054053,-12.253261528332631,5.601488895795477,0.2231435513142095,3.472449961316578,-3.2916192300601255,2.4005849981387595,1.9328432186981046,20.0,14.0,41.0,0.0,0.0
2006-01-31,meeting_date,199.3,4.018789144050117,203.2,2.1105527638190846,83.534,3.246937842213904,83.145,2.142479822115217,4.7,135427.0,13599.16,83.156,5.04081085615472,4.29,4.37,4.43,4.54,4.47,4.53,12.95,2.53,-0.01,1.89,0.0,,11281.69,5.0,3.9,-0.3408108561547198,0.1424798221152174,-0.0099999999999997,,,,,,,,,,,,,,,,,,,,,2006Q1,0.2848101265822784,0.1331266804116987,0.0,0.0,0.0,0.0,3.0,2.48,-0.603,-10.7,1.0,2.6779,0.005,0.00170284153705,0.0032971584629499,12755.0,12788.0,33.0,12924.0,13013.531,89.531,13095.482,13200.05,104.568,13264.412,13354.9,90.488,13429.858,13554.671,124.813,5.0,5.073,0.073,4.9,5.03,0.13,4.833,5.004,0.171,4.8,5.0,0.2,4.8,5.037,0.237,3.1,4.487,1.387,1.8,3.0,1.2,2.0,2.7,0.7,2.118,2.78,0.662,2.028,2.8,0.772,,,,,,,,,,,,,,,,5.3596,6.4542,1.0946,5.3391,7.0943,1.7552,5.2781,6.0251,0.747,4.9547,5.823,0.8683,5.0833,5.9,0.8167,2.8224,3.6,0.7775,3.0127,4.0,0.9873,3.0,3.6,0.6,3.0,3.5027,0.5028,2.7386,3.5685,0.8299,0.2599,1.9984,1.7385,2.4954,3.8,1.3046,2.7046,3.6215,0.9169,2.6025,3.5,0.8975,2.8284,3.5096,0.6811,945.3679,945.6263,0.2584,946.6841,947.3745,0.6904,948.0023,948.7976,0.7953,949.284,949.9639,0.6799,950.5236,951.4486,0.9251,160.9438,162.3932,1.4494,158.9235,161.542,2.6185,157.5467,161.0238,3.477,156.8616,160.9438,4.0822,156.8616,161.6811,4.8195,933.002,933.1903,0.1883,933.7325,934.1241,0.3916,934.4887,935.0068,0.5181,935.27,935.8467,0.5767,936.042,936.6998,0.6578,897.5862,898.016,0.4298,898.3484,898.8046,0.4563,899.0292,899.6386,0.6094,899.7394,900.4754,0.736,900.5456,901.2792,0.7336,4.29,4.495,0.48,4.59,0.2999999999999998,2.302585092994046,0.6183469424008423,-1.3862943611198906,0.9469631093315001,1.0986122886681098,0.9189365834726815,2.995732273553991,0.8862533199992275,0.6931471805599453,0.6685579234215214,1.3862943611198906,0.5477225575051662,3.091042453358316,0.8704552301481725,0.7576923076923079,2.0,5.0,2.0,0.0,0.0,,,,,,,,,,,,,,,,,,,,,,,,,,,,,,,,,,,,,,,,,0.0,0.0,0.6931471805599453,0.9540735874430286,1.6094379124341003,0.5163977794943223,2.5649493574615367,0.6868732574462859,0.5108256237659905,0.0,-1.791759469228055,0.5773502691896258,1.3862943611198906,0.3771168279121486,0.2844342037890423,4.0,3.0,0.0,0.0,0.0,1.3862943611198906,0.5,0.6931471805599453,1.1547005383792517,0.0,0.0,1.0986122886681098,0.0,0.0,0.0,0.0,0.0,1.6094379124341003,0.7867957924694431,0.619047619047619,0.0,1.0,0.0,0.0,0.0,1.3862943611198906,0.5,1.3862943611198906,2.10877412582228,1.6094379124341003,0.5163977794943223,3.6635616461296463,0.6868732574462859,0.5108256237659905,0.0,-1.791759469228055,0.5773502691896258,2.995732273553991,1.1639126203815917,0.9034818228366612,4.0,4.0,0.0,0.0,0.0
2006-03-28,meeting_date,199.7,3.4179181771103018,204.3,2.0989505247376306,83.746,2.9136712749615823,83.509,2.167928844953937,4.7,136038.0,13599.16,83.156,5.04081085615472,4.59,4.53,4.65,4.81,4.79,4.79,11.58,2.49,-0.02,2.22,0.005,,11281.69,5.0,3.9,-0.3408108561547198,0.1679288449539369,-0.0199999999999995,,,,,,,,,,,,,,,,,,,,,2006Q1,0.3850931677018633,0.1938882544766462,0.0,0.0,0.0,0.0,3.0,2.41,-0.631,-10.7,1.0,0.005,0.005,-0.0208294580685888,0.0258294580685888,12755.0,12788.0,33.0,12924.0,13013.531,89.531,13095.482,13200.05,104.568,13264.412,13354.9,90.488,13429.858,13554.671,124.813,5.0,5.073,0.073,4.9,5.03,0.13,4.833,5.004,0.171,4.8,5.0,0.2,4.8,5.037,0.237,3.1,4.487,1.387,1.8,3.0,1.2,2.0,2.7,0.7,2.118,2.78,0.662,2.028,2.8,0.772,,,,,,,,,,,,,,,,5.3596,6.4542,1.0946,5.3391,7.0943,1.7552,5.2781,6.0251,0.747,4.9547,5.823,0.8683,5.0833,5.9,0.8167,2.8224,3.6,0.7775,3.0127,4.0,0.9873,3.0,3.6,0.6,3.0,3.5027,0.5028,2.7386,3.5685,0.8299,0.2599,1.9984,1.7385,2.4954,3.8,1.3046,2.7046,3.6215,0.9169,2.6025,3.5,0.8975,2.8284,3.5096,0.6811,945.3679,945.6263,0.2584,946.6841,947.3745,0.6904,948.0023,948.7976,0.7953,949.284,949.9639,0.6799,950.5236,951.4486,0.9251,160.9438,162.3932,1.4494,158.9235,161.542,2.6185,157.5467,161.0238,3.477,156.8616,160.9438,4.0822,156.8616,161.6811,4.8195,933.002,933.1903,0.1883,933.7325,934.1241,0.3916,934.4887,935.0068,0.5181,935.27,935.8467,0.5767,936.042,936.6998,0.6578,897.5862,898.016,0.4298,898.3484,898.8046,0.4563,899.0292,899.6386,0.6094,899.7394,900.4754,0.736,900.5456,901.2792,0.7336,4.59,4.765,0.23,4.94,0.35000000000000053,2.1972245773362196,0.646206172658864,-1.9459101490553132,0.9310937030562325,2.5649493574615367,0.48507125007266594,2.1972245773362196,0.8323303988044006,-0.6931471805599453,0.7719024117939607,0.6931471805599453,0.6408699444616557,2.6390573296152584,0.8484342322137288,0.7198406463920994,3.0,8.0,3.0,1.0,0.0,,,,,,,,,,,,,,,,,,,,,,,,,,,,,,,,,,,,,,,,,-3.58351893845611,2.8027170817182405,-5.7430031878094825,2.6985176081724926,1.252762968495368,0.0,-5.0875963352323845,4.147438564182284,-3.8597723150842684,5.060236746042958,-0.780158557549575,2.616660805658801,-6.674182532177388,0.7294332216426209,0.5372055541015281,34.0,15.0,79.0,0.0,0.0,1.3862943611198906,0.5,0.6931471805599453,1.1547005383792517,0.0,0.0,1.0986122886681098,0.5773502691896258,0.0,0.0,0.0,0.0,1.6094379124341003,0.7559289460184544,0.5714285714285714,0.0,1.0,0.0,0.0,0.0,0.0,3.9489232543771045,-6.9957661563048505,4.784311849607977,3.817712325956905,0.48507125007266594,-1.7917594692280554,5.55711923217631,-4.552919495644214,5.832139157836918,-0.08701137698962969,3.2575307501204565,-2.42568729012803,2.333796399874804,1.828474771922199,37.0,24.0,82.0,1.0,0.0
2006-05-10,meeting_date,201.3,3.977272727272729,205.4,2.44389027431422,84.361,3.321534862643749,83.974,2.4085659581214447,4.6,136249.0,13753.424,83.882,5.04156703927619,4.94,4.76,4.84,5.01,5.03,5.13,11.78,2.7,0.12,2.3,-1.9555,,11355.0,4.8,2.0,-0.4415670392761903,0.4085659581214447,0.1200000000000001,,,,,,,,,,,,,,,,,,,,,2006Q2,0.3081395348837209,0.1343773763130942,0.0,0.0,0.0,0.0,4.0,2.67,-0.614,-12.3,2.0,-1.9605,0.0,-0.0012941599939993,0.0012941599939993,12931.048,12970.589,39.541,13103.233,13170.267,67.034,13265.4,13350.26,84.86,13443.7,13523.74,80.04,13607.0,13712.9,105.9,4.8,4.9,0.1,4.7,4.9,0.2,4.7,4.909,0.209,4.673,5.0,0.327,4.7,5.0,0.3,1.5,3.2,1.7,2.0,2.988,0.988,2.1,2.8,0.7,2.0,2.7,0.7,1.977,2.6,0.623,,,,,,,,,,,,,,,,6.1,7.5975,1.4975,5.1103,6.5,1.3897,4.9588,5.7726,0.8138,4.8,5.6851,0.8851,4.7749,5.9274,1.1525,3.7733,4.5847,0.8115,3.0009,4.0,0.999,2.7725,3.5,0.7275,2.516,3.4112,0.8952,2.5646,3.341,0.7764,3.0,4.9936,1.9936,2.5,3.4,0.9,2.5547,3.3495,0.7947,2.5,3.2048,0.7048,2.3482,3.2,0.8518,946.7387,947.044,0.3053,948.0614,948.5717,0.5103,949.2914,949.9291,0.6377,950.6266,951.2202,0.5936,951.834,952.6092,0.7753,156.8616,158.9235,2.0619,154.7563,158.9235,4.1673,154.7563,159.107,4.3508,154.1801,160.9438,6.7637,154.7563,160.9438,6.1875,933.5915,933.7862,0.1947,934.3297,934.7465,0.4169,935.0624,935.6065,0.5441,935.7207,936.3619,0.6412,936.4005,937.1847,0.7842,898.5823,899.0616,0.4793,899.2479,899.8254,0.5774,899.9269,900.5922,0.6653,900.5121,901.3075,0.7954,901.2171,902.1182,0.9011,4.94,4.9621,0.02,4.99,0.04999999999999982,2.4849066497880004,0.6063390625908324,2.8903717578961645,0.8054691103977099,1.6094379124341003,0.7510676161988108,2.1972245773362196,0.8771306505041482,0.0,0.816496580927726,1.6094379124341003,0.8090398349558906,3.4657359027997265,0.8459132065815932,0.7155691530691531,3.0,8.0,7.0,1.0,0.0,,,,,,,,,,,,,,,,,,,,,,,,,,,,,,,,,,,,,,,,,-4.394449154672439,2.5572805526481828,-3.58351893845611,2.3099722314302564,1.0986122886681098,2.0,0.35139788683788886,5.088061600738696,-14.290891039331164,6.1043843679477705,2.1972245773362196,3.6783327331493076,-13.957961764786296,0.7434104123030978,0.5693252331108976,11.0,3.0,74.0,0.0,0.0,1.0986122886681098,0.5773502691896258,0.6931471805599453,0.0,0.0,0.0,0.0,0.0,0.0,0.0,0.6931471805599453,0.7071067811865476,1.0986122886681098,0.5773502691896258,0.33333333333333337,0.0,1.0,0.0,0.0,0.0,-0.8109302162163288,3.7409698844286408,0.0,3.1154413418279665,2.70805020110221,2.751067616198811,2.5486224641741084,5.965192251242844,-14.290891039331164,6.920880948875497,4.499809670330265,5.194479349291746,-9.39361357331846,2.1666738880743166,1.618227719513384,14.0,12.0,81.0,1.0,0.0
2006-06-29,meeting_date,201.8,4.1817243159525175,205.9,2.6420737786640114,84.569,3.511627906976744,84.186,2.595788242176078,4.6,136337.0,13753.424,83.882,5.04156703927619,4.99,4.88,5.06,5.21,5.17,5.22,13.03,2.61,0.01,2.57,0.005,,11355.0,4.8,2.0,-0.4415670392761903,0.5957882421760781,0.0099999999999997,,,,,,,,,,,,,,,,,,,,,2006Q2,0.3389830508474576,0.1145578236673697,0.0,0.0,0.0,0.0,3.3,2.62,-0.534,-12.3,1.2999999999999998,1.9605,-0.015,0.0258181089038569,-0.0408181089038569,12931.048,12970.589,39.541,13103.233,13170.267,67.034,13265.4,13350.26,84.86,13443.7,13523.74,80.04,13607.0,13712.9,105.9,4.8,4.9,0.1,4.7,4.9,0.2,4.7,4.909,0.209,4.673,5.0,0.327,4.7,5.0,0.3,1.5,3.2,1.7,2.0,2.988,0.988,2.1,2.8,0.7,2.0,2.7,0.7,1.977,2.6,0.623,,,,,,,,,,,,,,,,6.1,7.5975,1.4975,5.1103,6.5,1.3897,4.9588,5.7726,0.8138,4.8,5.6851,0.8851,4.7749,5.9274,1.1525,3.7733,4.5847,0.8115,3.0009,4.0,0.999,2.7725,3.5,0.7275,2.516,3.4112,0.8952,2.5646,3.341,0.7764,3.0,4.9936,1.9936,2.5,3.4,0.9,2.5547,3.3495,0.7947,2.5,3.2048,0.7048,2.3482,3.2,0.8518,946.7387,947.044,0.3053,948.0614,948.5717,0.5103,949.2914,949.9291,0.6377,950.6266,951.2202,0.5936,951.834,952.6092,0.7753,156.8616,158.9235,2.0619,154.7563,158.9235,4.1673,154.7563,159.107,4.3508,154.1801,160.9438,6.7637,154.7563,160.9438,6.1875,933.5915,933.7862,0.1947,934.3297,934.7465,0.4169,935.0624,935.6065,0.5441,935.7207,936.3619,0.6412,936.4005,937.1847,0.7842,898.5823,899.0616,0.4793,899.2479,899.8254,0.5774,899.9269,900.5922,0.6653,900.5121,901.3075,0.7954,901.2171,902.1182,0.9011,4.99,5.265,0.03,5.25,0.2599999999999998,2.1972245773362196,0.646206172658864,1.9459101490553132,0.8820707344016152,-1.0986122886681098,0.6324555320336759,-2.4849066497880004,0.8245388125453313,-2.0794415416798357,0.6504436355879909,0.6931471805599453,0.5,-2.772588722239781,0.8120985976046289,0.6595041322314049,3.0,10.0,5.0,1.0,0.0,,,,,,,,,,,,,,,,,,,,,,,,,,,,,,,,,,,,,,,,,-4.341204640153626,4.31939402978726,-4.2484952420493585,2.8826730328746333,-0.5596157879354227,2.6769335062463453,5.229324495061085,5.28332701158105,-8.411832675758411,7.125770622812968,1.791759469228055,4.133827542422432,-11.703046199287446,0.7278952796613196,0.5445568216354346,19.0,9.0,64.0,0.0,0.0,1.0986122886681098,0.5773502691896258,0.6931471805599453,0.0,0.0,0.0,0.6931471805599453,0.0,0.0,0.0,0.0,0.0,1.0986122886681098,0.5773502691896258,0.33333333333333337,0.0,0.0,0.0,0.0,0.0,-1.045367774149297,5.54295047163575,-1.6094379124340996,3.7647437672762485,-1.6582280766035324,3.3093890382800213,3.4375650258330297,6.107865824126381,-10.491274217438248,7.776214258400959,2.4849066497880004,4.633827542422432,-13.377022632859118,2.1173441464555744,1.537394287200173,22.0,19.0,69.0,1.0,0.0
2006-08-08,meeting_date,203.8,3.926568077511483,206.8,2.83441074092492,85.125,3.335882588586636,84.44,2.671351969164548,4.7,136692.0,13870.188,84.468,5.04250439291843,5.25,4.97,4.96,4.91,4.85,4.93,15.23,2.66,0.02,2.23,-1.5283,,11476.9323,4.7,3.4,-0.3425043929184301,0.6713519691645482,0.0199999999999995,,,,,,,,,,,,,,,,,,,,,2006Q3,0.56,0.452309239069658,1.0,0.0,1.0,1.0,3.8,2.7,-0.574,-8.9,1.7999999999999998,-1.5333,-0.04043,-0.0448089152205085,0.0043789152205084,13199.8729,13233.8472,33.9743,13365.0729,13422.8674,57.7945,13521.5105,13616.895,95.3845,13675.9971,13824.0,148.0029,13824.1,14020.6,196.5,4.6898,4.7,0.0102,4.6,4.7949,0.1949,4.6,4.8153,0.2153,4.6,4.9819,0.3819,4.6,5.0,0.4,2.6,3.93,1.33,2.3,3.0,0.7,2.1997,2.8,0.6003,2.0,2.6,0.6,2.0,2.5705,0.5705,,,,,,,,,,,,,,,,5.6124,6.6311,1.0187,4.9139,6.2173,1.3034,4.7208,5.8412,1.1204,4.8141,6.0129,1.1988,4.5822,5.7851,1.2029,3.0,3.6,0.6,2.8,3.3968,0.5968,2.5929,3.1709,0.5781,2.535,3.1443,0.6093,2.6,3.2422,0.6422,2.4373,3.2121,0.7748,2.5,3.2467,0.7467,2.5112,3.1331,0.6219,2.4554,3.1472,0.6919,2.5,3.0,0.5,948.7962,949.0533,0.2571,950.04,950.4715,0.4315,951.2037,951.9067,0.703,952.3398,953.4161,1.0764,953.4169,954.8283,1.4114,154.5387,154.7563,0.2176,152.6056,156.7554,4.1498,152.6056,157.1802,4.5746,152.6056,160.5821,7.9764,152.6056,160.9438,8.3382,934.7125,934.8578,0.1452,935.4029,935.6452,0.2423,936.0613,936.4471,0.3858,936.707,937.1952,0.4882,937.3721,937.9832,0.6111,899.7209,899.9093,0.1884,900.3172,900.7001,0.3829,900.8485,901.4728,0.6242,901.5796,902.1952,0.6156,902.311,902.9108,0.5998,5.25,5.2635,0.18,5.25,0.0,1.6094379124341003,0.8563488385776752,2.6390573296152584,0.9087061127950059,-1.3862943611198906,0.5345224838248487,-2.995732273553991,0.7974242579122829,0.6931471805599453,0.7929614610987591,1.0986122886681098,0.5773502691896257,-1.3862943611198906,0.8608407703843509,0.7410468319559228,3.0,9.0,7.0,1.0,0.0,,,,,,,,,,,,,,,,,,,,,,,,,,,,,,,,,,,,,,,,,-2.70805020110221,0.5773502691896257,-1.9459101490553132,0.7924373724448588,-1.6094379124341003,0.5163977794943222,0.810930216216329,1.7828066935137303,-2.5649493574615367,2.454800048876903,-4.382026634673881,1.1922713052241316,-4.584967478670571,0.763658761162379,0.5953890577838798,15.0,7.0,30.0,0.0,0.0,0.6931471805599453,0.0,0.6931471805599453,0.0,0.0,0.0,0.6931471805599453,0.0,0.0,0.0,0.0,0.0,0.6931471805599453,,,0.0,0.0,0.0,0.0,0.0,-0.4054651081081645,1.433699107767301,1.3862943611198904,1.7011434852398648,-2.995732273553991,1.050920263319171,-1.4916548767777162,2.5802309514260133,-1.8718021769015913,3.2477615099756623,-3.283414346005771,1.7696215744137573,-5.278114659230517,1.6244995315467299,1.3364358897398025,18.0,16.0,37.0,1.0,0.0
2006-09-20,meeting_date,202.8,2.012072434607637,207.2,2.930948832588176,84.902,2.0800269321406217,84.573,2.6060054595086424,4.5,136826.0,13870.188,84.468,5.04250439291843,5.25,4.81,4.9,4.81,4.7,4.73,11.39,2.34,-0.08,2.48,-9.0809,,11476.9323,4.7,3.4,-0.5425043929184303,0.6060054595086424,-0.0799999999999991,,,,,,,,,,,,,,,,,,,,,2006Q3,0.2702702702702703,0.2276721411841462,1.0,0.0,1.0,1.0,3.1,2.46,-0.606,-8.9,1.1,-7.5526,0.0,-0.0055753255824718,0.0055753255824718,13199.8729,13233.8472,33.9743,13365.0729,13422.8674,57.7945,13521.5105,13616.895,95.3845,13675.9971,13824.0,148.0029,13824.1,14020.6,196.5,4.6898,4.7,0.0102,4.6,4.7949,0.1949,4.6,4.8153,0.2153,4.6,4.9819,0.3819,4.6,5.0,0.4,2.6,3.93,1.33,2.3,3.0,0.7,2.1997,2.8,0.6003,2.0,2.6,0.6,2.0,2.5705,0.5705,,,,,,,,,,,,,,,,5.6124,6.6311,1.0187,4.9139,6.2173,1.3034,4.7208,5.8412,1.1204,4.8141,6.0129,1.1988,4.5822,5.7851,1.2029,3.0,3.6,0.6,2.8,3.3968,0.5968,2.5929,3.1709,0.5781,2.535,3.1443,0.6093,2.6,3.2422,0.6422,2.4373,3.2121,0.7748,2.5,3.2467,0.7467,2.5112,3.1331,0.6219,2.4554,3.1472,0.6919,2.5,3.0,0.5,948.7962,949.0533,0.2571,950.04,950.4715,0.4315,951.2037,951.9067,0.703,952.3398,953.4161,1.0764,953.4169,954.8283,1.4114,154.5387,154.7563,0.2176,152.6056,156.7554,4.1498,152.6056,157.1802,4.5746,152.6056,160.5821,7.9764,152.6056,160.9438,8.3382,934.7125,934.8578,0.1452,935.4029,935.6452,0.2423,936.0613,936.4471,0.3858,936.707,937.1952,0.4882,937.3721,937.9832,0.6111,899.7209,899.9093,0.1884,900.3172,900.7001,0.3829,900.8485,901.4728,0.6242,901.5796,902.1952,0.6156,902.311,902.9108,0.5998,5.25,5.25,0.0,5.25,0.0,1.0986122886681098,0.7559289460184544,1.9459101490553132,0.9504783484693857,1.0986122886681098,0.8574929257125442,-2.302585092994046,0.8324195903684773,1.0986122886681098,0.6887372317211945,0.6931471805599453,0.5773502691896258,-1.0986122886681098,0.8405608101689998,0.7065424755919651,5.0,11.0,5.0,1.0,0.0,,,,,,,,,,,,,,,,,,,,,,,,,,,,,,,,,,,,,,,,,0.0,0.0,-2.4849066497880004,1.6817468150739816,-0.4054651081081645,0.802365782965103,4.31748811353631,1.143329256721079,1.0986122886681098,1.6118428945046546,-2.995732273553991,0.8677096322754874,1.6094379124341003,0.6071123232983175,0.3709605364633297,9.0,0.0,4.0,0.0,0.0,0.6931471805599453,0.0,0.6931471805599453,0.0,0.0,0.0,0.6931471805599453,0.0,0.0,0.0,0.0,0.0,0.6931471805599453,,,0.0,0.0,0.0,0.0,0.0,1.791759469228055,0.7559289460184544,0.15415067982725805,2.6322251635433673,0.6931471805599453,1.659858708677647,2.7080502011022096,1.9757488470895566,2.1972245773362196,2.300580126225849,-2.3025850929940455,1.4450599014651133,1.203972804325936,1.4476731334673172,1.0775030120552949,14.0,11.0,9.0,1.0,0.0
2006-10-25,meeting_date,201.9,1.4063284781516971,207.6,2.7722772277227747,84.702,1.67697016985775,84.726,2.4969151484357965,4.4,136843.0,14039.56,84.77,5.04357367310739,5.25,4.99,4.98,4.88,4.75,4.78,10.66,2.34,-0.1,2.55,0.0,,11462.1508,4.7,3.6,-0.6435736731073893,0.4969151484357965,-0.0999999999999996,,,,,,,,,,,,,,,,,,,,,2006Q4,0.2428571428571428,0.1788832201250023,1.0,0.0,1.0,1.0,3.1,2.48,-0.622,0.0,1.1,9.0809,-0.005,0.0004904670466503,-0.0054904670466503,13358.9975,13384.7524,25.7549,13513.9246,13577.9783,64.0536,13677.846,13778.7644,100.9184,13837.5741,13968.0446,130.4705,14008.1465,14177.489,169.3425,4.6897,4.8,0.1103,4.63,4.9,0.27,4.68,4.9587,0.2787,4.7,5.0404,0.3404,4.7,5.084,0.384,3.0,3.97,0.97,2.3,3.47,1.17,2.4,3.1,0.7,2.2,3.0,0.8,2.2,2.8,0.6,,,,,,,,,,,,,,,,5.1,5.8209,0.7209,4.6952,5.9221,1.2269,4.9883,6.2823,1.294,4.8284,5.6995,0.8711,4.6279,5.9905,1.3626,2.289,3.0594,0.7705,2.3,3.0806,0.7806,2.4,3.1,0.7,2.3716,3.062,0.6904,2.4906,3.2402,0.7496,2.4903,3.2092,0.7189,2.1117,3.0353,0.9236,2.3672,3.0032,0.636,2.305,2.893,0.588,2.4988,3.1,0.6012,949.9945,950.1871,0.1926,951.1476,951.6205,0.4729,952.3533,953.0884,0.7351,953.5143,954.4527,0.9385,954.7394,955.9411,1.2016,154.5375,156.8616,2.3241,153.2557,158.9235,5.6678,154.3298,160.1154,5.7856,154.7563,161.7493,6.9931,154.7563,162.6101,7.8538,934.5736,934.7665,0.1928,935.1692,935.5343,0.3651,935.7967,936.2489,0.4522,936.4862,937.0118,0.5255,937.1455,937.8239,0.6784,899.995,900.1699,0.1749,900.5164,900.8803,0.3639,901.1498,901.5857,0.4359,901.7698,902.2864,0.5165,902.4666,903.0263,0.5597,5.25,5.25,-0.27,5.24,-0.009999999999999787,1.3862943611198906,0.5789342235218394,-1.0986122886681098,0.8988692121757423,1.791759469228055,0.6504436355879909,0.0,0.8827348295047496,-1.3862943611198906,0.7537783614444091,1.0986122886681098,0.5163977794943223,0.6931471805599453,0.8516471488521149,0.7253028661479364,3.0,9.0,5.0,1.0,0.0,,,,,,,,,,,,,,,,,,,,,,,,,,,,,,,,,,,,,,,,,1.5040773967762742,2.1788842413760894,0.6931471805599452,1.4231137032760148,-2.1972245773362196,1.543950010460013,1.4469189829363256,4.941020798410165,-7.8119734296220225,3.9686674662476453,-0.2876820724517808,1.276657049353648,-5.18338739987406,0.7503704467132447,0.5659176296174884,12.0,7.0,26.0,0.0,0.0,0.6931471805599453,0.0,0.6931471805599453,0.0,0.0,0.0,0.6931471805599453,0.0,0.0,0.0,0.0,0.0,0.6931471805599453,,,0.0,0.0,0.0,0.0,0.0,3.58351893845611,2.757818464897929,0.2876820724517807,2.3219829154517573,-0.4054651081081646,2.194393646048004,2.1400661634962708,5.823755627914914,-9.198267790741912,4.722445827692054,0.810930216216329,1.7930548288479704,-3.797093038754169,1.6020175955653597,1.2912204957654247,15.0,16.0,31.0,1.0,0.0
2006-12-12,meeting_date,203.1,2.5239777889954462,208.1,2.6134122287968298,85.032,2.2867522344251823,84.88,2.31560168275895,4.4,137249.0,14039.56,84.77,5.04357367310739,5.24,4.81,4.87,4.61,4.45,4.49,10.65,2.34,-0.12,2.18,-2.8875,,11462.1508,4.7,3.6,-0.6435736731073893,0.3156016827589498,-0.1200000000000001,,,,,,,,,,,,,,,,,,,,,2006Q4,0.1578947368421053,0.083169578171378,1.0,0.0,1.0,1.0,2.9,2.41,-0.621,0.0,0.8999999999999999,-2.8875,-0.00408,0.0206625270302701,-0.0247425270302701,13358.9975,13384.7524,25.7549,13513.9246,13577.9783,64.0536,13677.846,13778.7644,100.9184,13837.5741,13968.0446,130.4705,14008.1465,14177.489,169.3425,4.6897,4.8,0.1103,4.63,4.9,0.27,4.68,4.9587,0.2787,4.7,5.0404,0.3404,4.7,5.084,0.384,3.0,3.97,0.97,2.3,3.47,1.17,2.4,3.1,0.7,2.2,3.0,0.8,2.2,2.8,0.6,,,,,,,,,,,,,,,,5.1,5.8209,0.7209,4.6952,5.9221,1.2269,4.9883,6.2823,1.294,4.8284,5.6995,0.8711,4.6279,5.9905,1.3626,2.289,3.0594,0.7705,2.3,3.0806,0.7806,2.4,3.1,0.7,2.3716,3.062,0.6904,2.4906,3.2402,0.7496,2.4903,3.2092,0.7189,2.1117,3.0353,0.9236,2.3672,3.0032,0.636,2.305,2.893,0.588,2.4988,3.1,0.6012,949.9945,950.1871,0.1926,951.1476,951.6205,0.4729,952.3533,953.0884,0.7351,953.5143,954.4527,0.9385,954.7394,955.9411,1.2016,154.5375,156.8616,2.3241,153.2557,158.9235,5.6678,154.3298,160.1154,5.7856,154.7563,161.7493,6.9931,154.7563,162.6101,7.8538,934.5736,934.7665,0.1928,935.1692,935.5343,0.3651,935.7967,936.2489,0.4522,936.4862,937.0118,0.5255,937.1455,937.8239,0.6784,899.995,900.1699,0.1749,900.5164,900.8803,0.3639,901.1498,901.5857,0.4359,901.7698,902.2864,0.5165,902.4666,903.0263,0.5597,5.24,5.2318,0.77,5.25,0.009999999999999787,0.6931471805599453,0.7817359599705717,2.1972245773362196,0.7883771061734742,-1.0986122886681098,0.8338093878327919,-2.5649493574615367,0.8173555991357718,0.0,0.6666666666666666,1.0986122886681098,0.48795003647426666,-1.3862943611198906,0.8014329124517254,0.6422947131608551,2.0,10.0,8.0,1.0,0.0,,,,,,,,,,,,,,,,,,,,,,,,,,,,,,,,,,,,,,,,,0.04879016416943205,3.6408398454703574,-2.2335922215070942,3.6997918587360923,0.0,0.4472135954999579,-1.09861228866811,5.356901110978656,-0.5345421503833067,4.2221465828089055,0.810930216216329,3.0121372826325423,-2.533696813957433,0.6331356818872443,0.4150574860784487,36.0,4.0,13.0,1.0,0.0,0.6931471805599453,0.0,0.6931471805599453,0.0,0.0,0.0,0.6931471805599453,0.0,0.0,0.0,0.0,0.0,0.6931471805599453,,,0.0,0.0,0.0,0.0,0.0,1.4350845252893225,4.422575805440929,0.6567795363890707,4.488168964909566,-1.0986122886681098,1.2810229833327498,-2.9704144655697013,6.174256710114428,-0.5345421503833067,4.8888132494755725,1.9095425048844388,3.500087319106809,-3.2268439945173784,1.4345685943389697,1.0573521992393038,38.0,14.0,21.0,2.0,0.0
2007-01-31,meeting_date,203.437,2.075765178123423,208.6,2.657480314960625,85.316,2.133263102449301,85.224,2.500451019303629,4.6,137472.0,14215.651,85.576,5.04471855777112,5.25,4.99,4.96,4.94,4.82,4.83,10.42,2.43,-0.11,2.4,0.0,,11503.2393,4.5333,-0.3,-0.4447185577711208,0.5004510193036289,-0.1100000000000003,,,,,,,,,,,,,,,,,,,,,2007Q1,0.3673469387755101,0.3401035916248913,0.0,0.0,0.0,0.0,3.0,2.44,-0.681,0.0,1.0,2.8875,0.0,0.0373836601839133,-0.0373836601839133,13431.0,13479.7691,48.7691,13600.658,13669.2502,68.5923,13769.5872,13849.0,79.4128,13937.8105,14030.0491,92.2386,14103.6122,14226.0463,122.4341,4.5,4.7,0.2,4.5,4.8,0.3,4.6667,4.9,0.2333,4.6,5.0,0.4,4.6,5.0898,0.4898,-1.0,2.4,3.4,2.4,3.1335,0.7335,2.4,3.0846,0.6846,2.3,2.8,0.5,2.0,2.7,0.7,,,,,,,,,,,,,,,,3.7369,5.2542,1.5173,4.6914,6.0129,1.3215,4.7995,5.6351,0.8355,4.7319,5.6262,0.8943,4.8168,5.6,0.7832,2.0,2.9428,0.9428,2.3419,3.0558,0.7138,2.4,3.1661,0.7661,2.5,3.1222,0.6222,2.5243,3.1676,0.6433,2.5,3.4392,0.9392,2.4084,3.0,0.5916,2.2257,2.9433,0.7177,2.4812,2.8327,0.3515,2.4285,3.0295,0.601,950.5321,950.8945,0.3625,951.7873,952.2904,0.5031,953.0218,953.5968,0.5751,954.2361,954.8957,0.6596,955.4186,956.283,0.8644,150.4077,154.7563,4.3485,150.4077,156.8616,6.4539,154.0445,158.9235,4.879,152.6056,160.9438,8.3382,152.6056,162.7239,10.1183,934.9201,935.1501,0.23,935.5619,935.8302,0.2682,936.2191,936.5468,0.3277,936.8587,937.3097,0.451,937.487,938.0471,0.5601,900.779,901.0093,0.2303,901.4685,901.7366,0.2681,901.918,902.4099,0.4919,902.5875,903.1257,0.5382,903.1993,903.8148,0.6155,5.25,5.245,-0.48,5.26,0.009999999999999787,-0.6931471805599453,0.5737304826019501,0.0,0.9211323729436766,2.0794415416798357,0.6504436355879909,2.70805020110221,0.8521317920200325,1.3862943611198906,0.8660254037844386,-0.6931471805599453,0.8366600265340756,2.833213344056216,0.8368994612428047,0.7004007082284968,0.0,10.0,3.0,1.0,0.0,,,,,,,,,,,,,,,,,,,,,,,,,,,,,,,,,,,,,,,,,-6.725033642166842,4.156070821349223,-4.430816798843313,3.783205270925216,1.3862943611198904,2.3953811912787644,-1.9095425048844388,2.6927166659683923,-9.764225485202621,4.388545465971593,2.1972245773362196,1.9153830625600439,-11.10537819065774,0.8360219663812878,0.7014842561493939,9.0,11.0,33.0,0.0,0.0,0.6931471805599453,0.0,0.6931471805599453,0.0,0.0,0.0,0.6931471805599453,0.0,0.0,0.0,0.0,0.0,0.6931471805599453,,,0.0,0.0,0.0,0.0,0.0,-6.725033642166842,4.729801303951173,-3.737669618283368,4.704337643868893,3.465735902799726,3.045824826866755,1.4916548767777167,3.544848457988425,-8.37793112408273,5.254570869756031,1.5040773967762742,2.752043089094119,-7.57901766604158,1.6729214276240925,1.4018849643778908,9.0,21.0,36.0,1.0,0.0
2007-03-21,meeting_date,205.288,2.798197295943927,209.418,2.5051395007342103,85.894,2.564898622023759,85.494,2.376989306541799,4.4,137784.0,14215.651,85.576,5.04471855777112,5.26,4.91,4.87,4.51,4.43,4.53,12.19,2.39,0.02,1.99,-9.5636,,11503.2393,4.5333,-0.3,-0.6447185577711201,0.3769893065417991,0.0200000000000004,,,,,,,,,,,,,,,,,,,,,2007Q1,0.4259259259259259,0.2445373337041478,0.0,0.0,0.0,0.0,3.0,2.34,-0.62,0.0,1.0,-9.5636,-0.00775,0.0488232339531324,-0.0565732339531324,13431.0,13479.7691,48.7691,13600.658,13669.2502,68.5923,13769.5872,13849.0,79.4128,13937.8105,14030.0491,92.2386,14103.6122,14226.0463,122.4341,4.5,4.7,0.2,4.5,4.8,0.3,4.6667,4.9,0.2333,4.6,5.0,0.4,4.6,5.0898,0.4898,-1.0,2.4,3.4,2.4,3.1335,0.7335,2.4,3.0846,0.6846,2.3,2.8,0.5,2.0,2.7,0.7,,,,,,,,,,,,,,,,3.7369,5.2542,1.5173,4.6914,6.0129,1.3215,4.7995,5.6351,0.8355,4.7319,5.6262,0.8943,4.8168,5.6,0.7832,2.0,2.9428,0.9428,2.3419,3.0558,0.7138,2.4,3.1661,0.7661,2.5,3.1222,0.6222,2.5243,3.1676,0.6433,2.5,3.4392,0.9392,2.4084,3.0,0.5916,2.2257,2.9433,0.7177,2.4812,2.8327,0.3515,2.4285,3.0295,0.601,950.5321,950.8945,0.3625,951.7873,952.2904,0.5031,953.0218,953.5968,0.5751,954.2361,954.8957,0.6596,955.4186,956.283,0.8644,150.4077,154.7563,4.3485,150.4077,156.8616,6.4539,154.0445,158.9235,4.879,152.6056,160.9438,8.3382,152.6056,162.7239,10.1183,934.9201,935.1501,0.23,935.5619,935.8302,0.2682,936.2191,936.5468,0.3277,936.8587,937.3097,0.451,937.487,938.0471,0.5601,900.779,901.0093,0.2303,901.4685,901.7366,0.2681,901.918,902.4099,0.4919,902.5875,903.1257,0.5382,903.1993,903.8148,0.6155,5.26,5.229,0.24,5.25,-0.009999999999999787,-0.6931471805599453,0.7817359599705717,1.6094379124341003,0.931517508007696,1.6094379124341003,0.8548504142651104,-1.6094379124341003,0.8642660816956539,-1.9459101490553132,0.8200698871944031,0.0,0.7071067811865476,-1.3862943611198906,0.858797303441825,0.7375328083989502,4.0,9.0,13.0,0.0,0.0,,,,,,,,,,,,,,,,,,,,,,,,,,,,,,,,,,,,,,,,,-1.5686159179138457,3.3466381144769697,-5.123963979403259,2.223261647559019,-3.7841896339182615,1.8844836380452885,-0.4054651081081646,2.4711971193069777,-5.135798437050262,4.205858010709624,-0.2876820724517808,1.4211306666284886,-13.127661318497626,0.6510258672543007,0.44114997624537794,24.0,13.0,14.0,0.0,0.0,0.0,0.0,0.0,0.0,0.0,0.0,0.0,0.0,0.0,0.0,0.0,0.0,0.0,,,0.0,0.0,0.0,0.0,0.0,-2.261763098473791,4.1283740744475415,-3.5145260669691583,3.1547791555667146,-2.174751721484161,2.739334052310399,-2.014903020542265,3.3354632010026317,-7.0817085861055755,5.025927897904028,-0.2876820724517808,2.128237447815036,-14.513955679617517,1.5098231706961256,1.1786827846443282,28.0,22.0,27.0,0.0,0.0
2007-05-09,meeting_date,206.755,2.709885742672613,210.058,2.267770204479058,86.346,2.352983013477794,85.717,2.075642460761662,4.4,137992.0,14402.082,86.171,5.04587591919752,5.25,4.74,4.79,4.73,4.58,4.67,12.88,2.38,-0.06,2.2,-1.8155,,11614.9439,4.6,2.4178,-0.6458759191975201,0.0756424607616619,-0.0600000000000005,,,,,,,,,,,,,,,,,,,,,2007Q2,0.1348314606741573,0.0648112804226294,0.0,0.0,0.0,0.0,3.3,2.38,-0.579,-3.8,1.2999999999999998,7.748099999999999,0.0,0.0020606044708829,-0.0020606044708829,13636.1679,13670.9221,34.7542,13787.7083,13837.7316,50.0234,13954.2398,14024.6769,70.4371,14123.2173,14217.1752,93.9579,14297.6711,14419.6462,121.9752,4.5951,4.6,0.0049,4.6,4.8,0.2,4.6,4.8,0.2,4.5,4.9,0.4,4.6,4.9858,0.3858,1.9,2.9,1.0,2.39,2.8996,0.5096,2.28,2.9,0.62,2.0,2.7,0.7,2.13,2.58,0.45,1.15,2.3375,1.1875,1.7258,2.5,0.7742,2.0,2.6,0.6,1.7,2.25,0.55,1.8,2.4,0.6,4.4918,5.5611,1.0693,4.358,5.3681,1.0101,4.7403,5.6463,0.9061,4.796,5.6104,0.8144,4.9555,5.727,0.7715,2.3663,2.7888,0.4225,2.3544,2.9475,0.5931,2.6,3.2954,0.6954,2.8169,3.3276,0.5107,2.842,3.4613,0.6193,2.7928,3.5648,0.772,2.2695,3.0218,0.7523,2.5523,3.079,0.5267,2.6959,3.0655,0.3696,2.5249,3.0462,0.5214,952.0481,952.3026,0.2545,953.1533,953.5154,0.3622,954.3539,954.8574,0.5035,955.5575,956.2206,0.6631,956.7852,957.6347,0.8495,152.4994,152.6056,0.1062,152.6056,156.8616,4.256,152.6056,156.8616,4.256,150.4077,158.9235,8.5158,152.6056,160.6596,8.054,935.956,936.059,0.103,936.5633,936.7686,0.2053,937.2719,937.5151,0.2431,937.9606,938.3058,0.3452,938.7157,939.095,0.3794,901.8678,902.0549,0.1871,902.4928,902.7757,0.2829,903.0809,903.4951,0.4143,903.7527,904.2604,0.5077,904.3733,905.0192,0.6459,5.25,5.243,0.05,5.25,0.0,-0.6931471805599453,0.6900655593423543,2.0794415416798357,0.8199685877205815,-0.6931471805599453,0.7719024117939607,-2.0794415416798357,0.8644557259994751,0.6931471805599453,0.75955452531275,1.3862943611198906,0.7071067811865476,1.3862943611198906,0.8390666298310089,0.7040328092959673,3.0,8.0,12.0,0.0,0.0,,,,,,,,,,,,,,,,,,,,,,,,,,,,,,,,,,,,,,,,,-3.555348061489414,3.3567887368479172,-6.993015122932961,2.176894076789981,-4.564348191467836,1.8163510639034919,-0.2876820724517808,1.7486055643739458,-4.174387269895637,2.5004374880152387,1.3862943611198906,0.7656068482934607,-9.588886390733084,0.6572562632193842,0.4489134058923085,21.0,9.0,19.0,0.0,0.0,0.0,0.0,0.0,0.0,0.0,0.0,0.0,0.0,0.0,0.0,0.0,0.0,0.0,,,0.0,0.0,0.0,0.0,0.0,-4.248495242049359,4.046854296190271,-4.913573581253125,2.9968626645105623,-5.2574953720277815,2.5882534756974525,-2.3671236141316165,2.613061290373421,-3.4812400893356914,3.259992013327989,2.772588722239781,1.4727136294800083,-8.202592029613193,1.4963228930503931,1.152946215188276,24.0,17.0,31.0,0.0,0.0
2007-06-28,meeting_date,207.234,2.692765113974227,210.392,2.181641573579407,86.529,2.3176341212501006,85.859,1.987266291307321,4.6,138070.0,14402.082,86.171,5.04587591919752,5.25,4.64,4.75,4.96,5.02,5.12,15.54,2.39,0.16,2.66,0.005,,11614.9439,4.6,2.4178,-0.4458759191975208,-0.0127337086926786,0.1600000000000001,,,,,,,,,,,,,,,,,,,,,2007Q2,0.1348314606741573,0.0648112804226294,0.0,0.0,0.0,0.0,3.4,2.42,-0.535,-3.8,1.4,1.8205,0.0,-0.0059106873753556,0.0059106873753556,13636.1679,13670.9221,34.7542,13787.7083,13837.7316,50.0234,13954.2398,14024.6769,70.4371,14123.2173,14217.1752,93.9579,14297.6711,14419.6462,121.9752,4.5951,4.6,0.0049,4.6,4.8,0.2,4.6,4.8,0.2,4.5,4.9,0.4,4.6,4.9858,0.3858,1.9,2.9,1.0,2.39,2.8996,0.5096,2.28,2.9,0.62,2.0,2.7,0.7,2.13,2.58,0.45,1.15,2.3375,1.1875,1.7258,2.5,0.7742,2.0,2.6,0.6,1.7,2.25,0.55,1.8,2.4,0.6,4.4918,5.5611,1.0693,4.358,5.3681,1.0101,4.7403,5.6463,0.9061,4.796,5.6104,0.8144,4.9555,5.727,0.7715,2.3663,2.7888,0.4225,2.3544,2.9475,0.5931,2.6,3.2954,0.6954,2.8169,3.3276,0.5107,2.842,3.4613,0.6193,2.7928,3.5648,0.772,2.2695,3.0218,0.7523,2.5523,3.079,0.5267,2.6959,3.0655,0.3696,2.5249,3.0462,0.5214,952.0481,952.3026,0.2545,953.1533,953.5154,0.3622,954.3539,954.8574,0.5035,955.5575,956.2206,0.6631,956.7852,957.6347,0.8495,152.4994,152.6056,0.1062,152.6056,156.8616,4.256,152.6056,156.8616,4.256,150.4077,158.9235,8.5158,152.6056,160.6596,8.054,935.956,936.059,0.103,936.5633,936.7686,0.2053,937.2719,937.5151,0.2431,937.9606,938.3058,0.3452,938.7157,939.095,0.3794,901.8678,902.0549,0.1871,902.4928,902.7757,0.2829,903.0809,903.4951,0.4143,903.7527,904.2604,0.5077,904.3733,905.0192,0.6459,5.25,5.245,-0.02,5.02,-0.23000000000000043,1.0986122886681098,0.5477225575051662,1.791759469228055,0.6172133998483676,0.6931471805599453,0.5773502691896258,1.6094379124341003,0.6304251719561151,-0.6931471805599453,0.5,0.0,0.0,1.791759469228055,0.622466374565235,0.3874643874643875,4.0,5.0,3.0,0.0,0.0,,,,,,,,,,,,,,,,,,,,,,,,,,,,,,,,,,,,,,,,,-2.4849066497880004,5.4093260687448685,-2.6855773452501515,1.3844797868795453,-2.70805020110221,0.6399404734221844,-0.6443570163905132,5.016018101738121,-13.233268074592894,5.968935524503037,2.1972245773362196,1.5820575879498553,-11.971879258029379,0.6565773130911083,0.45313158222510114,26.0,0.0,33.0,0.0,0.0,0.0,0.0,0.0,0.0,0.0,0.0,0.0,0.0,0.0,0.0,0.0,0.0,0.0,,,0.0,0.0,0.0,0.0,0.0,-1.3862943611198906,5.957048626250034,-0.8938178760220965,2.001693186727913,-2.0149030205422647,1.2172907426118103,0.965080896043587,5.646443273694236,-13.92641525515284,6.468935524503037,2.1972245773362196,1.5820575879498553,-10.180119788801324,1.2790436876563434,0.8405959696894887,30.0,5.0,36.0,0.0,0.0
2007-08-07,meeting_date,207.667,1.897448478900876,211.119,2.088491295938089,86.72,1.873715124816444,86.116,1.984841307437235,4.6,138013.0,14564.117,86.642,5.04697627705214,5.02,4.8,4.78,4.56,4.6,4.77,21.56,2.26,0.21,2.51,-1.2593,,11617.7795,4.5736,4.2,-0.4469762770521406,-0.0151586925627649,0.2099999999999999,,,,,,,,,,,,,,,,,,,,,2007Q3,0.2857142857142857,0.1755501618376275,0.0,0.0,0.0,0.0,3.2,2.43,-0.179,7.5,1.2000000000000002,-1.2643,0.00646,-0.0454995877804481,0.0519595877804481,13788.2332,13835.9447,47.7114,13925.0,14005.3448,80.3448,14078.24,14181.0621,102.8221,14270.0,14388.7,118.7,14427.46,14577.5753,150.1153,4.5,4.6,0.1,4.5607,4.7,0.1393,4.6,4.8,0.2,4.5,4.9,0.4,4.5068,4.9,0.3932,3.2,5.0267,1.8267,2.061,2.8003,0.7392,1.7689,2.7,0.9311,2.2,2.9,0.7,2.2,2.8,0.6,2.5,4.035,1.535,1.7,2.5,0.8,1.5021,2.4,0.8979,1.9,2.5,0.6,1.9,2.3058,0.4058,4.5971,6.1012,1.5041,4.0,5.4,1.4,4.3357,5.4539,1.1181,4.9864,5.8072,0.8208,4.9118,5.6983,0.7865,2.1611,2.6161,0.4549,2.1166,2.8882,0.7716,2.5426,3.1302,0.5876,2.6365,3.2327,0.5962,2.7985,3.2,0.4015,1.9,2.5,0.6,2.214,2.9317,0.7177,2.4142,2.962,0.5478,2.554,3.1,0.546,2.5,2.9622,0.4622,953.1571,953.5025,0.3454,954.1441,954.7194,0.5753,955.2386,955.9663,0.7277,956.5915,957.4198,0.8284,957.6889,958.724,1.0351,150.4077,152.6056,2.1979,151.7468,154.7563,3.0095,152.6056,156.8616,4.256,150.4077,158.9235,8.5158,150.5586,158.9235,8.3649,935.9708,936.0819,0.1111,936.5223,936.7705,0.2483,937.1905,937.551,0.3605,937.8809,938.3237,0.4428,938.5828,939.1305,0.5478,902.553,902.6998,0.1468,903.1319,903.4142,0.2823,903.7177,904.0805,0.3628,904.4758,904.7709,0.2951,905.1338,905.53,0.3963,5.02,5.3106,-0.07,4.94,-0.07999999999999918,1.0986122886681098,0.7507571935295483,0.6931471805599453,0.889917986664224,1.0986122886681098,0.9189365834726815,0.6931471805599453,0.8365397735652139,-2.70805020110221,0.8116794499134278,1.3862943611198906,0.894427190999916,-1.6094379124341003,0.8655294693679436,0.749141262344354,3.0,9.0,12.0,1.0,0.0,,,,,,,,,,,,,,,,,,,,,,,,,,,,,,,,,,,,,,,,,0.5108256237659905,1.1043965458843557,-2.4849066497880004,0.6162438387501855,1.0986122886681098,0.7071067811865476,0.6931471805599453,0.5773502691896258,-3.401197381662155,1.7383305059663186,0.0,0.0,-6.040254711277414,0.769481809293412,0.6094360562653246,7.0,3.0,7.0,0.0,0.0,0.0,0.0,0.0,0.0,0.0,0.0,0.0,0.0,0.0,0.0,0.0,0.0,0.0,,,0.0,0.0,0.0,0.0,0.0,1.6094379124341003,1.855153739413904,-1.791759469228055,1.5061618254144093,2.1972245773362196,1.6260433646592292,1.3862943611198906,1.4138900427548398,-6.109247582764365,2.550009955879746,1.3862943611198906,0.894427190999916,-7.649692623711514,1.6350112786613558,1.3585773186096786,10.0,12.0,19.0,1.0,0.0
2007-09-18,meeting_date,208.547,2.8338264299802685,211.554,2.101351351351366,87.054,2.534687050952855,86.351,2.1023258013787016,4.7,138099.0,14564.117,86.642,5.04697627705214,4.94,3.91,3.97,4.0,4.19,4.5,20.35,2.31,0.5,2.09,-6.9354,,11617.7795,4.5736,4.2,-0.34697627705214,0.1023258013787016,0.5,,,,,,,,,,,,,,,,,,,,,2007Q3,0.8471337579617835,0.7867584002216759,0.0,0.0,0.0,0.0,3.1,2.52,0.198,7.5,1.1,-5.6761,-0.2125,-0.1270369240769864,-0.0854630759230135,13788.2332,13835.9447,47.7114,13925.0,14005.3448,80.3448,14078.24,14181.0621,102.8221,14270.0,14388.7,118.7,14427.46,14577.5753,150.1153,4.5,4.6,0.1,4.5607,4.7,0.1393,4.6,4.8,0.2,4.5,4.9,0.4,4.5068,4.9,0.3932,3.2,5.0267,1.8267,2.061,2.8003,0.7392,1.7689,2.7,0.9311,2.2,2.9,0.7,2.2,2.8,0.6,2.5,4.035,1.535,1.7,2.5,0.8,1.5021,2.4,0.8979,1.9,2.5,0.6,1.9,2.3058,0.4058,4.5971,6.1012,1.5041,4.0,5.4,1.4,4.3357,5.4539,1.1181,4.9864,5.8072,0.8208,4.9118,5.6983,0.7865,2.1611,2.6161,0.4549,2.1166,2.8882,0.7716,2.5426,3.1302,0.5876,2.6365,3.2327,0.5962,2.7985,3.2,0.4015,1.9,2.5,0.6,2.214,2.9317,0.7177,2.4142,2.962,0.5478,2.554,3.1,0.546,2.5,2.9622,0.4622,953.1571,953.5025,0.3454,954.1441,954.7194,0.5753,955.2386,955.9663,0.7277,956.5915,957.4198,0.8284,957.6889,958.724,1.0351,150.4077,152.6056,2.1979,151.7468,154.7563,3.0095,152.6056,156.8616,4.256,150.4077,158.9235,8.5158,150.5586,158.9235,8.3649,935.9708,936.0819,0.1111,936.5223,936.7705,0.2483,937.1905,937.551,0.3605,937.8809,938.3237,0.4428,938.5828,939.1305,0.5478,902.553,902.6998,0.1468,903.1319,903.4142,0.2823,903.7177,904.0805,0.3628,904.4758,904.7709,0.2951,905.1338,905.53,0.3963,4.94,4.915,-0.08,4.76,-0.1800000000000006,-2.6390573296152584,0.5897678246195884,-2.1972245773362196,0.8234456132997965,-2.1972245773362196,0.7559289460184544,-3.367295829986474,0.8180588281034745,-3.4965075614664802,0.7626944360291792,-1.0986122886681098,0.8333333333333335,-4.174387269895637,0.8023862610863527,0.6438237119801365,6.0,6.0,31.0,1.0,0.0,,,,,,,,,,,,,,,,,,,,,,,,,,,,,,,,,,,,,,,,,-2.3978952727983707,2.456541388043104,-0.6931471805599453,2.2508735889071705,-0.6931471805599453,0.0,-2.970414465569701,2.0695939451364898,-5.301645156640711,2.0238704797673037,-1.791759469228055,1.1208453517450292,-7.957177323459475,0.6930808715430361,0.48186270455901786,6.0,1.0,27.0,0.0,0.0,-0.6931471805599453,0.0,0.6931471805599453,0.0,0.0,0.0,0.0,0.0,0.0,0.0,0.0,0.0,0.0,1.0,1.0,1.0,1.0,0.0,0.0,0.0,-5.730099782973575,3.0463092126626923,-2.1972245773362196,3.0743192022069668,-2.890371757896165,0.7559289460184544,-6.337710295556175,2.887652773239964,-8.798152718107191,2.786564915796483,-2.8903717578961645,1.9541786850783627,-12.131564593355112,2.495467132629389,2.1256864165391542,13.0,8.0,58.0,1.0,0.0
2007-10-31,meeting_date,209.19,3.610698365527476,212.077,2.156551059730249,87.318,3.08847488843238,86.576,2.183509194344113,4.7,138175.0,14715.058,86.993,5.04794442889684,4.76,3.84,3.94,3.94,4.16,4.48,18.53,2.34,0.54,1.9,-0.1825,,11579.1598,4.6,2.5786,-0.3479444288968398,0.1835091943441131,0.5400000000000005,,,,,,,,,,,,,,,,,,,,,2007Q4,0.4142011834319526,0.2688335305443968,1.0,0.0,1.0,1.0,3.1,2.42,-0.001,19.2,1.1,6.7529,-0.025,-0.0390304556392984,0.0140304556392984,13877.0308,13930.8641,53.8333,14025.0411,14105.8308,80.7897,14195.2891,14292.115,96.8259,14353.0605,14483.65,130.5895,14518.2956,14686.6417,168.3461,4.5561,4.6918,0.1357,4.6,4.7142,0.1142,4.6,4.8,0.2,4.6,4.8,0.2,4.5557,4.8,0.2443,2.0,2.8646,0.8646,1.4,2.5,1.1,1.93,2.7,0.77,2.0,2.6936,0.6936,2.0,2.7,0.7,1.7,2.5,0.8,1.3809,2.5,1.1191,1.8,2.5,0.7,1.8,2.3,0.5,1.896,2.5,0.604,3.5691,5.1856,1.6165,4.1648,5.3587,1.1939,4.7501,5.535,0.7849,4.6667,5.5388,0.8721,4.619,5.4368,0.8178,2.3,2.8,0.5,2.3,2.9,0.6,2.2766,3.0197,0.743,2.4852,3.1,0.6148,2.4784,3.1,0.6216,1.8,2.5,0.7,1.9992,2.8,0.8008,2.008,2.8,0.792,2.1556,2.8016,0.646,2.2507,2.8356,0.5849,953.799,954.1862,0.3872,954.86,955.4344,0.5744,956.0665,956.7463,0.6798,957.1718,958.0776,0.9057,958.3165,959.4694,1.1529,151.6467,154.5809,2.9341,152.6056,155.0583,2.4527,152.6056,156.8616,4.256,152.6056,156.8616,4.256,151.6368,156.8616,5.2247,935.6474,935.7693,0.1219,936.2323,936.5565,0.3242,936.7951,937.2032,0.4082,937.4513,937.9518,0.5004,938.1133,938.674,0.5607,902.1385,902.3099,0.1713,902.6319,902.9855,0.3536,903.1533,903.6562,0.5029,903.685,904.3323,0.6473,904.1271,905.0224,0.8954,4.76,4.495,-0.27,4.24,-0.5199999999999996,-2.70805020110221,0.6579516949597689,-1.6094379124341003,0.879555875612471,-1.791759469228055,0.7071067811865476,-2.995732273553991,0.8109437915109545,-2.833213344056216,0.8540400673864839,0.6931471805599453,1.0954451150103324,-3.713572066704308,0.8446114158802386,0.7133684438352212,4.0,9.0,22.0,1.0,0.0,,,,,,,,,,,,,,,,,,,,,,,,,,,,,,,,,,,,,,,,,-16.837331542280637,7.078045634521982,-3.2917131488204667,5.272487368575278,-2.5902671654458262,3.145769571666123,-9.064157861798101,5.8213436587675504,-27.994754708827884,6.055786353804618,-2.890371757896165,3.716757474716819,-33.76814172570671,0.6650164776581025,0.4663588081843147,40.0,12.0,93.0,1.0,0.0,-0.6931471805599453,0.0,0.6931471805599453,0.7071067811865476,0.0,0.0,0.0,0.0,0.0,0.0,0.0,0.0,0.0,1.0,1.0,0.0,1.0,0.0,0.0,0.0,-20.23852892394279,7.735997329481751,-4.208003880694622,6.859150025374296,-4.382026634673881,3.8528763528526704,-12.059890135352092,6.632287450278505,-30.8279680528841,6.909826421191102,-2.1972245773362196,4.812202589727152,-37.48171379241102,2.509627893538341,2.179727252019536,44.0,22.0,115.0,2.0,0.0
2007-12-11,meeting_date,211.445,4.108813392417532,213.168,2.4353676117251366,87.984,3.471634208298058,86.92,2.4033930254476976,5.0,138395.0,14715.058,86.993,5.04794442889684,4.24,2.87,3.07,2.94,3.32,3.98,23.59,2.25,1.04,1.22,-2.1238,,11579.1598,4.6,2.5786,-0.04794442889684,0.4033930254476976,1.04,,,,,,,,,,,,,,,,,,,,,2007Q4,0.3414634146341463,0.1987250681941208,1.0,0.0,1.0,1.0,3.4,2.4,0.543,19.2,1.4,-1.9413,0.03875,-0.0528109427418408,0.0915609427418408,13877.0308,13930.8641,53.8333,14025.0411,14105.8308,80.7897,14195.2891,14292.115,96.8259,14353.0605,14483.65,130.5895,14518.2956,14686.6417,168.3461,4.5561,4.6918,0.1357,4.6,4.7142,0.1142,4.6,4.8,0.2,4.6,4.8,0.2,4.5557,4.8,0.2443,2.0,2.8646,0.8646,1.4,2.5,1.1,1.93,2.7,0.77,2.0,2.6936,0.6936,2.0,2.7,0.7,1.7,2.5,0.8,1.3809,2.5,1.1191,1.8,2.5,0.7,1.8,2.3,0.5,1.896,2.5,0.604,3.5691,5.1856,1.6165,4.1648,5.3587,1.1939,4.7501,5.535,0.7849,4.6667,5.5388,0.8721,4.619,5.4368,0.8178,2.3,2.8,0.5,2.3,2.9,0.6,2.2766,3.0197,0.743,2.4852,3.1,0.6148,2.4784,3.1,0.6216,1.8,2.5,0.7,1.9992,2.8,0.8008,2.008,2.8,0.792,2.1556,2.8016,0.646,2.2507,2.8356,0.5849,953.799,954.1862,0.3872,954.86,955.4344,0.5744,956.0665,956.7463,0.6798,957.1718,958.0776,0.9057,958.3165,959.4694,1.1529,151.6467,154.5809,2.9341,152.6056,155.0583,2.4527,152.6056,156.8616,4.256,152.6056,156.8616,4.256,151.6368,156.8616,5.2247,935.6474,935.7693,0.1219,936.2323,936.5565,0.3242,936.7951,937.2032,0.4082,937.4513,937.9518,0.5004,938.1133,938.674,0.5607,902.1385,902.3099,0.1713,902.6319,902.9855,0.3536,903.1533,903.6562,0.5029,903.685,904.3323,0.6473,904.1271,905.0224,0.8954,4.24,4.271,-0.44,3.94,-0.30000000000000027,-2.6390573296152584,0.7277666307098061,1.3862943611198906,0.9560445408144769,-1.0986122886681098,0.8006407690254357,-3.4965075614664802,0.7765064424305622,-3.4011973816621555,0.7625572152261798,-1.6094379124341003,0.8819171036881969,-4.02535169073515,0.8276850136595898,0.6850624818366754,5.0,8.0,21.0,1.0,0.0,,,,,,,,,,,,,,,,,,,,,,,,,,,,,,,,,,,,,,,,,-6.473890696352275,3.571602999385968,-1.6094379124341005,1.998037415833494,-1.3862943611198906,0.45226701686664544,-3.332204510175204,2.4742956334999198,-10.375863365926918,5.112365109513043,-0.4054651081081645,1.6071801201615499,-12.846926031368985,0.6993656922054131,0.522984441846814,32.0,3.0,27.0,0.0,0.0,-0.6931471805599453,0.0,0.0,1.4142135623730951,0.0,0.0,0.0,0.0,0.0,0.0,-0.6931471805599453,0.0,-0.6931471805599453,1.1547005383792517,1.3333333333333335,1.0,1.0,1.0,0.0,0.0,-9.806095206527479,4.299369630095774,-0.22314355131420993,4.368295519021066,-2.4849066497880004,1.2529077858920812,-6.828712071641684,3.250802075930482,-13.777060747589074,5.874922324739223,-2.70805020110221,2.489097223849747,-17.56542490266408,2.681751244244255,2.5413802570168227,38.0,12.0,49.0,1.0,0.0
2008-01-30,meeting_date,212.174,4.294695655165981,213.771,2.4789069990412305,88.206,3.387406817009708,87.093,2.1930442128977656,5.0,138391.0,14706.538,87.315,5.04870025100836,3.94,2.16,2.23,2.3,2.96,3.78,27.62,2.33,1.48,0.84,-0.245,,11675.1696,4.7,3.0,-0.04870025100836,0.1930442128977656,1.48,,,,,,,,,,,,,,,,,,,,,2008Q1,0.4662576687116564,0.3271674026389196,1.0,0.0,1.0,1.0,3.4,2.54,0.412,32.1,1.4,1.8788,-0.1075,-0.0510139027862151,-0.0564860972137848,14037.6191,14077.429,39.8098,14179.4879,14241.8099,62.3219,14316.1232,14423.7687,107.6455,14480.2348,14619.3927,139.1578,14644.0,14820.2404,176.2404,4.7,4.8,0.1,4.8,4.9,0.1,4.8,5.0,0.2,4.8,5.1,0.3,4.8,5.1,0.3,2.4495,3.75,1.3005,2.4,3.5,1.1,2.0146,2.8,0.7854,1.9455,2.6786,0.7331,1.8819,2.7,0.8181,2.1,3.1,1.0,1.8,2.9313,1.1313,1.7,2.45,0.75,1.775,2.4,0.625,1.7,2.25,0.55,3.2241,4.4,1.1759,3.7,5.2166,1.5166,4.0392,5.3,1.2608,4.2718,5.3809,1.1091,4.4475,5.4846,1.0371,1.3982,1.964,0.5658,1.6195,2.4,0.7805,2.0106,2.7317,0.7211,2.3937,3.0,0.6063,2.5184,3.1,0.5816,1.5897,2.3079,0.7182,1.7338,2.4,0.6662,1.9875,2.5,0.5125,2.0036,2.7257,0.7222,2.2878,2.8749,0.5872,954.9496,955.2328,0.2832,955.9552,956.3937,0.4386,956.9142,957.6633,0.7491,958.054,959.0104,0.9564,959.1786,960.3749,1.1963,154.7563,156.8616,2.1053,156.8616,158.9235,2.0619,156.8616,160.9438,4.0822,156.8616,162.9241,6.0625,156.8616,162.9241,6.0625,936.4875,936.6266,0.1391,936.912,937.1378,0.2258,937.4396,937.8673,0.4277,938.0387,938.5867,0.548,938.7498,939.2649,0.5152,902.8592,903.0353,0.1761,903.3211,903.6442,0.3231,903.7782,904.2801,0.5019,904.3445,904.9197,0.5752,904.9399,905.6198,0.6799,3.94,2.96,-0.23,2.61,-1.33,-2.6390573296152584,0.7277666307098061,1.3862943611198906,0.9560445408144769,-1.0986122886681098,0.8006407690254357,-3.4965075614664802,0.7765064424305622,-3.4011973816621555,0.7625572152261798,-1.6094379124341003,0.8819171036881969,-4.02535169073515,0.8276850136595898,0.6850624818366754,5.0,8.0,21.0,1.0,0.0,,,,,,,,,,,,,,,,,,,,,,,,,,,,,,,,,,,,,,,,,-5.966146739123692,2.05315660344489,2.0794415416798357,2.837340229592615,-0.6931471805599453,2.059662203703115,-3.555348061489413,1.7781022854128945,-6.804614520062624,1.2782862519966247,-2.772588722239781,1.1634447125194667,-7.142827401161621,0.5387670038440386,0.32130973308370914,28.0,3.0,37.0,1.0,0.0,-1.0986122886681098,0.0,-0.6931471805599453,0.0,0.0,0.0,-1.0986122886681098,0.0,0.0,0.0,0.0,0.0,-1.6094379124341003,0.0,0.0,0.0,0.0,1.0,1.0,0.0,-7.064759027791802,2.05315660344489,1.3862943611198904,2.837340229592615,-0.6931471805599453,2.059662203703115,-4.653960350157523,1.7781022854128945,-6.804614520062624,1.2782862519966247,-2.772588722239781,1.1634447125194667,-8.752265313595721,0.5387670038440386,0.32130973308370914,28.0,3.0,38.0,2.0,0.0
2008-03-18,meeting_date,213.448,3.9749035501344334,214.42,2.388524386633417,88.635,3.1911425710759778,87.349,2.169742905934924,5.1,138259.0,14706.538,87.315,5.04870025100836,2.61,0.91,1.29,1.58,2.42,3.48,25.79,2.4,1.9,0.21,-3.1779,,11675.1696,4.7,3.0,0.0512997489916395,0.1697429059349238,1.9,,,,,,,,,,,,,,,,,,,,,2008Q1,0.8272058823529411,0.8855100491368557,2.0,0.0,2.0,1.0,4.3,2.59,0.94,32.1,2.3,-2.9329,0.09538,0.0511967929383024,0.0441832070616975,14037.6191,14077.429,39.8098,14179.4879,14241.8099,62.3219,14316.1232,14423.7687,107.6455,14480.2348,14619.3927,139.1578,14644.0,14820.2404,176.2404,4.7,4.8,0.1,4.8,4.9,0.1,4.8,5.0,0.2,4.8,5.1,0.3,4.8,5.1,0.3,2.4495,3.75,1.3005,2.4,3.5,1.1,2.0146,2.8,0.7854,1.9455,2.6786,0.7331,1.8819,2.7,0.8181,2.1,3.1,1.0,1.8,2.9313,1.1313,1.7,2.45,0.75,1.775,2.4,0.625,1.7,2.25,0.55,3.2241,4.4,1.1759,3.7,5.2166,1.5166,4.0392,5.3,1.2608,4.2718,5.3809,1.1091,4.4475,5.4846,1.0371,1.3982,1.964,0.5658,1.6195,2.4,0.7805,2.0106,2.7317,0.7211,2.3937,3.0,0.6063,2.5184,3.1,0.5816,1.5897,2.3079,0.7182,1.7338,2.4,0.6662,1.9875,2.5,0.5125,2.0036,2.7257,0.7222,2.2878,2.8749,0.5872,954.9496,955.2328,0.2832,955.9552,956.3937,0.4386,956.9142,957.6633,0.7491,958.054,959.0104,0.9564,959.1786,960.3749,1.1963,154.7563,156.8616,2.1053,156.8616,158.9235,2.0619,156.8616,160.9438,4.0822,156.8616,162.9241,6.0625,156.8616,162.9241,6.0625,936.4875,936.6266,0.1391,936.912,937.1378,0.2258,937.4396,937.8673,0.4277,938.0387,938.5867,0.548,938.7498,939.2649,0.5152,902.8592,903.0353,0.1761,903.3211,903.6442,0.3231,903.7782,904.2801,0.5019,904.3445,904.9197,0.5752,904.9399,905.6198,0.6799,2.61,2.5981,-0.79,2.28,-0.33000000000000007,-2.8903717578961645,0.6894814104706634,1.0986122886681098,0.9034166348709859,-2.6390573296152584,0.35186577527449836,-4.110873864173311,0.6003661886212118,-3.58351893845611,0.6416041413446179,-1.3862943611198906,0.7867957924694431,-4.51085950651685,0.7706440783849274,0.5938922955497542,10.0,5.0,21.0,1.0,0.0,,,,,,,,,,,,,,,,,,,,,,,,,,,,,,,,,,,,,,,,,-13.507625778194974,3.881558988283108,-3.178053830347946,4.060840031130511,-6.96979066990159,2.3531826739241186,-13.298264366395362,2.3825766090831904,-25.8146875460973,5.833501784685694,-7.154615356913663,2.4927300756648885,-29.568941292396204,0.6019752935790826,0.41215502228059914,49.0,16.0,138.0,0.0,0.0,-1.0986122886681098,0.0,0.6931471805599453,0.9574271077563381,-0.6931471805599453,0.0,-1.791759469228055,0.0,-0.6931471805599453,0.0,0.0,0.0,-1.791759469228055,0.8498365855987975,0.7222222222222222,1.0,0.0,3.0,1.0,0.0,-17.496609824759247,4.571040398753771,-1.3862943611198912,5.921683773757835,-10.301995180076794,2.705048449198617,-19.200897699796727,2.982942797704402,-30.091353665113356,6.475105926030312,-8.540909718033554,3.2795258681343316,-35.87156026814111,2.222455957562808,1.7282695400525756,60.0,21.0,162.0,2.0,0.0
2008-04-30,meeting_date,213.942,3.903760975988813,214.56,2.294669292051843,88.799,3.13951867682587,87.4,2.08372266866006,5.0,138040.0,14865.701,87.738,5.0491596582576,2.28,1.41,1.6,2.29,3.03,3.77,20.79,2.27,1.48,0.77,0.115,,11697.0,5.0,3.485,-0.0491596582575999,0.0837226686600596,1.48,,,,,,,,,,,,,,,,,,,,,2008Q2,0.3037974683544303,0.2373988769813299,2.0,0.0,2.0,1.0,4.8,2.28,0.651,55.4,2.8,3.2929000000000004,-0.06,-0.0408846718739138,-0.0191153281260861,14149.0,14215.9,66.9,14254.5,14350.2,95.7,14390.1,14570.7573,180.6573,14533.0,14753.9935,220.9935,14717.0,14956.9018,239.9018,5.0,5.0,0.0,5.1,5.3,0.2,5.1,5.4,0.3,5.1,5.5,0.4,5.0,5.4905,0.4905,2.55,3.7,1.15,1.675,3.0332,1.3582,1.8,2.9331,1.1331,1.6272,2.8177,1.1905,2.0169,2.9608,0.9439,2.3,3.2,0.9,1.6,2.9013,1.3013,1.8,2.8,1.0,1.7,2.7,1.0,2.1,2.7,0.6,1.9515,3.8934,1.9419,2.568,4.6135,2.0455,3.6633,6.1066,2.4433,4.0964,5.2597,1.1633,4.3098,5.796,1.4862,0.1498,1.1711,1.0213,0.7802,2.1,1.3198,1.8831,3.1548,1.2717,2.1516,3.0806,0.929,2.3493,3.1276,0.7784,0.3024,1.4557,1.1533,0.8984,2.0737,1.1753,1.7232,2.9145,1.1914,1.9098,2.8075,0.8978,2.0,2.7709,0.7709,955.7399,956.2116,0.4717,956.4828,957.1519,0.6691,957.4296,958.6772,1.2476,958.4177,959.9269,1.5092,959.6759,961.2928,1.617,160.9438,160.9438,0.0,162.9241,166.7707,3.8466,162.9241,168.6399,5.7158,162.9241,170.4748,7.5508,160.9438,170.3023,9.3585,936.5785,936.8321,0.2536,936.7749,937.2936,0.5187,937.2616,938.1348,0.8732,937.7733,938.9055,1.1323,938.442,939.6877,1.2457,902.9897,903.2755,0.2858,903.2381,903.695,0.4569,903.7782,904.5235,0.7454,904.2639,905.0814,0.8175,904.8487,905.8534,1.0047,2.28,1.995,-0.67,2.0,-0.2799999999999998,-2.9444389791664403,0.7156093726283553,-1.9459101490553132,0.8715399483288767,-2.5649493574615367,0.6831300510639732,-3.912023005428146,0.7368489106347519,-2.772588722239781,0.9092187667883993,0.0,1.0,-4.343805421853684,0.8272892644336206,0.684407527047121,8.0,6.0,24.0,0.0,0.0,,,,,,,,,,,,,,,,,,,,,,,,,,,,,,,,,,,,,,,,,-5.4116460518550396,3.4589727390478404,-0.5108256237659905,3.2435995797118964,-2.772588722239781,0.9574271077563381,-5.123963979403259,3.7020864999180754,-18.13936555978279,4.574307388485021,-4.382026634673881,2.7464006604309974,-20.362920164118215,0.7616537149928891,0.582343127096701,9.0,4.0,66.0,0.0,0.0,-0.6931471805599453,0.0,0.6931471805599453,0.7071067811865476,0.0,0.0,0.0,0.0,0.0,0.0,0.0,0.0,0.0,1.0,1.0,1.0,0.0,0.0,0.0,0.0,-9.049232211581424,4.174582111676196,-1.7635885922613586,4.822246309227321,-5.337538079701318,1.6405571588203114,-9.035986984831405,4.438935410552827,-20.91195428202257,5.48352615527342,-4.382026634673881,3.7464006604309974,-24.7067255859719,2.58894297942651,2.266750654143822,18.0,10.0,90.0,0.0,0.0
2008-06-25,meeting_date,217.463,4.935966105947864,215.424,2.3917259211377,89.827,3.8114389395462736,87.76,2.2140952025996308,5.6,137700.0,14865.701,87.738,5.0491596582576,2.0,1.78,2.17,2.82,3.54,4.12,21.14,2.47,1.3,0.97,-0.06,,11697.0,5.0,3.485,0.5508403417423997,0.2140952025996307,1.3000000000000005,,,,,,,,,,,,,,,,,,,,,2008Q2,0.5454545454545454,0.4786867325715567,1.0,0.0,1.0,1.0,5.1,2.37,0.66,55.4,3.1,-0.175,-0.015,-0.0032804026260407,-0.0117195973739592,14149.0,14215.9,66.9,14254.5,14350.2,95.7,14390.1,14570.7573,180.6573,14533.0,14753.9935,220.9935,14717.0,14956.9018,239.9018,5.0,5.0,0.0,5.1,5.3,0.2,5.1,5.4,0.3,5.1,5.5,0.4,5.0,5.4905,0.4905,2.55,3.7,1.15,1.675,3.0332,1.3582,1.8,2.9331,1.1331,1.6272,2.8177,1.1905,2.0169,2.9608,0.9439,2.3,3.2,0.9,1.6,2.9013,1.3013,1.8,2.8,1.0,1.7,2.7,1.0,2.1,2.7,0.6,1.9515,3.8934,1.9419,2.568,4.6135,2.0455,3.6633,6.1066,2.4433,4.0964,5.2597,1.1633,4.3098,5.796,1.4862,0.1498,1.1711,1.0213,0.7802,2.1,1.3198,1.8831,3.1548,1.2717,2.1516,3.0806,0.929,2.3493,3.1276,0.7784,0.3024,1.4557,1.1533,0.8984,2.0737,1.1753,1.7232,2.9145,1.1914,1.9098,2.8075,0.8978,2.0,2.7709,0.7709,955.7399,956.2116,0.4717,956.4828,957.1519,0.6691,957.4296,958.6772,1.2476,958.4177,959.9269,1.5092,959.6759,961.2928,1.617,160.9438,160.9438,0.0,162.9241,166.7707,3.8466,162.9241,168.6399,5.7158,162.9241,170.4748,7.5508,160.9438,170.3023,9.3585,936.5785,936.8321,0.2536,936.7749,937.2936,0.5187,937.2616,938.1348,0.8732,937.7733,938.9055,1.1323,938.442,939.6877,1.2457,902.9897,903.2755,0.2858,903.2381,903.695,0.4569,903.7782,904.5235,0.7454,904.2639,905.0814,0.8175,904.8487,905.8534,1.0047,2.0,2.0,-0.71,2.0,0.0,-0.6931471805599453,0.9500512631418383,-0.6931471805599453,0.8919137873593124,-2.0794415416798357,0.6504436355879909,-3.7376696182833684,0.6663812174278619,-3.4011973816621555,0.7625572152261798,-0.6931471805599453,0.7071067811865476,-4.174387269895637,0.8062607981620136,0.6500564746528471,6.0,11.0,22.0,0.0,0.0,,,,,,,,,,,,,,,,,,,,,,,,,,,,,,,,,,,,,,,,,-13.158502424020202,6.5592988727246455,4.446565155811452,5.508301588571255,-7.860185057472165,3.6067493416875545,-12.291001856315479,6.272842570782678,-26.56635409430059,7.99626318633754,0.0,3.5610944398942177,-27.861334310154305,0.7292719878099015,0.5500315335137925,36.0,22.0,68.0,2.0,0.0,0.0,0.0,0.0,0.0,0.0,0.0,0.0,0.0,0.0,0.0,0.0,0.0,0.0,,,1.0,0.0,0.0,0.0,0.0,-13.851649604580148,7.509350135866484,3.753417975251507,6.400215375930568,-9.939626599152001,4.257192977275546,-16.02867147459885,6.93922378821054,-29.967551475962743,8.75882040156372,-0.6931471805599453,4.268201221080766,-32.035721580049945,1.535532785971915,1.2000880081666396,43.0,33.0,90.0,2.0,0.0
2008-08-05,meeting_date,218.69,5.308017162091239,216.393,2.4981171756213394,90.172,3.9806273062730657,88.026,2.217938594453983,6.1,137211.0,14898.999,88.399,5.04923570796679,2.0,1.72,1.92,2.54,3.28,4.04,21.14,2.3,1.5,1.18,-0.2976,,11699.0917,5.1333,3.5,1.0507642920332092,0.2179385944539831,1.5,,,,,,,,,,,,,,,,,,,,,2008Q3,0.5963302752293578,0.50123312028776,1.0,0.0,1.0,1.0,4.8,2.5,0.684,57.7,2.8,-0.2375999999999999,-0.00447,0.0130052083150765,-0.0174752083150765,14256.98,14322.5,65.52,14384.4,14498.4,114.0,14517.3958,14647.7,130.3042,14674.0442,14841.4326,167.3884,14846.1371,15027.1848,181.0477,5.1,5.2,0.1,5.2,5.5,0.3,5.3,5.6,0.3,5.3,5.7,0.4,5.2,5.8,0.6,2.8,4.0,1.2,2.6,3.8,1.2,1.86,3.0,1.14,2.2,3.0,0.8,2.0,2.8,0.8,2.6,3.4,0.8,2.2,3.274,1.074,1.88,3.0,1.12,2.1,2.8,0.7,1.8,2.9,1.1,2.0395,3.9282,1.8887,3.7849,5.2378,1.453,3.1019,5.0844,1.9824,3.936,5.4365,1.5005,4.5737,5.5833,1.0096,-0.4073,0.9234,1.3307,1.4178,2.6255,1.2077,0.9,2.118,1.218,1.392,2.7577,1.3657,2.2053,2.9,0.6947,0.3002,1.5,1.1998,1.5331,3.0076,1.4746,0.4882,2.1648,1.6766,1.0,2.142,1.142,1.7673,2.5255,0.7582,956.5002,956.9587,0.4585,957.39,958.1794,0.7894,958.3103,959.2039,0.8936,959.3836,960.5178,1.1343,960.5495,961.7616,1.2121,162.9241,164.8659,1.9418,164.8659,170.4748,5.6089,166.7707,172.2767,5.506,166.7707,174.0466,7.2759,164.8659,175.7858,10.9199,936.5734,936.9052,0.3318,936.9576,937.5685,0.6109,937.158,938.0373,0.8793,937.5622,938.7495,1.1873,938.1769,939.4416,1.2647,903.3051,903.6024,0.2973,903.6533,904.3978,0.7445,903.957,904.6868,0.7298,904.2407,905.0816,0.8409,904.8206,905.6534,0.8328,2.0,2.0119,-1.25,1.81,-0.18999999999999995,-1.9459101490553132,0.8645047258706176,1.3862943611198906,0.8998425413316951,-2.4849066497880004,0.28867513459481287,-3.367295829986474,0.8329377592200173,-3.332204510175204,0.7443900581965788,-1.3862943611198906,0.0,-4.060443010546419,0.844244244499695,0.7127483443708609,5.0,6.0,23.0,1.0,0.0,,,,,,,,,,,,,,,,,,,,,,,,,,,,,,,,,,,,,,,,,-4.584967478670572,3.76634135329909,-1.3862943611198906,2.550972088824711,-2.995732273553991,0.674199862463242,-3.2580965380214817,1.8763476288352618,-11.654425027243928,2.7563061676968594,-0.4054651081081645,1.3193038483139228,-12.532494546297885,0.6647202475080289,0.4463020422332321,17.0,5.0,22.0,2.0,0.0,0.0,0.0,0.6931471805599453,0.7071067811865476,0.0,0.0,0.6931471805599453,0.0,0.0,0.0,0.0,0.0,0.6931471805599453,0.7071067811865476,0.5,1.0,0.0,0.0,0.0,0.0,-6.530877627725886,4.630846079169707,0.6931471805599454,4.1579214113429535,-5.480638923341991,0.9628749970580549,-5.932245187448011,2.709285388055279,-14.986629537419132,3.500696225893438,-1.791759469228055,1.3193038483139228,-15.899790376284358,2.2160712731942716,1.6590503866040929,23.0,11.0,45.0,3.0,0.0
2008-09-16,meeting_date,218.877,4.953319875136075,216.713,2.4386208722122937,90.247,3.6678383532060543,88.116,2.0439832775532407,6.1,136760.0,14898.999,88.399,5.04923570796679,1.81,0.84,1.5,1.89,2.64,3.48,30.3,1.63,1.59,1.61,-2.6475,,11699.0917,5.1333,3.5,1.0507642920332092,0.0439832775532407,1.59,,,,,,,,,,,,,,,,,,,,,2008Q3,0.1388888888888888,0.0458003142695419,0.0,0.0,0.0,0.0,4.3,2.23,1.23,57.7,2.3,-2.3499,0.10446,0.0781495700609333,0.0263104299390666,14256.98,14322.5,65.52,14384.4,14498.4,114.0,14517.3958,14647.7,130.3042,14674.0442,14841.4326,167.3884,14846.1371,15027.1848,181.0477,5.1,5.2,0.1,5.2,5.5,0.3,5.3,5.6,0.3,5.3,5.7,0.4,5.2,5.8,0.6,2.8,4.0,1.2,2.6,3.8,1.2,1.86,3.0,1.14,2.2,3.0,0.8,2.0,2.8,0.8,2.6,3.4,0.8,2.2,3.274,1.074,1.88,3.0,1.12,2.1,2.8,0.7,1.8,2.9,1.1,2.0395,3.9282,1.8887,3.7849,5.2378,1.453,3.1019,5.0844,1.9824,3.936,5.4365,1.5005,4.5737,5.5833,1.0096,-0.4073,0.9234,1.3307,1.4178,2.6255,1.2077,0.9,2.118,1.218,1.392,2.7577,1.3657,2.2053,2.9,0.6947,0.3002,1.5,1.1998,1.5331,3.0076,1.4746,0.4882,2.1648,1.6766,1.0,2.142,1.142,1.7673,2.5255,0.7582,956.5002,956.9587,0.4585,957.39,958.1794,0.7894,958.3103,959.2039,0.8936,959.3836,960.5178,1.1343,960.5495,961.7616,1.2121,162.9241,164.8659,1.9418,164.8659,170.4748,5.6089,166.7707,172.2767,5.506,166.7707,174.0466,7.2759,164.8659,175.7858,10.9199,936.5734,936.9052,0.3318,936.9576,937.5685,0.6109,937.158,938.0373,0.8793,937.5622,938.7495,1.1873,938.1769,939.4416,1.2647,903.3051,903.6024,0.2973,903.6533,904.3978,0.7445,903.957,904.6868,0.7298,904.2407,905.0816,0.8409,904.8206,905.6534,0.8328,1.81,2.1046,-2.58,0.97,-0.8400000000000001,-2.5649493574615367,0.5982430416161189,-2.4849066497880004,0.816496580927726,-2.4849066497880004,0.6063390625908325,-3.713572066704308,0.6930593502290828,-3.5553480614894135,0.7305930698865367,-1.0986122886681098,0.5773502691896258,-4.442651256490317,0.7242234841086262,0.5244996549344376,5.0,4.0,19.0,1.0,0.0,,,,,,,,,,,,,,,,,,,,,,,,,,,,,,,,,,,,,,,,,-2.70805020110221,0.778498944161523,-2.0794415416798357,0.8366600265340756,0.0,0.0,-0.4054651081081645,0.0,-6.761572768804056,1.9651352850484947,-0.6931471805599453,0.0,-6.4457198193855785,0.6524121683452441,0.4256512695342482,2.0,0.0,18.0,1.0,0.0,0.0,0.0,-0.6931471805599453,0.7071067811865476,0.0,0.0,-0.6931471805599453,0.0,0.0,0.0,0.0,0.0,-0.6931471805599453,0.7071067811865476,0.5,1.0,0.0,0.0,0.0,0.0,-5.272999558563747,1.3767419857776417,-5.2574953720277815,2.3602633886483493,-2.4849066497880004,0.6063390625908325,-4.812184355372418,0.6930593502290828,-10.31692083029347,2.6957283549350315,-1.791759469228055,0.5773502691896258,-11.58151825643584,2.083742433640418,1.4501509244686859,8.0,4.0,37.0,2.0,0.0
2008-10-29,meeting_date,216.995,3.7310578899565128,216.788,2.2213629955157854,89.651,2.6718431480336147,87.991,1.6344021437811884,6.5,136291.0,14608.209,88.613,5.048839829099929,0.97,0.61,1.08,1.58,2.77,3.93,69.96,0.88,2.35,3.73,-0.025,,11734.1979,5.7,5.3,1.4511601709000708,-0.3655978562188116,2.35,,,,,,,,,,,,,,,,,,,,,2008Q4,0.5733333333333333,0.5462216090070429,0.0,0.0,0.0,0.0,3.9,2.75,2.663,83.6,1.9,2.6225,-0.0475,-0.1023459922713371,0.0548459922713371,14386.5814,14428.0218,41.4404,14471.0,14573.04,102.04,14608.9168,14714.9707,106.054,14724.5053,14895.5987,171.0934,14882.7197,15087.7188,204.999,5.6,5.758,0.158,5.7,5.91,0.21,5.8,6.0435,0.2435,5.9,6.2567,0.3567,5.7,6.2298,0.5298,4.2,6.034,1.834,2.0,3.3,1.3,2.1209,3.4,1.2791,1.7032,3.0,1.2968,2.0,3.0,1.0,3.1,4.8,1.7,1.9161,3.6,1.6839,2.0396,3.0,0.9604,1.6,2.6,1.0,1.7,2.5,0.8,3.7,4.9,1.2,2.3873,3.9651,1.5779,2.9628,4.9,1.9372,3.3318,4.9197,1.5879,4.2172,5.2348,1.0176,0.6041,2.0,1.3959,-0.205,1.3663,1.5713,0.8474,2.0,1.1526,1.5,2.7,1.2,1.9451,2.8,0.8549,-0.024,1.3,1.324,-0.74,0.9619,1.7019,0.2118,1.8,1.5882,1.1104,2.4006,1.2902,1.6831,2.5019,0.8188,957.4051,957.6928,0.2876,957.9902,958.6929,0.7027,958.9387,959.6621,0.7233,959.7268,960.8821,1.1553,960.7956,962.1636,1.368,172.2767,175.059,2.7824,174.0466,177.6646,3.618,175.7858,179.8977,4.1119,177.4952,183.3648,5.8695,174.0466,182.934,8.8874,936.8901,937.2587,0.3686,936.8455,937.5829,0.7375,937.1421,937.907,0.7649,937.489,938.4232,0.9341,938.0569,939.1636,1.1067,902.9657,903.2946,0.3289,902.8063,903.5681,0.7619,902.8964,903.965,1.0686,903.1911,904.411,1.2199,903.6273,905.1014,1.4741,0.97,0.825,-1.13,0.65,-0.31999999999999995,-3.6888794541139363,0.6287178980164277,-3.1780538303479458,0.5854938345559502,-2.5649493574615367,0.2773500981126146,-4.30406509320417,0.4411193858399795,-4.2626798770413155,0.619535484797922,-2.5649493574615367,0.0,-5.204006687076795,0.5542186502610239,0.30715831229715107,7.0,0.0,35.0,1.0,0.0,,,,,,,,,,,,,,,,,,,,,,,,,,,,,,,,,,,,,,,,,-6.163314804034641,1.7087056366352527,-1.3862943611198906,0.7440238091428449,0.0,1.4142135623730951,-2.70805020110221,0.5,-7.402451520818245,2.450199353401585,-0.1823215567939548,0.0,-7.7025561132685825,0.8002113687587885,0.6693602339293174,13.0,0.0,20.0,2.0,0.0,-0.6931471805599453,0.0,0.0,0.0,0.0,0.0,0.0,0.0,0.0,0.0,0.0,0.0,-0.6931471805599453,,,0.0,0.0,0.0,0.0,0.0,-10.545341438708522,2.3374235346516805,-4.564348191467836,1.3295176436987952,-2.5649493574615367,1.6915636604857096,-7.01211529430638,0.9411193858399796,-11.665131397859561,3.0697348381995067,-2.7472709142554916,0.0,-13.599709980905324,1.3544300190198124,0.9765185462264685,20.0,0.0,55.0,3.0,0.0
2008-12-16,meeting_date,211.398,-0.022228002553859,216.925,1.7624596562335837,88.098,0.1295690125477477,87.909,1.137827887712839,7.3,134847.0,14608.209,88.613,5.048839829099929,0.16,0.04,0.23,0.65,1.34,2.37,52.37,0.16,1.72,1.64,-0.1639,,11734.1979,5.7,5.3,2.2511601709000706,-0.8621721122871611,1.7200000000000002,,,,,,,,,,,,,,,,,,,,,2008Q4,0.5733333333333333,0.5462216090070429,0.0,0.0,0.0,0.0,1.7,0.62,2.989,83.6,-0.3,-0.1389,-0.1395,-0.0383855605396972,-0.1011144394603028,14386.5814,14428.0218,41.4404,14471.0,14573.04,102.04,14608.9168,14714.9707,106.054,14724.5053,14895.5987,171.0934,14882.7197,15087.7188,204.999,5.6,5.758,0.158,5.7,5.91,0.21,5.8,6.0435,0.2435,5.9,6.2567,0.3567,5.7,6.2298,0.5298,4.2,6.034,1.834,2.0,3.3,1.3,2.1209,3.4,1.2791,1.7032,3.0,1.2968,2.0,3.0,1.0,3.1,4.8,1.7,1.9161,3.6,1.6839,2.0396,3.0,0.9604,1.6,2.6,1.0,1.7,2.5,0.8,3.7,4.9,1.2,2.3873,3.9651,1.5779,2.9628,4.9,1.9372,3.3318,4.9197,1.5879,4.2172,5.2348,1.0176,0.6041,2.0,1.3959,-0.205,1.3663,1.5713,0.8474,2.0,1.1526,1.5,2.7,1.2,1.9451,2.8,0.8549,-0.024,1.3,1.324,-0.74,0.9619,1.7019,0.2118,1.8,1.5882,1.1104,2.4006,1.2902,1.6831,2.5019,0.8188,957.4051,957.6928,0.2876,957.9902,958.6929,0.7027,958.9387,959.6621,0.7233,959.7268,960.8821,1.1553,960.7956,962.1636,1.368,172.2767,175.059,2.7824,174.0466,177.6646,3.618,175.7858,179.8977,4.1119,177.4952,183.3648,5.8695,174.0466,182.934,8.8874,936.8901,937.2587,0.3686,936.8455,937.5829,0.7375,937.1421,937.907,0.7649,937.489,938.4232,0.9341,938.0569,939.1636,1.1067,902.9657,903.2946,0.3289,902.8063,903.5681,0.7619,902.8964,903.965,1.0686,903.1911,904.411,1.2199,903.6273,905.1014,1.4741,0.65,0.1755,-2.67,0.61,-0.040000000000000036,-3.713572066704308,0.5740280452393519,-3.332204510175204,0.4785971776630355,-2.70805020110221,0.0,-4.356708826689592,0.41960502388362325,-3.8066624897703196,0.802295557085754,-2.1972245773362196,0.650443635587991,-5.093750200806762,0.6218678220258943,0.38671958807122936,8.0,0.0,25.0,1.0,0.0,,,,,,,,,,,,,,,,,,,,,,,,,,,,,,,,,,,,,,,,,-16.414745393392362,4.514907413882325,-3.7376696182833684,1.3975498014543501,-1.7917594692280552,1.7320508075688774,-8.958797346140276,2.430584865235209,-24.213941928394345,6.450499839721253,-6.068425588244111,2.8265237435939747,-26.5493862910672,0.6962967571263966,0.4920734713432253,29.0,1.0,51.0,1.0,0.0,-0.6931471805599453,0.0,0.0,0.0,0.0,0.0,0.0,0.0,0.0,0.0,0.0,0.0,-0.6931471805599453,,,0.0,0.0,0.0,0.0,0.0,-20.12831746009667,5.088935459121677,-7.069874128458572,1.8761469791173857,-4.499809670330265,1.7320508075688774,-13.315506172829867,2.850189889118832,-28.020604418164666,7.252795396807008,-8.26565016558033,3.476967379181966,-31.643136491873964,1.318164579152291,0.8787930594144546,37.0,1.0,76.0,2.0,0.0
2009-01-28,meeting_date,211.933,-0.1135860190221271,217.346,1.6723503187990874,88.108,-0.1111035530462767,87.882,0.9059281457752144,7.8,134079.0,14430.902,88.543,5.04788315494425,0.15,0.19,0.33,0.89,1.7,2.71,39.66,0.9,1.82,1.45,-0.185,,11633.0286,6.6,-2.6,2.75211684505575,-1.0940718542247856,1.82,,,,,,,,,,,,,,,,,,,,,2009Q1,0.730909090909091,0.5917533264411456,1.0,0.0,1.0,1.0,2.2,1.55,2.189,64.2,0.2000000000000001,-0.0211,0.0,-0.0015355058312712,0.0015355058312712,14391.4936,14454.4535,62.9599,14392.3964,14498.3414,105.945,14459.668,14603.4,143.732,14562.1096,14746.6,184.4904,14666.107,14898.7619,232.6549,6.5,6.7,0.2,6.9,7.2608,0.3608,7.1,7.6,0.5,7.3211,7.8,0.4789,7.4,7.9,0.5,-4.3443,-0.6,3.7443,0.0,1.8999,1.8999,1.3,2.3,1.0,1.7717,2.8,1.0283,1.859,2.8,0.941,-3.4,1.0,4.4,0.0,1.9,1.9,1.0464,2.3,1.2536,1.563,2.3269,0.7639,1.6,2.3,0.7,-1.0412,0.7019,1.7431,-0.2394,1.7233,1.9627,0.7104,3.3698,2.6593,2.835,4.4482,1.6132,3.2227,4.9089,1.6862,-3.6803,-2.0,1.6803,-2.0158,-0.4,1.6158,-0.2713,1.456,1.7274,0.9,2.2519,1.3519,1.6288,3.0,1.3712,-4.0,-1.7772,2.2228,-1.5,0.8899,2.3899,0.1198,1.8122,1.6924,1.157,2.2846,1.1277,1.4536,2.5475,1.0939,957.4393,957.8758,0.4365,957.4455,958.179,0.7334,957.9119,958.901,0.9891,958.6178,959.8768,1.259,959.3294,960.9033,1.5739,187.1802,190.2108,3.0305,193.1521,198.2486,5.0965,196.0095,202.8148,6.8053,199.0761,205.4124,6.3362,200.148,206.6863,6.5383,935.9678,936.4001,0.4324,935.5216,936.2065,0.6849,935.592,936.415,0.823,935.9148,936.9676,1.0528,936.3479,937.544,1.1961,901.0813,901.6225,0.5412,900.8676,901.8008,0.9332,900.9594,902.3392,1.3798,901.3951,902.859,1.464,901.8948,903.4115,1.5167,0.61,0.21,-3.04,0.75,0.14,-3.295836866004329,0.6567443424294808,-2.5649493574615367,0.7608859102526822,-2.302585092994046,0.31622776601683794,-3.912023005428146,0.6154574548966637,-3.6109179126442243,0.8585328483438437,-1.9459101490553132,0.4629100498862757,-4.7535901911063645,0.7467102382174685,0.5575761798587886,4.0,4.0,24.0,0.0,0.0,,,,,,,,,,,,,,,,,,,,,,,,,,,,,,,,,,,,,,,,,-3.5553480614894135,0.7374684055082,-1.6094379124341003,0.8819171036881968,-1.0986122886681098,1.0,-1.791759469228055,0.9341987329938275,-3.6635616461296463,0.8228976205015789,-1.3862943611198906,0.7440238091428449,-4.007333185232471,0.7920205729187276,0.6272965879265096,2.0,2.0,9.0,1.0,0.0,-1.791759469228055,0.0,-1.0986122886681098,0.0,0.0,0.0,-1.3862943611198906,0.0,-1.6094379124341003,0.0,-0.6931471805599453,0.0,-2.1972245773362196,0.0,0.0,0.0,0.0,2.0,1.0,0.0,-8.642944396721798,1.3942127479376807,-5.272999558563747,1.642803013940879,-3.401197381662156,1.316227766016838,-7.090076835776092,1.5496561878904913,-8.88391747120797,1.6814304688454227,-4.025351690735149,1.2069338590291205,-10.958147953675056,1.5387308111361961,1.1848727677852982,6.0,6.0,35.0,2.0,0.0
2009-03-18,meeting_date,212.495,-0.4464787676623838,218.253,1.7876130957932943,88.169,-0.5257516782309568,88.015,0.762458642915198,8.7,132494.0,14430.902,88.543,5.04788315494425,0.18,0.21,0.39,0.82,1.54,2.51,40.06,1.23,1.69,0.94,-0.2429,,11633.0286,6.6,-2.6,3.652116845055749,-1.237541357084802,1.69,,,,,,,,,,,,,,,,,,,,,2009Q1,0.5421245421245422,0.235603078370248,0.0,0.0,0.0,0.0,2.0,1.86,2.099,64.2,0.0,-0.0579,-0.00298,0.1104528227175466,-0.1134328227175466,14391.4936,14454.4535,62.9599,14392.3964,14498.3414,105.945,14459.668,14603.4,143.732,14562.1096,14746.6,184.4904,14666.107,14898.7619,232.6549,6.5,6.7,0.2,6.9,7.2608,0.3608,7.1,7.6,0.5,7.3211,7.8,0.4789,7.4,7.9,0.5,-4.3443,-0.6,3.7443,0.0,1.8999,1.8999,1.3,2.3,1.0,1.7717,2.8,1.0283,1.859,2.8,0.941,-3.4,1.0,4.4,0.0,1.9,1.9,1.0464,2.3,1.2536,1.563,2.3269,0.7639,1.6,2.3,0.7,-1.0412,0.7019,1.7431,-0.2394,1.7233,1.9627,0.7104,3.3698,2.6593,2.835,4.4482,1.6132,3.2227,4.9089,1.6862,-3.6803,-2.0,1.6803,-2.0158,-0.4,1.6158,-0.2713,1.456,1.7274,0.9,2.2519,1.3519,1.6288,3.0,1.3712,-4.0,-1.7772,2.2228,-1.5,0.8899,2.3899,0.1198,1.8122,1.6924,1.157,2.2846,1.1277,1.4536,2.5475,1.0939,957.4393,957.8758,0.4365,957.4455,958.179,0.7334,957.9119,958.901,0.9891,958.6178,959.8768,1.259,959.3294,960.9033,1.5739,187.1802,190.2108,3.0305,193.1521,198.2486,5.0965,196.0095,202.8148,6.8053,199.0761,205.4124,6.3362,200.148,206.6863,6.5383,935.9678,936.4001,0.4324,935.5216,936.2065,0.6849,935.592,936.415,0.823,935.9148,936.9676,1.0528,936.3479,937.544,1.1961,901.0813,901.6225,0.5412,900.8676,901.8008,0.9332,900.9594,902.3392,1.3798,901.3951,902.859,1.464,901.8948,903.4115,1.5167,0.75,0.2337,-2.34,0.43,-0.32,-3.367295829986474,0.4947168328900329,-2.6390573296152584,0.26726124191242434,-2.5649493574615367,0.5345224838248487,-4.07753744390572,0.5556748401291983,-3.871201010907891,0.7529384799283431,-1.6094379124341003,0.7867957924694431,-4.8283137373023015,0.6771972485313628,0.45859611341844836,7.0,0.0,21.0,1.0,0.0,,,,,,,,,,,,,,,,,,,,,,,,,,,,,,,,,,,,,,,,,-7.878534196140362,2.5993833378162776,-0.4054651081081645,0.8944271909999159,0.0,1.4142135623730951,-4.624972813284272,1.8856180831641267,-12.427134030640058,3.6581410610629974,-2.995732273553991,0.5773502691896258,-13.731363438705646,0.7404146220815517,0.5700619911111977,2.0,2.0,18.0,1.0,0.0,-1.9459101490553132,0.0,-1.0986122886681098,0.0,0.0,0.0,-1.0986122886681098,0.0,-1.6094379124341003,0.0,-0.6931471805599453,0.0,-2.0794415416798357,0.0,0.0,0.0,0.0,1.0,0.0,0.0,-13.191740175182149,3.0941001707063105,-4.143134726391533,1.1616884329123403,-2.5649493574615367,1.948736046197944,-9.801122545858101,2.441292923293325,-17.90777295398205,4.411079540991341,-5.298317366548036,1.3641460616590688,-20.639118717687783,1.4176118706129146,1.0286581045296461,9.0,2.0,40.0,2.0,0.0
2009-04-29,meeting_date,212.709,-0.5763244243767063,218.706,1.93232662192393,88.295,-0.5675739591662121,88.211,0.9279176201372864,9.0,131822.0,14381.236,88.396,5.046277934679369,0.15,0.11,0.28,0.94,2.01,3.12,36.08,1.53,2.18,1.14,-0.005,,11445.9,7.8,-2.7198,3.953722065320631,-1.0720823798627137,2.18,,,,,,,,,,,,,,,,,,,,,2009Q2,0.3849372384937238,0.1936872314028676,0.0,0.0,0.0,0.0,2.8,2.19,1.377,39.6,0.7999999999999998,0.2379,-0.0025,0.0429850838711513,-0.0454850838711513,14080.696,14159.2505,78.5545,14012.4355,14151.2035,138.768,14069.4123,14269.6793,200.267,14133.3011,14420.6703,287.3692,14241.4341,14604.5434,363.1093,7.6006,7.9,0.2994,8.1,8.5,0.4,8.5,8.9,0.4,8.6,9.2,0.6,8.5,9.385,0.885,-3.5,-1.6274,1.8726,0.49,1.8,1.31,1.1,2.203,1.103,1.0,2.1,1.1,1.5,2.5,1.0,-2.9246,-1.1,1.8246,-0.3358,1.5,1.8358,1.0,2.0,1.0,1.0,1.8427,0.8427,1.3,2.086,0.786,-5.058,-2.5779,2.4801,-2.2015,0.1967,2.3982,0.1798,3.5357,3.3559,1.8531,4.6703,2.8172,3.1539,4.5179,1.364,-5.7911,-4.4511,1.34,-2.5,-0.8,1.7,-0.0753,1.7582,1.8335,1.2972,2.8,1.5028,2.0071,3.0098,1.0027,-3.1,-1.5833,1.5167,-1.5295,0.945,2.4745,0.0052,2.4404,2.4352,1.0,2.3879,1.3879,1.5,2.5,1.0,955.256,955.8123,0.5563,954.77,955.7555,0.9854,955.1758,956.5892,1.4134,955.6289,957.6418,2.0129,956.3911,958.9088,2.5177,202.8225,206.6863,3.8638,209.1864,214.0066,4.8202,214.0066,218.6051,4.5985,215.1762,221.9203,6.7441,214.0066,223.9113,9.9047,934.3795,934.7326,0.3531,933.7562,934.4417,0.6855,933.9221,934.9306,1.0086,934.2443,935.522,1.2777,934.8553,936.3287,1.4734,900.2418,900.6301,0.3883,900.0279,900.8365,0.8086,900.0474,901.334,1.2865,900.2085,901.892,1.6835,900.581,902.6345,2.0535,0.43,0.18,-1.61,0.02,-0.41,-1.9459101490553132,0.6710382982072027,-1.6094379124341003,0.883715101688537,-2.70805020110221,0.5483188805533162,-2.8903717578961645,0.83435834397089,-2.6390573296152584,0.8729901495677004,-1.791759469228055,0.633323693776651,-3.9889840465642745,0.8198281689482165,0.6721182266009854,6.0,1.0,20.0,1.0,0.0,,,,,,,,,,,,,,,,,,,,,,,,,,,,,,,,,,,,,,,,,-16.089659138713696,3.6578387143503903,0.6931471805599453,2.5171456306730966,-2.3025850929940455,0.0,-11.87856807889122,3.6562710008047383,-23.461687372232586,5.190797256948741,-5.857933154483459,3.0134165511031172,-24.596425887682088,0.7518661230469822,0.5711028446120181,24.0,9.0,57.0,3.0,0.0,-1.9459101490553132,0.4629100498862757,-1.0986122886681098,0.0,0.0,0.0,-1.0986122886681098,0.0,-1.3862943611198906,0.5477225575051662,-0.6931471805599453,0.5773502691896258,-2.0794415416798357,0.44095855184409843,0.19444444444444445,0.0,0.0,1.0,1.0,0.0,-19.98147943682432,4.791787062443868,-2.0149030205422647,3.4008607323616333,-5.0106352940962555,0.5483188805533162,-15.867552125455493,4.490629344775629,-27.487039062967735,6.611509964021607,-8.34283980427146,4.224090514069394,-30.6648514759262,2.012652843839297,1.4376655156574478,30.0,10.0,78.0,5.0,0.0
2009-06-24,meeting_date,214.79,-1.2291746182109151,219.112,1.711972667855011,88.912,-1.018624689681269,88.392,0.7201458523245163,9.5,131008.0,14381.236,88.396,5.046277934679369,0.21,0.19,0.32,1.19,2.74,3.72,29.05,1.79,2.53,1.4,-0.0025,,11445.9,7.8,-2.7198,4.453722065320631,-1.2798541476754837,2.53,,,,,,,,,,,,,,,,,,,,,2009Q2,0.3539823008849557,0.1375416782408083,0.0,0.0,0.0,0.0,3.1,2.24,0.761,39.6,1.1,0.0025,0.005,-0.0242186186147926,0.0292186186147926,14080.696,14159.2505,78.5545,14012.4355,14151.2035,138.768,14069.4123,14269.6793,200.267,14133.3011,14420.6703,287.3692,14241.4341,14604.5434,363.1093,7.6006,7.9,0.2994,8.1,8.5,0.4,8.5,8.9,0.4,8.6,9.2,0.6,8.5,9.385,0.885,-3.5,-1.6274,1.8726,0.49,1.8,1.31,1.1,2.203,1.103,1.0,2.1,1.1,1.5,2.5,1.0,-2.9246,-1.1,1.8246,-0.3358,1.5,1.8358,1.0,2.0,1.0,1.0,1.8427,0.8427,1.3,2.086,0.786,-5.058,-2.5779,2.4801,-2.2015,0.1967,2.3982,0.1798,3.5357,3.3559,1.8531,4.6703,2.8172,3.1539,4.5179,1.364,-5.7911,-4.4511,1.34,-2.5,-0.8,1.7,-0.0753,1.7582,1.8335,1.2972,2.8,1.5028,2.0071,3.0098,1.0027,-3.1,-1.5833,1.5167,-1.5295,0.945,2.4745,0.0052,2.4404,2.4352,1.0,2.3879,1.3879,1.5,2.5,1.0,955.256,955.8123,0.5563,954.77,955.7555,0.9854,955.1758,956.5892,1.4134,955.6289,957.6418,2.0129,956.3911,958.9088,2.5177,202.8225,206.6863,3.8638,209.1864,214.0066,4.8202,214.0066,218.6051,4.5985,215.1762,221.9203,6.7441,214.0066,223.9113,9.9047,934.3795,934.7326,0.3531,933.7562,934.4417,0.6855,933.9221,934.9306,1.0086,934.2443,935.522,1.2777,934.8553,936.3287,1.4734,900.2418,900.6301,0.3883,900.0279,900.8365,0.8086,900.0474,901.334,1.2865,900.2085,901.892,1.6835,900.581,902.6345,2.0535,0.02,0.235,-0.93,-0.28,-0.30000000000000004,-3.044522437723423,0.7196349047505031,-2.1972245773362196,0.8544932592822077,-2.8903717578961645,0.629294363562392,-2.9444389791664403,0.8076824754308493,-2.302585092994046,0.9050984856033463,-1.0986122886681098,0.9511897312113418,-4.007333185232471,0.8288513099581648,0.6869944940193657,5.0,4.0,28.0,1.0,0.0,,,,,,,,,,,,,,,,,,,,,,,,,,,,,,,,,,,,,,,,,-6.590301048196686,3.698173114284174,0.0,1.1547005383792515,-6.473890696352274,0.6924826089821247,-8.237479288613633,3.428934823953805,-20.839789413149933,5.810500100884311,-6.70808408385307,2.3439780314908,-25.835685031029303,0.7363889979173192,0.55544145748917,18.0,4.0,55.0,0.0,0.0,0.0,0.0,0.0,0.0,0.0,0.0,0.0,0.0,0.0,0.0,0.0,0.0,0.0,,,0.0,0.0,0.0,0.0,0.0,-9.634823485920109,4.417808019034677,-2.1972245773362196,2.0091937976614593,-9.36426245424844,1.3217769725445168,-11.181918267780073,4.236617299384655,-23.14237450614398,6.7155985864876575,-7.80669637252118,3.2951677627021416,-29.843018216261775,1.565240307875484,1.2424359515085357,23.0,8.0,83.0,1.0,0.0
2009-08-12,meeting_date,215.445,-1.4838355663267633,219.496,1.4339650543224725,89.18,-1.1001197711041022,88.599,0.6509440392611365,9.6,130472.0,14448.882,88.501,5.04393899697215,0.16,0.17,0.27,1.18,2.7,3.72,25.45,1.88,2.54,1.36,-0.088,,11297.318,9.1,0.7,4.55606100302785,-1.3490559607388637,2.54,,,,,,,,,,,,,,,,,,,,,2009Q3,0.1576354679802956,0.0452517964913812,0.0,0.0,0.0,0.0,2.8,2.42,0.357,31.5,0.7999999999999998,-0.0854999999999999,0.0,-0.0053809877230058,0.0053809877230058,13999.3,14107.6308,108.3308,14028.0,14194.2846,166.2846,14100.0,14342.6848,242.6848,14179.878,14518.8126,338.9346,14323.812,14710.5979,386.7859,8.9964,9.2,0.2036,9.394,9.7483,0.3543,9.5,10.0,0.5,9.6,10.1,0.5,9.4,10.0,0.6,-0.0825,1.6,1.6825,1.1,2.4,1.3,1.0677,2.0,0.9323,1.2869,2.2468,0.9599,1.5,2.3424,0.8424,0.3,1.6092,1.3092,0.8,2.5,1.7,0.8,1.7,0.9,1.0,1.8429,0.8429,1.1411,1.9147,0.7736,-2.1479,0.9162,3.0642,0.6014,3.0648,2.4634,1.6595,4.0852,2.4256,2.7838,4.7434,1.9596,3.581,5.2303,1.6493,-2.1307,-0.5,1.6307,-0.458,1.5643,2.0223,1.0,2.5,1.5,1.5451,2.8967,1.3517,2.2527,3.3,1.0473,-0.9704,1.0038,1.9741,0.0485,2.0,1.9515,1.0,2.1614,1.1614,1.3586,2.4524,1.0938,1.6,2.6255,1.0255,954.6763,955.4471,0.7709,954.8811,956.0595,1.1784,955.393,957.0995,1.7065,955.9579,958.3201,2.3621,956.9679,959.6323,2.6645,219.682,221.9203,2.2383,224.0072,227.7095,3.7023,225.1292,230.2585,5.1293,226.1763,231.2535,5.0772,224.071,230.2585,6.1875,933.0787,933.4918,0.4131,933.0066,933.6973,0.6907,933.2121,934.2054,0.9933,933.5404,934.821,1.2807,934.2174,935.5924,1.375,901.1182,901.6117,0.4935,901.1303,902.0057,0.8754,901.3258,902.5644,1.2386,901.6787,903.0448,1.3661,902.1336,903.6969,1.5633,-0.28,0.1722,0.0,-0.41,-0.12999999999999995,1.0986122886681098,0.7172815023567723,-1.0986122886681098,0.7684244858645451,-2.70805020110221,0.7605665904189709,0.0,0.8583950752789521,-1.3862943611198906,0.9049420453021151,1.6094379124341003,0.7264831572567789,-1.6094379124341003,0.8541674250694364,0.7296019900497512,4.0,3.0,12.0,1.0,0.0,,,,,,,,,,,,,,,,,,,,,,,,,,,,,,,,,,,,,,,,,-2.3025850929940455,0.0,0.0,0.0,0.0,0.0,-0.6931471805599453,0.7071067811865476,-5.14166355650266,1.6171931417910765,0.0,0.0,-5.241747015059643,0.7977233490440481,0.6367149758454106,4.0,0.0,2.0,0.0,0.0,0.0,0.0,0.0,0.0,0.0,0.0,0.0,0.0,0.0,0.0,0.0,0.0,0.0,,,0.0,0.0,0.0,0.0,0.0,-1.2039728043259357,0.7172815023567723,-1.0986122886681098,0.7684244858645451,-2.70805020110221,0.7605665904189709,-0.6931471805599453,1.5655018564654997,-6.527957917622551,2.5221351870931916,1.6094379124341003,0.7264831572567789,-6.851184927493743,1.6518907741134845,1.366316965895162,8.0,3.0,14.0,1.0,0.0
2009-09-23,meeting_date,215.861,-1.377942862886472,219.92,1.4798373886199645,89.324,-1.0227486786264397,88.755,0.7251804439602383,9.8,130246.0,14448.882,88.501,5.04393899697215,0.15,0.11,0.2,0.96,2.4,3.44,23.49,1.81,2.48,1.0,-0.4125,,11297.318,9.1,0.7,4.756061003027851,-1.2748195560397615,2.48,,,,,,,,,,,,,,,,,,,,,2009Q3,0.2511415525114155,0.0919167608385227,0.0,0.0,0.0,0.0,2.2,2.22,0.133,31.5,0.2000000000000001,-0.3245,-0.0075,0.0325820327635785,-0.0400820327635785,13999.3,14107.6308,108.3308,14028.0,14194.2846,166.2846,14100.0,14342.6848,242.6848,14179.878,14518.8126,338.9346,14323.812,14710.5979,386.7859,8.9964,9.2,0.2036,9.394,9.7483,0.3543,9.5,10.0,0.5,9.6,10.1,0.5,9.4,10.0,0.6,-0.0825,1.6,1.6825,1.1,2.4,1.3,1.0677,2.0,0.9323,1.2869,2.2468,0.9599,1.5,2.3424,0.8424,0.3,1.6092,1.3092,0.8,2.5,1.7,0.8,1.7,0.9,1.0,1.8429,0.8429,1.1411,1.9147,0.7736,-2.1479,0.9162,3.0642,0.6014,3.0648,2.4634,1.6595,4.0852,2.4256,2.7838,4.7434,1.9596,3.581,5.2303,1.6493,-2.1307,-0.5,1.6307,-0.458,1.5643,2.0223,1.0,2.5,1.5,1.5451,2.8967,1.3517,2.2527,3.3,1.0473,-0.9704,1.0038,1.9741,0.0485,2.0,1.9515,1.0,2.1614,1.1614,1.3586,2.4524,1.0938,1.6,2.6255,1.0255,954.6763,955.4471,0.7709,954.8811,956.0595,1.1784,955.393,957.0995,1.7065,955.9579,958.3201,2.3621,956.9679,959.6323,2.6645,219.682,221.9203,2.2383,224.0072,227.7095,3.7023,225.1292,230.2585,5.1293,226.1763,231.2535,5.0772,224.071,230.2585,6.1875,933.0787,933.4918,0.4131,933.0066,933.6973,0.6907,933.2121,934.2054,0.9933,933.5404,934.821,1.2807,934.2174,935.5924,1.375,901.1182,901.6117,0.4935,901.1303,902.0057,0.8754,901.3258,902.5644,1.2386,901.6787,903.0448,1.3661,902.1336,903.6969,1.5633,-0.41,0.1821,-0.21,-0.61,-0.2,-2.1972245773362196,0.7512615652314042,-1.9459101490553132,0.7372097807744856,-2.70805020110221,0.7302967433402214,2.995732273553991,0.8655099263738899,-2.0794415416798357,0.8906355101238576,0.0,0.8660254037844386,-2.302585092994046,0.8740340901888318,0.763935590812219,4.0,4.0,15.0,0.0,0.0,,,,,,,,,,,,,,,,,,,,,,,,,,,,,,,,,,,,,,,,,-3.2386784521643808,2.10982662930829,-1.3862943611198906,0.9161253813129043,0.0,0.0,-2.3025850929940455,0.7867957924694431,-9.208739090609209,2.5942530833865605,-1.791759469228055,0.0,-10.294684688846587,0.6682568970774146,0.459520962477233,9.0,1.0,22.0,0.0,0.0,0.0,0.0,0.0,0.0,0.0,0.0,0.0,0.0,0.0,0.0,0.0,0.0,0.0,,,0.0,0.0,0.0,0.0,0.0,-5.435903029500601,2.861088194539694,-3.332204510175204,1.65333516208739,-2.70805020110221,0.7302967433402214,0.6931471805599454,1.652305718843333,-11.288180632289045,3.484888593510418,-1.791759469228055,0.8660254037844386,-12.597269781840634,1.5422909872662465,1.223456553289452,13.0,5.0,37.0,0.0,0.0
2009-11-04,meeting_date,217.234,1.9145871744709275,220.666,1.714243571010421,89.887,1.4606120122357291,89.16,1.373476441695476,9.9,130057.0,14651.249,88.781,5.04078523703139,0.12,0.05,0.16,0.91,2.39,3.57,27.72,2.12,2.66,0.69,-0.0133,,12970.2932,9.602,2.4,4.859214762968611,-0.6265235583045241,2.66,,,,,,,,,,,,,,,,,,,,,2009Q4,0.1972477064220184,0.0784286418395907,0.0,0.0,0.0,0.0,2.7,2.54,0.024,14.0,0.7000000000000002,0.3992,-0.00288,0.0118372158611208,-0.0147172158611208,14255.8582,14321.7526,65.8943,14367.4345,14521.5458,154.1113,14472.4492,14643.5975,171.1483,14575.8113,14849.7668,273.9554,14714.4,15072.2327,357.8327,9.6,9.7087,0.1087,9.8,10.1,0.3,9.7,10.2,0.5,9.5385,10.0335,0.495,9.4,9.9,0.5,1.6,3.2,1.6,1.0,2.3,1.3,1.4,2.0,0.6,1.3,2.1,0.8,1.4,2.8,1.4,1.5337,2.5,0.9663,0.7712,1.9,1.1288,1.1,1.9,0.8,0.9,2.2,1.3,1.2672,2.4,1.1328,3.0238,4.9502,1.9265,2.7,4.8605,2.1605,3.0,5.0184,2.0184,2.8805,5.3189,2.4385,3.6222,5.5304,1.9082,1.5131,3.0151,1.502,1.6402,3.0021,1.3619,1.9814,3.0059,1.0245,2.0717,3.2295,1.1578,2.1556,3.4984,1.3428,1.0,2.2571,1.2571,0.6953,1.7466,1.0513,1.1,2.1766,1.0766,1.5266,2.3467,0.8201,1.5,2.5412,1.0412,956.4923,956.9535,0.4612,957.2719,958.3389,1.0669,958.0002,959.1758,1.1756,958.7119,960.5739,1.8621,959.6582,962.0609,2.4028,226.1763,227.3021,1.1258,228.2382,231.2535,3.0153,227.2126,232.2388,5.0262,225.5333,230.5929,5.0596,224.071,229.2535,5.1825,946.8148,947.182,0.3672,947.2818,947.8832,0.6014,947.7309,948.6198,0.8888,948.296,949.2761,0.9801,948.914,950.2738,1.3598,912.7325,913.0417,0.3092,913.0431,913.4571,0.414,913.3024,913.9199,0.6175,913.7253,914.6289,0.9036,914.0944,915.3127,1.2183,-0.61,0.1373,0.06,-0.15,0.45999999999999996,-1.0986122886681098,0.7987058497862393,-2.0794415416798357,0.8426149773176359,-3.044522437723423,0.5943705521611524,2.70805020110221,0.8502544626883167,-2.995732273553991,0.7993295558952759,0.6931471805599453,0.6900655593423541,-3.044522437723423,0.8392512834278046,0.7043427167352173,5.0,3.0,19.0,0.0,0.0,,,,,,,,,,,,,,,,,,,,,,,,,,,,,,,,,,,,,,,,,-2.014903020542265,3.7663983076175622,3.295836866004329,3.1446040436469005,0.0,0.0,-3.871201010907891,3.4463261653057486,-10.38591370178042,4.183035573098777,-0.4054651081081644,2.3272885746099536,-9.700734690869652,0.7115980318560826,0.5331711299303633,11.0,4.0,11.0,2.0,0.0,0.0,0.0,0.0,0.0,0.0,0.0,0.0,0.0,0.0,0.0,0.0,0.0,0.0,,,0.0,0.0,0.0,0.0,0.0,-3.113515309210375,4.565104157403802,1.2163953243244934,3.9872190209645364,-3.044522437723423,0.5943705521611524,-1.163150809805681,4.296580627994065,-13.381645975334411,4.9823651289940525,0.2876820724517809,3.017354133952308,-12.745257128593074,1.5508493152838874,1.2375138466655806,16.0,7.0,30.0,2.0,0.0
2009-12-16,meeting_date,217.347,2.8141231232083674,220.881,1.8236717759594343,89.939,2.089718268292118,89.236,1.5095155217327072,9.9,129808.0,14651.249,88.781,5.04078523703139,0.12,0.04,0.17,0.85,2.35,3.61,20.54,2.27,2.76,0.42,-0.1267,,12970.2932,9.602,2.4,4.859214762968611,-0.4904844782672928,2.76,,,,,,,,,,,,,,,,,,,,,2009Q4,0.4214285714285714,0.2943830044876182,0.0,0.0,0.0,0.0,2.5,2.61,-0.085,14.0,0.5,-0.1134,-0.01808,-0.0112922274195101,-0.0067877725804898,14255.8582,14321.7526,65.8943,14367.4345,14521.5458,154.1113,14472.4492,14643.5975,171.1483,14575.8113,14849.7668,273.9554,14714.4,15072.2327,357.8327,9.6,9.7087,0.1087,9.8,10.1,0.3,9.7,10.2,0.5,9.5385,10.0335,0.495,9.4,9.9,0.5,1.6,3.2,1.6,1.0,2.3,1.3,1.4,2.0,0.6,1.3,2.1,0.8,1.4,2.8,1.4,1.5337,2.5,0.9663,0.7712,1.9,1.1288,1.1,1.9,0.8,0.9,2.2,1.3,1.2672,2.4,1.1328,3.0238,4.9502,1.9265,2.7,4.8605,2.1605,3.0,5.0184,2.0184,2.8805,5.3189,2.4385,3.6222,5.5304,1.9082,1.5131,3.0151,1.502,1.6402,3.0021,1.3619,1.9814,3.0059,1.0245,2.0717,3.2295,1.1578,2.1556,3.4984,1.3428,1.0,2.2571,1.2571,0.6953,1.7466,1.0513,1.1,2.1766,1.0766,1.5266,2.3467,0.8201,1.5,2.5412,1.0412,956.4923,956.9535,0.4612,957.2719,958.3389,1.0669,958.0002,959.1758,1.1756,958.7119,960.5739,1.8621,959.6582,962.0609,2.4028,226.1763,227.3021,1.1258,228.2382,231.2535,3.0153,227.2126,232.2388,5.0262,225.5333,230.5929,5.0596,224.071,229.2535,5.1825,946.8148,947.182,0.3672,947.2818,947.8832,0.6014,947.7309,948.6198,0.8888,948.296,949.2761,0.9801,948.914,950.2738,1.3598,912.7325,913.0417,0.3092,913.0431,913.4571,0.414,913.3024,913.9199,0.6175,913.7253,914.6289,0.9036,914.0944,915.3127,1.2183,-0.15,0.1407,-0.28,-0.45,-0.30000000000000004,1.6094379124341003,0.8462440736915469,-1.3862943611198906,0.8048150549829897,-2.4849066497880004,0.7575263387144726,3.332204510175204,0.8581758452727516,0.6931471805599453,0.8930167924494135,0.0,0.8660254037844386,2.9444389791664403,0.86878753462725,0.7547917803236952,5.0,5.0,20.0,1.0,0.0,,,,,,,,,,,,,,,,,,,,,,,,,,,,,,,,,,,,,,,,,-1.5581446180465497,2.9919589645761677,-3.4657359027997265,1.8460415054944193,-3.2188758248682006,0.5163977794943223,-3.737669618283368,2.30400582033548,-13.70256579894814,4.79881419215902,-0.2876820724517808,0.7559289460184544,-12.43288944221068,0.7622195560842595,0.6012367398392243,10.0,5.0,23.0,1.0,0.0,1.0986122886681098,0.816496580927726,0.0,0.0,0.0,0.0,-0.6931471805599453,0.0,0.6931471805599453,0.9574271077563381,0.0,0.0,1.0986122886681098,0.816496580927726,0.6666666666666667,0.0,0.0,0.0,1.0,0.0,1.1499055830556604,4.654699619195441,-4.852030263919617,2.650856560477409,-5.703782474656201,1.2739241182087948,-1.0986122886681096,3.1621816656082316,-12.316271437828249,6.6492580923647715,-0.2876820724517808,1.621954349802893,-8.38983817437613,2.4475036716392355,2.022695186829586,15.0,10.0,43.0,3.0,0.0
2010-01-27,meeting_date,217.488,2.621111388976716,220.633,1.5123351706495702,90.136,2.301720615608116,89.368,1.690903711795344,9.8,129802.0,14764.61,89.036,5.03674109744988,0.11,0.08,0.16,0.9,2.43,3.66,23.14,2.31,2.76,0.47,-0.01,,13100.94,10.1671,2.0538,4.76325890255012,-0.3090962882046559,2.76,,,,,,,,,,,,,,,,,,,,,2010Q1,0.3134328358208955,0.071602035855644,1.0,0.0,1.0,1.0,2.8,2.66,-0.201,-5.5,0.7999999999999998,0.1167,0.0,0.0153105482639152,-0.0153105482639152,14426.9374,14478.7935,51.8561,14534.3,14653.655,119.355,14664.0,14811.1818,147.1818,14780.5788,14985.7017,205.1229,14941.0,15162.0669,221.0669,9.9333,10.2,0.2667,10.1,10.4,0.3,9.956,10.3,0.344,9.7,10.2,0.5,9.4,10.1,0.7,1.8,2.6,0.8,1.0,2.1,1.1,1.0,2.0,1.0,1.5,2.4,0.9,1.59,2.2073,0.6173,1.45,2.3,0.85,0.4704,1.8003,1.3299,0.6947,1.9,1.2053,1.2884,2.1879,0.8995,1.4,2.2683,0.8683,3.5548,5.0517,1.4969,2.7496,4.9995,2.25,3.4506,4.9781,1.5275,3.8167,5.222,1.4052,3.9,5.267,1.367,2.0222,3.3,1.2778,2.0,3.0007,1.0007,2.1355,3.3,1.1645,2.1979,3.4986,1.3007,2.2978,3.4768,1.1789,0.2,1.7,1.5,1.0,2.2182,1.2182,1.5,2.2,0.7,1.8,2.749,0.949,1.8523,2.7642,0.9118,957.6852,958.044,0.3588,958.4267,959.2445,0.8178,959.3151,960.3138,0.9987,960.1069,961.4852,1.3782,961.1864,962.6552,1.4688,229.5897,232.2388,2.649,231.2535,234.1806,2.927,229.8175,233.2144,3.3969,227.2126,232.2388,5.0262,224.071,231.2535,7.1826,947.8732,948.1898,0.3166,948.4023,948.9045,0.5021,949.0223,949.6677,0.6454,949.5658,950.5035,0.9376,950.1994,951.3686,1.1692,913.4509,913.8224,0.3715,913.7744,914.3709,0.5965,914.1217,914.8723,0.7506,914.5382,915.43,0.8918,915.0257,916.1207,1.095,-0.45,0.135,0.16,-0.48,-0.02999999999999997,2.6390573296152584,0.7166874304854753,-1.0986122886681098,0.9167637866189089,-2.70805020110221,0.7605665904189709,1.791759469228055,0.8036551505997344,0.6931471805599453,0.8255858766966615,0.6931471805599453,0.6009252125773316,-1.3862943611198906,0.817310656466181,0.6679967091731797,5.0,5.0,7.0,1.0,0.0,,,,,,,,,,,,,,,,,,,,,,,,,,,,,,,,,,,,,,,,,-1.791759469228055,0.8372419160398181,-1.0986122886681098,0.9154754164341268,-1.0986122886681098,0.816496580927726,-1.9459101490553132,0.9701425001453319,-2.833213344056216,0.8377963645268319,0.0,1.0,-2.9444389791664403,0.8645193722456259,0.7473937449879711,4.0,0.0,11.0,0.0,0.0,0.6931471805599453,0.7527726527090811,0.0,0.0,0.0,0.0,-0.6931471805599453,0.0,0.6931471805599453,0.8366600265340756,0.0,0.0,0.6931471805599453,0.7527726527090811,0.5666666666666668,0.0,0.0,0.0,1.0,0.0,1.5404450409471488,2.3067019992343747,-2.1972245773362196,1.8322392030530357,-3.8066624897703196,1.577063171346697,-0.8472978603872037,1.7737976507450663,-1.4469189829363254,2.500042267757569,0.6931471805599453,1.6009252125773314,-3.6375861597263857,2.434602681420888,1.9820571208278175,9.0,5.0,18.0,2.0,0.0
2010-03-16,meeting_date,217.353,2.2861714393279886,220.783,1.1592051426555503,90.261,2.3727160339801934,89.579,1.7769698346872698,9.9,129866.0,14764.61,89.036,5.03674109744988,0.16,0.16,0.24,0.93,2.37,3.66,17.69,2.24,2.73,0.45,-0.1875,,13100.94,10.1671,2.0538,4.86325890255012,-0.2230301653127302,2.73,,,,,,,,,,,,,,,,,,,,,2010Q1,0.3815261044176706,0.1853347059390399,1.0,0.0,1.0,1.0,2.7,2.56,-0.327,-5.5,0.7000000000000002,-0.1775,-0.00517,0.0156720114084213,-0.0208420114084213,14426.9374,14478.7935,51.8561,14534.3,14653.655,119.355,14664.0,14811.1818,147.1818,14780.5788,14985.7017,205.1229,14941.0,15162.0669,221.0669,9.9333,10.2,0.2667,10.1,10.4,0.3,9.956,10.3,0.344,9.7,10.2,0.5,9.4,10.1,0.7,1.8,2.6,0.8,1.0,2.1,1.1,1.0,2.0,1.0,1.5,2.4,0.9,1.59,2.2073,0.6173,1.45,2.3,0.85,0.4704,1.8003,1.3299,0.6947,1.9,1.2053,1.2884,2.1879,0.8995,1.4,2.2683,0.8683,3.5548,5.0517,1.4969,2.7496,4.9995,2.25,3.4506,4.9781,1.5275,3.8167,5.222,1.4052,3.9,5.267,1.367,2.0222,3.3,1.2778,2.0,3.0007,1.0007,2.1355,3.3,1.1645,2.1979,3.4986,1.3007,2.2978,3.4768,1.1789,0.2,1.7,1.5,1.0,2.2182,1.2182,1.5,2.2,0.7,1.8,2.749,0.949,1.8523,2.7642,0.9118,957.6852,958.044,0.3588,958.4267,959.2445,0.8178,959.3151,960.3138,0.9987,960.1069,961.4852,1.3782,961.1864,962.6552,1.4688,229.5897,232.2388,2.649,231.2535,234.1806,2.927,229.8175,233.2144,3.3969,227.2126,232.2388,5.0262,224.071,231.2535,7.1826,947.8732,948.1898,0.3166,948.4023,948.9045,0.5021,949.0223,949.6677,0.6454,949.5658,950.5035,0.9376,950.1994,951.3686,1.1692,913.4509,913.8224,0.3715,913.7744,914.3709,0.5965,914.1217,914.8723,0.7506,914.5382,915.43,0.8918,915.0257,916.1207,1.095,-0.48,0.1858,0.48,-0.47,0.010000000000000009,-0.6931471805599453,0.9156754547663373,-2.4849066497880004,0.749603069567329,-1.791759469228055,0.8506963092234007,-1.791759469228055,0.8913443335576375,-2.0794415416798357,0.8727235036855143,0.0,0.8944271909999159,-3.4339872044851463,0.8545207380421806,0.7302056917441532,1.0,2.0,14.0,0.0,0.0,,,,,,,,,,,,,,,,,,,,,,,,,,,,,,,,,,,,,,,,,-4.969813299576,1.6030619285573522,0.6931471805599453,0.0,-1.3862943611198906,0.0,0.0,1.7071067811865475,-10.685103381083682,2.2833232827950014,-3.1780538303479458,0.5,-11.405061819094282,0.7690317320471788,0.600902493574264,14.0,1.0,27.0,0.0,0.0,0.6931471805599453,0.7071067811865476,0.0,0.0,0.0,0.0,0.0,0.0,0.6931471805599453,0.0,0.0,0.0,0.6931471805599453,0.7071067811865476,0.5,0.0,0.0,0.0,0.0,0.0,-4.969813299576,3.225844164510237,-1.791759469228055,0.749603069567329,-3.1780538303479453,0.8506963092234007,-1.791759469228055,2.598451114744185,-12.071397742203573,3.1560467864805157,-3.1780538303479458,1.3944271909999157,-14.145901843019484,2.330659251275907,1.831108185318417,15.0,3.0,41.0,0.0,0.0
2010-04-28,meeting_date,217.403,2.2067707525304403,220.822,0.9675088932173947,90.31,2.282122430488709,89.625,1.6029746856967897,9.9,130120.0,14980.193,89.471,5.03173801268021,0.2,0.16,0.24,1.03,2.53,3.8,21.08,2.4,2.77,0.53,-0.01,,13242.9603,9.9,2.1,4.868261987319791,-0.3970253143032103,2.77,,,,,,,,,,,,,,,,,,,,,2010Q2,0.1581632653061224,0.0786938607844576,1.0,0.0,1.0,1.0,2.9,2.8,-0.407,-7.1,0.8999999999999999,0.1775,0.0,0.0193475016750057,-0.0193475016750057,14595.6266,14634.6155,38.9889,14728.6645,14797.1072,68.4428,14895.4501,14969.8915,74.4415,15040.7419,15146.6,105.8581,15199.7899,15351.6,151.8101,9.8,10.0225,0.2225,9.7,10.036,0.336,9.506,10.0,0.494,9.3,9.8333,0.5333,9.1,9.7,0.6,1.4364,2.5919,1.1555,0.6,2.0,1.4,1.4,2.2,0.8,1.5,2.4,0.9,1.785,2.4326,0.6476,0.7,2.0,1.3,0.0763,1.7,1.6237,1.2,2.1,0.9,1.4,2.1749,0.7749,1.5,2.1,0.6,3.7073,4.8199,1.1126,3.3108,4.4682,1.1574,3.7867,4.973,1.1864,3.904,5.1151,1.2111,4.1444,5.3,1.1556,2.2322,3.0456,0.8134,2.2783,3.4269,1.1485,2.3886,3.5,1.1114,2.3763,3.4968,1.1205,2.429,3.3254,0.8964,1.5803,2.2182,0.6379,1.7031,2.5991,0.896,1.8,2.7,0.9,2.0,2.8768,0.8768,1.9042,2.851,0.9468,958.8477,959.1145,0.2668,959.7551,960.2187,0.4636,960.8811,961.3796,0.4985,961.8518,962.5531,0.7013,962.9037,963.8975,0.9938,228.2382,230.4837,2.2454,227.2126,230.6179,3.4054,225.1923,230.2585,5.0662,223.0014,228.5778,5.5764,220.8274,227.2126,6.3851,949.0076,949.2058,0.1981,949.597,949.9578,0.3607,950.2264,950.8178,0.5914,950.7975,951.7215,0.924,951.4143,952.5297,1.1154,914.1528,914.3093,0.1565,914.5541,914.8982,0.3441,915.0494,915.5673,0.5179,915.5574,916.3249,0.7675,916.0833,916.9932,0.91,-0.47,0.215,0.4,-0.54,-0.07000000000000006,-1.0986122886681098,0.8320125587749163,-2.6390573296152584,0.8024179982245189,1.0986122886681098,0.9286112429750729,-0.6931471805599453,0.9170724210207313,-2.302585092994046,0.9217505411717294,-1.0986122886681098,0.7071067811865476,-2.995732273553991,0.8849319380687733,0.7831045350141553,2.0,3.0,15.0,1.0,0.0,,,,,,,,,,,,,,,,,,,,,,,,,,,,,,,,,,,,,,,,,-6.733401891837359,3.6561483968688515,-3.1780538303479458,2.2633769544679225,-6.376726947898627,0.5256931389634797,-6.104793232414985,1.4438798074485388,-18.3055607592261,4.416848182664808,-4.941642422609304,2.038345924122311,-20.872035780828973,0.7228598896932792,0.5386764582699676,16.0,8.0,48.0,0.0,0.0,0.6931471805599453,0.7071067811865476,0.0,0.0,0.0,0.0,0.0,0.0,0.6931471805599453,0.0,0.0,0.0,0.6931471805599453,0.7071067811865476,0.5,0.0,0.0,0.0,0.0,0.0,-7.138866999945524,5.195267736830315,-5.817111159963204,3.0657949526924413,-5.278114659230517,1.4543043819385526,-6.79794041297493,2.3609522284692703,-19.9149986716602,5.338598723836537,-6.040254711277414,2.7454527053088587,-23.17462087382302,2.3148986089486003,1.821780993284123,18.0,11.0,63.0,1.0,0.0
2010-06-23,meeting_date,217.199,1.1215605940686268,221.194,0.9501989849939774,90.301,1.5622188231059877,89.767,1.555570639876902,9.4,130510.0,14980.193,89.471,5.03173801268021,0.18,0.13,0.19,0.66,1.93,3.13,26.91,1.94,2.47,0.29,-0.495,,13242.9603,9.9,2.1,4.368261987319791,-0.4444293601230979,2.47,,,,,,,,,,,,,,,,,,,,,2010Q2,0.8669527896995708,0.8876521765437225,1.0,0.0,1.0,1.0,2.8,2.24,-0.042,-7.1,0.7999999999999998,-0.485,0.005,0.0346628864632989,-0.0296628864632989,14595.6266,14634.6155,38.9889,14728.6645,14797.1072,68.4428,14895.4501,14969.8915,74.4415,15040.7419,15146.6,105.8581,15199.7899,15351.6,151.8101,9.8,10.0225,0.2225,9.7,10.036,0.336,9.506,10.0,0.494,9.3,9.8333,0.5333,9.1,9.7,0.6,1.4364,2.5919,1.1555,0.6,2.0,1.4,1.4,2.2,0.8,1.5,2.4,0.9,1.785,2.4326,0.6476,0.7,2.0,1.3,0.0763,1.7,1.6237,1.2,2.1,0.9,1.4,2.1749,0.7749,1.5,2.1,0.6,3.7073,4.8199,1.1126,3.3108,4.4682,1.1574,3.7867,4.973,1.1864,3.904,5.1151,1.2111,4.1444,5.3,1.1556,2.2322,3.0456,0.8134,2.2783,3.4269,1.1485,2.3886,3.5,1.1114,2.3763,3.4968,1.1205,2.429,3.3254,0.8964,1.5803,2.2182,0.6379,1.7031,2.5991,0.896,1.8,2.7,0.9,2.0,2.8768,0.8768,1.9042,2.851,0.9468,958.8477,959.1145,0.2668,959.7551,960.2187,0.4636,960.8811,961.3796,0.4985,961.8518,962.5531,0.7013,962.9037,963.8975,0.9938,228.2382,230.4837,2.2454,227.2126,230.6179,3.4054,225.1923,230.2585,5.0662,223.0014,228.5778,5.5764,220.8274,227.2126,6.3851,949.0076,949.2058,0.1981,949.597,949.9578,0.3607,950.2264,950.8178,0.5914,950.7975,951.7215,0.924,951.4143,952.5297,1.1154,914.1528,914.3093,0.1565,914.5541,914.8982,0.3441,915.0494,915.5673,0.5179,915.5574,916.3249,0.7675,916.0833,916.9932,0.91,-0.54,0.2014,-0.17,-0.7,-0.15999999999999992,-2.70805020110221,0.833589704154145,-3.258096538021482,0.5672273623252055,-2.4849066497880004,0.7472647177570733,1.9459101490553132,0.8417340686450933,-3.6375861597263857,0.7651955177997904,-1.0986122886681098,1.0298573010888745,-4.110873864173311,0.8299859488347859,0.68887667526318,5.0,2.0,26.0,0.0,0.0,,,,,,,,,,,,,,,,,,,,,,,,,,,,,,,,,,,,,,,,,-8.253227645581772,3.1125707065864856,0.0,1.7526530550779422,-0.6931471805599453,1.6981379901516624,-2.367123614131617,4.054017999942331,-12.71481610309184,4.10083752070254,-2.70805020110221,3.207775441145741,-13.650909462262176,0.6816560737960612,0.5535978166750909,10.0,7.0,21.0,0.0,0.0,-0.6931471805599453,0.0,-1.3862943611198906,0.0,-0.6931471805599453,0.7071067811865476,0.0,0.0,-1.0986122886681098,0.0,0.0,0.0,-1.791759469228055,0.408248290463863,0.16666666666666669,0.0,0.0,0.0,1.0,0.0,-11.654425027243928,3.9461604107406307,-4.6443908991413725,2.319880417403148,-3.871201010907891,3.152509489095283,-0.42121346507630375,4.895752068587424,-17.451014551486335,4.86603303850233,-3.8066624897703196,4.237632742234616,-19.553542795663542,1.9198903130947103,1.4091411586049376,15.0,9.0,47.0,1.0,0.0
2010-08-10,meeting_date,217.923,1.1501775395112546,221.509,0.9171009950067256,90.502,1.4823951558645243,89.855,1.417623223738418,9.5,130415.0,15141.607,89.743,5.02571578715021,0.19,0.15,0.19,0.52,1.46,2.79,22.37,1.84,2.27,-0.02,-0.0736,,13363.2875,9.8,1.4305,4.47428421284979,-0.5823767762615821,2.27,,,,,,,,,,,,,,,,,,,,,2010Q3,0.461864406779661,0.2211867137395344,1.0,0.0,1.0,1.0,2.7,2.2,-0.258,-8.8,0.7000000000000002,0.4214,0.00369,0.0524771076780074,-0.0487871076780074,14737.6178,14790.6178,53.0,14880.9217,14967.9549,87.0333,15036.6139,15143.0893,106.4753,15192.0233,15342.6956,150.6723,15356.0488,15530.3038,174.255,9.6,9.82,0.22,9.4972,9.7044,0.2072,9.1,9.6,0.5,8.9,9.5,0.6,8.5933,9.332,0.7387,0.6239,1.8725,1.2485,1.4519,2.5,1.0481,1.5,2.164,0.664,1.6,2.3184,0.7184,1.6,2.2582,0.6582,0.5109,1.6,1.0891,1.0169,2.106,1.0891,1.4,2.1,0.7,1.5,2.2,0.7,1.3,2.2,0.9,3.7842,5.2852,1.501,3.9393,5.2526,1.3133,4.0913,5.1125,1.0213,3.9458,5.1518,1.2061,4.0743,5.3919,1.3176,2.8257,3.8347,1.009,2.3697,3.6013,1.2316,2.6516,3.4634,0.8118,2.476,3.3715,0.8955,2.5155,3.4679,0.9524,2.2508,3.5,1.2492,2.1964,3.2781,1.0817,2.1817,3.2297,1.0479,2.0196,3.0,0.9804,2.2538,3.0,0.7463,959.8159,960.1748,0.359,960.7835,961.3667,0.5832,961.8243,962.53,0.7056,962.8526,963.8395,0.9869,963.9265,965.0548,1.1284,226.1763,228.4421,2.2658,225.1001,227.2579,2.1578,220.8274,226.1763,5.3489,218.6051,225.1292,6.5241,215.0987,223.3453,8.2466,949.9074,950.1515,0.2441,950.4992,951.0054,0.5062,951.1109,951.7786,0.6677,951.813,952.6069,0.794,952.3786,953.5349,1.1563,915.1121,915.4157,0.3036,915.668,916.2273,0.5593,916.1983,916.9663,0.768,916.7621,917.7052,0.9432,917.3733,918.3841,1.0108,-0.7,0.1752,-0.16,-0.8,-0.10000000000000009,-1.791759469228055,0.8494342008292705,-2.6390573296152584,0.7790276362049131,-2.302585092994046,0.8387832331734849,-3.258096538021482,0.822473066636437,1.9459101490553132,0.8179328117315273,-1.791759469228055,0.869718492622904,-3.6635616461296463,0.8371171866127403,0.7007651841224294,7.0,4.0,19.0,1.0,0.0,,,,,,,,,,,,,,,,,,,,,,,,,,,,,,,,,,,,,,,,,-5.780743515792329,1.4207145590443697,-2.4849066497880004,1.0773502691896257,-2.890371757896165,1.7784989441615229,-6.269096283706261,2.5709698932652003,-10.298902324790792,3.1019061809853583,-3.5553480614894135,1.639101395112101,-12.823871084500265,0.7361967825173336,0.5480760426069521,10.0,0.0,18.0,0.0,0.0,1.0986122886681098,0.0,0.0,0.0,0.0,0.0,0.0,0.0,0.6931471805599453,0.0,0.6931471805599453,0.0,1.0986122886681098,0.0,0.0,0.0,0.0,0.0,0.0,0.0,-6.4738906963522735,2.2701487598736403,-5.123963979403259,1.8563779053945388,-5.19295685089021,2.6172821773350075,-9.527192821727743,3.3934429599016376,-7.659844995175533,3.9198389927168855,-4.653960350157523,2.508819887735005,-15.388820441961803,1.5733139691300737,1.2488412267293816,17.0,4.0,37.0,1.0,0.0
2010-09-21,meeting_date,218.275,1.1183122472331777,221.711,0.8143870498363182,90.592,1.419551296404098,89.906,1.2968283476987308,9.5,130341.0,15141.607,89.743,5.02571578715021,0.19,0.17,0.2,0.43,1.34,2.61,22.35,1.83,2.18,0.05,-0.4125,,13363.2875,9.8,1.4305,4.47428421284979,-0.7031716523012692,2.18,,,,,,,,,,,,,,,,,,,,,2010Q3,0.356,0.1661362220859211,1.0,0.0,1.0,1.0,2.2,2.37,-0.307,-8.8,0.2000000000000001,-0.3389,0.00833,0.0521348352986,-0.0438048352986,14737.6178,14790.6178,53.0,14880.9217,14967.9549,87.0333,15036.6139,15143.0893,106.4753,15192.0233,15342.6956,150.6723,15356.0488,15530.3038,174.255,9.6,9.82,0.22,9.4972,9.7044,0.2072,9.1,9.6,0.5,8.9,9.5,0.6,8.5933,9.332,0.7387,0.6239,1.8725,1.2485,1.4519,2.5,1.0481,1.5,2.164,0.664,1.6,2.3184,0.7184,1.6,2.2582,0.6582,0.5109,1.6,1.0891,1.0169,2.106,1.0891,1.4,2.1,0.7,1.5,2.2,0.7,1.3,2.2,0.9,3.7842,5.2852,1.501,3.9393,5.2526,1.3133,4.0913,5.1125,1.0213,3.9458,5.1518,1.2061,4.0743,5.3919,1.3176,2.8257,3.8347,1.009,2.3697,3.6013,1.2316,2.6516,3.4634,0.8118,2.476,3.3715,0.8955,2.5155,3.4679,0.9524,2.2508,3.5,1.2492,2.1964,3.2781,1.0817,2.1817,3.2297,1.0479,2.0196,3.0,0.9804,2.2538,3.0,0.7463,959.8159,960.1748,0.359,960.7835,961.3667,0.5832,961.8243,962.53,0.7056,962.8526,963.8395,0.9869,963.9265,965.0548,1.1284,226.1763,228.4421,2.2658,225.1001,227.2579,2.1578,220.8274,226.1763,5.3489,218.6051,225.1292,6.5241,215.0987,223.3453,8.2466,949.9074,950.1515,0.2441,950.4992,951.0054,0.5062,951.1109,951.7786,0.6677,951.813,952.6069,0.794,952.3786,953.5349,1.1563,915.1121,915.4157,0.3036,915.668,916.2273,0.5593,916.1983,916.9663,0.768,916.7621,917.7052,0.9432,917.3733,918.3841,1.0108,-0.8,0.1983,-0.19,-0.96,-0.15999999999999992,-2.1972245773362196,0.842423539174232,-2.70805020110221,0.6506407098647712,-2.9444389791664403,0.39477101697586137,-2.9444389791664403,0.8198264356651257,-1.0986122886681098,0.8229934967782846,-2.1972245773362196,0.646206172658864,-3.9889840465642745,0.7855298011500835,0.6170570684948898,6.0,0.0,11.0,1.0,0.0,,,,,,,,,,,,,,,,,,,,,,,,,,,,,,,,,,,,,,,,,-5.7430031878094825,1.4849761794993264,-2.302585092994046,0.8139410298049853,-0.6931471805599453,2.121320343559643,-2.9957322735539913,0.9831920802501751,-7.688913336864796,1.8988822516085428,-2.3025850929940455,0.4472135954999579,-9.721665870783823,0.6228963888060848,0.4060997242773588,4.0,3.0,20.0,0.0,0.0,0.6931471805599453,1.1547005383792517,-0.6931471805599453,0.0,0.0,0.0,0.0,0.0,0.6931471805599453,0.0,0.6931471805599453,1.1547005383792517,0.6931471805599453,1.1547005383792517,1.3333333333333335,0.0,0.0,0.0,0.0,0.0,-7.247080584585756,3.48210025705281,-5.703782474656201,1.4645817396697565,-3.6375861597263857,2.516091360535504,-5.940171252720432,1.803018515915301,-8.09437844497296,2.7218757483868274,-3.8066624897703196,2.2481203065380737,-13.017502736788153,2.56312672833542,2.356490126105582,10.0,3.0,31.0,1.0,0.0
2010-11-03,meeting_date,219.59,1.084544776600338,222.149,0.672056411046551,91.062,1.3071968137772894,90.16,1.121579183490362,9.8,130749.0,15309.474,90.264,5.01862387782517,0.19,0.13,0.16,0.34,1.11,2.67,19.56,2.17,2.33,-0.4,-0.0116,,13292.7892,9.6,1.4,4.781376122174831,-0.8784208165096379,2.33,,,,,,,,,,,,,,,,,,,,,2010Q4,0.4099616858237548,0.22789008599208,1.0,0.0,1.0,1.0,3.0,2.83,-0.429,-10.5,1.0,0.4009,0.00833,0.0008479849762775,0.0074820150237224,14709.5403,14751.206,41.6657,14806.0006,14909.1967,103.1961,14939.5124,15090.5351,151.0226,15095.9859,15291.8996,195.9137,15242.7546,15498.2217,255.4671,9.535,9.7,0.165,9.4,9.7,0.3,9.1,9.6,0.5,8.9119,9.4758,0.5639,8.8,9.3,0.5,0.8,1.7,0.9,1.2,2.0,0.8,1.2,1.932,0.732,1.1363,1.9,0.7637,1.4,2.2386,0.8386,0.75,1.5,0.75,1.2588,1.7928,0.534,1.29,1.8779,0.5879,1.1598,1.85,0.6902,0.95,2.1,1.15,3.1,4.2731,1.1731,3.2938,4.5,1.2062,3.7501,4.6,0.8499,3.846,5.2989,1.4529,3.5032,5.3,1.7968,1.6009,3.0073,1.4064,2.0668,3.1793,1.1126,2.1047,3.2476,1.1429,2.5,3.5128,1.0128,2.6916,3.4948,0.8033,1.8605,2.5151,0.6546,1.9,2.5137,0.6137,1.9774,2.6002,0.6228,2.1166,3.0,0.8834,2.2,3.04,0.84,959.6252,959.908,0.2829,960.2788,960.9734,0.6946,961.1765,962.1823,1.0058,962.2184,963.5079,1.2894,963.186,964.8481,1.6621,225.4969,227.2126,1.7157,224.071,227.2126,3.1416,220.8274,226.1763,5.3489,218.7393,224.8742,6.1349,217.4752,223.0014,5.5263,949.3192,949.6629,0.3437,949.8474,950.3997,0.5523,950.4267,951.2718,0.8451,951.1537,952.1772,1.0234,951.8131,953.0044,1.1913,913.8359,913.9961,0.1602,914.2919,914.5695,0.2776,914.7867,915.1291,0.3424,915.4633,915.8036,0.3403,915.9689,916.6695,0.7005,-0.96,0.1872,-0.19,-0.88,0.07999999999999996,-2.6390573296152584,0.8431633114337337,-2.70805020110221,0.8569730754521467,-2.772588722239781,0.6979824404521128,-2.5649493574615367,0.8265811411266338,1.3862943611198906,0.8696142571444858,-1.6094379124341003,0.8090398349558906,-3.7376696182833684,0.84671203433941,0.7169212690951822,4.0,3.0,16.0,0.0,0.0,,,,,,,,,,,,,,,,,,,,,,,,,,,,,,,,,,,,,,,,,-6.302618975744905,2.5055830787313824,-2.772588722239781,0.6297235299224025,-3.258096538021482,1.2178606996417969,-2.7080502011022105,0.8753881126826472,-5.0238805208462765,1.5688973282068048,-3.912023005428146,1.9612535045140755,-11.510843298765904,0.6363549645015789,0.414267574687511,22.0,1.0,40.0,0.0,0.0,-1.0986122886681098,0.8944271909999159,-1.0986122886681098,0.5773502691896258,-0.6931471805599453,0.7071067811865476,0.0,0.0,-1.0986122886681098,0.0,-0.6931471805599453,0.0,-1.0986122886681098,0.8944271909999159,0.7999999999999999,0.0,0.0,2.0,1.0,0.0,-10.040288594028274,4.243173581165032,-6.579251212010101,2.064046874564175,-6.723832440821209,2.6229499212804575,-5.272999558563747,1.701969253809281,-4.736198448394496,2.4385115853512906,-6.214608098422191,2.770293339469966,-16.347125205717383,2.3774941898409048,1.9311888437826932,26.0,4.0,58.0,1.0,0.0
2010-12-14,meeting_date,220.472,1.437793022217937,222.343,0.6618948664665503,91.268,1.477668197333748,90.179,1.056748397507734,9.3,130830.0,15309.474,90.264,5.01862387782517,0.18,0.15,0.2,0.66,2.08,3.49,17.61,2.22,2.83,0.39,-0.1099,,13292.7892,9.6,1.4,4.281376122174831,-0.943251602492266,2.83,,,,,,,,,,,,,,,,,,,,,2010Q4,0.1428571428571429,0.0621506031652081,1.0,0.0,1.0,1.0,3.0,2.75,-0.464,-10.5,1.0,-0.0983,0.0,0.0105117216515554,-0.0105117216515554,14709.5403,14751.206,41.6657,14806.0006,14909.1967,103.1961,14939.5124,15090.5351,151.0226,15095.9859,15291.8996,195.9137,15242.7546,15498.2217,255.4671,9.535,9.7,0.165,9.4,9.7,0.3,9.1,9.6,0.5,8.9119,9.4758,0.5639,8.8,9.3,0.5,0.8,1.7,0.9,1.2,2.0,0.8,1.2,1.932,0.732,1.1363,1.9,0.7637,1.4,2.2386,0.8386,0.75,1.5,0.75,1.2588,1.7928,0.534,1.29,1.8779,0.5879,1.1598,1.85,0.6902,0.95,2.1,1.15,3.1,4.2731,1.1731,3.2938,4.5,1.2062,3.7501,4.6,0.8499,3.846,5.2989,1.4529,3.5032,5.3,1.7968,1.6009,3.0073,1.4064,2.0668,3.1793,1.1126,2.1047,3.2476,1.1429,2.5,3.5128,1.0128,2.6916,3.4948,0.8033,1.8605,2.5151,0.6546,1.9,2.5137,0.6137,1.9774,2.6002,0.6228,2.1166,3.0,0.8834,2.2,3.04,0.84,959.6252,959.908,0.2829,960.2788,960.9734,0.6946,961.1765,962.1823,1.0058,962.2184,963.5079,1.2894,963.186,964.8481,1.6621,225.4969,227.2126,1.7157,224.071,227.2126,3.1416,220.8274,226.1763,5.3489,218.7393,224.8742,6.1349,217.4752,223.0014,5.5263,949.3192,949.6629,0.3437,949.8474,950.3997,0.5523,950.4267,951.2718,0.8451,951.1537,952.1772,1.0234,951.8131,953.0044,1.1913,913.8359,913.9961,0.1602,914.2919,914.5695,0.2776,914.7867,915.1291,0.3424,915.4633,915.8036,0.3403,915.9689,916.6695,0.7005,-0.88,0.1709,0.09,-1.01,-0.13,-1.3862943611198906,0.8998792189486611,-2.4849066497880004,0.7752323662456806,-1.3862943611198906,0.812727700887249,0.6931471805599453,0.902857416844717,-2.772588722239781,0.859750357677647,-1.9459101490553132,0.7559289460184544,-3.4011973816621555,0.8614513206285446,0.7420983778126635,1.0,6.0,12.0,1.0,0.0,,,,,,,,,,,,,,,,,,,,,,,,,,,,,,,,,,,,,,,,,-3.58351893845611,2.437671377103145,0.8754687373539001,1.9244162777371754,-3.1780538303479453,1.4142135623730951,-3.9889840465642745,2.9204594124056245,-8.014335737299424,4.14848087708361,-3.4657359027997265,2.2382451177429328,-10.834863921828324,0.801164192010883,0.6558924647725957,6.0,4.0,27.0,0.0,0.0,-0.6931471805599453,0.9574271077563381,0.0,1.0,-0.6931471805599453,0.7071067811865476,0.6931471805599453,0.0,-0.6931471805599453,0.0,-0.6931471805599453,0.0,-0.6931471805599453,0.9574271077563381,0.9166666666666666,0.0,1.0,0.0,1.0,0.0,-5.662960480135945,4.2949777038081445,-1.6094379124341003,3.699648643982856,-5.2574953720277815,2.9340480444468917,-2.6026896854443837,3.8233168292503414,-11.480071640099151,5.008231234761257,-6.104793232414985,2.9941740637613874,-14.929208484050426,2.6200426203957656,2.314657509251926,7.0,11.0,39.0,2.0,0.0
2011-01-26,meeting_date,220.252,0.0,222.187,0.7819906288130118,111.493,0.6118305283580705,110.424,0.5921256399511687,9.4,130712.0,14745.1,111.045,,0.17,0.16,0.18,0.62,2.03,3.45,16.64,2.29,2.83,0.07,,-0.0001859178397802,13260.7,9.6,1.5,,-1.4078743600488313,2.83,9.251461598543422,8.64701956933716,2.6189248760220103,4.24721947416884,1.383588116805747,0.9236461448519322,1.072737657123195,1.1141022312580051,-0.2863384014565788,-0.4014804306628399,-13412.532275123978,-13711.34188052583,-0.314811883194253,-0.926553855148068,9.3,8.7,3.7,4.3,1.1,0.9,2011Q1,0.3141762452107279,0.1232150799426943,0.0,0.0,0.0,0.0,3.4,2.62,-0.579,-10.5,1.4,0.2708,0.0,0.0051780359746475,-0.0051780359746475,14822.2637,14891.4001,69.1363,14955.8981,15046.8808,90.9826,15072.6554,15232.2426,159.5871,15218.1187,15415.9158,197.7971,15366.897,15611.6282,244.7312,9.5,9.7,0.2,9.4,9.71,0.31,9.2,9.6,0.4,9.0,9.5,0.5,8.8,9.47,0.67,1.5258,2.28,0.7542,1.2,2.1,0.9,0.9472,1.9,0.9528,1.1,2.1193,1.0193,1.2012,2.28,1.0788,1.3,2.0,0.7,1.1512,1.9,0.7488,0.8,1.8,1.0,1.0,2.1,1.1,1.1312,1.9543,0.8231,2.5235,4.4498,1.9263,3.468,4.5661,1.0981,3.2187,4.9576,1.7389,3.6543,5.2994,1.645,4.2,5.2998,1.0998,1.69,2.5,0.81,2.0494,2.8439,0.7945,2.33,3.1452,0.8153,2.5704,3.4805,0.9101,2.7,3.7,1.0,2.0554,2.8,0.7446,1.9711,2.6994,0.7283,1.8581,2.8,0.9419,2.2457,2.9,0.6543,2.2,3.1502,0.9502,960.3886,960.8539,0.4654,961.2861,961.8926,0.6065,962.0637,963.117,1.0532,963.0242,964.3156,1.2914,963.9971,965.5771,1.58,225.1292,227.2126,2.0834,224.071,227.3156,3.2447,221.9203,226.1763,4.256,219.7225,225.1292,5.4067,217.4752,224.8129,7.3377,949.675,949.8733,0.1983,950.2455,950.5636,0.3181,950.8788,951.316,0.4372,951.5469,952.1383,0.5913,952.2959,953.0008,0.7049,914.657,914.8387,0.1817,915.182,915.4308,0.2488,915.6625,916.1392,0.4766,916.1801,916.8049,0.6247,916.6744,917.6235,0.9491,-1.01,0.17,0.03,-0.99,0.020000000000000018,-2.302585092994046,0.7,-2.1972245773362196,0.8938234601238358,-1.6094379124341003,0.8334154310955474,2.8903717578961645,0.8117844741035435,1.791759469228055,0.8773582127556725,-0.6931471805599453,0.8312094145936334,1.3862943611198906,0.8578572718245877,0.7359190988223246,5.0,8.0,6.0,0.0,0.0,,,,,,,,,,,,,,,,,,,,,,,,,,,,,,,,,,,,,,,,,-6.688354713946762,1.662631954026142,-6.416732282512326,1.6039307282906095,0.4418327522790393,1.2047442738340135,-5.480638923341992,1.5556872267108712,-6.416732282512326,1.6690200149040517,4.330733340286331,1.7974798584024092,-8.39773375137891,0.8471078535822558,0.71905614059338,9.0,18.0,69.0,1.0,0.0,-1.0986122886681098,0.5773502691896258,-0.6931471805599453,0.7071067811865476,-0.6931471805599453,0.7071067811865476,0.0,0.0,-0.6931471805599453,0.0,-0.6931471805599453,0.0,-1.0986122886681098,0.5773502691896258,0.33333333333333337,0.0,0.0,0.0,1.0,0.0,-10.089552095608918,2.9399822232157677,-9.307104040408491,3.204860969600993,-1.8607523407150062,2.7452664861161082,-2.5902671654458276,2.3674717008144146,-5.318119993844217,2.546378227659724,2.9444389791664403,2.6286892729960427,-8.110051678927128,2.2823153945964694,1.788308572749038,14.0,26.0,75.0,2.0,0.0
2011-03-15,meeting_date,221.062,1.1833041528231725,222.587,0.8572917374657374,112.166,1.0213271849556893,110.662,0.5743888030537159,8.9,130515.0,14861.0,111.152,5.2,0.14,0.1,0.14,0.63,2.0,3.33,24.32,2.4,2.7,-0.16,,-0.2945218776191314,13260.7,9.6,1.5,3.7,-1.425611196946284,2.7,8.93162633951551,8.395087564525916,2.6189248760220103,4.075089343793844,2.3394333126109457,0.9350066090935404,1.282836125037817,1.187572543858234,-0.6061736604844903,-0.6534124354740847,-13412.532275123978,-13711.514010656205,0.6410333126109458,-0.9151933909064598,8.9,8.4,3.8,4.2,2.8,0.9,2011Q1,0.2921348314606742,0.1105921256618341,0.0,0.0,0.0,0.0,4.6,2.64,-0.546,-10.5,2.6,-0.0208999999999999,0.0,0.0254591120577996,-0.0254591120577996,14822.2637,14891.4001,69.1363,14955.8981,15046.8808,90.9826,15072.6554,15232.2426,159.5871,15218.1187,15415.9158,197.7971,15366.897,15611.6282,244.7312,9.5,9.7,0.2,9.4,9.71,0.31,9.2,9.6,0.4,9.0,9.5,0.5,8.8,9.47,0.67,1.5258,2.28,0.7542,1.2,2.1,0.9,0.9472,1.9,0.9528,1.1,2.1193,1.0193,1.2012,2.28,1.0788,1.3,2.0,0.7,1.1512,1.9,0.7488,0.8,1.8,1.0,1.0,2.1,1.1,1.1312,1.9543,0.8231,2.5235,4.4498,1.9263,3.468,4.5661,1.0981,3.2187,4.9576,1.7389,3.6543,5.2994,1.645,4.2,5.2998,1.0998,1.69,2.5,0.81,2.0494,2.8439,0.7945,2.33,3.1452,0.8153,2.5704,3.4805,0.9101,2.7,3.7,1.0,2.0554,2.8,0.7446,1.9711,2.6994,0.7283,1.8581,2.8,0.9419,2.2457,2.9,0.6543,2.2,3.1502,0.9502,960.3886,960.8539,0.4654,961.2861,961.8926,0.6065,962.0637,963.117,1.0532,963.0242,964.3156,1.2914,963.9971,965.5771,1.58,225.1292,227.2126,2.0834,224.071,227.3156,3.2447,221.9203,226.1763,4.256,219.7225,225.1292,5.4067,217.4752,224.8129,7.3377,949.675,949.8733,0.1983,950.2455,950.5636,0.3181,950.8788,951.316,0.4372,951.5469,952.1383,0.5913,952.2959,953.0008,0.7049,914.657,914.8387,0.1817,915.182,915.4308,0.2488,915.6625,916.1392,0.4766,916.1801,916.8049,0.6247,916.6744,917.6235,0.9491,-0.99,0.1448,0.41,-1.07,-0.08000000000000007,-1.3862943611198906,0.8161824833662176,0.0,0.8819171036881969,1.791759469228055,0.8494342008292706,2.3978952727983707,0.8483963579328584,-2.302585092994046,0.7649445322985123,1.3862943611198906,0.6749485577105528,1.3862943611198906,0.8323887712813509,0.6928710665552771,6.0,7.0,4.0,0.0,0.0,,,,,,,,,,,,,,,,,,,,,,,,,,,,,,,,,,,,,,,,,-4.430816798843313,3.719436034580296,-2.70805020110221,2.943425043386351,-4.605170185988091,1.3567623924610568,-4.356708826689592,5.266607883125975,-14.622701792893748,4.316225004305112,-9.100525505968976,3.5468088983883437,-18.48090528574746,0.751578067993898,0.5677549424654473,3.0,4.0,22.0,0.0,0.0,-1.0986122886681098,0.5773502691896258,-0.6931471805599453,0.7071067811865476,-0.6931471805599453,0.7071067811865476,0.0,0.0,-0.6931471805599453,0.0,-0.6931471805599453,0.0,-1.0986122886681098,0.5773502691896258,0.33333333333333337,0.0,0.0,0.0,1.0,0.0,-6.915723448631314,5.11296878713614,-3.4011973816621555,4.532448928261095,-3.5065578973199814,2.913303374476875,-1.958813553891221,6.115004241058833,-17.61843406644774,5.081169536603625,-8.40737832540903,4.221757456098897,-18.19322321329568,2.161317108464875,1.593959342354058,9.0,11.0,26.0,1.0,0.0
2011-04-27,meeting_date,223.49,1.1767949454336568,223.331,1.1526998994501492,112.601,1.442342342342351,110.826,0.6859209055972926,8.8,130738.0,14871.4,111.141,5.2,0.1,0.06,0.11,0.65,2.06,3.39,15.35,2.58,2.74,-0.31,,-0.2429866909495646,13382.6,9.6,2.6,3.6000000000000005,-1.3140790944027074,2.74,8.805695165596772,8.251257863793601,2.6189248760220103,4.1440939935217305,1.4316203287561562,1.151945430510343,1.3106199501701874,1.273608100250025,-0.407004834403228,-0.4173421362063987,-13612.95017512398,-13947.323806006478,0.1791203287561562,-0.9205545694896567,8.8,8.2,4.1,4.2,1.2,1.2,2011Q2,0.1446280991735536,0.0590633975012406,0.0,0.0,0.0,0.0,4.6,2.79,-0.593,-16.4,2.6,0.0032999999999999,0.0,0.0198187279891091,-0.0198187279891091,15034.8,15083.1,48.3,15206.0,15272.8564,66.8564,15380.4918,15469.9,89.4082,15540.0,15670.5899,130.5899,15710.0004,15868.6917,158.6913,9.1667,9.4,0.2333,9.0626,9.4,0.3374,8.8,9.2997,0.4997,8.6,9.1,0.5,8.4,8.9541,0.5541,1.7,2.9991,1.2991,0.54,1.8739,1.3339,1.1446,2.1,0.9554,1.2066,2.1,0.8934,1.4,2.6,1.2,1.5,2.5,1.0,0.7501,1.8,1.0499,1.0881,1.9941,0.906,1.0783,1.9,0.8217,1.5,2.2,0.7,4.4961,5.8258,1.3297,4.0174,5.6395,1.622,4.2164,5.3523,1.1358,4.3208,5.5899,1.2691,4.0021,5.5539,1.5518,3.2502,3.96,0.7097,3.0339,3.8012,0.7673,2.9735,3.9335,0.9599,3.0219,3.9259,0.9039,2.701,3.584,0.883,2.5439,3.5,0.9561,2.5,3.5,1.0,2.6222,3.4,0.7778,2.6554,3.3501,0.6948,2.2777,2.9984,0.7207,961.8123,962.133,0.3207,962.9445,963.3832,0.4387,964.0855,964.6651,0.5796,965.1173,965.9541,0.8368,966.2053,967.2103,1.0051,221.5574,224.071,2.5136,220.4153,224.071,3.6557,217.4752,222.9981,5.5229,215.1762,220.8274,5.6512,212.8232,219.2106,6.3875,950.9778,951.142,0.1641,951.7026,952.0116,0.309,952.4552,952.9921,0.5369,953.2569,953.8841,0.6272,953.9399,954.6401,0.7002,915.8059,916.0379,0.232,916.4443,916.957,0.5127,917.0786,917.6887,0.6101,917.7448,918.5212,0.7764,918.386,919.1677,0.7818,-1.07,0.11,-0.48,-1.12,-0.050000000000000044,2.772588722239781,0.7975205082246858,-1.0986122886681098,0.8716019289105665,-1.0986122886681098,0.8678978933300582,-2.1972245773362196,0.8601849664490586,2.5649493574615367,0.7896387856258745,-0.6931471805599453,0.8312094145936334,2.4849066497880004,0.846756440609613,0.716996469713861,2.0,7.0,11.0,1.0,0.0,-0.6931471805599453,0.7817359599705717,1.0986122886681098,0.8864052604279183,-1.3862943611198906,0.7867957924694431,-1.0986122886681098,0.5773502691896258,0.0,0.0,1.0986122886681098,0.5773502691896258,0.0,0.8944271909999159,0.8,0.0,1.0,1.0,0.0,0.0,-1.6094379124341003,0.8432740427115678,0.6931471805599453,0.9540735874430285,-1.3862943611198906,0.8660254037844386,-3.1354942159291497,0.0,-2.9444389791664403,0.45825756949558405,-3.295836866004329,0.0,-4.174387269895637,0.6213761129531157,0.38610827374872314,0.0,2.0,0.0,0.0,0.0,-0.2876820724517808,4.648295667568004,-2.302585092994046,0.9312828703885243,-2.302585092994046,0.7274384280931732,-4.564348191467836,2.3119428159163635,-11.394742349292505,4.804841054233357,0.0,2.621320343559643,-12.396362371973305,0.7524729381059928,0.5807977230490808,17.0,9.0,37.0,0.0,0.0,-1.0986122886681098,0.5773502691896258,-0.6931471805599453,0.0,-0.6931471805599453,0.0,0.0,0.0,-0.6931471805599453,0.0,-0.6931471805599453,0.0,-1.0986122886681098,0.5773502691896258,0.33333333333333337,0.0,0.0,0.0,1.0,0.0,-0.9162907318741549,7.648176447664454,-2.302585092994046,3.6433636471700375,-6.866933284461882,3.248157517677113,-10.995679273401315,3.749478051555048,-12.467379151557354,6.052737409354815,-3.58351893845611,4.029880027342902,-15.184455280749052,3.692382951858263,2.8172357998449984,19.0,19.0,49.0,2.0,0.0
2011-06-22,meeting_date,224.804,1.5313674405736275,224.387,1.3807374475333312,113.432,2.4105740235820905,111.179,0.8380572309645951,9.1,131043.0,15010.3,111.668,5.2,0.09,0.02,0.09,0.39,1.58,3.01,18.52,2.19,2.62,-0.32,,0.0013188675841711,13382.6,9.6,2.6,3.9,-1.161942769035405,2.62,8.935488284623759,8.573782644523442,2.6189248760220103,3.288258762691608,1.0346106776596282,1.5139569210751036,1.818375159716852,1.6055610087166037,-0.2772117153762412,-0.0948173554765574,-13612.95017512398,-13948.179641237308,-0.2178893223403717,-0.5585430789248962,9.0,8.6,3.9,3.3,0.6,1.5,2011Q2,0.3581560283687943,0.1791856189204835,0.0,0.0,0.0,0.0,3.8,2.48,-0.524,-16.4,1.7999999999999998,-0.0113,0.0,0.0158780836057186,-0.0158780836057186,15034.8,15083.1,48.3,15206.0,15272.8564,66.8564,15380.4918,15469.9,89.4082,15540.0,15670.5899,130.5899,15710.0004,15868.6917,158.6913,9.1667,9.4,0.2333,9.0626,9.4,0.3374,8.8,9.2997,0.4997,8.6,9.1,0.5,8.4,8.9541,0.5541,1.7,2.9991,1.2991,0.54,1.8739,1.3339,1.1446,2.1,0.9554,1.2066,2.1,0.8934,1.4,2.6,1.2,1.5,2.5,1.0,0.7501,1.8,1.0499,1.0881,1.9941,0.906,1.0783,1.9,0.8217,1.5,2.2,0.7,4.4961,5.8258,1.3297,4.0174,5.6395,1.622,4.2164,5.3523,1.1358,4.3208,5.5899,1.2691,4.0021,5.5539,1.5518,3.2502,3.96,0.7097,3.0339,3.8012,0.7673,2.9735,3.9335,0.9599,3.0219,3.9259,0.9039,2.701,3.584,0.883,2.5439,3.5,0.9561,2.5,3.5,1.0,2.6222,3.4,0.7778,2.6554,3.3501,0.6948,2.2777,2.9984,0.7207,961.8123,962.133,0.3207,962.9445,963.3832,0.4387,964.0855,964.6651,0.5796,965.1173,965.9541,0.8368,966.2053,967.2103,1.0051,221.5574,224.071,2.5136,220.4153,224.071,3.6557,217.4752,222.9981,5.5229,215.1762,220.8274,5.6512,212.8232,219.2106,6.3875,950.9778,951.142,0.1641,951.7026,952.0116,0.309,952.4552,952.9921,0.5369,953.2569,953.8841,0.6272,953.9399,954.6401,0.7002,915.8059,916.0379,0.232,916.4443,916.957,0.5127,917.0786,917.6887,0.6101,917.7448,918.5212,0.7764,918.386,919.1677,0.7818,-1.12,0.1181,0.01,-1.38,-0.2599999999999998,-1.3862943611198906,0.5477225575051661,0.0,0.0,0.0,0.0,0.0,0.0,-0.6931471805599453,0.0,0.0,0.0,-1.3862943611198906,0.5477225575051661,0.3,0.0,0.0,0.0,0.0,0.0,-0.6931471805599453,0.7071067811865476,-1.6094379124341003,0.8090398349558905,-1.6094379124341003,0.7867957924694431,-0.6931471805599453,0.9831920802501751,0.0,0.0,0.0,0.0,-2.0794415416798357,0.8563488385776753,0.7333333333333334,0.0,0.0,3.0,0.0,0.0,-3.6109179126442243,0.0,0.0,0.0,-3.295836866004329,0.0,-3.295836866004329,0.5012062743707415,-3.58351893845611,0.5273033097637495,0.0,0.0,-4.127134385045092,0.5307945454744989,0.2817428495054799,14.0,0.0,0.0,0.0,0.0,-11.443703995928276,5.28887612622287,-0.6931471805599453,0.9336995618478525,-6.761572768804056,2.2056659538468417,-11.159103590013903,4.55896740284762,-20.931570880111625,5.299252745410001,-5.598421958998375,3.7052363772037276,-27.61101243778615,0.6160569367914785,0.4256663030850855,18.0,5.0,60.0,0.0,0.0,0.0,1.0,-0.6931471805599453,0.0,-0.6931471805599453,0.0,0.0,0.0,0.0,0.0,0.0,0.0,0.0,1.0,1.0,0.0,0.0,0.0,1.0,0.0,-17.134063450252334,7.543705464914583,-2.995732273553991,1.742739396803743,-12.35999472780243,2.992461746316285,-15.148087636578177,6.043365757468536,-25.20823699912768,5.826556055173751,-5.598421958998375,3.7052363772037276,-35.20388272563097,3.5509228783488185,2.7407424859238985,32.0,5.0,63.0,1.0,0.0
2011-08-09,meeting_date,224.304,0.9712566722306804,224.958,1.4736728148639244,113.554,2.160085647710819,111.712,1.2177442737025368,9.2,131017.0,15003.8,113.065,5.2,0.1,0.03,0.06,0.19,0.91,2.2,35.06,2.2,2.01,-0.84,,-0.0768458589043552,13438.8,8.9,5.2,3.999999999999999,-0.7822557262974632,2.01,9.012661866891824,8.552319003341795,2.6189248760220103,3.238632029387216,1.0832753109657751,1.5874178775900736,1.8299266684565096,1.6309942651442515,0.3580618668918234,0.3725190033417949,-13656.061175123978,-13976.806667970612,-0.9595246890342248,-0.4705821224099262,9.2,8.7,2.4,3.2,1.0,1.6,2011Q3,0.2773972602739726,0.1211806101052019,3.0,0.0,3.0,1.0,3.5,2.65,-0.329,-21.8,1.5,-0.052,0.0,-0.0405509808741558,0.0405509808741558,15180.5257,15224.5,43.9743,15351.3,15451.7942,100.4942,15526.8411,15621.1054,94.2643,15705.4289,15842.7349,137.306,15848.7566,16060.0281,211.2714,8.73,8.9,0.17,8.57,8.8,0.23,8.3,8.65,0.35,8.19,8.5,0.31,7.9,8.4,0.5,2.59,4.3,1.71,1.5092,2.7,1.1908,1.3703,2.51,1.1397,1.7,2.6,0.9,1.58,2.5,0.92,2.0,3.4,1.4,1.7,2.5,0.8,1.2,2.41,1.21,1.3318,2.2251,0.8934,1.4,2.3,0.9,4.7228,5.9415,1.2187,4.3578,6.0042,1.6464,4.2874,5.4516,1.1642,4.4,5.7189,1.3189,4.4522,5.6267,1.1745,2.7705,3.6239,0.8534,2.9112,3.7116,0.8004,2.9836,3.753,0.7694,2.5698,3.5,0.9302,2.6501,3.5675,0.9174,2.4,3.0364,0.6364,2.475,3.1341,0.6591,2.5924,3.3138,0.7213,2.2875,2.9466,0.6591,2.3387,3.0012,0.6625,962.7769,963.0661,0.2893,963.8955,964.548,0.6525,965.0325,965.6378,0.6053,966.1762,967.0466,0.8705,967.0846,968.4089,1.3242,216.6765,218.6051,1.9286,214.8269,217.4752,2.6483,211.6256,215.7559,4.1304,210.2914,214.0066,3.7152,206.6863,212.8232,6.1369,951.2735,951.4801,0.2066,951.9737,952.391,0.4172,952.6894,953.2899,0.6004,953.4622,954.0714,0.6092,954.1707,954.9889,0.8183,916.3544,916.5092,0.1549,916.9386,917.2878,0.3492,917.6197,918.0621,0.4424,918.22,918.7541,0.5341,918.8257,919.5273,0.7016,-1.38,0.0824,0.01,-1.4,-0.020000000000000018,-2.5649493574615367,0.7559289460184544,-2.70805020110221,0.7847060257179306,-2.772588722239781,0.6454972243679028,-3.4965075614664802,0.7492031508912395,-2.3978952727983707,0.8655343204425493,-2.4849066497880004,0.45773770821706344,-4.343805421853684,0.7647349554144015,0.5848195520326667,10.0,1.0,13.0,0.0,0.0,-0.6931471805599453,0.7071067811865476,-1.6094379124341003,0.8090398349558905,-1.6094379124341003,0.7867957924694431,-0.6931471805599453,0.9831920802501751,0.0,0.0,0.0,0.0,-2.0794415416798357,0.8563488385776753,0.7333333333333334,0.0,0.0,3.0,0.0,0.0,-3.6109179126442243,0.0,0.0,0.0,-3.295836866004329,0.0,-3.295836866004329,0.5012062743707415,-3.58351893845611,0.5273033097637495,0.0,0.0,-4.127134385045092,0.5307945454744989,0.2817428495054799,14.0,0.0,0.0,0.0,0.0,0.0,0.0,0.0,0.0,-0.6931471805599453,0.0,0.0,0.0,-1.0986122886681098,0.4879500364742666,0.0,0.0,-1.0986122886681098,0.4629100498862757,0.21428571428571427,0.0,0.0,2.0,0.0,0.0,-1.0986122886681098,0.5477225575051662,-1.0986122886681098,0.5477225575051662,-0.6931471805599453,0.0,0.0,0.0,0.0,0.0,-0.6931471805599453,0.0,-1.6094379124341003,0.5345224838248488,0.2857142857142857,0.0,0.0,1.0,1.0,0.0,-3.6635616461296463,1.3036515035236205,-3.8066624897703196,1.3324285832230967,-4.1588830833596715,0.6454972243679028,-3.4965075614664802,0.7492031508912395,-3.4965075614664807,1.353484356916816,-3.1780538303479458,0.45773770821706344,-7.051855622955895,1.7621674891255261,1.0848195520326667,10.0,1.0,16.0,1.0,0.0
2011-09-21,meeting_date,226.268,0.8053033736671766,226.014,1.9159921538565603,114.031,2.471221502322951,112.0,1.4455997971088097,9.1,131132.0,14996.8,113.094,5.2,0.08,0.01,0.04,0.21,0.88,1.88,37.32,1.86,1.67,-0.78,,0.4621721182156517,13438.8,8.9,5.2,3.9,-0.5544002028911903,1.67,9.082145040184374,8.86715370424907,2.6189248760220103,2.758811048823179,1.095045930026698,1.4134428909485204,1.9395280245247304,1.6062989459621293,0.4275450401843734,0.6873537042490696,-13656.061175123978,-13977.286488951177,-0.947754069973302,-0.6445571090514794,9.1,8.9,2.0,2.7,1.2,1.4,2011Q3,0.3679525222551929,0.2143720804978789,3.0,0.0,3.0,1.0,3.3,2.06,-0.044,-21.8,1.2999999999999998,0.0047999999999999,0.01667,-0.0084669502979843,0.0251369502979843,15180.5257,15224.5,43.9743,15351.3,15451.7942,100.4942,15526.8411,15621.1054,94.2643,15705.4289,15842.7349,137.306,15848.7566,16060.0281,211.2714,8.73,8.9,0.17,8.57,8.8,0.23,8.3,8.65,0.35,8.19,8.5,0.31,7.9,8.4,0.5,2.59,4.3,1.71,1.5092,2.7,1.1908,1.3703,2.51,1.1397,1.7,2.6,0.9,1.58,2.5,0.92,2.0,3.4,1.4,1.7,2.5,0.8,1.2,2.41,1.21,1.3318,2.2251,0.8934,1.4,2.3,0.9,4.7228,5.9415,1.2187,4.3578,6.0042,1.6464,4.2874,5.4516,1.1642,4.4,5.7189,1.3189,4.4522,5.6267,1.1745,2.7705,3.6239,0.8534,2.9112,3.7116,0.8004,2.9836,3.753,0.7694,2.5698,3.5,0.9302,2.6501,3.5675,0.9174,2.4,3.0364,0.6364,2.475,3.1341,0.6591,2.5924,3.3138,0.7213,2.2875,2.9466,0.6591,2.3387,3.0012,0.6625,962.7769,963.0661,0.2893,963.8955,964.548,0.6525,965.0325,965.6378,0.6053,966.1762,967.0466,0.8705,967.0846,968.4089,1.3242,216.6765,218.6051,1.9286,214.8269,217.4752,2.6483,211.6256,215.7559,4.1304,210.2914,214.0066,3.7152,206.6863,212.8232,6.1369,951.2735,951.4801,0.2066,951.9737,952.391,0.4172,952.6894,953.2899,0.6004,953.4622,954.0714,0.6092,954.1707,954.9889,0.8183,916.3544,916.5092,0.1549,916.9386,917.2878,0.3492,917.6197,918.0621,0.4424,918.22,918.7541,0.5341,918.8257,919.5273,0.7016,-1.4,0.0967,-0.27,-1.48,-0.08000000000000007,-3.4339872044851463,0.7056217810570319,-2.6390573296152584,0.7790711595597376,-3.1354942159291497,0.5681120688308978,-3.2188758248682006,0.8819171036881969,-3.713572066704308,0.7484987583398564,-1.9459101490553132,0.674199862463242,-4.653960350157523,0.7663523788277209,0.5872959685349066,14.0,2.0,23.0,0.0,0.0,-0.6931471805599453,0.7071067811865476,-1.6094379124341003,0.8090398349558905,-1.6094379124341003,0.7867957924694431,-0.6931471805599453,0.9831920802501751,0.0,0.0,0.0,0.0,-2.0794415416798357,0.8563488385776753,0.7333333333333334,0.0,0.0,3.0,0.0,0.0,-3.6109179126442243,0.0,0.0,0.0,-3.295836866004329,0.0,-3.295836866004329,0.5012062743707415,-3.58351893845611,0.5273033097637495,0.0,0.0,-4.127134385045092,0.5307945454744989,0.2817428495054799,14.0,0.0,0.0,0.0,0.0,-6.646390514847729,2.1237751066408657,-2.9444389791664403,1.8041301654262312,-4.882801922586371,1.1392087646572238,-6.173786103901937,2.7246552648432374,-7.313220387090301,3.4595097014101324,-2.772588722239781,1.704595497044376,-9.824444345195676,0.8293535019549291,0.6948986302795488,9.0,0.0,38.0,0.0,0.0,-1.9459101490553132,0.4629100498862757,-1.3862943611198906,0.5477225575051662,-0.6931471805599453,0.0,-0.6931471805599453,0.7071067811865476,-1.3862943611198906,0.0,-0.6931471805599453,0.0,-2.1972245773362196,0.4216370213557839,0.17777777777777778,0.0,0.0,1.0,1.0,0.0,-12.026287868388188,3.2923069375841734,-6.96979066990159,3.130923882491135,-8.711443319075466,1.7073208334881216,-10.085809109330082,4.313679149717982,-12.4130868149145,4.208008459749989,-5.41164605185504,2.378795359507618,-16.67562927268942,2.017342902138434,1.4599723765922332,23.0,2.0,62.0,1.0,0.0
2011-11-02,meeting_date,226.955,0.4314906039043942,226.137,1.8364488716962724,114.559,2.643156017883874,112.224,1.5050651230101408,9.1,131334.0,15198.6,113.823,5.2,0.08,0.01,0.04,0.23,0.89,2.03,32.74,2.1,1.8,-1.02,,0.5267272282265605,13270.1,9.1,4.1,3.9,-0.4949348769898591,1.7999999999999998,8.942709494555219,8.58637317704688,2.6189248760220103,2.739963590334763,1.6031270275852765,1.3963245491932983,1.819009253214942,1.5653934500374325,-0.0083905054447814,-0.0402268229531195,-13429.920775123976,-13682.328236409665,-0.2679729724147235,-0.8048754508067018,9.0,8.6,2.4,2.7,1.5,1.4,2011Q4,0.270096463022508,0.1066703495081596,1.0,0.0,1.0,1.0,3.2,2.29,-0.102,-5.9,1.2000000000000002,-0.0047999999999999,0.0,0.0017516130070122,-0.0017516130070122,15127.0301,15172.05,45.0199,15267.7869,15348.6528,80.8659,15417.8,15547.7217,129.9217,15563.8844,15735.173,171.2886,15744.254,15927.7,183.446,9.0,9.1205,0.1205,8.8626,9.1,0.2374,8.7,9.0,0.3,8.5005,8.9,0.3995,8.3667,8.8,0.4333,0.6542,2.555,1.9008,1.4425,2.5,1.0575,1.6568,2.6,0.9432,1.6,2.7463,1.1463,1.6548,2.6,0.9452,0.85,2.45,1.6,1.15,2.2599,1.1099,1.3375,2.66,1.3225,1.35,2.4947,1.1447,1.25,2.3962,1.1462,3.326,4.5615,1.2355,3.7,4.8,1.1,3.7324,5.0,1.2676,3.935,5.0497,1.1147,3.8398,5.2017,1.3618,1.8388,2.6022,0.7634,2.0268,2.7242,0.6974,1.908,2.7,0.792,2.4211,2.9,0.4789,2.2813,3.2551,0.9738,1.6459,2.4494,0.8035,1.6492,2.5018,0.8526,1.678,2.5,0.822,2.1104,2.5291,0.4187,2.0545,2.8,0.7455,962.4238,962.721,0.2972,963.35,963.8783,0.5283,964.3278,965.1669,0.8391,965.2708,966.3654,1.0945,966.4231,967.5815,1.1584,219.7225,221.0527,1.3302,218.1839,220.8274,2.6435,216.3323,219.7225,3.3902,214.013,218.6051,4.5921,212.4256,217.4752,5.0496,949.7824,949.9691,0.1867,950.317,950.5909,0.2739,950.8579,951.2598,0.4019,951.4294,951.9663,0.5369,952.026,952.7629,0.7369,915.0299,915.2267,0.1968,915.5613,915.7856,0.2242,915.9833,916.374,0.3907,916.5106,917.0087,0.4981,917.169,917.6659,0.4969,-1.48,0.08,-0.35,-1.47,0.010000000000000009,-3.1354942159291497,0.5522619418008753,-2.995732273553991,0.6672040844618538,-2.9444389791664403,0.6768515929047769,-2.302585092994046,0.8898781472106824,-3.091042453358316,0.8068760444138561,-2.302585092994046,0.621581560508061,-4.219507705176107,0.7847358967029424,0.6158104275741711,5.0,3.0,17.0,0.0,0.0,-1.0986122886681098,0.5773502691896258,-1.0986122886681098,0.9718253158075502,-1.791759469228055,0.0,-0.6931471805599453,1.0954451150103324,0.0,1.4142135623730951,-1.3862943611198906,0.5477225575051662,-2.1972245773362196,0.8646496675642961,0.7476190476190477,0.0,0.0,3.0,0.0,0.0,-4.110873864173311,0.0,0.0,0.0,-4.30406509320417,0.0,-3.6375861597263857,0.0,-2.3978952727983707,0.0,-3.4339872044851463,0.0,-4.836281906951478,0.0,0.0,0.0,0.0,13.0,0.0,0.0,-13.326263760895719,3.803936954104696,-6.222576268071369,4.362220118889777,-8.961879012677683,3.3205650546364076,-12.155200315156417,3.6556604959385623,-16.545431833884653,4.625585456011912,-3.2650652073375754,2.5143459171655596,-19.06792447875914,0.636313365234069,0.41316677435189203,7.0,1.0,42.0,0.0,0.0,-1.6094379124341003,0.44721359549995804,-1.3862943611198906,0.5,-0.6931471805599453,0.0,-0.6931471805599453,0.0,-0.6931471805599453,0.0,-1.0986122886681098,0.0,-1.9459101490553132,0.37796447300922725,0.14285714285714288,0.0,0.0,1.0,0.0,0.0,-23.280682042100388,5.380762760595155,-11.70321519141336,6.501249519159181,-18.695289734836294,3.9974166475411845,-19.48166592899674,5.640983758159577,-22.72751674060128,6.846675062798863,-11.486544154604768,3.6836500351787866,-32.26684881727826,2.663663402510535,1.9194533924022537,12.0,4.0,76.0,0.0,0.0
2011-12-13,meeting_date,226.763,0.0,226.444,1.905404797263844,114.492,2.3264127840985305,112.297,1.5609879624856493,8.6,131708.0,15180.9,113.818,5.2,0.07,0.01,0.06,0.24,0.85,1.96,25.41,2.01,1.72,-0.8,,0.3080655876857214,13270.1,9.1,4.1,3.3999999999999995,-0.4390120375143507,1.72,8.77999300393723,8.588573806376662,2.6189248760220103,2.785696723030057,1.578231096322618,1.2294203306094025,1.7917908294740648,1.5599647649831323,-0.17110699606277,-0.0380261936233381,-13429.920775123976,-13682.282503276969,-0.2928689036773819,-0.9717796693905978,8.8,8.6,2.1,2.9,1.5,1.2,2011Q4,0.2201492537313433,0.0796245249086908,1.0,0.0,1.0,1.0,3.1,2.37,-0.076,-5.9,1.1,0.015,0.0,-0.036747920816051,0.036747920816051,15127.0301,15172.05,45.0199,15267.7869,15348.6528,80.8659,15417.8,15547.7217,129.9217,15563.8844,15735.173,171.2886,15744.254,15927.7,183.446,9.0,9.1205,0.1205,8.8626,9.1,0.2374,8.7,9.0,0.3,8.5005,8.9,0.3995,8.3667,8.8,0.4333,0.6542,2.555,1.9008,1.4425,2.5,1.0575,1.6568,2.6,0.9432,1.6,2.7463,1.1463,1.6548,2.6,0.9452,0.85,2.45,1.6,1.15,2.2599,1.1099,1.3375,2.66,1.3225,1.35,2.4947,1.1447,1.25,2.3962,1.1462,3.326,4.5615,1.2355,3.7,4.8,1.1,3.7324,5.0,1.2676,3.935,5.0497,1.1147,3.8398,5.2017,1.3618,1.8388,2.6022,0.7634,2.0268,2.7242,0.6974,1.908,2.7,0.792,2.4211,2.9,0.4789,2.2813,3.2551,0.9738,1.6459,2.4494,0.8035,1.6492,2.5018,0.8526,1.678,2.5,0.822,2.1104,2.5291,0.4187,2.0545,2.8,0.7455,962.4238,962.721,0.2972,963.35,963.8783,0.5283,964.3278,965.1669,0.8391,965.2708,966.3654,1.0945,966.4231,967.5815,1.1584,219.7225,221.0527,1.3302,218.1839,220.8274,2.6435,216.3323,219.7225,3.3902,214.013,218.6051,4.5921,212.4256,217.4752,5.0496,949.7824,949.9691,0.1867,950.317,950.5909,0.2739,950.8579,951.2598,0.4019,951.4294,951.9663,0.5369,952.026,952.7629,0.7369,915.0299,915.2267,0.1968,915.5613,915.7856,0.2242,915.9833,916.374,0.3907,916.5106,917.0087,0.4981,917.169,917.6659,0.4969,-1.47,0.0829,0.28,-1.54,-0.07000000000000006,-2.70805020110221,0.7014118687516404,-3.1354942159291497,0.6396838299494921,-2.3978952727983707,0.6538625481582945,-3.091042453358316,0.7583548251421143,-3.367295829986474,0.8057762482965358,-2.1972245773362196,0.5135525910130955,-4.442651256490317,0.7415015994122224,0.5498246219308839,7.0,2.0,19.0,0.0,0.0,-1.0986122886681098,0.5773502691896258,-1.0986122886681098,0.9718253158075502,-1.791759469228055,0.0,-0.6931471805599453,1.0954451150103324,0.0,1.4142135623730951,-1.3862943611198906,0.5477225575051662,-2.1972245773362196,0.8646496675642961,0.7476190476190477,0.0,0.0,3.0,0.0,0.0,-4.110873864173311,0.0,0.0,0.0,-4.30406509320417,0.0,-3.6375861597263857,0.0,-2.3978952727983707,0.0,-3.4339872044851463,0.0,-4.836281906951478,0.0,0.0,0.0,0.0,13.0,0.0,0.0,-6.298949246855942,1.8735144249903928,-1.3862943611198906,0.0,-2.890371757896165,0.0,-3.6375861597263857,0.8516806393281597,-10.014313107625012,2.668309980683004,-2.302585092994046,1.5083841704503747,-11.168292016068309,0.7328190144451056,0.5467382331880746,2.0,0.0,35.0,0.0,0.0,-1.6094379124341003,0.5163977794943223,-1.3862943611198906,0.5,-0.6931471805599453,0.0,-0.6931471805599453,0.0,0.0,0.0,-1.0986122886681098,0.0,-1.9459101490553132,0.4629100498862757,0.21428571428571427,0.0,0.0,1.0,0.0,0.0,-10.616437360392252,3.091324073236356,-5.908082938168931,1.139683829949492,-5.9814142112544815,0.6538625481582945,-7.421775793644647,1.6100354644702741,-13.381608937611487,3.47408622897954,-5.598421958998376,2.0219367614634702,-17.556853421613937,1.9372306637436036,1.3108485694046728,9.0,2.0,55.0,0.0,0.0
2012-01-25,meeting_date,226.747,0.0,227.166,2.057173150273828,114.447,1.9127507813961,112.388,1.4304666841150615,8.5,131900.0,15176.1,113.836,5.2,0.08,0.04,0.07,0.22,0.81,2.01,18.31,2.13,1.79,-1.02,4.3,0.213070096552665,13352.8,9.1,3.1,3.3,-0.5695333158849385,1.7899999999999998,8.683675227411054,8.491158152776544,2.6189248760220103,2.340945730264578,1.8665972457330624,1.3137508073206987,1.572007728529197,1.5442150426013814,-0.2466247725889463,-0.1957418472234557,-13509.845075123978,-13768.204754269736,-0.2714027542669377,-0.7636491926793012,8.7,8.5,1.8,2.1,1.9,1.3,2012Q1,0.2598425196850393,0.0938231583610051,1.0,0.0,1.0,1.0,3.3,2.43,-0.281,5.4,1.2999999999999998,-0.0017999999999999,0.0,0.0271559854029896,-0.0271559854029896,15331.1253,15385.1208,53.9954,15455.95,15588.3118,132.3618,15583.0131,15770.1527,187.1396,15748.41,15966.1058,217.6958,15901.5481,16165.8923,264.3442,9.0,9.1,0.1,8.8038,9.055,0.2512,8.7,9.0593,0.3593,8.572,9.0,0.428,8.4445,9.0,0.5555,1.6,2.5484,0.9484,1.6587,2.6314,0.9727,1.25,2.8,1.55,1.6,2.6996,1.0996,1.6,2.6,1.0,0.9491,2.2,1.2509,1.2123,2.5823,1.3701,1.2,2.4185,1.2185,1.31,2.4208,1.1108,1.3506,2.4,1.0494,3.5337,5.1,1.5663,3.2961,5.0648,1.7687,3.0693,5.0,1.9307,3.73,5.191,1.461,3.8916,5.5756,1.684,2.1332,2.978,0.8447,1.8513,2.9,1.0487,2.0163,2.8612,0.8448,2.2291,3.0563,0.8272,2.2299,3.1033,0.8734,2.0,2.6,0.6,1.8,2.4268,0.6268,2.0,2.5,0.5,2.0336,2.5778,0.5441,2.1637,2.8341,0.6704,963.764,964.1156,0.3516,964.5749,965.4277,0.8527,965.3937,966.5874,1.1938,966.4495,967.8223,1.3729,967.4172,969.0659,1.6487,219.7225,220.8274,1.105,217.5183,220.3317,2.8134,216.3323,220.3787,4.0464,214.8504,219.7225,4.872,213.351,219.7225,6.3715,950.4598,950.6818,0.2219,950.9709,951.3097,0.3388,951.4983,952.024,0.5257,952.0521,952.8596,0.8074,952.5485,953.6253,1.0767,915.8668,916.0134,0.1466,916.2704,916.5771,0.3068,916.7501,917.1746,0.4245,917.3375,917.801,0.4635,917.8574,918.5091,0.6517,-1.54,0.0929,0.37,-1.27,0.27,-1.6094379124341003,0.5980174172288312,-2.302585092994046,0.7190587281616534,-2.302585092994046,0.7096231833787505,-2.9444389791664403,0.735767207381959,1.6094379124341003,0.8618333970172094,-1.9459101490553132,0.6602252917735248,-3.4011973816621555,0.7679629007332941,0.5897670169026954,7.0,1.0,15.0,0.0,0.0,-1.0986122886681098,0.6763995415945232,-1.9459101490553132,0.5163977794943223,-1.9459101490553132,0.6324555320336759,0.0,1.0,-0.6931471805599453,1.1547005383792517,-1.3862943611198906,0.5,-2.3978952727983707,0.6839612783652524,0.46780303030303033,1.0,0.0,1.0,0.0,0.0,-3.044522437723423,0.408248290463863,-2.1972245773362196,0.5769394898639181,0.0,0.0,-2.833213344056216,0.0,0.0,0.0,0.0,0.0,-3.2188758248682006,0.590693457690623,0.3489187609585038,0.0,0.0,0.0,0.0,0.0,-4.68213122712422,1.998839337976072,-1.0986122886681098,1.5610938576665825,-2.8903717578961645,1.3213740783324708,-5.049856007249537,0.8572642304355839,-6.416732282512326,2.733091953247114,-2.4849066497880004,1.5260335672401395,-9.672563813902956,0.8215220743557481,0.6941437937881683,5.0,4.0,25.0,1.0,0.0,-1.791759469228055,0.0,-1.3862943611198906,0.0,-0.6931471805599453,0.0,-0.6931471805599453,0.0,0.0,0.0,-1.0986122886681098,0.0,-2.0794415416798357,0.0,0.0,0.0,0.0,1.0,0.0,0.0,-12.226463335177908,3.6815045872632894,-8.930626469173578,3.3734898551864765,-7.832014180505469,2.6634527937448973,-11.520655511032139,2.593031437817543,-5.500441550638171,4.749625888643575,-6.915723448631314,2.6862588590136642,-20.769973834911518,2.864139711144918,2.1006326019523978,13.0,5.0,42.0,1.0,0.0
2012-03-13,meeting_date,227.505,1.7204840653604725,227.684,1.9153555202435115,114.954,1.554852730710099,112.886,1.596587227302182,8.3,132697.0,15320.8,114.081,5.5,0.13,0.08,0.15,0.35,0.99,2.14,14.8,2.34,1.79,-1.14,4.3,-0.3164897261314734,13352.8,9.1,3.1,2.8000000000000007,-0.403412772697818,1.79,8.327205532730513,8.066322068595246,2.6189248760220103,2.39900727117928,2.363260860095623,1.4349716982617589,1.9661002785034245,1.7188658606505998,-0.6030944672694876,-0.6205779314047533,-13509.845075123978,-13768.146692728822,0.2252608600956231,-0.6424283017382411,8.4,8.1,2.2,2.3,2.6,1.4,2012Q1,0.1742738589211618,0.0720329492926995,1.0,0.0,1.0,1.0,3.9,2.55,-0.426,5.4,1.9,0.0368,0.0,0.01105976588061,-0.01105976588061,15331.1253,15385.1208,53.9954,15455.95,15588.3118,132.3618,15583.0131,15770.1527,187.1396,15748.41,15966.1058,217.6958,15901.5481,16165.8923,264.3442,9.0,9.1,0.1,8.8038,9.055,0.2512,8.7,9.0593,0.3593,8.572,9.0,0.428,8.4445,9.0,0.5555,1.6,2.5484,0.9484,1.6587,2.6314,0.9727,1.25,2.8,1.55,1.6,2.6996,1.0996,1.6,2.6,1.0,0.9491,2.2,1.2509,1.2123,2.5823,1.3701,1.2,2.4185,1.2185,1.31,2.4208,1.1108,1.3506,2.4,1.0494,3.5337,5.1,1.5663,3.2961,5.0648,1.7687,3.0693,5.0,1.9307,3.73,5.191,1.461,3.8916,5.5756,1.684,2.1332,2.978,0.8447,1.8513,2.9,1.0487,2.0163,2.8612,0.8448,2.2291,3.0563,0.8272,2.2299,3.1033,0.8734,2.0,2.6,0.6,1.8,2.4268,0.6268,2.0,2.5,0.5,2.0336,2.5778,0.5441,2.1637,2.8341,0.6704,963.764,964.1156,0.3516,964.5749,965.4277,0.8527,965.3937,966.5874,1.1938,966.4495,967.8223,1.3729,967.4172,969.0659,1.6487,219.7225,220.8274,1.105,217.5183,220.3317,2.8134,216.3323,220.3787,4.0464,214.8504,219.7225,4.872,213.351,219.7225,6.3715,950.4598,950.6818,0.2219,950.9709,951.3097,0.3388,951.4983,952.024,0.5257,952.0521,952.8596,0.8074,952.5485,953.6253,1.0767,915.8668,916.0134,0.1466,916.2704,916.5771,0.3068,916.7501,917.1746,0.4245,917.3375,917.801,0.4635,917.8574,918.5091,0.6517,-1.27,0.1085,-0.39,-1.26,0.010000000000000009,-1.791759469228055,0.7516216235148275,-2.302585092994046,0.8243602928775247,-2.0794415416798357,0.9026709338484401,-1.0986122886681098,0.8360066410173644,2.833213344056216,0.8171744528426825,0.0,0.7071067811865476,1.0986122886681098,0.8455799645517033,0.7150054764512597,4.0,5.0,13.0,0.0,0.0,-1.0986122886681098,0.6763995415945232,-1.9459101490553132,0.5163977794943223,-1.9459101490553132,0.6324555320336759,0.0,1.0,-0.6931471805599453,1.1547005383792517,-1.3862943611198906,0.5,-2.3978952727983707,0.6839612783652524,0.46780303030303033,1.0,0.0,1.0,0.0,0.0,-3.044522437723423,0.408248290463863,-2.1972245773362196,0.5769394898639181,0.0,0.0,-2.833213344056216,0.0,0.0,0.0,0.0,0.0,-3.2188758248682006,0.590693457690623,0.3489187609585038,0.0,0.0,0.0,0.0,0.0,-2.3978952727983707,0.783823376129674,-1.6094379124341003,0.9138735334633753,-1.9459101490553132,0.7071067811865476,-2.6390573296152584,0.8274835732746656,-3.332204510175204,1.4743474434217716,-1.0986122886681098,0.5773502691896258,-4.787491742782046,0.7932506597150777,0.6292882744495649,2.0,2.0,2.0,0.0,0.0,-1.791759469228055,0.0,-1.3862943611198906,0.0,-0.6931471805599453,0.0,-0.6931471805599453,0.0,-0.6931471805599453,0.0,-1.0986122886681098,0.0,-2.0794415416798357,0.0,0.0,0.0,0.0,1.0,0.0,0.0,-5.981414211254481,1.5354449996445014,-5.298317366548037,1.7382338263408998,-4.718498871295094,1.6097777150349877,-4.430816798843313,1.66349021429203,-1.192138346678933,2.291521896264454,-2.1972245773362196,1.2844570503761734,-5.768320995793772,1.638830624266781,1.3442937509008246,6.0,7.0,16.0,0.0,0.0
2012-04-25,meeting_date,229.098,1.3404454760522988,228.432,2.06149639439186,115.359,1.5662968832540924,113.086,1.5782051397210006,8.2,132821.0,15319.4,114.077,5.5,0.14,0.09,0.14,0.26,0.86,2.01,16.82,2.25,1.75,-1.16,4.3,-0.1336173730576373,13422.4,8.7,0.9,2.7,-0.4217948602789994,1.7499999999999998,8.1612710801653,7.910453572664037,2.6189248760220103,2.495250482146772,1.9740145880343696,1.5439764962061802,1.7818989945952897,1.7580923824288603,-0.1596289198347005,-0.1132464273359623,-13575.166575123978,-13848.305549517854,0.0915145880343695,-0.6835235037938199,8.1,7.9,2.5,2.7,2.0,1.6,2012Q2,0.1229508196721311,0.0389254658181541,1.0,0.0,1.0,1.0,3.2,2.48,-0.399,-6.9,1.2000000000000002,0.005,0.0,0.0088234473266958,-0.0088234473266958,15421.8265,15465.158,43.3316,15557.5386,15627.1383,69.5997,15719.57,15830.0,110.43,15874.9212,16031.51,156.5888,16045.5,16220.0,174.5,8.3,8.5,0.2,8.2,8.4077,0.2077,8.0979,8.4,0.3021,7.9029,8.37,0.4671,7.8,8.3,0.5,1.5,2.4,0.9,1.6,2.5005,0.9005,1.8698,2.6,0.7302,1.8,2.4,0.6,1.8726,2.59,0.7174,1.3,2.05,0.75,1.3,2.3403,1.0403,1.6,2.4007,0.8007,1.55,2.35,0.8,1.6,2.3,0.7,3.3882,4.6347,1.2465,3.5617,4.8,1.2383,4.2,5.1335,0.9335,4.3469,5.423,1.0762,4.1164,5.0,0.8836,1.8484,2.534,0.6855,2.0666,2.708,0.6415,2.3288,2.9,0.5712,2.4486,3.0225,0.5738,2.0782,3.0901,1.0119,1.9216,2.8151,0.8936,2.1277,2.5597,0.432,2.1103,2.7,0.5897,2.1178,2.817,0.6991,2.0,2.8936,0.8936,964.3539,964.6345,0.2806,965.2301,965.6764,0.4464,966.2662,966.9662,0.7,967.2496,968.2311,0.9816,968.3184,969.4,1.0817,211.6256,214.0066,2.3811,210.4134,212.9144,2.5009,209.1609,212.8232,3.6623,206.7228,212.4654,5.7425,205.4124,211.6256,6.2132,950.9275,951.0936,0.1661,951.4585,951.727,0.2686,952.1118,952.4516,0.3398,952.6836,953.1789,0.4953,953.309,954.0323,0.7232,916.1835,916.4017,0.2182,916.7175,916.9748,0.2573,917.2786,917.64,0.3615,917.8618,918.3372,0.4754,918.4263,918.942,0.5156,-1.26,0.125,0.06,-1.11,0.1499999999999999,-1.791759469228055,0.6814598039411162,-1.0986122886681098,0.916763786618909,-1.791759469228055,0.848063572298739,-1.791759469228055,0.762648446573665,-1.3862943611198906,0.8445285620610532,-0.6931471805599453,0.5557189302262113,-2.833213344056216,0.7824847795410877,0.6122824302134646,9.0,4.0,15.0,0.0,0.0,-1.3862943611198906,0.5,-1.0986122886681098,0.5773502691896258,0.0,0.0,-0.6931471805599453,0.0,0.0,0.0,-1.0986122886681098,0.5773502691896258,-1.6094379124341003,0.5163977794943223,0.2666666666666667,0.0,0.0,1.0,0.0,0.0,1.0986122886681098,0.9154754164341269,0.0,0.0,-2.302585092994046,0.8495144947835149,-2.3978952727983707,0.0,-2.5649493574615367,0.0,0.0,0.0,-2.4849066497880004,0.8385855987623523,0.7032258064516128,3.0,0.0,18.0,0.0,0.0,-4.765018886929987,0.6666666666666666,0.0,0.0,-6.897704943128636,2.632804501806228,-9.290629203204986,1.8479367637396293,-13.046949938114455,4.707754332959661,-4.1588830833596715,1.9446823421496982,-19.709957192922754,0.7353956933727149,0.549922453774081,13.0,0.0,43.0,0.0,0.0,-1.791759469228055,0.0,-1.3862943611198906,0.0,-0.6931471805599453,0.0,-0.6931471805599453,0.0,0.0,0.0,-1.0986122886681098,0.0,-2.0794415416798357,0.0,0.0,0.0,0.0,1.0,0.0,0.0,-8.636219897837877,2.7636018870419097,-3.58351893845611,1.4941140558085348,-11.68519668591068,4.330382568888481,-14.866578306351302,2.6105852103132943,-16.998193656695882,5.552282895020714,-7.049254841255836,3.077751541565535,-28.716956640880905,2.8728638511704774,2.1320973571058253,25.0,4.0,78.0,0.0,0.0
2012-06-20,meeting_date,228.527,0.9767075703732032,229.446,2.014992397093996,115.637,1.7599901440551902,113.432,1.4561196379378138,8.2,133009.0,15454.0,114.55,5.5,0.16,0.09,0.16,0.32,0.74,1.65,17.24,2.16,1.33,-1.14,4.3,0.1963944699844897,13422.4,8.7,0.9,2.7,-0.5438803620621862,1.3299999999999998,8.199534277825226,8.077977915267402,2.6189248760220103,2.3382073228327984,0.42232595522363,1.6631110257317063,1.7653565596684988,1.70022468935057,-0.1213657221747741,0.0542779152674022,-13575.166575123978,-13848.462592677168,-1.46017404477637,-0.5643889742682935,8.2,8.1,1.9,2.1,-0.4,1.7,2012Q2,0.2717770034843205,0.1416598403572205,1.0,0.0,1.0,1.0,3.1,2.44,-0.241,-6.9,1.1,0.035,0.00375,0.0119583307390644,-0.0082083307390644,15421.8265,15465.158,43.3316,15557.5386,15627.1383,69.5997,15719.57,15830.0,110.43,15874.9212,16031.51,156.5888,16045.5,16220.0,174.5,8.3,8.5,0.2,8.2,8.4077,0.2077,8.0979,8.4,0.3021,7.9029,8.37,0.4671,7.8,8.3,0.5,1.5,2.4,0.9,1.6,2.5005,0.9005,1.8698,2.6,0.7302,1.8,2.4,0.6,1.8726,2.59,0.7174,1.3,2.05,0.75,1.3,2.3403,1.0403,1.6,2.4007,0.8007,1.55,2.35,0.8,1.6,2.3,0.7,3.3882,4.6347,1.2465,3.5617,4.8,1.2383,4.2,5.1335,0.9335,4.3469,5.423,1.0762,4.1164,5.0,0.8836,1.8484,2.534,0.6855,2.0666,2.708,0.6415,2.3288,2.9,0.5712,2.4486,3.0225,0.5738,2.0782,3.0901,1.0119,1.9216,2.8151,0.8936,2.1277,2.5597,0.432,2.1103,2.7,0.5897,2.1178,2.817,0.6991,2.0,2.8936,0.8936,964.3539,964.6345,0.2806,965.2301,965.6764,0.4464,966.2662,966.9662,0.7,967.2496,968.2311,0.9816,968.3184,969.4,1.0817,211.6256,214.0066,2.3811,210.4134,212.9144,2.5009,209.1609,212.8232,3.6623,206.7228,212.4654,5.7425,205.4124,211.6256,6.2132,950.9275,951.0936,0.1661,951.4585,951.727,0.2686,952.1118,952.4516,0.3398,952.6836,953.1789,0.4953,953.309,954.0323,0.7232,916.1835,916.4017,0.2182,916.7175,916.9748,0.2573,917.2786,917.64,0.3615,917.8618,918.3372,0.4754,918.4263,918.942,0.5156,-1.11,0.175,-0.32,-1.26,-0.1499999999999999,-2.4849066497880004,0.8086075400626399,-3.091042453358316,0.7652356405615107,-3.258096538021482,0.6217351701880307,-3.258096538021482,0.8155513644999478,-2.70805020110221,0.8231378735440825,-2.1972245773362196,0.646206172658864,-4.3694478524670215,0.7846002806328672,0.6155976003691741,6.0,5.0,25.0,1.0,0.0,-1.0986122886681098,0.5773502691896257,-1.6094379124341003,0.0,-0.6931471805599453,0.0,-0.6931471805599453,0.0,0.0,0.0,-0.6931471805599453,0.7071067811865476,-1.791759469228055,0.48795003647426666,0.23809523809523814,2.0,0.0,0.0,0.0,0.0,0.0,0.0,0.0,0.0,-1.0986122886681098,0.0,1.0986122886681098,1.027105182026191,2.302585092994046,0.0,-1.0986122886681098,0.0,2.0794415416798357,0.9842057552468227,0.9686609686609688,0.0,0.0,0.0,0.0,0.0,-6.030685260261263,2.396125993362431,-3.4657359027997265,1.4581743973853585,-3.044522437723423,2.063768734719465,-4.816241156068031,1.4274079589957047,-9.818950384891867,3.9643422667667565,-1.8718021769015913,1.12114611679196,-12.720167918163787,0.7399000128105502,0.5583409634095013,31.0,2.0,65.0,0.0,0.0,-2.0794415416798357,0.0,-1.6094379124341003,0.0,-1.0986122886681098,0.0,-1.0986122886681098,0.0,-0.6931471805599453,0.0,-0.6931471805599453,0.0,-2.302585092994046,0.0,0.0,0.0,0.0,1.0,1.0,0.0,-11.693645740397208,3.7820838026146966,-9.775654181026244,2.223410037946869,-9.19299073364107,2.6855039049074954,-8.767484874649458,3.2700645055218436,-10.917562673559976,4.787480140310839,-6.553933404025811,2.474459070637372,-19.104518791173074,2.9966560851645068,2.380694770534882,39.0,7.0,91.0,2.0,0.0
2012-08-01,meeting_date,228.618,0.3389815526857687,229.916,1.7741735573773454,115.518,1.0452839761027954,113.817,1.452026954754504,8.2,133088.0,15595.9,115.031,5.5,0.13,0.1,0.14,0.24,0.63,1.56,18.96,2.23,1.32,-1.22,4.3,-0.1744304531636076,13502.4,8.3,2.5,2.7,-0.5479730452454961,1.32,8.260877251080483,8.104204452874228,2.6189248760220103,2.33311087131424,1.3153228832887167,1.5613335680132332,1.5836691794276108,1.693135512086964,0.2225772510804837,0.4235044528742282,-13665.59597512398,-13933.604089128688,-0.7867771167112834,-0.4763664319867668,8.3,8.1,1.8,2.2,1.6,1.5,2012Q3,0.2226148409893993,0.1244074398708587,1.0,0.0,1.0,1.0,3.6,2.61,-0.367,-9.5,1.6,-0.0333,0.01033,0.0105429616359008,-0.0002129616359008,15593.1871,15644.6,51.4129,15756.9141,15822.3,65.3859,15922.4,16017.2,94.8,16090.3699,16199.7,109.3301,16276.0973,16388.2681,112.1708,8.1,8.2,0.1,7.9227,8.182,0.2593,7.8,8.1,0.3,7.6,8.0,0.4,7.5,7.9,0.4,1.8,2.7,0.9,1.87,2.4,0.53,1.8,2.4,0.6,1.91,2.4,0.49,1.5844,2.47,0.8856,1.4,2.2679,0.8679,1.5175,2.2,0.6825,1.4937,2.4,0.9063,1.6986,2.6,0.9014,1.3851,2.5,1.1149,3.4426,4.8136,1.371,4.0492,4.8509,0.8017,4.157,5.1788,1.0218,4.0497,4.8931,0.8435,3.9502,5.0752,1.1251,2.0147,2.7,0.6853,2.3,2.801,0.501,2.3897,3.0951,0.7054,2.0628,2.8867,0.8239,2.4211,3.0385,0.6174,2.0792,2.5,0.4208,2.2,2.6,0.4,2.0777,2.843,0.7652,1.9738,2.6734,0.6997,2.1,2.8512,0.7512,965.4589,965.7881,0.3292,966.5035,966.9176,0.4141,967.5482,968.1418,0.5936,968.5976,969.2748,0.6772,969.7453,970.4321,0.6868,209.1864,210.4134,1.227,206.973,210.1937,3.2207,205.4124,209.1864,3.774,202.8148,207.9442,5.1293,201.4903,206.6863,5.196,951.5609,951.7283,0.1674,952.1296,952.4187,0.2891,952.7389,953.1577,0.4187,953.3357,953.775,0.4393,953.9288,954.4166,0.4878,916.9462,917.0491,0.1029,917.5092,917.6664,0.1572,918.0067,918.3483,0.3416,918.5789,918.9996,0.4208,919.1598,919.6587,0.4989,-1.26,0.1455,-0.45,-1.36,-0.10000000000000009,-2.70805020110221,0.7066294900210021,-2.772588722239781,0.802591568487018,-2.70805020110221,0.5712405705774793,-3.2188758248682006,0.7617666713229594,1.3862943611198906,0.9043640838375141,-1.9459101490553132,0.5163977794943222,-3.970291913552122,0.7983350922832313,0.6373389195708754,9.0,6.0,17.0,0.0,0.0,-1.0986122886681098,0.5773502691896257,-1.6094379124341003,0.0,-0.6931471805599453,0.0,-0.6931471805599453,0.0,0.0,0.0,-0.6931471805599453,0.7071067811865476,-1.791759469228055,0.48795003647426666,0.23809523809523814,2.0,0.0,0.0,0.0,0.0,0.0,0.0,0.0,0.0,-1.0986122886681098,0.0,1.0986122886681098,1.027105182026191,2.302585092994046,0.0,-1.0986122886681098,0.0,2.0794415416798357,0.9842057552468227,0.9686609686609688,0.0,0.0,0.0,0.0,0.0,-1.9459101490553132,0.674199862463242,0.0,0.0,0.0,0.0,0.0,1.4142135623730951,-2.3025850929940455,0.7862453931068966,-1.791759469228055,0.408248290463863,-3.1780538303479458,0.6570935504035694,0.44026539908892853,0.0,0.0,1.0,0.0,0.0,-1.6094379124341003,0.0,-1.6094379124341003,0.0,-1.0986122886681098,0.0,-1.0986122886681098,0.0,0.0,0.0,-0.6931471805599453,0.0,-1.9459101490553132,0.0,0.0,0.0,0.0,1.0,0.0,0.0,-6.263398262591624,1.380829352484244,-4.382026634673881,0.802591568487018,-3.8066624897703196,0.5712405705774793,-4.31748811353631,2.1759802336960545,-0.9162907318741549,1.6906094769444107,-4.430816798843313,0.9246460699581852,-9.094255892955381,1.4554286426868006,1.0776043186598039,9.0,6.0,19.0,0.0,0.0
2012-09-13,meeting_date,228.723,0.0718473134394104,230.124,1.7864962292942763,115.529,0.8951652344022731,113.845,1.4453365174696753,8.1,133300.0,15606.1,115.051,5.36,0.14,0.1,0.13,0.24,0.65,1.75,14.05,2.47,1.51,-1.58,4.0,-0.1232948093864663,13502.4,8.3,2.5,2.74,-0.5546634825303247,1.51,8.157337500234625,7.975430149453468,2.6189248760220103,2.7012510653750983,1.6756761648578216,1.397788855812475,1.7875695700920158,1.7321910577587594,0.1190375002346257,0.2947301494534677,-13665.59597512398,-13933.235948934624,-0.4264238351421785,-0.6399111441875251,8.3,8.1,1.7,2.6,2.1,1.4,2012Q3,0.3555555555555555,0.268301179047647,1.0,0.0,1.0,1.0,3.3,2.71,-0.479,-9.5,1.2999999999999998,-0.0425999999999999,0.01324,0.0580457612650533,-0.0448057612650533,15593.1871,15644.6,51.4129,15756.9141,15822.3,65.3859,15922.4,16017.2,94.8,16090.3699,16199.7,109.3301,16276.0973,16388.2681,112.1708,8.1,8.2,0.1,7.9227,8.182,0.2593,7.8,8.1,0.3,7.6,8.0,0.4,7.5,7.9,0.4,1.8,2.7,0.9,1.87,2.4,0.53,1.8,2.4,0.6,1.91,2.4,0.49,1.5844,2.47,0.8856,1.4,2.2679,0.8679,1.5175,2.2,0.6825,1.4937,2.4,0.9063,1.6986,2.6,0.9014,1.3851,2.5,1.1149,3.4426,4.8136,1.371,4.0492,4.8509,0.8017,4.157,5.1788,1.0218,4.0497,4.8931,0.8435,3.9502,5.0752,1.1251,2.0147,2.7,0.6853,2.3,2.801,0.501,2.3897,3.0951,0.7054,2.0628,2.8867,0.8239,2.4211,3.0385,0.6174,2.0792,2.5,0.4208,2.2,2.6,0.4,2.0777,2.843,0.7652,1.9738,2.6734,0.6997,2.1,2.8512,0.7512,965.4589,965.7881,0.3292,966.5035,966.9176,0.4141,967.5482,968.1418,0.5936,968.5976,969.2748,0.6772,969.7453,970.4321,0.6868,209.1864,210.4134,1.227,206.973,210.1937,3.2207,205.4124,209.1864,3.774,202.8148,207.9442,5.1293,201.4903,206.6863,5.196,951.5609,951.7283,0.1674,952.1296,952.4187,0.2891,952.7389,953.1577,0.4187,953.3357,953.775,0.4393,953.9288,954.4166,0.4878,916.9462,917.0491,0.1029,917.5092,917.6664,0.1572,918.0067,918.3483,0.3416,918.5789,918.9996,0.4208,919.1598,919.6587,0.4989,-1.36,0.1444,-0.11,-1.34,0.020000000000000018,-2.0794415416798357,0.6684499957554019,-1.791759469228055,0.7952427724875442,-3.044522437723423,0.42966892442365967,-2.8903717578961645,0.761169186891749,2.772588722239781,0.7446551404479047,-1.791759469228055,0.48795003647426666,-3.4339872044851463,0.7762174364125407,0.6025135085908566,11.0,4.0,20.0,0.0,0.0,0.0,0.8660254037844386,0.0,1.0,0.0,1.4142135623730951,-0.6931471805599453,0.7071067811865476,-0.6931471805599453,0.7071067811865476,-1.0986122886681098,0.5773502691896258,-1.6094379124341003,0.8313702367707394,0.6911764705882353,1.0,1.0,2.0,1.0,0.0,0.0,0.0,0.0,0.0,-4.700480365792417,0.0,0.0,0.0,1.3862943611198906,0.0,0.0,0.0,-4.672828834461906,0.3243645406211277,0.10521235521235518,0.0,8.0,0.0,0.0,0.0,-3.6375861597263857,0.6762536892733091,-1.791759469228055,0.7264831572567789,-2.3978952727983707,0.7237468644557458,-2.995732273553991,0.6038339048243189,-3.044522437723423,0.7161148740394329,-2.302585092994046,0.4972451580988469,-4.060443010546419,0.6944788585376463,0.4823008849557522,8.0,1.0,12.0,0.0,0.0,-1.791759469228055,0.408248290463863,-1.3862943611198906,0.0,-1.0986122886681098,0.0,-1.0986122886681098,0.0,-0.6931471805599453,0.0,-0.6931471805599453,0.0,-2.0794415416798357,0.3535533905932738,0.125,0.0,0.0,2.0,1.0,0.0,-7.508787170634276,2.6189773792770126,-4.969813299576001,2.5217259297443233,-11.24151036498232,2.5676293512525006,-7.67786350067821,2.0721098729026153,-0.27193371548364187,2.167876795673885,-5.886104031450156,1.5625454637627394,-15.856138503607408,2.979984462935328,2.0062032193471993,20.0,14.0,36.0,2.0,0.0
2012-10-24,meeting_date,231.414,0.100968236891763,230.58,1.8170578235047417,116.026,1.328326273961844,113.966,1.4446828017766975,7.8,133500.0,15585.6,115.035,5.4,0.16,0.11,0.16,0.29,0.76,1.8,18.33,2.49,1.51,-1.37,4.0,-0.1558028635831116,13558.0,8.2,0.8,2.3999999999999995,-0.5553171982233023,1.51,8.132105279318104,7.903002332634946,2.6189248760220103,2.6996263245896968,1.283704890285125,1.2799623882635909,1.7638654917598866,1.734826682461462,0.0319052793181047,0.0917023326349459,-13691.982875123978,-13889.28107367541,-0.7802951097148751,-0.9201376117364092,8.0,7.8,1.8,3.1,0.8,1.3,2012Q4,0.0968858131487889,0.0340609293856022,1.0,0.0,1.0,1.0,3.1,2.85,-0.55,-7.6,1.1,0.0432,0.0,0.0096942414521497,-0.0096942414521497,15715.6857,15755.2,39.5143,15852.256,15908.1641,55.9081,16006.0,16065.313,59.313,16161.2048,16246.9854,85.7806,16336.1179,16447.0206,110.9027,8.128,8.3,0.172,8.0,8.2,0.2,7.9,8.2,0.3,7.8268,8.0626,0.2358,7.7,8.0,0.3,1.3,2.1232,0.8232,1.7,2.3,0.6,1.7348,2.5,0.7652,1.6,2.4,0.8,1.9191,2.45,0.5309,0.9105,1.8521,0.9416,1.3932,2.2121,0.8189,1.6993,2.3974,0.6981,1.55,2.3,0.75,1.8,2.35,0.55,3.1078,4.1487,1.0409,3.3198,4.3881,1.0682,3.4,4.4521,1.0521,3.683,4.7901,1.1071,4.0476,5.3999,1.3522,1.3223,2.2816,0.9592,1.8,2.4,0.6,1.6,2.367,0.767,2.0043,2.7,0.6957,2.1175,3.0942,0.9767,1.5113,2.2988,0.7875,1.6096,2.5012,0.8915,1.5977,2.4016,0.8039,2.0,2.3857,0.3857,2.0497,2.7672,0.7175,966.2415,966.4926,0.2511,967.1067,967.4588,0.3521,968.0719,968.4418,0.3699,969.0369,969.5663,0.5294,970.1134,970.79,0.6766,209.5315,211.6256,2.0941,207.9442,210.4134,2.4693,206.6863,210.4134,3.7271,205.755,208.7233,2.9683,204.122,207.9442,3.8221,951.8016,952.0372,0.2356,952.2738,952.5859,0.3121,952.744,953.1245,0.3805,953.2069,953.6986,0.4917,953.8367,954.4199,0.5832,917.1392,917.3324,0.1932,917.5676,917.95,0.3823,918.0087,918.4746,0.4658,918.5597,919.0913,0.5316,919.004,919.657,0.653,-1.34,0.1379,-0.26,-1.43,-0.08999999999999986,0.0,0.5163977794943222,0.0,0.0,0.0,0.0,0.0,0.0,-0.6931471805599453,0.7071067811865476,-0.6931471805599453,0.5,0.0,0.5163977794943222,0.26666666666666666,1.0,0.0,0.0,0.0,0.0,0.0,0.8660254037844386,0.0,1.0,0.0,1.4142135623730951,-0.6931471805599453,0.7071067811865476,-0.6931471805599453,0.7071067811865476,-1.0986122886681098,0.5773502691896258,-1.6094379124341003,0.8313702367707394,0.6911764705882353,1.0,1.0,2.0,1.0,0.0,0.0,0.0,0.0,0.0,-4.700480365792417,0.0,0.0,0.0,1.3862943611198906,0.0,0.0,0.0,-4.672828834461906,0.3243645406211277,0.10521235521235518,0.0,8.0,0.0,0.0,0.0,-7.272398392570047,4.057073761136693,-2.1972245773362196,2.3676761516186877,-2.6390573296152584,3.002918306098665,-8.594154232552366,2.620512513600023,-8.325548307161398,4.091218657968954,-6.684611727667928,2.3507264643533823,-15.258563252902775,0.7357191757169714,0.5538508766167468,6.0,3.0,40.0,2.0,0.0,-1.791759469228055,0.408248290463863,-1.3862943611198906,0.0,-1.0986122886681098,0.0,-1.0986122886681098,0.0,-0.6931471805599453,0.0,-0.6931471805599453,0.0,-2.0794415416798357,0.3535533905932738,0.125,0.0,0.0,2.0,1.0,0.0,-9.064157861798101,4.981719831094878,-3.5835189384561104,2.3676761516186877,-3.7376696182833684,3.002918306098665,-9.692766521220475,2.620512513600023,-9.711842668281289,4.7983254391555015,-8.070906088787819,2.8507264643533823,-17.33800479458261,1.6056703458045674,0.9455175432834135,7.0,3.0,42.0,3.0,0.0
2012-12-12,meeting_date,231.751,0.0,230.994,1.6752645386200138,116.492,1.5835920332065934,114.12,1.2923382801959926,7.7,133852.0,15797.4,115.833,5.4,0.16,0.07,0.1,0.25,0.66,1.72,15.95,2.51,1.47,-1.46,4.0,-0.142389049281602,13558.0,8.2,0.8,2.3,-0.7076617198040074,1.47,7.775662356984393,7.676992411472838,2.6189248760220103,2.8286259174998643,1.358964796244697,1.3447407765010893,1.9323601095324423,1.7879708554882563,-0.3245376430156064,-0.1343075885271618,-13691.982875123978,-13889.1520740825,-0.7050352037553034,-0.8553592234989107,7.9,7.8,1.7,2.9,1.2,1.3,2012Q4,0.2873900293255131,0.1134623701549778,1.0,0.0,1.0,1.0,3.2,2.9,-0.564,-7.6,1.2000000000000002,0.0027,0.0,0.032332595641863,-0.032332595641863,15715.6857,15755.2,39.5143,15852.256,15908.1641,55.9081,16006.0,16065.313,59.313,16161.2048,16246.9854,85.7806,16336.1179,16447.0206,110.9027,8.128,8.3,0.172,8.0,8.2,0.2,7.9,8.2,0.3,7.8268,8.0626,0.2358,7.7,8.0,0.3,1.3,2.1232,0.8232,1.7,2.3,0.6,1.7348,2.5,0.7652,1.6,2.4,0.8,1.9191,2.45,0.5309,0.9105,1.8521,0.9416,1.3932,2.2121,0.8189,1.6993,2.3974,0.6981,1.55,2.3,0.75,1.8,2.35,0.55,3.1078,4.1487,1.0409,3.3198,4.3881,1.0682,3.4,4.4521,1.0521,3.683,4.7901,1.1071,4.0476,5.3999,1.3522,1.3223,2.2816,0.9592,1.8,2.4,0.6,1.6,2.367,0.767,2.0043,2.7,0.6957,2.1175,3.0942,0.9767,1.5113,2.2988,0.7875,1.6096,2.5012,0.8915,1.5977,2.4016,0.8039,2.0,2.3857,0.3857,2.0497,2.7672,0.7175,966.2415,966.4926,0.2511,967.1067,967.4588,0.3521,968.0719,968.4418,0.3699,969.0369,969.5663,0.5294,970.1134,970.79,0.6766,209.5315,211.6256,2.0941,207.9442,210.4134,2.4693,206.6863,210.4134,3.7271,205.755,208.7233,2.9683,204.122,207.9442,3.8221,951.8016,952.0372,0.2356,952.2738,952.5859,0.3121,952.744,953.1245,0.3805,953.2069,953.6986,0.4917,953.8367,954.4199,0.5832,917.1392,917.3324,0.1932,917.5676,917.95,0.3823,918.0087,918.4746,0.4658,918.5597,919.0913,0.5316,919.004,919.657,0.653,-1.43,0.1559,0.14,-1.36,0.06999999999999984,-2.4849066497880004,0.7431350060085298,-2.4849066497880004,0.7472647177570733,-2.833213344056216,0.5606119105813882,-2.772588722239781,0.7564258137379175,-1.3862943611198906,0.7837140105122684,-2.302585092994046,0.45226701686664544,-3.8066624897703196,0.7428598764369364,0.5518407960199004,12.0,1.0,12.0,1.0,0.0,-2.302585092994046,0.6287961636211018,-1.6094379124341003,0.6513389472789296,-1.3862943611198906,0.7537783614444091,-1.6094379124341003,0.0,-0.6931471805599453,0.7071067811865476,-0.6931471805599453,0.5773502691896258,-2.3978952727983707,0.5992827253861374,0.35913978494623655,0.0,0.0,1.0,0.0,0.0,-1.3862943611198906,0.9197009309398037,-0.6931471805599453,1.0540925533894598,0.0,0.0,0.0,0.0,-3.6375861597263857,0.49725254236131383,-1.0986122886681098,0.0,-3.6109179126442243,0.6154640905207834,0.3787960467205751,0.0,0.0,12.0,0.0,0.0,-13.533126426605792,3.0214254523631956,-4.094344562222101,0.9983629353572491,-6.135564891081739,2.165691812833078,-8.865593998902725,2.004700321552179,-15.18078555186009,4.242815795242385,-5.455321115357702,2.0130793711759662,-20.143504482918022,0.7008716309259014,0.5008228581725491,14.0,1.0,40.0,3.0,0.0,-1.9459101490553132,0.5163977794943222,-1.6094379124341003,0.5163977794943223,-1.3862943611198906,0.5477225575051662,-1.0986122886681098,0.0,-0.6931471805599453,0.7071067811865476,-0.6931471805599453,0.0,-2.1972245773362196,0.49236596391733095,0.24242424242424246,0.0,0.0,2.0,1.0,0.0,-21.65282267956304,5.829455332426953,-10.491274217438248,3.967456933277034,-11.741366957377736,4.027804642364042,-14.346232922244715,2.7611261352900964,-21.590960433826258,6.937995910489063,-10.242812858139748,3.0426966572322374,-32.156204735467156,3.1508442871870894,2.0330237282835038,26.0,2.0,67.0,5.0,0.0
2013-01-30,meeting_date,230.979,0.0,231.475,1.665026967200145,116.227,1.0986047806269772,114.148,1.061541049500225,7.8,134021.0,15829.0,115.984,5.44,0.14,0.07,0.11,0.27,0.88,2.03,14.32,2.57,1.76,-1.38,4.0,-0.0727056538265218,13616.2,8.1,2.3,2.3599999999999994,-0.9384589504997748,1.7599999999999998,7.544980014915081,7.402204525306584,2.6189248760220103,2.8404995426795585,1.4595044801318662,1.4418791426193007,1.8047705410804555,1.8551283660265083,-0.3304199850849185,-0.2131954746934159,-13731.587075123978,-13994.45910045732,-0.4957955198681338,-0.8978208573806994,7.7,7.5,2.4,2.5,2.1,1.4,2013Q1,0.2251461988304093,0.0806169380042874,1.0,0.0,1.0,1.0,3.3,2.88,-0.643,-7.4,1.2999999999999998,-0.0179,0.0,0.005359761937629,-0.005359761937629,15890.6577,15934.9863,44.3286,16024.247,16078.8258,54.5788,16171.817,16264.5,92.683,16366.9605,16450.6266,83.6661,16557.4443,16655.593,98.1488,7.8362,7.9694,0.1332,7.8,8.0,0.2,7.7,7.9,0.2,7.5667,7.85,0.2833,7.5,7.8,0.3,1.985,2.8,0.815,1.7,2.4407,0.7407,1.679,2.5,0.821,1.915,2.5074,0.5924,1.965,2.5246,0.5596,1.55,2.2931,0.7431,1.4143,2.143,0.7287,1.7943,2.3659,0.5717,1.6475,2.25,0.6025,1.6542,2.2,0.5458,2.9468,4.1004,1.1535,3.0995,3.9427,0.8432,3.7375,4.6405,0.903,4.313,5.2928,0.9798,4.3292,5.3407,1.0115,1.3665,2.0,0.6335,1.3144,2.1821,0.8677,1.8083,2.4848,0.6765,2.316,3.0347,0.7187,2.4632,3.3086,0.8454,1.8469,2.5458,0.6989,1.3493,2.2051,0.8558,1.8527,2.4,0.5473,2.0,2.5398,0.5398,2.2,2.8269,0.6269,967.3487,967.6272,0.2786,968.1858,968.5259,0.34,969.1025,969.674,0.5715,970.302,970.8119,0.5099,971.4591,972.0501,0.591,205.875,207.5609,1.686,205.4124,207.9442,2.5318,204.122,206.6863,2.5642,202.3753,206.0514,3.6761,201.4903,205.4124,3.9221,952.2409,952.3966,0.1558,952.6415,952.9041,0.2627,953.1172,953.4595,0.3423,953.7253,954.1549,0.4296,954.4159,954.9447,0.5288,917.7245,917.8954,0.171,918.0606,918.3603,0.2997,918.6021,918.9525,0.3504,919.0505,919.5521,0.5016,919.6787,920.2424,0.5637,-1.36,0.135,-0.33,-1.44,-0.07999999999999985,-2.5649493574615367,0.737244472183214,-2.4849066497880004,0.7277064313624728,-2.3978952727983707,0.7111590022187596,1.0986122886681098,0.8629210672834347,2.0794415416798357,0.8830617078086784,-1.3862943611198906,0.7537783614444091,-2.995732273553991,0.82883249810449,0.6869633099141295,5.0,4.0,15.0,0.0,0.0,-2.302585092994046,0.6287961636211018,-1.6094379124341003,0.6513389472789296,-1.3862943611198906,0.7537783614444091,-1.6094379124341003,0.0,-0.6931471805599453,0.7071067811865476,-0.6931471805599453,0.5773502691896258,-2.3978952727983707,0.5992827253861374,0.35913978494623655,0.0,0.0,1.0,0.0,0.0,-1.3862943611198906,0.9197009309398037,-0.6931471805599453,1.0540925533894598,0.0,0.0,0.0,0.0,-3.6375861597263857,0.49725254236131383,-1.0986122886681098,0.0,-3.6109179126442243,0.6154640905207834,0.3787960467205751,0.0,0.0,12.0,0.0,0.0,-0.6931471805599453,2.309401076758503,0.0,0.0,0.0,0.0,-0.6931471805599453,0.0,-6.828712071641684,1.4060104044151036,-0.6931471805599453,0.0,-6.897704943128636,0.6986936925372523,0.48819032629774317,2.0,0.0,19.0,0.0,0.0,-1.791759469228055,0.5175491695067657,-1.6094379124341003,0.5163977794943223,-1.3862943611198906,0.5477225575051662,-1.0986122886681098,0.0,-0.6931471805599453,0.7071067811865476,-0.6931471805599453,0.0,-2.0794415416798357,0.48304589153964794,0.23333333333333334,0.0,0.0,2.0,1.0,0.0,-5.049856007249537,3.5641947184484826,-4.0943445622221,1.2441042108567952,-3.7841896339182615,1.2588815597239258,-0.6931471805599453,0.8629210672834347,-5.442417710521793,2.9961788934103297,-2.772588722239781,0.7537783614444091,-11.972878758362462,2.0105720821813904,1.408486969545206,7.0,4.0,36.0,1.0,0.0
2013-03-20,meeting_date,232.77,0.9552303996505752,232.512,1.7811883051789712,116.342,0.6401273334371238,114.394,0.9539946872821226,7.7,135046.0,15851.2,116.068,5.5,0.14,0.07,0.11,0.26,0.81,1.96,12.67,2.53,1.7,-1.44,4.0,-0.0739902572643971,13616.2,8.1,2.3,2.2,-1.0460053127178774,1.7,7.502654601282813,7.318778377483875,2.6189248760220103,2.848340402014551,1.4439043011965222,1.5572251579909755,1.8079041318990257,1.85191463959592,-0.3727453987171873,-0.2966216225161249,-13731.587075123978,-13994.451259597983,-0.5113956988034778,-0.7824748420090246,7.7,7.4,1.8,2.6,1.1,1.6,2013Q1,0.1189710610932476,0.0285005923929878,1.0,0.0,1.0,1.0,3.2,2.81,-0.656,-7.4,1.2000000000000002,0.0129,0.0,0.016032865971665,-0.016032865971665,15890.6577,15934.9863,44.3286,16024.247,16078.8258,54.5788,16171.817,16264.5,92.683,16366.9605,16450.6266,83.6661,16557.4443,16655.593,98.1488,7.8362,7.9694,0.1332,7.8,8.0,0.2,7.7,7.9,0.2,7.5667,7.85,0.2833,7.5,7.8,0.3,1.985,2.8,0.815,1.7,2.4407,0.7407,1.679,2.5,0.821,1.915,2.5074,0.5924,1.965,2.5246,0.5596,1.55,2.2931,0.7431,1.4143,2.143,0.7287,1.7943,2.3659,0.5717,1.6475,2.25,0.6025,1.6542,2.2,0.5458,2.9468,4.1004,1.1535,3.0995,3.9427,0.8432,3.7375,4.6405,0.903,4.313,5.2928,0.9798,4.3292,5.3407,1.0115,1.3665,2.0,0.6335,1.3144,2.1821,0.8677,1.8083,2.4848,0.6765,2.316,3.0347,0.7187,2.4632,3.3086,0.8454,1.8469,2.5458,0.6989,1.3493,2.2051,0.8558,1.8527,2.4,0.5473,2.0,2.5398,0.5398,2.2,2.8269,0.6269,967.3487,967.6272,0.2786,968.1858,968.5259,0.34,969.1025,969.674,0.5715,970.302,970.8119,0.5099,971.4591,972.0501,0.591,205.875,207.5609,1.686,205.4124,207.9442,2.5318,204.122,206.6863,2.5642,202.3753,206.0514,3.6761,201.4903,205.4124,3.9221,952.2409,952.3966,0.1558,952.6415,952.9041,0.2627,953.1172,953.4595,0.3423,953.7253,954.1549,0.4296,954.4159,954.9447,0.5288,917.7245,917.8954,0.171,918.0606,918.3603,0.2997,918.6021,918.9525,0.3504,919.0505,919.5521,0.5016,919.6787,920.2424,0.5637,-1.44,0.1682,-0.26,-1.27,0.16999999999999993,-2.4849066497880004,0.8628773548210602,-2.3978952727983707,0.7755316082290384,-2.3978952727983707,0.6608945522512666,1.0986122886681098,0.8557104867643436,-1.9459101490553132,0.8699601146563537,-1.9459101490553132,0.7559289460184544,-3.2188758248682006,0.8450554004963837,0.7141186299081035,6.0,4.0,27.0,0.0,0.0,-2.302585092994046,0.6048053188292994,-1.6094379124341003,0.5163977794943223,-1.791759469228055,0.48795003647426655,-1.3862943611198906,0.894427190999916,-1.3862943611198906,0.0,-0.6931471805599453,0.5773502691896258,-2.3978952727983707,0.6538625481582945,0.427536231884058,1.0,0.0,3.0,0.0,0.0,0.6931471805599453,0.6340796763799721,1.0986122886681098,0.0,0.0,0.0,-2.9444389791664403,0.0,1.9459101490553132,0.7807319363122016,0.0,0.0,2.1972245773362196,0.6858864713437108,0.4704402515723271,8.0,0.0,0.0,0.0,0.0,-16.36345209900481,5.276154367228352,-8.812843433517195,4.391478218271162,-10.566381689925052,2.8843002362467494,-9.055789612127585,6.0389557779872325,-23.92426235942273,6.586039932271639,-7.321188556739479,2.696027141830365,-29.56570797525508,0.7001764292662676,0.4973173777495263,28.0,4.0,112.0,1.0,0.0,-1.791759469228055,0.48795003647426655,-1.6094379124341003,0.5163977794943223,-1.3862943611198906,0.5477225575051662,-1.0986122886681098,0.0,-0.6931471805599453,0.7071067811865476,-0.6931471805599453,0.0,-2.0794415416798357,0.44095855184409843,0.19444444444444445,0.0,0.0,1.0,1.0,0.0,-22.249556130454966,7.86586675373295,-13.331002242515655,6.199805385488845,-16.14233079307137,4.580867382477448,-13.386522952413916,7.789093455751492,-26.00370390110257,8.943838764426742,-10.653393066914683,4.029306357038446,-35.064696037265264,3.325939401108755,2.3038569355584593,43.0,8.0,143.0,2.0,0.0
2013-05-01,meeting_date,232.34,1.0885728281025964,232.758,1.4611649215800826,116.726,1.161319397500571,114.596,0.8998538397872791,7.6,135195.0,16010.2,116.437,5.5,0.11,0.06,0.08,0.2,0.65,1.66,14.49,2.3,1.46,-1.33,4.0,-0.4786399261332494,13647.6,7.8,2.1,2.1,-1.100146160212721,1.46,7.508143544013426,7.186081342246574,2.6189248760220103,2.969755252273133,1.459827560232207,1.5891508317459733,1.7142682103497393,1.880227967395969,-0.2178564559865741,-0.2184186577534257,-13799.625875123978,-14080.310344747726,-0.483272439767793,-0.4577491682540267,7.5,7.2,2.4,3.1,1.6,1.6,2013Q2,0.0637583892617449,0.0197295616522283,1.0,0.0,1.0,1.0,3.1,2.62,-0.704,-19.1,1.1,-0.01,0.00258,0.0204112077567531,-0.0178312077567531,15947.5391,16011.2188,63.6798,16104.3379,16196.4,92.0621,16286.8809,16395.0,108.1191,16455.64,16583.0,127.36,16637.0449,16790.0,152.9551,7.8,7.9,0.1,7.6679,7.8,0.1321,7.5,7.709,0.209,7.35,7.6312,0.2812,7.2,7.6,0.4,1.2,2.3,1.1,1.8,2.3,0.5,1.8982,2.4,0.5018,1.902,2.4,0.498,1.9,2.4,0.5,0.9718,1.7,0.7282,1.6408,2.0627,0.4219,1.6,2.1935,0.5935,1.7,2.1965,0.4965,1.6962,2.2,0.5038,3.0222,4.6848,1.6626,3.6854,4.5277,0.8423,4.0805,5.0265,0.946,4.184,5.0,0.816,4.4405,5.1944,0.7539,1.7195,2.7851,1.0656,1.8902,2.4748,0.5846,2.2128,2.9705,0.7577,2.3915,3.0633,0.6718,2.5,3.1417,0.6417,1.2054,2.0881,0.8827,1.5085,2.2017,0.6933,2.0151,2.6017,0.5866,2.0557,2.6263,0.5707,2.2342,2.9,0.6658,967.706,968.1045,0.3985,968.6844,969.2544,0.57,969.8115,970.4732,0.6616,970.8424,971.6133,0.771,971.9387,972.8539,0.9152,205.4124,206.6863,1.2739,203.7041,205.4124,1.7083,201.4903,204.2387,2.7484,199.47,203.2243,3.7542,197.4081,202.8148,5.4067,952.582,952.8186,0.2367,953.0473,953.4096,0.3624,953.6491,954.1646,0.5155,954.2647,954.9441,0.6794,954.9002,955.5411,0.6408,917.9846,918.2147,0.2301,918.4216,918.7522,0.3306,918.9372,919.3123,0.3751,919.4042,919.9895,0.5853,920.0919,920.7837,0.6918,-1.27,0.1255,0.14,-0.97,0.30000000000000004,-2.5649493574615367,0.7578647467450734,-2.833213344056216,0.6373020054525532,-2.302585092994046,0.5757792451369143,-2.3978952727983707,0.8477450555432305,2.833213344056216,0.7949113522720723,-1.0986122886681098,0.5163977794943223,-3.091042453358316,0.8103249385426172,0.6566265060240964,9.0,3.0,11.0,0.0,0.0,-2.302585092994046,0.6048053188292994,-1.6094379124341003,0.5163977794943223,-1.791759469228055,0.48795003647426655,-1.3862943611198906,0.894427190999916,-1.3862943611198906,0.0,-0.6931471805599453,0.5773502691896258,-2.3978952727983707,0.6538625481582945,0.427536231884058,1.0,0.0,3.0,0.0,0.0,0.6931471805599453,0.6340796763799721,1.0986122886681098,0.0,0.0,0.0,-2.9444389791664403,0.0,1.9459101490553132,0.7807319363122016,0.0,0.0,2.1972245773362196,0.6858864713437108,0.4704402515723271,8.0,0.0,0.0,0.0,0.0,-6.866933284461882,4.08530302117204,-1.3862943611198906,0.7071067811865476,-4.025351690735149,2.698606167448609,-3.4657359027997265,3.9410807729671267,-12.388394202324129,4.16975629073986,-4.276666119016055,2.3765620074065272,-14.465332613785845,0.7456278620613017,0.5792499901524122,8.0,0.0,22.0,0.0,0.0,-1.9459101490553132,0.4629100498862757,-1.791759469228055,0.48795003647426655,-1.6094379124341003,0.5163977794943223,-1.0986122886681098,0.0,-0.6931471805599453,0.7071067811865476,-0.6931471805599453,0.0,-2.1972245773362196,0.4216370213557839,0.17777777777777778,0.0,0.0,1.0,1.0,0.0,-11.377792790978733,5.306077817803389,-6.0112671744041615,1.8323588231133674,-7.937374696163295,3.7907831920798456,-6.962243464266207,4.788825828510357,-10.248328038827857,5.67177442419848,-6.068425588244111,2.8929597869008497,-19.75359964448038,1.9775898219597028,1.4136542739542866,17.0,3.0,34.0,1.0,0.0
2013-06-19,meeting_date,231.831,0.9666963708479636,233.267,1.4747016882941777,116.476,0.8598668202246085,114.655,0.7743421168280973,7.6,135637.0,16004.5,116.429,5.5,0.09,0.05,0.08,0.31,1.24,2.33,16.64,2.04,2.02,-0.59,4.0,-0.3448915104604713,13647.6,7.8,2.1,2.1,-1.2256578831719027,2.02,7.413974316758529,6.985155134719338,2.6189248760220103,3.263844346827499,1.4534253245913924,1.5144003804253694,1.7611523950532646,1.8525001234243368,-0.3120256832414707,-0.4193448652806619,-13799.625875123978,-14080.016255653172,-0.4896746754086076,-0.5324996195746305,7.4,7.0,2.5,3.3,1.4,1.5,2013Q2,0.0953947368421053,0.0158472490469929,2.0,0.0,2.0,1.0,3.0,2.25,-0.653,-19.1,1.0,-0.0099999999999999,0.00682,0.0129456480150525,-0.0061256480150525,15947.5391,16011.2188,63.6798,16104.3379,16196.4,92.0621,16286.8809,16395.0,108.1191,16455.64,16583.0,127.36,16637.0449,16790.0,152.9551,7.8,7.9,0.1,7.6679,7.8,0.1321,7.5,7.709,0.209,7.35,7.6312,0.2812,7.2,7.6,0.4,1.2,2.3,1.1,1.8,2.3,0.5,1.8982,2.4,0.5018,1.902,2.4,0.498,1.9,2.4,0.5,0.9718,1.7,0.7282,1.6408,2.0627,0.4219,1.6,2.1935,0.5935,1.7,2.1965,0.4965,1.6962,2.2,0.5038,3.0222,4.6848,1.6626,3.6854,4.5277,0.8423,4.0805,5.0265,0.946,4.184,5.0,0.816,4.4405,5.1944,0.7539,1.7195,2.7851,1.0656,1.8902,2.4748,0.5846,2.2128,2.9705,0.7577,2.3915,3.0633,0.6718,2.5,3.1417,0.6417,1.2054,2.0881,0.8827,1.5085,2.2017,0.6933,2.0151,2.6017,0.5866,2.0557,2.6263,0.5707,2.2342,2.9,0.6658,967.706,968.1045,0.3985,968.6844,969.2544,0.57,969.8115,970.4732,0.6616,970.8424,971.6133,0.771,971.9387,972.8539,0.9152,205.4124,206.6863,1.2739,203.7041,205.4124,1.7083,201.4903,204.2387,2.7484,199.47,203.2243,3.7542,197.4081,202.8148,5.4067,952.582,952.8186,0.2367,953.0473,953.4096,0.3624,953.6491,954.1646,0.5155,954.2647,954.9441,0.6794,954.9002,955.5411,0.6408,917.9846,918.2147,0.2301,918.4216,918.7522,0.3306,918.9372,919.3123,0.3751,919.4042,919.9895,0.5853,920.0919,920.7837,0.6918,-0.97,0.1105,-0.14,-1.52,-0.55,-1.791759469228055,0.7862783338192769,-2.70805020110221,0.7847060257179306,0.6931471805599453,0.823687767580373,2.70805020110221,0.7446901987158768,-2.6390573296152584,0.8603464874289733,-1.0986122886681098,0.9189365834726815,-3.1780538303479458,0.8192148976504292,0.6711130485324032,6.0,2.0,15.0,0.0,0.0,-2.6390573296152584,0.7560241931612779,-2.0794415416798357,0.0,-1.6094379124341003,0.9244162777371755,0.0,1.1547005383792515,0.0,1.4142135623730951,1.0986122886681098,0.5773502691896258,-2.6390573296152584,0.7790711595597375,0.6069518716577539,0.0,1.0,1.0,0.0,0.0,-3.091042453358316,0.48099473199130766,0.0,0.0,0.0,0.0,-1.9459101490553132,0.0,0.0,0.0,0.0,0.0,-3.091042453358316,0.43561340216363675,0.1897590361445783,0.0,0.0,0.0,0.0,0.0,-5.442417710521793,1.057668197020405,-2.3978952727983707,0.3892494720807615,-3.6888794541139367,0.8320502943378437,-3.4011973816621555,2.4410451747415833,-10.804029927442144,3.352457935554097,-1.6094379124341003,2.358552238923693,-15.302238316405436,0.5954741632144867,0.4307255815583379,13.0,3.0,51.0,1.0,0.0,-1.9459101490553132,0.4629100498862757,-1.791759469228055,0.48795003647426655,-1.6094379124341003,0.5345224838248488,-1.0986122886681098,0.0,-0.6931471805599453,0.7071067811865476,0.0,0.0,-2.0794415416798357,0.48304589153964794,0.23333333333333334,0.0,0.0,0.0,1.0,0.0,-14.910187111778736,3.543875505878543,-8.977146484808472,1.6619055342729587,-6.214608098422192,3.114676823480241,-3.737669618283369,4.340435911836712,-14.136234437617349,6.334124766542713,-1.6094379124341003,3.8548390915860002,-26.289833471406794,3.112419514127938,2.1318828712264066,19.0,6.0,67.0,2.0,0.0
2013-07-31,meeting_date,232.944,1.0055236064255624,233.643,1.5410891928186787,116.563,0.8714389560040114,114.774,0.786806933736095,7.6,135902.0,16633.4,106.293,5.5,0.09,0.04,0.08,0.31,1.38,2.6,13.45,2.22,2.29,-0.49,4.0,-0.0003154812013077,13750.1,7.7,1.4,2.1,-1.213193066263905,2.29,7.395757283497002,6.938778960456236,2.6189248760220103,3.269170125425004,1.451125348196054,1.4253897594951312,1.710020612563126,1.8515057590087587,-0.1152427165029976,-0.2230210395437639,-13890.19967512398,-14188.583229874575,-0.6953746518039461,-0.6806102405048686,7.4,6.9,3.3,3.3,1.1,1.4,2013Q3,0.0996784565916398,0.0221797336152411,1.0,0.0,1.0,1.0,3.1,2.57,-0.661,-18.1,1.1,-0.0035,0.0,0.0079090848315681,-0.0079090848315681,16121.03,16167.955,46.925,16283.4198,16339.0262,55.6064,16459.6797,16525.9667,66.287,16639.4093,16742.5711,103.1618,16818.2218,16951.604,133.3822,7.5017,7.6131,0.1114,7.4,7.6,0.2,7.3,7.54,0.24,7.1,7.4013,0.3013,6.9921,7.2925,0.3004,0.5,1.9,1.4,1.8,2.3,0.5,1.8,2.3,0.5,1.9,2.3757,0.4757,1.8205,2.4,0.5795,0.35,1.8,1.45,1.5757,2.15,0.5743,1.75,2.1073,0.3573,1.7,2.28,0.58,1.6566,2.1828,0.5262,2.7979,4.0,1.2021,3.9738,4.7868,0.813,4.101,5.0361,0.9351,4.2,5.1166,0.9166,4.5,5.4309,0.9309,1.4373,2.15,0.7127,1.997,2.674,0.677,2.3246,3.111,0.7863,2.4151,3.2156,0.8005,2.5389,3.2,0.6611,1.6822,2.4,0.7178,2.0,2.7998,0.7998,2.1537,2.9126,0.7589,2.2,2.8817,0.6817,2.2,2.8028,0.6028,968.788,969.0786,0.2907,969.7903,970.1312,0.3409,970.8669,971.2688,0.4019,971.9529,972.571,0.6181,973.0218,973.8118,0.79,201.5134,202.9869,1.4734,200.148,202.8148,2.6668,198.7874,202.0218,3.2344,196.0095,200.165,4.1555,194.4774,198.6843,4.2069,953.2369,953.4119,0.175,953.728,954.075,0.347,954.3371,954.8039,0.4668,955.019,955.5886,0.5696,955.7215,956.3878,0.6663,918.8167,918.9926,0.1759,919.2711,919.6588,0.3878,919.7802,920.2758,0.4956,920.3786,921.0264,0.6478,920.967,921.6501,0.6831,-1.52,0.1,-0.52,-1.8,-0.28,-2.4849066497880004,0.7669872581230491,-2.3978952727983707,0.8297022339981069,-0.6931471805599453,0.7784030640030016,2.1972245773362196,0.8260724207253997,-2.6390573296152584,0.7362811481207531,0.6931471805599453,0.8755950357709132,-2.833213344056216,0.7943120147806164,0.6309315768248421,7.0,2.0,13.0,1.0,0.0,-2.6390573296152584,0.7560241931612779,-2.0794415416798357,0.0,-1.6094379124341003,0.9244162777371755,0.0,1.1547005383792515,0.0,1.4142135623730951,1.0986122886681098,0.5773502691896258,-2.6390573296152584,0.7790711595597375,0.6069518716577539,0.0,1.0,1.0,0.0,0.0,-3.091042453358316,0.48099473199130766,0.0,0.0,0.0,0.0,-1.9459101490553132,0.0,0.0,0.0,0.0,0.0,-3.091042453358316,0.43561340216363675,0.1897590361445783,0.0,0.0,0.0,0.0,0.0,-3.526360524616161,3.4579728902306868,-0.6931471805599454,1.7544993975888015,-1.3862943611198906,2.4941808447831035,0.6931471805599453,2.379290009614249,-8.903815211722922,3.522660663646753,-1.791759469228055,2.1522133417312053,-10.223067921487123,0.76727545112824,0.604477981281909,8.0,8.0,39.0,0.0,0.0,-1.9459101490553132,0.4629100498862757,-1.791759469228055,0.48795003647426655,-1.3862943611198906,0.7867957924694431,-1.0986122886681098,0.0,-0.6931471805599453,0.7071067811865476,0.6931471805599453,0.0,-1.9459101490553132,0.6992058987801011,0.48888888888888904,0.0,0.0,1.0,1.0,0.0,-7.957177323459475,4.687870198240011,-4.882801922586371,3.072151668061175,-3.4657359027997265,4.059379701255549,1.791759469228055,3.205362430339649,-12.236019721898126,4.966048592954054,-0.4054651081081643,3.0278083775021187,-15.002191414598652,2.2607933646889578,1.7242984469956402,15.0,10.0,53.0,2.0,0.0
2013-09-18,meeting_date,233.526,-0.0389227901585909,234.302,1.6093429492044289,107.235,0.6787967552951857,105.95,0.9788130343204138,7.3,136133.0,16633.4,106.293,5.5,0.08,0.01,0.04,0.34,1.43,2.69,13.59,2.2,2.35,-0.41,4.0,-0.1241111398366672,13750.1,7.7,1.4,1.7999999999999998,-1.0211869656795862,2.35,7.181042689200725,6.671022080127194,2.6189248760220103,3.289627272645512,1.394235785367592,1.4181575001839226,1.6602355683719732,1.8671297740790072,-0.3299573107992755,-0.4907779198728059,-13890.19967512398,-14188.562772727357,-0.7522642146324081,-0.6878424998160773,7.2,6.7,2.7,3.4,1.5,1.4,2013Q3,0.2057142857142857,0.0651927860556762,1.0,0.0,1.0,1.0,3.3,2.56,-0.665,-18.1,1.2999999999999998,-0.0114999999999999,0.0,0.0675484502347749,-0.0675484502347749,16121.03,16167.955,46.925,16283.4198,16339.0262,55.6064,16459.6797,16525.9667,66.287,16639.4093,16742.5711,103.1618,16818.2218,16951.604,133.3822,7.5017,7.6131,0.1114,7.4,7.6,0.2,7.3,7.54,0.24,7.1,7.4013,0.3013,6.9921,7.2925,0.3004,0.5,1.9,1.4,1.8,2.3,0.5,1.8,2.3,0.5,1.9,2.3757,0.4757,1.8205,2.4,0.5795,0.35,1.8,1.45,1.5757,2.15,0.5743,1.75,2.1073,0.3573,1.7,2.28,0.58,1.6566,2.1828,0.5262,2.7979,4.0,1.2021,3.9738,4.7868,0.813,4.101,5.0361,0.9351,4.2,5.1166,0.9166,4.5,5.4309,0.9309,1.4373,2.15,0.7127,1.997,2.674,0.677,2.3246,3.111,0.7863,2.4151,3.2156,0.8005,2.5389,3.2,0.6611,1.6822,2.4,0.7178,2.0,2.7998,0.7998,2.1537,2.9126,0.7589,2.2,2.8817,0.6817,2.2,2.8028,0.6028,968.788,969.0786,0.2907,969.7903,970.1312,0.3409,970.8669,971.2688,0.4019,971.9529,972.571,0.6181,973.0218,973.8118,0.79,201.5134,202.9869,1.4734,200.148,202.8148,2.6668,198.7874,202.0218,3.2344,196.0095,200.165,4.1555,194.4774,198.6843,4.2069,953.2369,953.4119,0.175,953.728,954.075,0.347,954.3371,954.8039,0.4668,955.019,955.5886,0.5696,955.7215,956.3878,0.6663,918.8167,918.9926,0.1759,919.2711,919.6588,0.3878,919.7802,920.2758,0.4956,920.3786,921.0264,0.6478,920.967,921.6501,0.6831,-1.8,0.0862,0.1,-1.85,-0.050000000000000044,-3.2188758248682006,0.618852747755276,-2.5649493574615367,0.6805570473787206,-2.833213344056216,0.7652356405615106,-2.3978952727983707,0.7476112351500335,-2.995732273553991,0.7867738318025638,-2.0794415416798357,0.6685579234215214,-4.060443010546419,0.7444595575588525,0.5542200328407225,7.0,0.0,27.0,0.0,0.0,-2.70805020110221,0.6876819060735033,-2.3978952727983707,0.599144689515278,-2.70805020110221,0.7267314002700914,-1.0986122886681098,1.0,-1.0986122886681098,0.5773502691896258,-0.6931471805599453,0.5,-2.8903717578961645,0.7738090771016312,0.5987804878048781,2.0,0.0,3.0,0.0,0.0,2.302585092994046,0.8387832331734848,-1.791759469228055,0.0,1.9459101490553132,0.0,1.6094379124341003,0.9944903161976936,-1.0986122886681098,0.21308263231644636,2.1972245773362196,0.4305615452020461,3.091042453358316,0.5419508204845708,0.2937106918238994,19.0,0.0,0.0,0.0,0.0,-3.526360524616161,3.4579728902306868,-0.6931471805599454,1.7544993975888015,-1.3862943611198906,2.4941808447831035,0.6931471805599453,2.379290009614249,-8.903815211722922,3.522660663646753,-1.791759469228055,2.1522133417312053,-10.223067921487123,0.76727545112824,0.604477981281909,8.0,8.0,39.0,0.0,0.0,-1.791759469228055,0.5270462766947299,-1.6094379124341003,0.5345224838248488,-1.6094379124341003,0.5345224838248488,-1.0986122886681098,0.5773502691896258,-1.0986122886681098,0.5773502691896258,-0.6931471805599453,0.7071067811865476,-2.0794415416798357,0.5149286505444373,0.26515151515151514,0.0,0.0,2.0,1.0,0.0,-5.416100402204419,2.672364163696994,-8.364042011922063,1.8142242207188475,-5.204791308537213,2.026489524656451,-2.98568193770049,3.3194518205373527,-6.29156913955832,2.1545570024982617,-1.2685113254635068,2.306226249810115,-5.939213856764104,2.575148105689492,1.7118627276210152,28.0,0.0,32.0,1.0,0.0
2013-10-30,meeting_date,233.947,-0.2098237221692112,234.589,1.5576364447099644,107.423,0.6747701564154607,106.131,0.9665604338106036,7.2,136290.0,16661.0,106.259,5.5,0.09,0.04,0.09,0.33,1.3,2.55,13.65,2.18,2.22,-0.47,4.0,-0.0273057005604082,15648.7,7.6,0.0,1.7000000000000002,-1.0334395661893965,2.22,7.090525266673408,6.638051306846019,2.6189248760220103,3.3464393448004186,1.7641809910302155,1.5075651037706628,1.8063026278723,1.864798776293111,-0.2482747333265917,-0.3747486931539816,-15838.79457512398,-16165.5865606552,0.0466809910302155,-0.5200348962293373,7.1,6.6,3.2,3.5,1.7,1.5,2013Q4,0.0562130177514792,0.0191184359517736,1.0,0.0,1.0,1.0,3.0,2.59,-0.726,-8.3,1.0,-0.015,0.0,-0.0070629560996231,0.0070629560996231,16775.0,16821.0002,46.0002,16932.0,17015.5139,83.5139,17109.3454,17210.1893,100.8439,17293.0705,17418.1512,125.0807,17484.2786,17631.0845,146.8059,7.3867,7.5,0.1133,7.2756,7.4,0.1244,7.1,7.3,0.2,7.0,7.2055,0.2055,6.8156,7.1184,0.3028,1.5,3.0,1.5,1.4,2.1,0.7,1.5,2.2,0.7,1.5141,2.2,0.6859,1.7784,2.3447,0.5663,1.0459,2.4343,1.3884,1.4,1.9,0.5,1.4,2.0,0.6,1.4887,2.1,0.6113,1.5,2.1,0.6,3.3602,4.42,1.0598,3.7966,4.6329,0.8363,3.8823,4.8632,0.9808,3.9883,4.9218,0.9335,4.4967,5.1234,0.6268,1.9747,2.59,0.6153,2.1994,2.9243,0.7249,2.244,3.0,0.756,2.4472,3.0346,0.5874,2.6057,3.1878,0.5822,2.0,2.42,0.42,2.0,2.6756,0.6756,2.1,2.8511,0.7511,2.3251,2.93,0.6049,2.34,3.0,0.66,972.7645,973.0383,0.2738,973.6961,974.1881,0.492,974.738,975.3257,0.5877,975.8061,976.5268,0.7207,976.9057,977.7419,0.8361,199.9682,201.4903,1.5221,198.4522,200.148,1.6958,196.0095,198.7874,2.778,194.591,197.4847,2.8937,191.9218,196.2686,4.3467,966.3032,966.456,0.1528,966.8767,967.1589,0.2823,967.4401,967.8843,0.4441,968.0722,968.7011,0.6289,968.6934,969.4375,0.7441,928.2099,928.3126,0.1027,928.7136,929.0386,0.325,929.2226,929.6885,0.4659,929.8418,930.3216,0.4798,930.4498,931.0038,0.5539,-1.85,0.085,0.01,-2.13,-0.2799999999999998,-2.833213344056216,0.7244464749279004,-2.3978952727983707,0.5072996561958923,-2.0794415416798357,0.700528900717694,-1.0986122886681098,0.7790028969224094,0.0,0.8553989227683015,0.6931471805599453,0.792961461098759,-3.332204510175204,0.7719128371521403,0.5958494281602666,8.0,1.0,9.0,0.0,0.0,-2.70805020110221,0.6876819060735033,-2.3978952727983707,0.599144689515278,-2.70805020110221,0.7267314002700914,-1.0986122886681098,1.0,-1.0986122886681098,0.5773502691896258,-0.6931471805599453,0.5,-2.8903717578961645,0.7738090771016312,0.5987804878048781,2.0,0.0,3.0,0.0,0.0,2.302585092994046,0.8387832331734848,-1.791759469228055,0.0,1.9459101490553132,0.0,1.6094379124341003,0.9944903161976936,-1.0986122886681098,0.21308263231644636,2.1972245773362196,0.4305615452020461,3.091042453358316,0.5419508204845708,0.2937106918238994,19.0,0.0,0.0,0.0,0.0,-7.996317231796745,1.967747908782533,-1.3862943611198906,0.0,-2.1972245773362196,1.0954451150103321,-1.3862943611198906,1.1547005383792517,-8.348537825386098,4.7075356124054455,-1.0986122886681098,2.230710143300821,-9.980448593672257,0.7335828416561468,0.5434698293187055,11.0,1.0,31.0,0.0,0.0,-1.791759469228055,0.5270462766947299,-1.6094379124341003,0.5345224838248488,-1.3862943611198906,0.5175491695067657,-1.0986122886681098,0.5773502691896258,-0.6931471805599453,0.7071067811865476,0.0,0.0,-1.9459101490553132,0.5222329678670935,0.2727272727272727,0.0,0.0,1.0,1.0,0.0,-12.621290045081015,3.219240660405163,-5.393627546352361,1.041822140020741,-5.662960480135946,2.313523185234792,-3.58351893845611,2.511053704491287,-9.041685005946043,6.270041316360295,-0.4054651081081645,3.0236716043995804,-15.258563252902775,2.0277286466753806,1.4120465302062448,19.0,2.0,41.0,1.0,0.0
2013-12-18,meeting_date,233.887,0.0,235.24,1.6041394918929086,107.489,0.8462570482328902,106.277,0.9767313703693103,7.0,136765.0,16890.8,106.775,5.5,0.09,0.07,0.1,0.32,1.55,2.89,13.8,2.17,2.57,-0.12,4.0,-0.1449099649186849,15648.7,7.6,0.0,1.5,-1.0232686296306897,2.5700000000000003,6.755371726858479,6.329931325480814,2.6189248760220103,3.285513682805014,1.6909692100427856,1.453960682037486,1.9090106436797496,1.8994917811420524,-0.5834282731415215,-0.6828686745191863,-15838.79457512398,-16165.647486317195,-0.0265307899572144,-0.5736393179625141,6.9,6.5,2.8,3.5,2.0,1.4,2013Q4,0.228494623655914,0.0741737987083497,1.0,0.0,1.0,1.0,3.0,2.67,-0.776,-8.3,1.0,0.0099999999999999,0.0,0.0533147785159501,-0.0533147785159501,16775.0,16821.0002,46.0002,16932.0,17015.5139,83.5139,17109.3454,17210.1893,100.8439,17293.0705,17418.1512,125.0807,17484.2786,17631.0845,146.8059,7.3867,7.5,0.1133,7.2756,7.4,0.1244,7.1,7.3,0.2,7.0,7.2055,0.2055,6.8156,7.1184,0.3028,1.5,3.0,1.5,1.4,2.1,0.7,1.5,2.2,0.7,1.5141,2.2,0.6859,1.7784,2.3447,0.5663,1.0459,2.4343,1.3884,1.4,1.9,0.5,1.4,2.0,0.6,1.4887,2.1,0.6113,1.5,2.1,0.6,3.3602,4.42,1.0598,3.7966,4.6329,0.8363,3.8823,4.8632,0.9808,3.9883,4.9218,0.9335,4.4967,5.1234,0.6268,1.9747,2.59,0.6153,2.1994,2.9243,0.7249,2.244,3.0,0.756,2.4472,3.0346,0.5874,2.6057,3.1878,0.5822,2.0,2.42,0.42,2.0,2.6756,0.6756,2.1,2.8511,0.7511,2.3251,2.93,0.6049,2.34,3.0,0.66,972.7645,973.0383,0.2738,973.6961,974.1881,0.492,974.738,975.3257,0.5877,975.8061,976.5268,0.7207,976.9057,977.7419,0.8361,199.9682,201.4903,1.5221,198.4522,200.148,1.6958,196.0095,198.7874,2.778,194.591,197.4847,2.8937,191.9218,196.2686,4.3467,966.3032,966.456,0.1528,966.8767,967.1589,0.2823,967.4401,967.8843,0.4441,968.0722,968.7011,0.6289,968.6934,969.4375,0.7441,928.2099,928.3126,0.1027,928.7136,929.0386,0.325,929.2226,929.6885,0.4659,929.8418,930.3216,0.4798,930.4498,931.0038,0.5539,-2.13,0.084,-0.15,-2.38,-0.25,-2.6390573296152584,0.8174222093634088,-2.70805020110221,0.8106910465827576,1.6094379124341003,0.7838958818766614,2.6390573296152584,0.8324779674964388,-2.4849066497880004,0.8402498862958697,1.3862943611198906,0.5477225575051661,-2.302585092994046,0.8222716781961047,0.6761307127634384,2.0,0.0,18.0,1.0,0.0,-2.4849066497880004,0.7496030695673289,-1.9459101490553132,0.7071067811865476,-2.302585092994046,0.6030226891555273,0.0,0.0,-0.6931471805599453,0.0,0.0,0.0,-2.5649493574615367,0.7385489458759964,0.5454545454545455,1.0,0.0,1.0,1.0,0.0,-1.0986122886681098,0.42876378559573314,-1.3862943611198906,0.0,-3.044522437723423,0.4284757973243222,-1.0986122886681098,0.0,-2.3978952727983707,0.5036101551853348,0.0,0.0,-3.367295829986474,0.47611565641215425,0.22668611828077653,22.0,0.0,24.0,0.0,0.0,-8.250097752572845,3.851795699468619,-2.890371757896165,1.3575504167745385,-1.6094379124341003,0.7844645405527361,-0.916290731874155,1.8470663442737791,-17.734825949195567,4.012628226535627,0.0,1.5366734240906021,-19.65944376897068,0.5756771849552217,0.3900341697706397,19.0,2.0,57.0,2.0,0.0,-1.0986122886681098,0.9374368665610923,-1.6094379124341003,0.7559289460184544,-0.6931471805599453,0.8755950357709131,-0.6931471805599453,1.1547005383792517,-0.6931471805599453,0.0,0.0,0.0,-1.3862943611198906,0.8925823753039809,0.7967032967032966,0.0,0.0,1.0,1.0,0.0,-15.571286309312322,6.785021630556182,-10.54006438160768,3.6312771905622983,-6.040254711277414,3.4754539446801602,-0.06899287148695166,3.83424485014947,-24.003922232901825,5.3564882680168315,1.3862943611198906,2.084395981595768,-29.280568410532627,3.505195840743458,2.635008842972697,44.0,2.0,101.0,5.0,0.0
2014-01-29,meeting_date,234.582,0.0,235.496,1.459665328209292,107.499,0.7837769423323815,106.371,0.8647910562398664,6.7,136877.0,16912.9,106.778,5.5,0.07,0.04,0.07,0.36,1.52,2.69,17.35,2.14,2.33,-0.2,4.0,-0.2989533555941976,15790.1,7.3,2.6,1.2000000000000002,-1.1352089437601336,2.33,6.664379007546445,6.127137131061574,2.6189248760220103,3.2206706467400226,1.7641809910302155,1.659931072099042,1.960333947726624,1.9254079582648584,-0.4553209924535553,-0.6308628689384257,-15958.91827512398,-16295.41822935326,0.0688809910302155,-0.4245689279009577,6.6,6.0,3.1,3.5,1.8,1.7,2014Q1,0.1314285714285714,0.0283144996614054,0.0,0.0,0.0,0.0,3.1,2.56,-0.766,-13.7,1.1,0.0088,0.005,-0.0083322151884736,0.0133322151884736,16983.3,17030.8,47.5,17159.0586,17224.6,65.5414,17338.2981,17425.1636,86.8655,17521.2533,17650.0,128.7467,17715.22,17860.0,144.78,7.2,7.3,0.1,7.0997,7.2,0.1003,6.9,7.1,0.2,6.7,7.0,0.3,6.6,6.9,0.3,1.2,1.9597,0.7597,1.495,2.1,0.605,1.642,2.1,0.458,1.87,2.35,0.48,1.8,2.4989,0.6989,1.0393,1.8883,0.849,1.4634,1.8826,0.4192,1.5831,2.1,0.5169,1.7191,2.2278,0.5086,1.7142,2.2,0.4858,3.0162,4.1735,1.1573,3.9638,4.8191,0.8553,4.202,4.9266,0.7247,4.3108,5.0156,0.7048,4.5,5.1686,0.6686,1.5,2.2,0.7,2.287,2.9571,0.6701,2.4,3.0,0.6,2.537,3.1216,0.5846,2.6399,3.161,0.5211,2.0,2.451,0.451,2.269,2.7415,0.4724,2.3,2.8225,0.5225,2.2468,2.7939,0.5471,2.3397,2.8,0.4603,973.9986,974.2779,0.2793,975.0282,975.4094,0.3812,976.0673,976.5671,0.4998,977.117,977.8491,0.7321,978.2179,979.0319,0.8139,197.4081,198.7874,1.3793,196.005,197.4081,1.4032,193.1521,196.0095,2.8573,190.2108,194.591,4.3803,188.707,193.1521,4.4452,967.0722,967.2579,0.1857,967.6405,967.9181,0.2776,968.2555,968.6723,0.4167,968.8889,969.4263,0.5374,969.6062,970.193,0.5868,928.5964,928.7067,0.1103,929.1063,929.399,0.2927,929.6234,930.1003,0.477,930.2532,930.7459,0.4927,930.9225,931.4284,0.506,-2.38,0.08,-0.7,-2.62,-0.2400000000000002,-2.302585092994046,0.6936368469679924,-2.70805020110221,0.5713464637233658,1.0986122886681098,0.7252933338781401,2.8903717578961645,0.7598027052002135,2.1972245773362196,0.8769732753076712,-0.6931471805599453,0.6900655593423541,2.70805020110221,0.785576195929051,0.6171299596103588,6.0,0.0,11.0,1.0,0.0,-2.4849066497880004,0.7496030695673289,-1.9459101490553132,0.7071067811865476,-2.302585092994046,0.6030226891555273,0.0,0.0,-0.6931471805599453,0.0,0.0,0.0,-2.5649493574615367,0.7385489458759964,0.5454545454545455,1.0,0.0,1.0,1.0,0.0,-1.0986122886681098,0.42876378559573314,-1.3862943611198906,0.0,-3.044522437723423,0.4284757973243222,-1.0986122886681098,0.0,-2.3978952727983707,0.5036101551853348,0.0,0.0,-3.367295829986474,0.47611565641215425,0.22668611828077653,22.0,0.0,24.0,0.0,0.0,-2.833213344056216,0.5905234531480936,-1.3862943611198906,0.5,-1.9459101490553132,0.7762500258061849,-2.3978952727983707,0.8135752957807667,-2.6390573296152584,0.8475137579369867,-0.6931471805599453,0.8481145238787242,-3.4965075614664802,0.7991331937706873,0.6386138613861387,2.0,0.0,2.0,0.0,0.0,-1.6094379124341003,0.8876253645985945,-1.6094379124341003,0.7559289460184544,-1.3862943611198906,0.8232726023485646,-0.6931471805599453,1.1547005383792517,-0.6931471805599453,0.0,0.0,0.0,-1.791759469228055,0.8418973861410954,0.7087912087912088,0.0,0.0,1.0,1.0,0.0,-6.745236349484363,2.1717856647146805,-5.703782474656201,1.8272754097418202,-2.2335922215070942,2.3248159620328894,-0.20067069546215144,2.728078539360232,-1.1349799328389842,1.724487033244658,-1.3862943611198906,1.5381800832210784,-2.580216829592325,2.426606775840834,1.9645350297877062,8.0,0.0,14.0,2.0,0.0
2014-03-19,meeting_date,235.169,1.0854249703759589,236.122,1.441791326912023,107.922,0.8805384183959486,106.606,0.9344909533322454,6.7,137699.0,17080.7,107.204,5.5,0.08,0.06,0.09,0.47,1.75,2.78,15.12,2.16,2.31,0.02,4.0,-0.2684567023611681,15790.1,7.3,2.6,1.2000000000000002,-1.0655090466677546,2.31,6.332287489301788,5.879068621558711,2.6189248760220103,3.049364807832092,1.864125622547972,1.6732684445713315,1.972838512245615,2.009368040402077,-0.7874125106982115,-0.8789313784412887,-15958.91827512398,-16295.589535192168,0.1688256225479716,-0.411231555428668,6.5,6.0,3.5,3.2,1.7,1.7,2014Q1,0.2552083333333333,0.0432201685293974,1.0,0.0,1.0,1.0,3.2,2.59,-0.779,-13.7,1.2000000000000002,-0.0187999999999999,0.0,-0.0019608707036128,0.0019608707036128,16983.3,17030.8,47.5,17159.0586,17224.6,65.5414,17338.2981,17425.1636,86.8655,17521.2533,17650.0,128.7467,17715.22,17860.0,144.78,7.2,7.3,0.1,7.0997,7.2,0.1003,6.9,7.1,0.2,6.7,7.0,0.3,6.6,6.9,0.3,1.2,1.9597,0.7597,1.495,2.1,0.605,1.642,2.1,0.458,1.87,2.35,0.48,1.8,2.4989,0.6989,1.0393,1.8883,0.849,1.4634,1.8826,0.4192,1.5831,2.1,0.5169,1.7191,2.2278,0.5086,1.7142,2.2,0.4858,3.0162,4.1735,1.1573,3.9638,4.8191,0.8553,4.202,4.9266,0.7247,4.3108,5.0156,0.7048,4.5,5.1686,0.6686,1.5,2.2,0.7,2.287,2.9571,0.6701,2.4,3.0,0.6,2.537,3.1216,0.5846,2.6399,3.161,0.5211,2.0,2.451,0.451,2.269,2.7415,0.4724,2.3,2.8225,0.5225,2.2468,2.7939,0.5471,2.3397,2.8,0.4603,973.9986,974.2779,0.2793,975.0282,975.4094,0.3812,976.0673,976.5671,0.4998,977.117,977.8491,0.7321,978.2179,979.0319,0.8139,197.4081,198.7874,1.3793,196.005,197.4081,1.4032,193.1521,196.0095,2.8573,190.2108,194.591,4.3803,188.707,193.1521,4.4452,967.0722,967.2579,0.1857,967.6405,967.9181,0.2776,968.2555,968.6723,0.4167,968.8889,969.4263,0.5374,969.6062,970.193,0.5868,928.5964,928.7067,0.1103,929.1063,929.399,0.2927,929.6234,930.1003,0.477,930.2532,930.7459,0.4927,930.9225,931.4284,0.506,-2.62,0.0735,0.48,-2.89,-0.27,-2.5649493574615367,0.7965874057607308,-2.8903717578961645,0.7071067811865476,-2.0794415416798357,0.7758920393067706,-2.833213344056216,0.7782350014707153,1.6094379124341003,0.8412444993533733,-0.6931471805599453,0.7929614610987591,-3.4657359027997265,0.7905646677185573,0.6249924938449529,5.0,0.0,11.0,1.0,0.0,-2.302585092994046,0.6863327411532597,-2.1972245773362196,0.7559289460184544,-2.0794415416798357,0.7762500258061849,0.0,0.0,-0.6931471805599453,0.7071067811865476,0.0,0.0,-2.1972245773362196,0.7400128699009549,0.5476190476190477,0.0,0.0,0.0,1.0,0.0,0.0,0.0,0.0,1.044465935734187,-2.3978952727983707,0.7916947813271392,0.0,0.0,0.0,0.0,0.0,0.0,-2.3978952727983707,0.8058527811597277,0.6493987049028679,5.0,0.0,0.0,0.0,0.0,-2.995732273553991,1.288300845269258,0.0,0.0,0.0,0.0,0.0,0.0,-4.7535901911063645,1.0595448314063638,-0.6931471805599453,0.7071067811865476,-4.976733742420574,0.5704301587817617,0.32727272727272727,2.0,0.0,14.0,0.0,0.0,-1.3862943611198906,0.8320502943378437,-1.791759469228055,0.7264831572567789,-0.6931471805599453,0.8312094145936334,-0.6931471805599453,0.0,-1.0986122886681098,0.0,0.6931471805599453,0.7071067811865476,-1.3862943611198906,0.8341662504161466,0.6958333333333333,0.0,0.0,1.0,1.0,0.0,-9.249561085129464,3.603271286521092,-6.879355804460439,3.2339848201959676,-7.249925536717988,3.175046261033728,-3.5263605246161616,0.7782350014707153,-4.935911747900319,2.6078961119462845,-0.6931471805599453,2.207175023471854,-14.42388385647478,3.741026727977148,2.845116306972929,12.0,0.0,26.0,3.0,0.0
2014-04-30,meeting_date,235.64,1.2459701260643774,236.604,1.5864565130587538,108.017,1.2485354079767583,106.716,1.080748283210986,6.7,137928.0,17149.6,107.544,5.5,0.09,0.03,0.05,0.42,1.69,2.67,13.41,2.18,2.25,-0.27,4.0,-0.3505652832377832,15965.6,7.0,0.9,1.2000000000000002,-0.919251716789014,2.25,6.399907194931335,5.858903928871213,2.6189248760220103,3.0976709096742177,1.7701517860126226,1.660702614664344,1.9729146088050749,2.0315125858428065,-0.1868928050686653,-0.378296071128787,-16151.113375123978,-16514.448329090323,0.1452517860126225,-0.3317973853356559,6.4,5.9,3.4,3.2,2.0,1.7,2014Q2,0.1176470588235294,0.008585081187083,0.0,0.0,0.0,0.0,3.2,2.4,-0.769,-11.1,1.2000000000000002,0.0165,0.0,0.0107811576219065,-0.0107811576219065,17223.7228,17286.3519,62.6291,17390.27,17474.927,84.657,17587.9,17705.0723,117.1723,17797.18,17915.0,117.82,18017.638,18144.091,126.4531,6.6,6.8,0.2,6.4895,6.6673,0.1778,6.325,6.5648,0.2398,6.2,6.5,0.3,6.1,6.3036,0.2036,1.3832,2.0,0.6168,1.4155,1.99,0.5745,1.6954,2.3035,0.6081,1.6798,2.2,0.5202,1.6708,2.2589,0.5881,1.1396,1.8,0.6604,1.1375,1.8,0.6625,1.5,1.9508,0.4508,1.388,1.9,0.512,1.5616,2.1185,0.5569,2.8655,4.3698,1.5043,3.8,4.8,1.0,4.4,5.0674,0.6674,4.4502,5.0462,0.596,4.7362,5.4052,0.669,1.7247,2.4768,0.752,2.2178,3.1547,0.9369,2.4899,3.2308,0.7409,2.5,3.3707,0.8707,2.8155,3.5238,0.7083,2.2379,2.8,0.5621,2.3,2.9917,0.6917,2.4004,2.9017,0.5013,2.5,3.1069,0.6069,2.4474,3.083,0.6356,975.4043,975.7673,0.363,976.3666,976.8522,0.4856,977.4966,978.1606,0.664,978.6795,979.3394,0.6598,979.9106,980.61,0.6994,188.707,191.6923,2.9853,187.0185,189.7216,2.703,184.451,188.1722,3.7212,182.4549,187.1802,4.7253,180.8289,184.1128,3.284,968.2467,968.4,0.1533,968.8337,969.1276,0.2939,969.4753,969.9288,0.4535,970.1876,970.7473,0.5596,970.856,971.6188,0.7627,929.5778,929.7238,0.146,930.1907,930.4278,0.2371,930.7449,931.1423,0.3974,931.3213,931.9105,0.5892,931.9258,932.6949,0.7692,-2.89,0.09,0.05,-2.89,0.0,0.6931471805599453,0.7444681351359534,-2.0794415416798357,0.7775701798650618,-1.6094379124341003,0.7461009761866464,-1.0986122886681098,0.8155724192496482,1.791759469228055,0.7715167498104596,1.3862943611198906,0.6749485577105528,0.0,0.7745966692414834,0.6,2.0,1.0,6.0,0.0,0.0,-2.302585092994046,0.6863327411532597,-2.1972245773362196,0.7559289460184544,-2.0794415416798357,0.7762500258061849,0.0,0.0,-0.6931471805599453,0.7071067811865476,0.0,0.0,-2.1972245773362196,0.7400128699009549,0.5476190476190477,0.0,0.0,0.0,1.0,0.0,0.0,0.0,0.0,1.044465935734187,-2.3978952727983707,0.7916947813271392,0.0,0.0,0.0,0.0,0.0,0.0,-2.3978952727983707,0.8058527811597277,0.6493987049028679,5.0,0.0,0.0,0.0,0.0,-5.90808293816893,2.4961740326247943,-1.791759469228055,2.2884938583713312,-5.229324495061085,3.0193507523663667,-4.317488113536311,1.7463298565340186,-4.962844630259907,1.2276915975715517,-3.295836866004329,2.000078100423467,-11.362044434010592,0.6401428363571833,0.4134725722398712,16.0,2.0,23.0,0.0,0.0,-1.3862943611198906,0.904534033733291,-1.791759469228055,0.7264831572567789,-0.6931471805599453,0.8755950357709131,-0.6931471805599453,0.0,-1.0986122886681098,0.0,0.6931471805599453,0.7071067811865476,-1.3862943611198906,0.8925823753039809,0.7967032967032966,0.0,0.0,1.0,1.0,0.0,-6.601230118728876,4.1451762014940385,-5.662960480135945,3.7925471954931718,-7.5319095880551306,4.641046764323926,-6.109247582764366,2.561902275783667,-4.269697449699962,1.9992083473820113,-1.2163953243244934,3.3821334393205675,-12.748338795130483,2.3073218809026477,1.8101758689431677,18.0,3.0,30.0,1.0,0.0
2014-06-18,meeting_date,237.083,0.7446534398350746,237.776,1.795950869291607,108.413,1.1532325032422852,107.079,1.1285935552113546,6.3,138463.0,17101.3,107.536,5.5,0.1,0.03,0.06,0.48,1.71,2.61,10.61,2.23,2.13,-0.27,3.8,-0.3026465011648345,15965.6,7.0,0.9,0.7999999999999998,-0.8714064447886454,2.13,6.330188440700454,5.859781371762463,2.6189248760220103,3.047635079806503,1.7641809910302155,1.617228536682857,2.0336682711199208,2.009290931001077,-0.2566115592995466,-0.3774186282375362,-16151.113375123978,-16514.498364920193,0.1392809910302155,-0.375271463317143,6.2,5.7,3.5,2.9,2.0,1.5,2014Q2,0.1137026239067054,0.0159399529694783,0.0,0.0,0.0,0.0,3.1,2.48,-0.793,-11.1,1.1,0.0084999999999999,0.0,0.0279946765192102,-0.0279946765192102,17223.7228,17286.3519,62.6291,17390.27,17474.927,84.657,17587.9,17705.0723,117.1723,17797.18,17915.0,117.82,18017.638,18144.091,126.4531,6.6,6.8,0.2,6.4895,6.6673,0.1778,6.325,6.5648,0.2398,6.2,6.5,0.3,6.1,6.3036,0.2036,1.3832,2.0,0.6168,1.4155,1.99,0.5745,1.6954,2.3035,0.6081,1.6798,2.2,0.5202,1.6708,2.2589,0.5881,1.1396,1.8,0.6604,1.1375,1.8,0.6625,1.5,1.9508,0.4508,1.388,1.9,0.512,1.5616,2.1185,0.5569,2.8655,4.3698,1.5043,3.8,4.8,1.0,4.4,5.0674,0.6674,4.4502,5.0462,0.596,4.7362,5.4052,0.669,1.7247,2.4768,0.752,2.2178,3.1547,0.9369,2.4899,3.2308,0.7409,2.5,3.3707,0.8707,2.8155,3.5238,0.7083,2.2379,2.8,0.5621,2.3,2.9917,0.6917,2.4004,2.9017,0.5013,2.5,3.1069,0.6069,2.4474,3.083,0.6356,975.4043,975.7673,0.363,976.3666,976.8522,0.4856,977.4966,978.1606,0.664,978.6795,979.3394,0.6598,979.9106,980.61,0.6994,188.707,191.6923,2.9853,187.0185,189.7216,2.703,184.451,188.1722,3.7212,182.4549,187.1802,4.7253,180.8289,184.1128,3.284,968.2467,968.4,0.1533,968.8337,969.1276,0.2939,969.4753,969.9288,0.4535,970.1876,970.7473,0.5596,970.856,971.6188,0.7627,929.5778,929.7238,0.146,930.1907,930.4278,0.2371,930.7449,931.1423,0.3974,931.3213,931.9105,0.5892,931.9258,932.6949,0.7692,-2.89,0.0875,0.14,-2.84,0.050000000000000266,-1.9459101490553132,0.7523972985831716,-1.791759469228055,0.8703882797784892,1.3862943611198906,0.8504872672472202,1.791759469228055,0.8349343594650926,2.772588722239781,0.7741827783921407,-1.3862943611198906,0.6992932067530679,2.772588722239781,0.8038654704590348,0.6461996945963253,7.0,3.0,11.0,0.0,0.0,-1.6094379124341003,0.8335087534664906,-1.6094379124341003,0.9244162777371755,-0.6931471805599453,0.9944289260117534,0.6931471805599453,1.0954451150103324,-1.0986122886681098,0.0,0.6931471805599453,0.5773502691896258,-1.791759469228055,0.8742813140471173,0.7643678160919541,0.0,1.0,3.0,1.0,0.0,0.0,0.0,1.6094379124341003,0.7760791522613609,-2.302585092994046,0.7960110763259728,1.791759469228055,0.0,0.0,0.0,0.0,0.0,-0.6931471805599453,0.8657337636334566,0.7494949494949495,0.0,0.0,5.0,0.0,0.0,-5.662960480135946,2.0677405683197168,-0.6931471805599453,0.9574271077563381,0.4054651081081645,3.1881372510571593,-2.4849066497880004,0.0,-6.628041376179533,3.0134926018382653,-0.6931471805599453,1.6547005383792517,-7.927324360309794,0.7718011268023537,0.6123773051554717,5.0,0.0,14.0,1.0,0.0,-1.3862943611198906,0.904534033733291,-1.791759469228055,0.7264831572567789,-0.6931471805599453,0.8755950357709131,-0.6931471805599453,0.0,-1.0986122886681098,0.0,0.6931471805599453,0.7071067811865476,-1.3862943611198906,0.8925823753039809,0.7967032967032966,0.0,0.0,1.0,1.0,0.0,-10.60460290274525,4.55818065410267,-4.276666119016055,4.254793974790143,-1.8971199848858813,6.704659556413019,1.0986122886681096,1.930379474475425,-6.052677231275972,3.787675380230406,-0.6931471805599454,3.638450795508493,-9.025936648977904,4.208264050245943,3.5691430620419973,12.0,4.0,34.0,3.0,0.0
2014-07-30,meeting_date,237.693,0.5753434054155848,238.083,1.7574827649580405,108.66,1.2891859392041072,107.248,1.2060016985939503,6.1,138780.0,17294.7,108.188,5.5,0.09,0.04,0.06,0.56,1.77,2.57,13.33,2.28,2.01,-0.19,3.8,-0.3160598097347216,15946.6,6.7,1.9,0.5999999999999996,-0.7939983014060497,2.01,6.047819977423518,5.468176257792302,2.6189248760220103,2.9644384228229383,1.4239664860294954,1.781395170785057,2.030770226726644,2.009754126011808,-0.2499800225764819,-0.5095237422076977,-16190.088175123978,-16553.652761577177,-0.4329335139705046,-0.141204829214943,5.8,5.2,3.3,3.1,1.7,1.8,2014Q3,0.1383285302593659,0.0296912949741285,1.0,0.0,1.0,1.0,3.3,2.6,-0.739,-10.7,1.2999999999999998,-0.0042999999999999,0.0,0.032525786965285,-0.032525786965285,17329.2075,17377.6324,48.4248,17529.8,17582.389,52.589,17733.6736,17791.9908,58.3172,17918.7422,18016.5093,97.7671,18106.484,18241.49,135.006,6.3,6.4241,0.1241,6.2,6.4,0.2,6.0587,6.3157,0.2569,5.9,6.2234,0.3234,5.8,6.1964,0.3964,1.7004,2.25,0.5496,1.7,2.1102,0.4102,1.6798,2.101,0.4212,1.77,2.2,0.43,1.8,2.3,0.5,1.4,1.9605,0.5605,1.5,1.8037,0.3037,1.3887,1.9,0.5113,1.6,1.995,0.395,1.5,2.0,0.5,4.2555,5.4257,1.1702,4.5375,5.1385,0.6009,4.4629,5.1566,0.6937,4.3667,5.1604,0.7937,4.1333,5.2,1.0667,2.9793,3.6716,0.6923,2.5,3.406,0.906,2.583,3.5096,0.9266,2.6,3.3381,0.7381,2.5781,3.3018,0.7237,2.3374,3.3032,0.9658,2.2218,3.2,0.9782,2.5,3.2386,0.7386,2.5021,3.0595,0.5574,2.4853,3.0406,0.5553,976.0149,976.2939,0.2791,977.1658,977.4653,0.2995,978.3221,978.6504,0.3283,979.3602,979.9044,0.5441,980.4025,981.1454,0.7429,184.055,186.006,1.951,182.4549,185.6298,3.1749,180.1503,184.3032,4.1529,177.4952,182.8319,5.3367,175.7858,182.3964,6.6107,968.4299,968.6015,0.1716,969.1037,969.4177,0.314,969.6566,970.2641,0.6075,970.3267,971.0361,0.7094,970.9677,971.9634,0.9958,930.3331,930.576,0.2429,930.877,931.3294,0.4524,931.5187,932.0808,0.5621,932.0871,932.8212,0.7341,932.7234,933.5612,0.8378,-2.84,0.095,0.3,-2.81,0.029999999999999805,0.6931471805599453,0.7718749908187069,1.0986122886681098,0.771815343674368,2.1972245773362196,0.8433490104000934,2.1972245773362196,0.8675085491680257,2.6390573296152584,0.847135580248464,0.6931471805599453,0.8366600265340756,3.5263605246161616,0.8268884238687507,0.6837444655281467,6.0,3.0,8.0,0.0,0.0,-1.6094379124341003,0.8335087534664906,-1.6094379124341003,0.9244162777371755,-0.6931471805599453,0.9944289260117534,0.6931471805599453,1.0954451150103324,-1.0986122886681098,0.0,0.6931471805599453,0.5773502691896258,-1.791759469228055,0.8742813140471173,0.7643678160919541,0.0,1.0,3.0,1.0,0.0,0.0,0.0,1.6094379124341003,0.7760791522613609,-2.302585092994046,0.7960110763259728,1.791759469228055,0.0,0.0,0.0,0.0,0.0,-0.6931471805599453,0.8657337636334566,0.7494949494949495,0.0,0.0,5.0,0.0,0.0,-3.4011973816621555,1.859231842119012,0.0,0.0,-1.0986122886681098,0.0,1.3862943611198906,0.7071067811865476,-6.733401891837359,2.298097093585056,-1.0986122886681098,0.0,-6.715383386334681,0.7555420679290847,0.5748164878599662,5.0,0.0,19.0,0.0,0.0,-1.3862943611198906,0.904534033733291,-1.6094379124341003,0.7264831572567789,-0.6931471805599453,0.8755950357709131,-0.6931471805599453,0.0,-1.0986122886681098,0.0,0.6931471805599453,0.7071067811865476,-1.0986122886681098,0.898717034272917,0.8076923076923076,0.0,0.0,0.0,1.0,0.0,-4.0943445622221,3.53564086667101,-0.5108256237659905,1.498298500931147,0.4054651081081644,1.7189440461710066,2.8903717578961645,1.5746153303545731,-5.19295685089021,3.14523267383352,0.2876820724517808,1.543766807720623,-4.287635150386629,2.4811475260707523,2.0662532610804205,11.0,3.0,27.0,1.0,0.0
2014-09-17,meeting_date,237.428,0.364075073905945,238.345,1.5950350166025196,109.114,1.395755120246811,107.711,1.2711665209338197,6.1,139118.0,17311.3,108.234,5.5,0.09,0.02,0.05,0.59,1.82,2.62,12.65,2.06,2.03,0.19,3.8,-0.213385489464214,15946.6,6.7,1.9,0.5999999999999996,-0.7288334790661803,2.03,6.056527203522658,5.45766282005993,2.6189248760220103,2.8889578351620684,1.4149481566398543,1.740568219353539,1.94360289060867,2.0103612307826526,-0.2412727964773413,-0.5200371799400694,-16190.088175123978,-16553.728242164838,-0.4419518433601457,-0.182031780646461,5.9,5.5,3.0,2.7,1.0,1.8,2014Q3,0.1142857142857143,0.0244228301630151,2.0,0.0,2.0,1.0,3.0,2.49,-0.705,-10.7,1.0,-0.0107,0.0,0.024036834095159,-0.024036834095159,17329.2075,17377.6324,48.4248,17529.8,17582.389,52.589,17733.6736,17791.9908,58.3172,17918.7422,18016.5093,97.7671,18106.484,18241.49,135.006,6.3,6.4241,0.1241,6.2,6.4,0.2,6.0587,6.3157,0.2569,5.9,6.2234,0.3234,5.8,6.1964,0.3964,1.7004,2.25,0.5496,1.7,2.1102,0.4102,1.6798,2.101,0.4212,1.77,2.2,0.43,1.8,2.3,0.5,1.4,1.9605,0.5605,1.5,1.8037,0.3037,1.3887,1.9,0.5113,1.6,1.995,0.395,1.5,2.0,0.5,4.2555,5.4257,1.1702,4.5375,5.1385,0.6009,4.4629,5.1566,0.6937,4.3667,5.1604,0.7937,4.1333,5.2,1.0667,2.9793,3.6716,0.6923,2.5,3.406,0.906,2.583,3.5096,0.9266,2.6,3.3381,0.7381,2.5781,3.3018,0.7237,2.3374,3.3032,0.9658,2.2218,3.2,0.9782,2.5,3.2386,0.7386,2.5021,3.0595,0.5574,2.4853,3.0406,0.5553,976.0149,976.2939,0.2791,977.1658,977.4653,0.2995,978.3221,978.6504,0.3283,979.3602,979.9044,0.5441,980.4025,981.1454,0.7429,184.055,186.006,1.951,182.4549,185.6298,3.1749,180.1503,184.3032,4.1529,177.4952,182.8319,5.3367,175.7858,182.3964,6.6107,968.4299,968.6015,0.1716,969.1037,969.4177,0.314,969.6566,970.2641,0.6075,970.3267,971.0361,0.7094,970.9677,971.9634,0.9958,930.3331,930.576,0.2429,930.877,931.3294,0.4524,931.5187,932.0808,0.5621,932.0871,932.8212,0.7341,932.7234,933.5612,0.8378,-2.81,0.09,0.01,-2.8,0.010000000000000231,-0.6931471805599453,0.7226494462892932,-3.091042453358316,0.6680495071209637,1.6094379124341003,0.7468713652716374,2.772588722239781,0.7743870638610414,1.6094379124341003,0.8101914936669333,-1.791759469228055,0.5270462766947299,-1.3862943611198906,0.7845645107190017,0.6155414714797466,7.0,2.0,15.0,0.0,0.0,-1.3862943611198906,0.7392960871352164,-1.0986122886681098,0.898717034272917,0.6931471805599453,0.90033663737852,-0.6931471805599453,1.0954451150103324,-1.3862943611198906,0.5477225575051662,-0.6931471805599453,0.5,-1.0986122886681098,0.7790028969224094,0.6068455134135061,0.0,1.0,1.0,1.0,0.0,1.0986122886681098,0.79901900637533,-1.6094379124341003,0.0,0.0,0.0,-3.295836866004329,0.0,-2.5649493574615367,0.4472135954999579,-1.791759469228055,0.0,-3.295836866004329,0.7952252456391161,0.6323831913017925,8.0,0.0,4.0,0.0,0.0,-4.787491742782046,2.0558549447271823,-3.091042453358316,1.465204824765451,-5.2574953720277815,1.0467534452596547,-4.1588830833596715,0.5094249130852176,-3.931825632724326,1.4969864826109789,-3.4011973816621555,0.7453559924999299,-10.20861653859163,0.7015494519049877,0.4922300814826463,28.0,7.0,24.0,2.0,0.0,-0.6931471805599453,0.9540735874430285,-1.6094379124341003,0.7264831572567789,0.0,0.8944271909999159,0.0,1.4142135623730951,-0.6931471805599453,1.1547005383792517,0.6931471805599453,0.7071067811865476,0.0,0.9258200997725514,0.8571428571428571,0.0,0.0,0.0,1.0,0.0,-6.461468176353717,5.27089307197005,-10.499573020252942,3.758454523416111,-2.954910279033736,3.588388638909728,-5.375278407684165,3.7934706543296866,-6.966778619431599,4.456814667662288,-6.984716320118265,2.4795090503812074,-15.989360054383958,3.9861622049580663,3.204143114820549,43.0,10.0,44.0,4.0,0.0
2014-10-29,meeting_date,237.633,0.347332129933009,238.677,1.6109462606378244,109.079,1.3076873067028094,107.813,1.2452224215162566,5.9,139435.0,17328.2,108.231,5.5,0.09,0.03,0.07,0.48,1.61,2.34,15.15,1.92,1.86,0.14,3.8,-0.2117766135484233,15985.7,6.2,3.0,0.4000000000000003,-0.7547775784837434,1.86,5.448323498663077,5.321024670006509,2.6189248760220103,2.672418416469906,0.6565572867561,1.948312038337304,2.057147597222738,1.986851231232468,-0.5338765013369224,-0.3518753299934909,-16221.516175123978,-16585.42328158353,-1.3483427132439,-0.1388879616626965,5.7,5.5,2.3,2.4,0.9,1.9,2014Q4,0.3289124668435013,0.123765948331866,1.0,0.0,1.0,1.0,2.9,2.37,-0.639,-10.5,0.8999999999999999,0.0157,0.0,-0.0070749947280856,0.0070749947280856,17460.9119,17516.9509,56.039,17660.2574,17750.3319,90.0744,17857.9814,17943.7007,85.7193,18064.2126,18172.1534,107.9408,18248.6374,18403.2607,154.6233,6.0983,6.145,0.0467,5.9,6.0324,0.1324,5.8,5.9333,0.1333,5.6,5.9,0.3,5.5,5.8,0.3,1.8565,2.5,0.6435,1.8002,2.3,0.4998,1.9397,2.3122,0.3725,1.9,2.4995,0.5995,1.8261,2.45,0.6239,1.6386,2.1543,0.5157,1.5,2.1859,0.6859,1.5444,2.2,0.6556,1.5095,2.1278,0.6183,1.7,2.2,0.5,3.9,5.2403,1.3403,4.5362,5.2817,0.7455,4.4737,5.2135,0.7398,4.3027,5.2341,0.9314,4.3792,5.1849,0.8058,2.5281,3.3889,0.8608,2.6222,3.4384,0.8162,2.6289,3.2194,0.5906,2.6,3.3501,0.7501,2.6916,3.2861,0.5945,2.3,2.9073,0.6073,2.5,3.1466,0.6466,2.3199,3.1997,0.8798,2.3897,3.2262,0.8364,2.4,3.042,0.642,976.772,977.0924,0.3204,977.9072,978.4159,0.5087,979.0206,979.4994,0.4789,980.1688,980.7646,0.5958,981.1846,982.0283,0.8437,180.801,181.5641,0.7631,177.4952,179.7144,2.2192,175.7858,178.0586,2.2728,172.2767,177.4952,5.2186,170.4748,175.7858,5.311,968.5692,968.7782,0.209,969.2771,969.5989,0.3218,969.9916,970.3816,0.39,970.6803,971.154,0.4736,971.3372,972.0157,0.6785,930.3166,930.4646,0.148,930.9156,931.2151,0.2995,931.5023,932.0219,0.5196,932.1487,932.8745,0.7258,932.712,933.7187,1.0067,-2.8,0.09,0.04,-2.42,0.3799999999999999,-2.3978952727983707,0.7216538739073534,-3.2188758248682006,0.6717752982077053,1.3862943611198906,0.7810249675906654,1.9459101490553132,0.743948331201069,-1.0986122886681098,0.854001084284652,-1.6094379124341003,0.674199862463242,-2.995732273553991,0.7844743027868075,0.6153999317328477,7.0,1.0,20.0,1.0,0.0,-1.3862943611198906,0.7392960871352164,-1.0986122886681098,0.898717034272917,0.6931471805599453,0.90033663737852,-0.6931471805599453,1.0954451150103324,-1.3862943611198906,0.5477225575051662,-0.6931471805599453,0.5,-1.0986122886681098,0.7790028969224094,0.6068455134135061,0.0,1.0,1.0,1.0,0.0,1.0986122886681098,0.79901900637533,-1.6094379124341003,0.0,0.0,0.0,-3.295836866004329,0.0,-2.5649493574615367,0.4472135954999579,-1.791759469228055,0.0,-3.295836866004329,0.7952252456391161,0.6323831913017925,8.0,0.0,4.0,0.0,0.0,-0.6931471805599453,1.3116700213403916,0.6931471805599453,0.0,-0.6931471805599453,0.9910312089651149,-2.833213344056216,0.6522245206957689,-3.6888794541139363,2.657490745648683,-1.9459101490553132,0.5,-4.74493212836325,0.6764505311563208,0.46715367965367965,0.0,0.0,5.0,0.0,0.0,0.6931471805599453,0.8755950357709131,-1.0986122886681098,0.7559289460184544,0.6931471805599453,0.6900655593423543,0.0,0.0,-0.6931471805599453,0.7071067811865476,0.6931471805599453,0.7071067811865476,0.6931471805599453,0.8623164985025763,0.7435897435897436,0.0,1.0,1.0,0.0,0.0,-2.3978952727983707,2.908918931018658,-3.624340932976365,1.4277042442261596,1.3862943611198906,2.4621217358981347,-0.8873031950009029,1.396172851896838,-5.480638923341991,4.218598611119883,-2.862200880929468,1.8813066436497896,-7.047517221357296,2.3232413324457046,1.826143354976271,7.0,2.0,26.0,1.0,0.0
2014-12-17,meeting_date,237.032,0.0,239.332,1.60905486070424,109.225,1.1923511645574258,108.14,1.3448292020055377,5.8,140045.0,17555.2,108.607,5.5,0.12,0.03,0.11,0.62,1.61,2.14,19.44,1.65,1.52,0.39,3.8,0.0847235090824196,15985.7,6.2,3.0,0.2999999999999998,-0.6551707979944625,1.52,5.428130826687775,5.247368093844479,2.6189248760220103,2.6747225776902748,-0.3245215125296916,2.0956520117557904,1.92662323908086,1.986851231232468,-0.5540691733122252,-0.4255319061555216,-16221.516175123978,-16585.420977422313,-2.3294215125296915,0.0084520117557902,5.5,5.2,2.4,2.8,-1.3,2.1,2014Q4,0.2558823529411764,0.0870713608186085,3.0,0.0,3.0,1.0,2.8,2.08,-0.617,-10.5,0.7999999999999998,0.0142999999999999,0.0,0.0522679911077349,-0.0522679911077349,17460.9119,17516.9509,56.039,17660.2574,17750.3319,90.0744,17857.9814,17943.7007,85.7193,18064.2126,18172.1534,107.9408,18248.6374,18403.2607,154.6233,6.0983,6.145,0.0467,5.9,6.0324,0.1324,5.8,5.9333,0.1333,5.6,5.9,0.3,5.5,5.8,0.3,1.8565,2.5,0.6435,1.8002,2.3,0.4998,1.9397,2.3122,0.3725,1.9,2.4995,0.5995,1.8261,2.45,0.6239,1.6386,2.1543,0.5157,1.5,2.1859,0.6859,1.5444,2.2,0.6556,1.5095,2.1278,0.6183,1.7,2.2,0.5,3.9,5.2403,1.3403,4.5362,5.2817,0.7455,4.4737,5.2135,0.7398,4.3027,5.2341,0.9314,4.3792,5.1849,0.8058,2.5281,3.3889,0.8608,2.6222,3.4384,0.8162,2.6289,3.2194,0.5906,2.6,3.3501,0.7501,2.6916,3.2861,0.5945,2.3,2.9073,0.6073,2.5,3.1466,0.6466,2.3199,3.1997,0.8798,2.3897,3.2262,0.8364,2.4,3.042,0.642,976.772,977.0924,0.3204,977.9072,978.4159,0.5087,979.0206,979.4994,0.4789,980.1688,980.7646,0.5958,981.1846,982.0283,0.8437,180.801,181.5641,0.7631,177.4952,179.7144,2.2192,175.7858,178.0586,2.2728,172.2767,177.4952,5.2186,170.4748,175.7858,5.311,968.5692,968.7782,0.209,969.2771,969.5989,0.3218,969.9916,970.3816,0.39,970.6803,971.154,0.4736,971.3372,972.0157,0.6785,930.3166,930.4646,0.148,930.9156,931.2151,0.2995,931.5023,932.0219,0.5196,932.1487,932.8745,0.7258,932.712,933.7187,1.0067,-2.42,0.1089,0.06,-2.27,0.1499999999999999,-1.9459101490553132,0.8337836621061817,-2.6390573296152584,0.7804968785767566,2.1972245773362196,0.8407714027749387,1.791759469228055,0.8954723604329279,1.6094379124341003,0.863352162158219,-2.1972245773362196,0.7302967433402214,-1.6094379124341003,0.8603108844158776,0.7401348178444294,3.0,1.0,16.0,0.0,0.0,-1.0986122886681098,0.8111773283374345,-2.0794415416798357,0.7762500258061849,1.3862943611198906,0.9486832980505138,1.3862943611198906,0.894427190999916,-1.0986122886681098,0.5773502691896258,1.0986122886681098,0.5477225575051662,-0.6931471805599453,0.8570027896760926,0.734453781512605,1.0,0.0,1.0,1.0,0.0,-1.6094379124341003,0.0,-2.1972245773362196,0.5144957554275266,-1.0986122886681098,0.0,0.0,0.9883036912035246,-3.091042453358316,0.0,-1.9459101490553132,0.5222329678670935,-2.70805020110221,0.8662512547215901,0.7503912363067293,0.0,0.0,8.0,0.0,0.0,-5.662960480135946,2.2146396265352744,0.0,0.0,-0.6931471805599453,0.0,-3.871201010907891,0.0,-14.062889251391532,3.1762917526717906,0.6931471805599453,0.5773502691896258,-14.232788288186931,0.633102936659421,0.40556647890442965,9.0,1.0,45.0,0.0,0.0,-1.0986122886681098,0.8333333333333334,0.0,0.7559289460184544,0.0,0.6324555320336759,0.0,0.0,-0.6931471805599453,0.7071067811865476,0.0,0.0,-0.6931471805599453,0.7929614610987591,0.6287878787878788,0.0,1.0,1.0,0.0,0.0,-11.41553311896158,4.692933950312224,-6.915723448631313,2.8271716058289225,1.7917594692280552,2.4219102328591284,-0.6931471805599454,2.7782032426363683,-17.336253261543803,5.324100965206183,-2.351375257163478,2.377602537902107,-19.936570762843132,4.009629326571741,3.259334193356072,13.0,3.0,71.0,1.0,0.0
2015-01-28,meeting_date,236.149,0.0,239.339,1.4823420665442733,109.015,0.8968402347148352,108.125,1.2387408475496686,5.6,140347.0,17599.8,108.603,5.39,0.11,0.02,0.08,0.5,1.25,1.73,20.44,1.61,1.23,0.01,3.8,-0.0384390999098602,16150.6,6.1,1.1,0.2099999999999999,-0.7612591524503314,1.23,5.458968390674645,5.1873778711467615,2.6189248760220103,2.469512569562062,1.4459402743661285,2.151397805545728,1.95306146594503,1.986851231232468,-0.3065316093253551,-0.2997221288532383,-16366.762875123975,-16733.07988743044,-0.2408597256338716,0.2027978055457275,5.3,5.0,2.7,2.8,1.6,2.2,2015Q1,0.2746913580246913,0.098226183739116,0.0,0.0,0.0,0.0,2.5,1.98,-0.509,-5.5,0.5,0.0110999999999999,0.005,0.0003470626649642,0.0046529373350357,17692.3863,17743.3745,50.9882,17876.8659,17953.6078,76.7419,18073.6262,18176.123,102.4968,18291.0703,18410.6716,119.6013,18479.4485,18630.774,151.3256,5.8,5.9,0.1,5.7,5.8866,0.1866,5.542,5.8,0.258,5.42,5.7123,0.2923,5.2895,5.6944,0.4049,0.0543,1.575,1.5207,1.2715,2.1368,0.8653,1.7,2.3948,0.6948,1.7415,2.2214,0.4799,1.6525,2.2,0.5475,0.2091,1.5,1.2909,1.2,1.9,0.7,1.5055,2.0161,0.5106,1.6623,2.2,0.5377,1.674,2.2524,0.5784,3.6294,4.8292,1.1998,4.1836,4.95,0.7664,4.2589,5.1446,0.8857,4.4562,5.2303,0.7741,4.5383,5.0932,0.555,2.4085,3.1779,0.7694,2.4596,3.1033,0.6437,2.55,3.1007,0.5507,2.6573,3.2234,0.566,2.7077,3.2301,0.5224,2.3183,2.84,0.5217,2.4,3.1094,0.7094,2.3336,3.0,0.6664,2.3,3.0,0.7,2.4,2.8,0.4,978.089,978.3767,0.2878,979.1263,979.5546,0.4284,980.2209,980.7864,0.5655,981.4168,982.0686,0.6517,982.4414,983.257,0.8156,175.7858,177.4952,1.7094,174.0466,177.268,3.2213,171.2355,175.7858,4.5502,169.0096,174.2627,5.2531,166.5719,173.9483,7.3765,969.5662,969.7507,0.1845,970.1334,970.4983,0.3648,970.7349,971.278,0.5431,971.4524,972.0621,0.6097,972.1727,972.8215,0.6489,930.7819,930.9091,0.1271,931.3871,931.6787,0.2917,932.0024,932.3919,0.3895,932.5007,933.1335,0.6328,933.1053,933.8067,0.7014,-2.27,0.125,-0.26,-1.81,0.45999999999999996,-1.0986122886681098,0.791193850150671,-3.044522437723423,0.7841903960255623,1.3862943611198906,0.870051290046643,1.0986122886681098,0.8779065458272262,0.0,0.8660254037844386,0.0,0.7071067811865476,-1.791759469228055,0.8425542596687265,0.7098976804859158,7.0,5.0,22.0,1.0,0.0,-1.0986122886681098,0.8111773283374345,-2.0794415416798357,0.7762500258061849,1.3862943611198906,0.9486832980505138,1.3862943611198906,0.894427190999916,-1.0986122886681098,0.5773502691896258,1.0986122886681098,0.5477225575051662,-0.6931471805599453,0.8570027896760926,0.734453781512605,1.0,0.0,1.0,1.0,0.0,-1.6094379124341003,0.0,-2.1972245773362196,0.5144957554275266,-1.0986122886681098,0.0,0.0,0.9883036912035246,-3.091042453358316,0.0,-1.9459101490553132,0.5222329678670935,-2.70805020110221,0.8662512547215901,0.7503912363067293,0.0,0.0,8.0,0.0,0.0,0.0,0.0,0.0,0.0,0.0,0.0,0.0,0.0,-2.1972245773362196,0.5135525910130955,0.0,0.0,-2.1972245773362196,0.5163977794943222,0.2666666666666666,1.0,0.0,4.0,0.0,0.0,-0.6931471805599453,0.8345229603962802,-0.6931471805599453,0.6900655593423541,0.0,0.6324555320336759,0.0,0.0,-0.6931471805599453,0.7071067811865476,0.0,0.0,-1.0986122886681098,0.7507571935295484,0.5636363636363637,0.0,2.0,1.0,1.0,0.0,-1.791759469228055,1.625716810546951,-3.7376696182833684,1.4742559553679164,1.3862943611198906,1.5025068220803188,1.0986122886681098,0.8779065458272262,-2.890371757896165,2.0866847759840814,0.0,0.7071067811865476,-5.0875963352323845,2.1097092326925972,1.5402007107889462,8.0,7.0,27.0,2.0,0.0
2015-03-18,meeting_date,234.677,0.2095084609186059,239.871,1.3645084135529784,108.281,-0.0101577217153536,108.196,1.0639192206020942,5.5,141126.0,17701.3,108.639,5.39,0.11,0.03,0.12,0.57,1.41,1.93,13.97,1.7,1.36,0.08,3.8,-0.129225006112768,16150.6,6.1,1.1,0.1100000000000003,-0.9360807793979058,1.36,5.4294662066268655,5.100706204394716,2.6189248760220103,2.435902524772384,1.7220263083489902,2.092154739854985,1.851328925832848,1.9834191308044469,-0.3360337933731347,-0.3863937956052838,-16366.762875123975,-16733.113497475228,0.0352263083489901,0.143554739854985,5.3,5.1,2.6,2.3,1.7,2.1,2015Q1,0.2054794520547945,0.0747026274900174,0.0,0.0,0.0,0.0,3.0,2.07,-0.533,-5.5,1.0,-0.0060999999999999,-0.00298,0.0884708604130504,-0.0914508604130504,17692.3863,17743.3745,50.9882,17876.8659,17953.6078,76.7419,18073.6262,18176.123,102.4968,18291.0703,18410.6716,119.6013,18479.4485,18630.774,151.3256,5.8,5.9,0.1,5.7,5.8866,0.1866,5.542,5.8,0.258,5.42,5.7123,0.2923,5.2895,5.6944,0.4049,0.0543,1.575,1.5207,1.2715,2.1368,0.8653,1.7,2.3948,0.6948,1.7415,2.2214,0.4799,1.6525,2.2,0.5475,0.2091,1.5,1.2909,1.2,1.9,0.7,1.5055,2.0161,0.5106,1.6623,2.2,0.5377,1.674,2.2524,0.5784,3.6294,4.8292,1.1998,4.1836,4.95,0.7664,4.2589,5.1446,0.8857,4.4562,5.2303,0.7741,4.5383,5.0932,0.555,2.4085,3.1779,0.7694,2.4596,3.1033,0.6437,2.55,3.1007,0.5507,2.6573,3.2234,0.566,2.7077,3.2301,0.5224,2.3183,2.84,0.5217,2.4,3.1094,0.7094,2.3336,3.0,0.6664,2.3,3.0,0.7,2.4,2.8,0.4,978.089,978.3767,0.2878,979.1263,979.5546,0.4284,980.2209,980.7864,0.5655,981.4168,982.0686,0.6517,982.4414,983.257,0.8156,175.7858,177.4952,1.7094,174.0466,177.268,3.2213,171.2355,175.7858,4.5502,169.0096,174.2627,5.2531,166.5719,173.9483,7.3765,969.5662,969.7507,0.1845,970.1334,970.4983,0.3648,970.7349,971.278,0.5431,971.4524,972.0621,0.6097,972.1727,972.8215,0.6489,930.7819,930.9091,0.1271,931.3871,931.6787,0.2917,932.0024,932.3919,0.3895,932.5007,933.1335,0.6328,933.1053,933.8067,0.7014,-1.81,0.1279,0.01,-1.59,0.21999999999999997,0.6931471805599453,0.8464002851033018,-2.6390573296152584,0.7298577311314224,2.3978952727983707,0.7599605956573483,-2.3978952727983707,0.8489901729263362,1.6094379124341003,0.8750804338835179,0.0,0.8528028654224418,-2.1972245773362196,0.84769692421662,0.718590075326318,5.0,1.0,10.0,1.0,0.0,-1.0986122886681098,0.9574271077563381,-1.791759469228055,0.8997354108424372,1.0986122886681098,0.9816498172140428,-0.6931471805599453,1.0540925533894598,0.0,1.4142135623730951,0.0,1.1547005383792515,-1.791759469228055,0.9254762227411248,0.8565062388591801,0.0,1.0,0.0,1.0,0.0,2.9444389791664403,0.8458041235325207,-1.6094379124341003,0.5163977794943223,0.0,0.0,0.0,0.0,0.0,0.0,0.0,0.0,2.70805020110221,0.9091966111910385,0.8266384778012683,2.0,0.0,0.0,0.0,0.0,-6.761572768804056,4.137868014722244,-2.4849066497880004,0.7071067811865476,-1.3862943611198906,0.7071067811865476,-2.995732273553991,0.0,-6.4457198193855785,4.136929211460328,0.6931471805599453,0.0,-8.760575004971438,0.7598410106190161,0.5846598481633029,7.0,1.0,33.0,1.0,0.0,-1.0986122886681098,0.7559289460184544,-0.6931471805599453,0.6900655593423541,0.0,0.6324555320336759,0.0,0.0,-0.6931471805599453,0.7071067811865476,0.0,0.0,-1.3862943611198906,0.674948557710553,0.4555555555555556,0.0,0.0,0.0,0.0,0.0,-5.3212111864138905,7.543428477132859,-9.21830854162536,3.5431632619970834,2.11021320034659,3.0811727260916144,-6.0867747269123065,1.903082726315796,-5.529429087511423,7.133329988903489,0.6931471805599453,2.0075034038016932,-11.427803211553393,4.117159326478353,3.441950195705625,14.0,3.0,43.0,3.0,0.0
2015-04-29,meeting_date,235.74,0.018625126989491,240.793,1.5532875036902594,108.486,-0.0340941551560391,108.366,1.0283135843673907,5.5,141183.0,17710.0,108.618,5.38,0.12,0.01,0.07,0.56,1.43,2.06,13.39,1.92,1.5,-0.27,3.8,0.006831545020959,16311.6,5.7,-1.2,0.1200000000000001,-0.9716864156326092,1.5,5.332706023224847,5.175857794664402,2.6189248760220103,2.444141964282325,1.379027536158937,2.0498518349716464,1.809992877554085,2.0153206203662184,-0.1284939767751529,-0.0276422053355975,-16535.211375123978,-16891.66885803572,-0.1518724638410629,0.0269518349716464,5.3,5.2,2.4,2.3,1.9,2.0,2015Q2,0.2116040955631399,0.067618222950977,0.0,0.0,0.0,0.0,2.6,2.14,-0.545,-5.3,0.6000000000000001,0.0163999999999999,0.0,0.0150812410551058,-0.0150812410551058,17829.0555,17894.3775,65.322,18021.7836,18095.6963,73.9127,18213.5602,18297.4286,83.8684,18398.3904,18532.8761,134.4857,18614.4181,18754.0986,139.6805,5.5,5.6,0.1,5.36,5.516,0.156,5.2022,5.4724,0.2702,5.1369,5.4,0.2631,5.0556,5.3593,0.3037,-2.8,0.12,2.92,1.2,1.9642,0.7642,1.6,2.38,0.78,1.8,2.3038,0.5038,1.7,2.4,0.7,-1.5,0.625,2.125,1.0585,2.0806,1.0221,1.513,2.0682,0.5552,1.4996,2.0775,0.5779,1.513,2.04,0.527,2.7,4.2134,1.5134,4.0328,4.8986,0.8658,4.2289,5.191,0.9621,4.0797,5.1984,1.1187,4.2,5.143,0.943,2.385,3.0671,0.6821,2.5205,3.0691,0.5486,2.6,3.2459,0.6459,2.5203,3.124,0.6037,2.5188,3.2,0.6812,2.8,3.7882,0.9882,2.8,3.6049,0.8049,2.6663,3.5,0.8337,2.6,3.25,0.65,2.4,3.2126,0.8126,978.8585,979.2242,0.3657,979.9337,980.3429,0.4093,980.9922,981.4516,0.4594,982.0018,982.7302,0.7283,983.1692,983.9168,0.7476,170.4748,172.2767,1.8019,167.8964,170.7653,2.8689,164.9091,169.9722,5.0631,163.6451,168.6399,4.9948,162.0497,167.8835,5.8338,970.5524,970.7184,0.166,971.1734,971.5595,0.3861,971.8455,972.3492,0.5038,972.4797,973.0467,0.5669,973.1016,973.7978,0.6962,932.2946,932.5337,0.2392,933.039,933.3938,0.3548,933.7092,934.2091,0.4999,934.4207,935.0223,0.6016,935.0053,935.7866,0.7813,-1.59,0.125,0.0,-1.4,0.19000000000000017,-0.6931471805599453,0.8619447302169194,-2.0794415416798357,0.8335940796430428,-1.791759469228055,0.6772513232461859,-3.258096538021482,0.828408064081296,-0.6931471805599453,0.9145089013302412,0.6931471805599453,0.7037315505489968,-3.4965075614664802,0.841798649057629,0.7086249655552493,7.0,2.0,15.0,0.0,0.0,-1.0986122886681098,0.9574271077563381,-1.791759469228055,0.8997354108424372,1.0986122886681098,0.9816498172140428,-0.6931471805599453,1.0540925533894598,0.0,1.4142135623730951,0.0,1.1547005383792515,-1.791759469228055,0.9254762227411248,0.8565062388591801,0.0,1.0,0.0,1.0,0.0,2.9444389791664403,0.8458041235325207,-1.6094379124341003,0.5163977794943223,0.0,0.0,0.0,0.0,0.0,0.0,0.0,0.0,2.70805020110221,0.9091966111910385,0.8266384778012683,2.0,0.0,0.0,0.0,0.0,-1.3682758556172125,2.46428834815197,0.6931471805599452,2.6511587042590126,1.3862943611198906,2.538501512323006,-6.040254711277414,2.6438198792748318,-9.267098705794792,1.8288129100334456,-0.6931471805599452,2.3122685837457917,-9.72913416539135,0.7676506358956194,0.6102904386346633,16.0,9.0,34.0,2.0,0.0,-0.6931471805599453,0.7527726527090811,-0.6931471805599453,0.6900655593423541,0.0,0.6324555320336759,0.0,0.0,-0.6931471805599453,0.7071067811865476,0.0,0.0,-1.0986122886681098,0.6666666666666666,0.4444444444444444,0.0,1.0,0.0,0.0,0.0,-2.754570216737103,4.07900573107797,-2.0794415416798357,4.17481834324441,-0.4054651081081644,3.8482083676028678,-9.298351249298896,3.4722279433561276,-10.653393066914683,3.4504285925502343,1.1102230246251565e-16,3.0160001342947886,-14.32425401552594,2.276115951619915,1.763359848634357,23.0,12.0,49.0,2.0,0.0
2015-06-17,meeting_date,235.982,-0.4482869036183223,241.409,1.439172381336551,108.649,-0.3531008676192826,108.593,0.9031694557753768,5.5,141679.0,17665.0,108.613,5.38,0.13,0.01,0.1,0.67,1.63,2.32,14.5,1.9,1.65,-0.06,3.8,0.1492060079132482,16311.6,5.7,-1.2,0.1200000000000001,-1.0968305442246231,1.65,5.23223492680062,5.177470025988498,2.6189248760220103,2.450528150143154,1.303509037448628,2.0007791192531155,1.8443472115242885,1.986851231232468,-0.2289650731993795,-0.0260299740115019,-16535.211375123978,-16891.662471849857,-0.2273909625513719,-0.0221208807468844,5.4,5.3,1.9,2.5,1.7,2.0,2015Q2,0.1469534050179212,0.0550622709405128,0.0,0.0,0.0,0.0,2.7,2.11,-0.545,-5.3,0.7000000000000002,-0.0063999999999999,-0.00577,0.0230788458720254,-0.0288488458720254,17829.0555,17894.3775,65.322,18021.7836,18095.6963,73.9127,18213.5602,18297.4286,83.8684,18398.3904,18532.8761,134.4857,18614.4181,18754.0986,139.6805,5.5,5.6,0.1,5.36,5.516,0.156,5.2022,5.4724,0.2702,5.1369,5.4,0.2631,5.0556,5.3593,0.3037,-2.8,0.12,2.92,1.2,1.9642,0.7642,1.6,2.38,0.78,1.8,2.3038,0.5038,1.7,2.4,0.7,-1.5,0.625,2.125,1.0585,2.0806,1.0221,1.513,2.0682,0.5552,1.4996,2.0775,0.5779,1.513,2.04,0.527,2.7,4.2134,1.5134,4.0328,4.8986,0.8658,4.2289,5.191,0.9621,4.0797,5.1984,1.1187,4.2,5.143,0.943,2.385,3.0671,0.6821,2.5205,3.0691,0.5486,2.6,3.2459,0.6459,2.5203,3.124,0.6037,2.5188,3.2,0.6812,2.8,3.7882,0.9882,2.8,3.6049,0.8049,2.6663,3.5,0.8337,2.6,3.25,0.65,2.4,3.2126,0.8126,978.8585,979.2242,0.3657,979.9337,980.3429,0.4093,980.9922,981.4516,0.4594,982.0018,982.7302,0.7283,983.1692,983.9168,0.7476,170.4748,172.2767,1.8019,167.8964,170.7653,2.8689,164.9091,169.9722,5.0631,163.6451,168.6399,4.9948,162.0497,167.8835,5.8338,970.5524,970.7184,0.166,971.1734,971.5595,0.3861,971.8455,972.3492,0.5038,972.4797,973.0467,0.5669,973.1016,973.7978,0.6962,932.2946,932.5337,0.2392,933.039,933.3938,0.3548,933.7092,934.2091,0.4999,934.4207,935.0223,0.6016,935.0053,935.7866,0.7813,-1.4,0.13,-0.14,-1.29,0.10999999999999988,1.6094379124341003,0.7634105703517151,-1.6094379124341003,0.8647693836836049,2.995732273553991,0.7767764430723149,2.1972245773362196,0.8666404350414099,-2.0794415416798357,0.8218253010201289,1.6094379124341003,0.7264831572567789,2.3978952727983707,0.8452535619675324,0.7144535840188012,6.0,4.0,11.0,1.0,0.0,-1.9459101490553132,0.828078671210825,-1.3862943611198906,0.9045340337332909,-1.6094379124341003,0.881917103688197,-1.3862943611198906,0.9759000729485331,-1.0986122886681098,0.0,-1.0986122886681098,0.5773502691896258,-2.4849066497880004,0.8317445171439015,0.6917989417989419,0.0,0.0,0.0,1.0,0.0,3.1354942159291497,0.502356122102941,0.0,0.0,0.0,0.0,0.0,0.0,0.0,0.0,2.772588722239781,0.5085476277156078,3.1354942159291497,0.4959655541340459,0.2459818308874912,0.0,0.0,0.0,0.0,0.0,-3.1354942159291497,3.0625655792873423,-5.634789603169249,1.724526921781501,-4.499809670330265,1.8530805713556124,-8.725832056527565,1.8338367043709467,-11.869536406860874,6.389179845880118,-2.169053700369523,2.0948191272853616,-15.901919768959704,0.8845096941710678,0.8321584582502837,12.0,5.0,52.0,0.0,0.0,-0.6931471805599453,0.7527726527090811,-0.6931471805599453,0.6900655593423541,0.0,0.6324555320336759,0.0,0.0,-0.6931471805599453,0.7071067811865476,0.0,0.0,-1.0986122886681098,0.6666666666666666,0.4444444444444444,0.0,1.0,0.0,0.0,0.0,-1.0296194171811583,5.909183595661904,-9.323669057283185,4.183895898540751,-3.1135153092103742,4.1442296501498,-7.914901840311236,3.6763772123608898,-15.740737417768765,7.918111928086795,1.1143606456362485,3.907200181447374,-13.952049218688295,3.7241399940832145,2.9288372593999625,18.0,10.0,63.0,2.0,0.0
2015-07-29,meeting_date,237.786,-0.5521978484486323,242.193,1.6690664394228838,109.032,-0.0852233676975955,108.785,0.9839870039452414,5.3,141842.0,17693.3,108.63,5.38,0.13,0.06,0.14,0.7,1.62,2.29,12.5,1.77,1.59,0.22,3.8,0.2117326617737758,16304.8,5.6,-3.1,-0.08,-1.0160129960547586,1.59,5.225314164841135,5.121330051398015,2.6189248760220103,2.451789817155964,0.771357152929345,2.0708638082844915,1.791685657406626,1.986851231232468,-0.0724858351588642,0.0889300513980151,-16527.354875123976,-16869.999910182847,-1.1548428470706549,-0.0428361917155086,5.2,5.2,2.3,2.3,0.1,2.1,2015Q3,0.0867924528301886,0.0252047352807353,0.0,0.0,0.0,0.0,2.8,2.14,-0.514,-7.0,0.7999999999999998,0.0807,-0.005,0.0120773603077921,-0.0170773603077921,17855.064,17923.0713,68.0073,18050.6384,18142.0593,91.4209,18256.8722,18366.3981,109.5259,18390.2647,18572.3834,182.1187,18596.9717,18797.9,200.9283,5.3527,5.4166,0.0638,5.2,5.32,0.12,5.0,5.2773,0.2773,4.9,5.2,0.3,4.8,5.117,0.317,1.038,2.5,1.462,1.6,2.5,0.9,1.6,2.23,0.63,1.5027,2.1,0.5973,1.9,2.3894,0.4894,1.2,2.0,0.8,1.3904,2.1617,0.7713,1.4986,1.9,0.4014,1.4,1.9,0.5,1.7,2.1,0.4,3.3169,4.9,1.5831,4.3127,5.2251,0.9124,4.0142,5.0,0.9858,3.9,5.007,1.107,4.0,5.175,1.175,1.7839,3.0394,1.2555,2.8,3.3175,0.5175,2.6111,3.1262,0.5151,2.263,2.9531,0.6901,2.5,3.1,0.6,2.7999,3.5,0.7001,2.8,3.3458,0.5458,2.6,3.3783,0.7783,2.3,3.0,0.7,2.4684,2.96,0.4916,979.0042,979.3844,0.3802,980.0936,980.5988,0.5052,981.2297,981.8278,0.5981,981.9577,982.9431,0.9854,983.0754,984.15,1.0746,167.7606,168.946,1.1854,164.8659,167.1473,2.2815,160.9438,166.341,5.3973,158.9235,164.8659,5.9423,156.8616,163.2571,6.3955,970.3635,970.67,0.3065,971.0427,971.4822,0.4395,971.748,972.2385,0.4905,972.4112,972.8658,0.4546,973.08,973.6404,0.5604,932.7788,932.9865,0.2077,933.4718,933.7785,0.3066,934.1489,934.5133,0.3645,934.6536,935.2725,0.6188,935.2645,935.9893,0.7248,-1.29,0.135,0.35,-0.74,0.55,-1.3862943611198906,0.7893985721473311,-2.772588722239781,0.8336856196874053,2.4849066497880004,0.7591102114254679,-0.6931471805599453,0.8856535916385618,1.6094379124341003,0.8117494675499535,-1.0986122886681098,0.7583952786593614,-1.791759469228055,0.8410179101548255,0.7073111252011901,5.0,4.0,14.0,1.0,0.0,-1.9459101490553132,0.828078671210825,-1.3862943611198906,0.9045340337332909,-1.6094379124341003,0.881917103688197,-1.3862943611198906,0.9759000729485331,-1.0986122886681098,0.0,-1.0986122886681098,0.5773502691896258,-2.4849066497880004,0.8317445171439015,0.6917989417989419,0.0,0.0,0.0,1.0,0.0,3.1354942159291497,0.502356122102941,0.0,0.0,0.0,0.0,0.0,0.0,0.0,0.0,2.772588722239781,0.5085476277156078,3.1354942159291497,0.4959655541340459,0.2459818308874912,0.0,0.0,0.0,0.0,0.0,-2.772588722239781,4.22099816704434,-2.772588722239781,1.7245312068045568,0.0,1.5896168138640336,-4.430816798843313,1.7986496462269563,-5.934894195619588,3.536407427823825,2.4849066497880004,1.1221439710799488,-9.469622969906267,0.7686448929659555,0.6064970159453681,14.0,2.0,25.0,0.0,0.0,-0.6931471805599453,0.7527726527090811,-0.6931471805599453,0.6900655593423541,0.0,0.6324555320336759,0.0,0.0,-0.6931471805599453,0.7071067811865476,0.0,0.0,-1.0986122886681098,0.6666666666666666,0.4444444444444444,0.0,1.0,0.0,0.0,0.0,-4.852030263919618,5.763169391900752,-6.238324625039508,3.248282385834316,2.4849066497880004,2.9811825573231774,-5.123963979403259,2.6843032378655183,-5.018603463745433,5.055263676560326,1.3862943611198906,1.8805392497393103,-12.35999472780243,2.2763294697874477,1.7582525855910025,19.0,7.0,39.0,1.0,0.0
2015-09-17,meeting_date,237.931,-0.5647530152424474,242.693,1.6787746244019353,109.756,0.2429445611471514,109.487,1.0615025337603834,5.1,142288.0,17902.0,109.664,5.06,0.14,0.01,0.16,0.7,1.5,2.21,21.14,1.58,1.51,0.26,3.5,0.5391128791567903,16304.8,5.6,-3.1,0.04,-0.9384974662396166,1.51,5.136923475807811,5.04126470680968,2.6189248760220103,2.195151878638959,-0.0179398897089724,2.1036178275711186,1.7256848356445604,1.986851231232468,-0.1608765241921883,0.0088647068096801,-16527.354875123976,-16870.256548121364,-1.9441398897089723,-0.0100821724288815,5.0,4.9,1.9,1.9,-0.7,2.1,2015Q3,0.1167883211678831,0.0392066252520204,1.0,0.0,1.0,1.0,2.8,1.92,-0.398,-7.0,0.7999999999999998,-0.0357,-0.05769,-0.0398129308014849,-0.017877069198515,17855.064,17923.0713,68.0073,18050.6384,18142.0593,91.4209,18256.8722,18366.3981,109.5259,18390.2647,18572.3834,182.1187,18596.9717,18797.9,200.9283,5.3527,5.4166,0.0638,5.2,5.32,0.12,5.0,5.2773,0.2773,4.9,5.2,0.3,4.8,5.117,0.317,1.038,2.5,1.462,1.6,2.5,0.9,1.6,2.23,0.63,1.5027,2.1,0.5973,1.9,2.3894,0.4894,1.2,2.0,0.8,1.3904,2.1617,0.7713,1.4986,1.9,0.4014,1.4,1.9,0.5,1.7,2.1,0.4,3.3169,4.9,1.5831,4.3127,5.2251,0.9124,4.0142,5.0,0.9858,3.9,5.007,1.107,4.0,5.175,1.175,1.7839,3.0394,1.2555,2.8,3.3175,0.5175,2.6111,3.1262,0.5151,2.263,2.9531,0.6901,2.5,3.1,0.6,2.7999,3.5,0.7001,2.8,3.3458,0.5458,2.6,3.3783,0.7783,2.3,3.0,0.7,2.4684,2.96,0.4916,979.0042,979.3844,0.3802,980.0936,980.5988,0.5052,981.2297,981.8278,0.5981,981.9577,982.9431,0.9854,983.0754,984.15,1.0746,167.7606,168.946,1.1854,164.8659,167.1473,2.2815,160.9438,166.341,5.3973,158.9235,164.8659,5.9423,156.8616,163.2571,6.3955,970.3635,970.67,0.3065,971.0427,971.4822,0.4395,971.748,972.2385,0.4905,972.4112,972.8658,0.4546,973.08,973.6404,0.5604,932.7788,932.9865,0.2077,933.4718,933.7785,0.3066,934.1489,934.5133,0.3645,934.6536,935.2725,0.6188,935.2645,935.9893,0.7248,-0.74,0.14,-0.12,-0.53,0.20999999999999996,0.6931471805599453,0.865591849112068,-3.367295829986474,0.7911944770819447,2.4849066497880004,0.8469401940560456,1.6094379124341003,0.8506788201182269,-2.70805020110221,0.8022404524765275,-1.0986122886681098,0.806225774829855,-3.4011973816621555,0.8685379194462453,0.7543581175160123,4.0,3.0,20.0,1.0,0.0,-1.791759469228055,0.8488746876271654,-1.9459101490553132,0.8201995322647243,0.0,1.0,0.6931471805599453,1.0690449676496976,-1.3862943611198906,0.0,0.0,0.816496580927726,-1.9459101490553132,0.8861186483143606,0.7852062588904695,5.0,1.0,4.0,1.0,0.0,-3.4965075614664802,0.4996193375923262,0.0,0.0,-2.4849066497880004,0.8017837257372732,1.6094379124341003,0.5345224838248488,-1.6094379124341003,0.3110117477759048,-1.6094379124341003,0.36794648440311994,-3.4965075614664802,0.550107277632037,0.30261801690373114,6.0,0.0,4.0,0.0,0.0,2.0794415416798357,0.6504436355879909,-2.9444389791664403,0.7387766471133708,1.0986122886681098,0.8333333333333334,-1.3862943611198906,0.0,-2.5649493574615367,0.5912527648415465,0.6931471805599453,0.6900655593423543,-5.398162701517753,0.6818875226199177,0.4742534301856336,4.0,3.0,5.0,0.0,0.0,-1.0986122886681098,0.7559289460184544,-1.0986122886681098,0.7071067811865476,-0.6931471805599453,0.6900655593423541,-0.6931471805599453,0.0,-0.6931471805599453,0.7071067811865476,-0.6931471805599453,0.5773502691896258,-1.6094379124341003,0.6741998624632421,0.4545454545454547,0.0,0.0,1.0,0.0,0.0,-3.6142905971228636,3.620458455938005,-9.356257246876337,3.0572774376465874,0.4054651081081645,4.172122812469007,1.83258146374831,2.4542462715927735,-8.961879012677683,2.4116117462805264,-2.70805020110221,3.258084668692681,-15.851215706135802,3.660851230475803,2.770981278041301,19.0,7.0,34.0,2.0,0.0
2015-10-28,meeting_date,237.566,-0.6178681236409189,243.206,1.7087654734024629,109.769,0.2365080814537457,109.62,1.088159350793072,5.1,142371.0,17913.7,109.674,5.05,0.12,0.04,0.21,0.73,1.47,2.1,14.33,1.47,1.37,0.33,3.5,0.424937102358593,16270.4,5.4,3.0,0.0499999999999998,-0.911840649206928,1.37,5.131486765699852,5.033577299393243,2.6189248760220103,2.1918930078722,0.4165014406734548,2.104847004308766,1.917849147029824,1.986851231232468,-0.0051132343001478,0.0918772993932428,-16496.630575123978,-16841.083806992126,-1.328298559326545,0.004847004308766,5.0,4.9,2.0,2.2,0.9,2.1,2015Q4,0.0802919708029197,0.0226026405794207,1.0,0.0,1.0,1.0,2.7,1.8,-0.457,7.4,0.7000000000000002,0.0566,0.0,-0.024936306490276,0.024936306490276,18010.9698,18054.0697,43.1,18197.6167,18266.701,69.0843,18370.9482,18475.4206,104.4724,18573.8807,18724.4493,150.5686,18770.4457,18959.5762,189.1305,5.2,5.3,0.1,5.1,5.2,0.1,4.97,5.1069,0.1369,4.8632,5.1,0.2368,4.7933,5.1,0.3067,1.555,2.2762,0.7212,1.0376,2.15,1.1124,1.3952,2.25,0.8548,1.8138,2.36,0.5462,1.9,2.4,0.5,1.3,1.9247,0.6247,1.0553,1.9,0.8447,1.3738,1.9,0.5262,1.7,2.0,0.3,1.8,2.0,0.2,3.8602,4.8751,1.0149,3.8871,4.9028,1.0157,4.1016,4.9461,0.8445,4.4363,5.1782,0.7419,4.326,5.1186,0.7926,2.3486,3.1304,0.7818,2.5259,3.0959,0.57,2.5175,2.9706,0.4531,2.5,3.09,0.59,2.5457,3.0497,0.5041,2.7633,3.2923,0.529,2.6254,3.2324,0.607,2.4,3.1321,0.7321,2.5,3.0339,0.5339,2.467,2.95,0.483,979.8736,980.1126,0.239,980.9046,981.2835,0.3789,981.8526,982.4197,0.5671,982.9512,983.7585,0.8074,984.0039,985.0064,1.0026,164.8659,166.7707,1.9048,162.9241,164.8659,1.9418,160.342,163.0596,2.7176,158.1688,162.9241,4.7553,156.7225,162.9241,6.2015,970.2906,970.4809,0.1902,970.9549,971.2564,0.3016,971.6031,971.9549,0.3518,972.2269,972.656,0.4292,972.8929,973.4017,0.5088,932.7058,932.8342,0.1284,933.3204,933.6235,0.3031,933.9737,934.3503,0.3766,934.5667,935.0945,0.5278,935.2569,935.8319,0.575,-0.53,0.135,-0.26,0.26,0.79,-2.995732273553991,0.7677021009721832,-2.995732273553991,0.8108480750860961,-2.1972245773362196,0.8035923987456072,0.0,0.8838834764831844,-1.9459101490553132,0.8636448071639038,-1.3862943611198906,0.7859052479933759,-3.6635616461296463,0.8446958330388257,0.7135110503531557,7.0,3.0,25.0,1.0,0.0,-1.791759469228055,0.8488746876271654,-1.9459101490553132,0.8201995322647243,0.0,1.0,0.6931471805599453,1.0690449676496976,-1.3862943611198906,0.0,0.0,0.816496580927726,-1.9459101490553132,0.8861186483143606,0.7852062588904695,5.0,1.0,4.0,1.0,0.0,-3.4965075614664802,0.4996193375923262,0.0,0.0,-2.4849066497880004,0.8017837257372732,1.6094379124341003,0.5345224838248488,-1.6094379124341003,0.3110117477759048,-1.6094379124341003,0.36794648440311994,-3.4965075614664802,0.550107277632037,0.30261801690373114,6.0,0.0,4.0,0.0,0.0,-5.0875963352323845,3.6226947023654867,-7.1340937211928654,2.9507046575720395,-2.3513752571634776,3.3245414787564176,-1.5040773967762742,2.760943786278937,-10.044987114809828,3.592318460238826,-0.8472978603872033,1.843071894630854,-13.961064390566014,0.728310021924845,0.5464300387605959,14.0,14.0,46.0,1.0,0.0,-0.6931471805599453,0.7527726527090811,-0.6931471805599453,0.6900655593423541,0.0,0.6324555320336759,0.0,0.0,-0.6931471805599453,0.7071067811865476,0.0,0.0,-1.0986122886681098,0.6666666666666666,0.4444444444444444,0.0,0.0,0.0,0.0,0.0,-8.776475789346321,5.143169456046751,-10.822973175306801,4.451618292000489,-4.548599834499697,4.760589409535701,-1.5040773967762742,3.6448272627621217,-12.684044444425087,5.163070048589277,-2.2335922215070942,2.6289771426242297,-18.72323832536377,2.2396725216303373,1.704385533558196,21.0,17.0,71.0,2.0,0.0
2015-12-16,meeting_date,238.111,0.0,244.135,1.958696151517048,109.749,0.5921010421344963,109.83,1.1931634956465764,5.0,142900.0,18064.7,110.031,5.05,0.24,0.27,0.5,1.02,1.75,2.3,17.86,1.46,1.28,0.55,3.5,0.6815869351383181,16270.4,5.4,3.0,-0.0499999999999998,-0.8068365043534236,1.2799999999999998,5.00602602992458,4.7733687975073344,2.6189248760220103,2.457679626315933,-0.0597802744038102,2.2413035787770883,1.9946361388960483,2.150343262040895,-0.13057397007542,-0.1683312024926655,-16496.630575123978,-16840.81802037368,-1.8045802744038104,0.1413035787770882,4.9,4.7,2.1,2.7,-0.1,2.3,2015Q4,0.3448275862068966,0.1871879486575147,0.0,0.0,0.0,0.0,2.6,1.72,-0.403,7.4,0.6000000000000001,0.1133999999999999,0.02583,0.043586109645868,-0.017756109645868,18010.9698,18054.0697,43.1,18197.6167,18266.701,69.0843,18370.9482,18475.4206,104.4724,18573.8807,18724.4493,150.5686,18770.4457,18959.5762,189.1305,5.2,5.3,0.1,5.1,5.2,0.1,4.97,5.1069,0.1369,4.8632,5.1,0.2368,4.7933,5.1,0.3067,1.555,2.2762,0.7212,1.0376,2.15,1.1124,1.3952,2.25,0.8548,1.8138,2.36,0.5462,1.9,2.4,0.5,1.3,1.9247,0.6247,1.0553,1.9,0.8447,1.3738,1.9,0.5262,1.7,2.0,0.3,1.8,2.0,0.2,3.8602,4.8751,1.0149,3.8871,4.9028,1.0157,4.1016,4.9461,0.8445,4.4363,5.1782,0.7419,4.326,5.1186,0.7926,2.3486,3.1304,0.7818,2.5259,3.0959,0.57,2.5175,2.9706,0.4531,2.5,3.09,0.59,2.5457,3.0497,0.5041,2.7633,3.2923,0.529,2.6254,3.2324,0.607,2.4,3.1321,0.7321,2.5,3.0339,0.5339,2.467,2.95,0.483,979.8736,980.1126,0.239,980.9046,981.2835,0.3789,981.8526,982.4197,0.5671,982.9512,983.7585,0.8074,984.0039,985.0064,1.0026,164.8659,166.7707,1.9048,162.9241,164.8659,1.9418,160.342,163.0596,2.7176,158.1688,162.9241,4.7553,156.7225,162.9241,6.2015,970.2906,970.4809,0.1902,970.9549,971.2564,0.3016,971.6031,971.9549,0.3518,972.2269,972.656,0.4292,972.8929,973.4017,0.5088,932.7058,932.8342,0.1284,933.3204,933.6235,0.3031,933.9737,934.3503,0.3766,934.5667,935.0945,0.5278,935.2569,935.8319,0.575,0.26,0.2245,-0.3,0.34,0.08000000000000002,-1.6094379124341003,0.8462440736915469,-3.044522437723423,0.8618916073713346,2.70805020110221,0.7745966692414834,2.0794415416798357,0.7991500941724734,-2.70805020110221,0.8106910465827574,-0.6931471805599453,0.747545001596402,-3.044522437723423,0.8493439492134834,0.7213851440655563,6.0,5.0,19.0,0.0,0.0,-1.0986122886681098,0.916763786618909,0.0,0.8944271909999159,1.0986122886681098,0.816496580927726,0.6931471805599453,0.9438798074485388,-0.6931471805599453,0.7071067811865476,-1.3862943611198906,0.5477225575051662,-1.0986122886681098,0.8586502757364035,0.7372802960222018,1.0,3.0,2.0,1.0,0.0,0.0,0.0,0.0,0.0,3.091042453358316,0.5022472023339227,0.0,0.0,2.4849066497880004,0.0,1.3862943611198906,0.967863055024125,3.58351893845611,0.6393065550165496,0.40871287128712863,0.0,0.0,9.0,0.0,0.0,-11.074606531990986,4.290358252228424,-8.060855752934316,3.3511957482696735,-3.332204510175204,3.946878573761574,-8.525161361065415,3.0966609917552845,-17.72307821304254,3.1086511067334217,-8.147867129923945,2.0969999248266173,-25.469934585207703,0.6719249328144499,0.461235705270307,26.0,2.0,98.0,0.0,0.0,-0.6931471805599453,0.8997354108424372,1.0986122886681098,0.816496580927726,0.0,0.816496580927726,0.0,0.0,-0.6931471805599453,0.7071067811865476,0.0,0.7071067811865476,0.6931471805599453,0.8312094145936334,0.6909090909090907,0.0,0.0,0.0,0.0,0.0,-14.475803913653142,6.953101523381317,-10.00676590198963,5.92401112756865,3.5655004329534323,6.856715607192433,-5.752572638825634,4.8396908933762965,-19.33251612547664,5.333555715689275,-8.84101431048389,5.067237320138858,-25.33640319258318,3.85043512737452,3.0195231075542845,33.0,10.0,128.0,1.0,0.0
2016-01-27,meeting_date,237.847,0.0,244.446,1.9072751603987024,109.782,1.0939830929885597,109.96,1.2625588227168416,5.0,143242.0,18060.2,110.029,4.9,0.34,0.32,0.42,0.84,1.43,2.02,23.11,1.4,1.18,0.25,3.5,0.9195013119341118,16394.2,5.2,1.6,0.0999999999999996,-0.7374411772831584,1.1800000000000002,4.774073016533038,4.560874699165407,2.6189248760220103,2.171609192068624,0.9218125647753556,2.288510960109784,1.9832761560982577,2.1522903798442736,-0.189126983466962,-0.2265253008345933,-16606.225475123978,-16941.378590807934,-0.8260874352246443,0.0199109601097839,4.8,4.7,2.4,1.8,1.0,2.3,2016Q1,0.2607260726072608,0.1002191967978044,0.0,0.0,0.0,0.0,2.5,1.62,-0.305,8.2,0.5,0.0584,0.0,-0.0112048175587439,0.0112048175587439,18190.6901,18231.7164,41.0263,18369.5981,18447.2564,77.6583,18555.2767,18670.3073,115.0306,18747.2289,18887.5415,140.3126,18939.9535,19111.01,171.0565,5.0,5.0842,0.0842,4.9,5.01,0.11,4.8,4.99,0.19,4.7,4.9425,0.2425,4.6,4.9416,0.3416,0.3,1.7,1.4,1.5,2.1,0.6,1.8,2.3,0.5,1.9,2.4,0.5,1.9665,2.5,0.5335,0.404,1.4,0.996,1.3,1.82,0.52,1.6156,2.0,0.3844,1.6142,2.1,0.4858,1.7116,2.1,0.3884,3.5026,4.4395,0.9369,3.8324,4.8134,0.981,4.0,5.0869,1.0869,4.0358,4.9681,0.9323,4.0,5.0026,1.0026,2.3079,3.0364,0.7286,2.25,2.8298,0.5798,2.3601,3.0,0.6399,2.3799,3.0621,0.6822,2.3408,2.9506,0.6098,2.7397,3.1877,0.448,2.6468,3.0396,0.3928,2.6,3.1001,0.5001,2.5,3.0675,0.5675,2.458,2.996,0.538,980.8665,981.0918,0.2253,981.8452,982.2671,0.4219,982.8509,983.469,0.618,983.8801,984.6258,0.7457,984.9029,985.802,0.8991,160.9438,162.614,1.6702,158.9235,161.1436,2.2201,156.8616,160.7436,3.882,154.7563,159.7864,5.0302,152.6056,159.7696,7.1639,971.0387,971.2161,0.1774,971.641,971.8885,0.2476,972.2629,972.6733,0.4104,972.886,973.3574,0.4714,973.5153,974.0274,0.512,933.6532,933.762,0.1088,934.334,934.4778,0.1438,934.9679,935.2499,0.2821,935.6173,935.9911,0.3739,936.2833,936.6887,0.4054,0.34,0.365,0.09,0.36,0.019999999999999962,-1.791759469228055,0.6181709363549142,-2.6390573296152584,0.7846312882516229,2.5649493574615367,0.71542152399075,-2.995732273553991,0.8088134235898624,-3.091042453358316,0.765443934075479,-1.9459101490553132,0.6324555320336759,-4.04305126783455,0.7882504853261142,0.6213388276168545,17.0,5.0,28.0,0.0,0.0,-1.0986122886681098,0.916763786618909,0.0,0.8944271909999159,1.0986122886681098,0.816496580927726,0.6931471805599453,0.9438798074485388,-0.6931471805599453,0.7071067811865476,-1.3862943611198906,0.5477225575051662,-1.0986122886681098,0.8586502757364035,0.7372802960222018,1.0,3.0,2.0,1.0,0.0,0.0,0.0,0.0,0.0,3.091042453358316,0.5022472023339227,0.0,0.0,2.4849066497880004,0.0,1.3862943611198906,0.967863055024125,3.58351893845611,0.6393065550165496,0.40871287128712863,0.0,0.0,9.0,0.0,0.0,-2.6390573296152584,0.573884981186305,0.6931471805599453,0.7817359599705717,0.0,0.0,-1.3862943611198906,0.5477225575051662,-1.6094379124341003,0.7559289460184545,-0.6931471805599453,0.0,-2.70805020110221,0.6983112011663133,0.4876385336743393,5.0,1.0,5.0,0.0,0.0,-1.0986122886681098,0.7559289460184544,0.0,0.816496580927726,-0.6931471805599453,0.5773502691896258,0.0,0.0,-0.6931471805599453,0.5773502691896258,-0.6931471805599453,0.447213595499958,-1.0986122886681098,0.7071067811865476,0.5,0.0,0.0,0.0,0.0,0.0,-5.529429087511423,1.9479848635596735,-1.945910149055313,2.3828638291499207,1.8718021769015913,1.2927717931803757,-4.382026634673881,1.3565359810950286,-5.393627546352361,2.0987231492835594,-3.332204510175204,1.0796691275336339,-7.849713757604871,2.1936684676789753,1.6089773612911937,22.0,6.0,33.0,0.0,0.0
2016-03-16,meeting_date,237.707,0.9531118168057962,245.925,2.129594637806953,109.956,0.8631839655093287,110.406,1.3345326382260048,4.9,143560.0,18148.4,110.29,4.9,0.36,0.31,0.46,0.87,1.41,1.94,14.99,1.58,1.07,-0.04,3.3,0.5845563814229546,16394.2,5.2,1.6,0.0,-0.6654673617739952,1.0699999999999998,4.799694350853786,4.572753454854021,2.6189248760220103,2.15014224106348,1.603887609712603,2.233149173083944,2.046108508569805,2.189398196260497,-0.1635056491462139,-0.2146465451459791,-16606.225475123978,-16941.40005775894,-0.1440123902873971,-0.0354508269160565,4.9,4.7,2.0,1.8,1.8,2.2,2016Q1,0.1231884057971014,0.0576531090109359,1.0,0.0,1.0,1.0,2.7,1.71,-0.347,8.2,0.7000000000000002,-0.0283999999999999,-0.0155,0.0095864878434843,-0.0250864878434843,18190.6901,18231.7164,41.0263,18369.5981,18447.2564,77.6583,18555.2767,18670.3073,115.0306,18747.2289,18887.5415,140.3126,18939.9535,19111.01,171.0565,5.0,5.0842,0.0842,4.9,5.01,0.11,4.8,4.99,0.19,4.7,4.9425,0.2425,4.6,4.9416,0.3416,0.3,1.7,1.4,1.5,2.1,0.6,1.8,2.3,0.5,1.9,2.4,0.5,1.9665,2.5,0.5335,0.404,1.4,0.996,1.3,1.82,0.52,1.6156,2.0,0.3844,1.6142,2.1,0.4858,1.7116,2.1,0.3884,3.5026,4.4395,0.9369,3.8324,4.8134,0.981,4.0,5.0869,1.0869,4.0358,4.9681,0.9323,4.0,5.0026,1.0026,2.3079,3.0364,0.7286,2.25,2.8298,0.5798,2.3601,3.0,0.6399,2.3799,3.0621,0.6822,2.3408,2.9506,0.6098,2.7397,3.1877,0.448,2.6468,3.0396,0.3928,2.6,3.1001,0.5001,2.5,3.0675,0.5675,2.458,2.996,0.538,980.8665,981.0918,0.2253,981.8452,982.2671,0.4219,982.8509,983.469,0.618,983.8801,984.6258,0.7457,984.9029,985.802,0.8991,160.9438,162.614,1.6702,158.9235,161.1436,2.2201,156.8616,160.7436,3.882,154.7563,159.7864,5.0302,152.6056,159.7696,7.1639,971.0387,971.2161,0.1774,971.641,971.8885,0.2476,972.2629,972.6733,0.4104,972.886,973.3574,0.4714,973.5153,974.0274,0.512,933.6532,933.762,0.1088,934.334,934.4778,0.1438,934.9679,935.2499,0.2821,935.6173,935.9911,0.3739,936.2833,936.6887,0.4054,0.36,0.3652,-0.33,0.37,0.010000000000000009,-1.6094379124341003,0.8001524245036219,-2.5649493574615367,0.8009656008342724,2.70805020110221,0.7917663414126288,1.0986122886681098,0.8387150168556763,1.3862943611198906,0.8268454930564447,-2.0794415416798357,0.7648400075533118,-2.0794415416798357,0.8327052593053094,0.6933980488747225,3.0,6.0,27.0,0.0,0.0,-2.0794415416798357,0.7371114795831993,0.6931471805599453,0.9438798074485388,1.0986122886681098,1.0327955589886446,0.0,1.0954451150103321,-1.0986122886681098,0.5773502691896257,-1.3862943611198906,0.5,-2.3978952727983707,0.803007033582575,0.6448202959830868,5.0,3.0,1.0,1.0,0.0,-2.9444389791664403,0.0,1.791759469228055,0.6547113367438263,0.0,0.0,1.3862943611198906,0.0,0.0,0.0,0.0,0.0,-2.3978952727983707,0.7638366345900979,0.5834464043419266,10.0,3.0,0.0,0.0,0.0,-1.9740810260220094,3.4186997201912246,-7.757906208351747,3.4020016775405724,3.1780538303479458,3.701454983674929,-2.1972245773362196,3.5679841150970013,-9.798127036878302,3.0434556225941387,-6.946975992135418,2.5045833444427497,-11.545586247209776,0.7766630668553918,0.6086830405120363,8.0,7.0,49.0,1.0,0.0,-0.6931471805599453,0.8345229603962802,-1.3862943611198906,0.7867957924694432,0.6931471805599453,0.9574271077563381,0.6931471805599453,0.7071067811865476,-1.0986122886681098,0.5773502691896258,-1.0986122886681098,0.5773502691896257,-1.6094379124341003,0.7988086367179803,0.6380952380952382,0.0,0.0,1.0,0.0,0.0,-9.30054663986233,5.790486584674326,-9.224243277145174,6.588354215036653,7.677863500678211,6.483443991832541,0.9808292530117262,6.209251028149557,-10.609057253094631,5.025001654029835,-11.511324183603254,4.346773621185687,-20.03025624692045,3.975020631051354,3.1684430278070104,26.0,19.0,78.0,2.0,0.0
2016-04-27,meeting_date,237.92,0.8086470192254724,246.095,1.9482832902498748,109.825,0.6783700783792534,110.555,1.3122806374458174,5.0,143774.0,18164.8,110.286,4.8,0.37,0.24,0.39,0.83,1.33,1.87,13.77,1.68,1.04,-0.24,3.3,0.2399514709676014,16442.3,5.0,0.2,0.2000000000000001,-0.6877193625541826,1.04,4.9311319017472375,4.654100313493903,2.6189248760220103,2.371780143731385,2.013224851405637,2.199914751512364,2.0118886965826133,2.1772246995527773,0.1047319017472379,0.0015003134939028,-16621.019775123976,-16926.43051985627,0.3335248514056372,0.1749147515123637,4.8,4.6,2.5,2.6,1.7,2.2,2016Q2,0.1010830324909747,0.0536246251406009,1.0,0.0,1.0,1.0,2.8,1.79,-0.385,11.6,0.7999999999999998,0.0268999999999999,0.0,0.0238063803503055,-0.0238063803503055,18241.4591,18298.0959,56.6368,18410.3,18509.3638,99.0638,18600.4223,18723.07,122.6477,18782.972,18943.8603,160.8884,18942.954,19158.21,215.256,4.8754,4.9211,0.0457,4.7816,4.8946,0.1129,4.6,4.81,0.21,4.5,4.75,0.25,4.5,4.8,0.3,-0.4,1.3783,1.7783,1.1505,2.24,1.0895,1.6,2.4,0.8,1.7256,2.4274,0.7018,1.8,2.3846,0.5846,0.05,0.8,0.75,1.0422,1.8657,0.8235,1.4338,2.0,0.5662,1.5391,2.0288,0.4897,1.6343,2.006,0.3718,2.5226,3.8018,1.2792,3.5724,4.68,1.1076,3.9706,4.6478,0.6772,4.0,4.5332,0.5332,3.789,4.6,0.811,1.5661,2.3192,0.7531,2.0281,2.8893,0.8612,2.25,2.8628,0.6128,2.2904,2.8135,0.5231,2.1471,2.4667,0.3196,2.3,2.9408,0.6409,2.5,2.9269,0.4269,2.2986,2.903,0.6044,2.2248,2.7287,0.5039,2.1,2.5235,0.4235,981.1452,981.4552,0.31,982.0666,982.6032,0.5366,983.094,983.7512,0.6572,984.0706,984.9235,0.8529,984.9187,986.0487,1.1299,158.421,159.3539,0.9329,156.4782,158.8127,2.3345,152.6056,157.0697,4.4641,150.4077,155.8145,5.4067,150.4077,156.8616,6.4539,971.1497,971.3344,0.1847,971.7269,972.0424,0.3155,972.2954,972.7621,0.4667,972.9068,973.3495,0.4427,973.4812,974.0105,0.5294,934.0232,934.1794,0.1562,934.5804,934.9053,0.3249,935.2206,935.6479,0.4273,935.8019,936.3129,0.5111,936.2961,936.9673,0.6712,0.37,0.365,-0.1,0.38,0.010000000000000009,0.0,0.8366600265340756,-3.091042453358316,0.8290515963986873,2.1972245773362196,0.7909747313543117,-2.5649493574615367,0.851433999587501,2.4849066497880004,0.9110547206034044,1.3862943611198906,0.812727700887249,-2.8903717578961645,0.884320688267033,0.7820230796970791,5.0,4.0,22.0,0.0,0.0,-2.0794415416798357,0.7371114795831993,0.6931471805599453,0.9438798074485388,1.0986122886681098,1.0327955589886446,0.0,1.0954451150103321,-1.0986122886681098,0.5773502691896257,-1.3862943611198906,0.5,-2.3978952727983707,0.803007033582575,0.6448202959830868,5.0,3.0,1.0,1.0,0.0,-2.9444389791664403,0.0,1.791759469228055,0.6547113367438263,0.0,0.0,1.3862943611198906,0.0,0.0,0.0,0.0,0.0,-2.3978952727983707,0.7638366345900979,0.5834464043419266,10.0,3.0,0.0,0.0,0.0,-2.4849066497880004,0.6922186552431729,-2.302585092994046,0.8521581672219165,0.0,1.0,-1.791759469228055,0.9334586382051249,-2.0794415416798357,1.0664764660585293,-2.1972245773362196,0.6688000054526371,-3.091042453358316,0.6835537709272992,0.48569587628865973,10.0,8.0,20.0,0.0,0.0,-1.0986122886681098,0.7559289460184544,0.0,0.816496580927726,-0.6931471805599453,0.7071067811865476,0.0,0.0,-0.6931471805599453,0.5773502691896258,-0.6931471805599453,0.5,-1.0986122886681098,0.7071067811865476,0.5,0.0,0.0,0.0,0.0,0.0,-3.58351893845611,2.284807627795703,-5.393627546352362,2.49770634454833,1.5040773967762742,2.4980815125408595,-4.356708826689592,1.784892637792626,-0.2876820724517808,2.5548814558515596,-1.5040773967762742,1.981527706339886,-7.080026499922591,2.27498124038088,1.767718955985739,15.0,12.0,42.0,0.0,0.0
2016-06-15,meeting_date,238.89,0.2880934029137805,246.574,1.85262444803358,110.276,0.5525667912829269,110.874,1.332529063391097,4.7,143894.0,18229.5,110.448,4.8,0.38,0.26,0.36,0.69,1.1,1.6,20.14,1.47,0.91,-0.37,3.0,0.0655290111979565,16442.3,5.0,0.2,-0.0999999999999996,-0.6674709366089031,0.91,4.826772353403969,4.785289883544145,2.6189248760220103,2.470330554083201,1.8538494300097983,2.166842969598752,2.0510773816879166,2.145703090022084,0.0003723534039696,0.1326898835441454,-16621.019775123976,-16926.331969445917,0.1741494300097985,0.1418429695987519,4.8,4.7,2.1,2.6,2.1,2.2,2016Q2,0.1281138790035587,0.0603556411885106,0.0,0.0,0.0,0.0,2.6,1.47,-0.36,11.6,0.6000000000000001,-0.0268999999999999,-0.0025,0.0047142839888754,-0.0072142839888754,18241.4591,18298.0959,56.6368,18410.3,18509.3638,99.0638,18600.4223,18723.07,122.6477,18782.972,18943.8603,160.8884,18942.954,19158.21,215.256,4.8754,4.9211,0.0457,4.7816,4.8946,0.1129,4.6,4.81,0.21,4.5,4.75,0.25,4.5,4.8,0.3,-0.4,1.3783,1.7783,1.1505,2.24,1.0895,1.6,2.4,0.8,1.7256,2.4274,0.7018,1.8,2.3846,0.5846,0.05,0.8,0.75,1.0422,1.8657,0.8235,1.4338,2.0,0.5662,1.5391,2.0288,0.4897,1.6343,2.006,0.3718,2.5226,3.8018,1.2792,3.5724,4.68,1.1076,3.9706,4.6478,0.6772,4.0,4.5332,0.5332,3.789,4.6,0.811,1.5661,2.3192,0.7531,2.0281,2.8893,0.8612,2.25,2.8628,0.6128,2.2904,2.8135,0.5231,2.1471,2.4667,0.3196,2.3,2.9408,0.6409,2.5,2.9269,0.4269,2.2986,2.903,0.6044,2.2248,2.7287,0.5039,2.1,2.5235,0.4235,981.1452,981.4552,0.31,982.0666,982.6032,0.5366,983.094,983.7512,0.6572,984.0706,984.9235,0.8529,984.9187,986.0487,1.1299,158.421,159.3539,0.9329,156.4782,158.8127,2.3345,152.6056,157.0697,4.4641,150.4077,155.8145,5.4067,150.4077,156.8616,6.4539,971.1497,971.3344,0.1847,971.7269,972.0424,0.3155,972.2954,972.7621,0.4667,972.9068,973.3495,0.4427,973.4812,974.0105,0.5294,934.0232,934.1794,0.1562,934.5804,934.9053,0.3249,935.2206,935.6479,0.4273,935.8019,936.3129,0.5111,936.2961,936.9673,0.6712,0.38,0.355,0.13,0.39,0.010000000000000009,-2.0794415416798357,0.6955140813803657,-3.044522437723423,0.7554515674132067,-1.791759469228055,0.7985186133505404,2.0794415416798357,0.8189854839837084,-1.9459101490553132,0.8594892695730867,-1.791759469228055,0.6386663736585051,-3.58351893845611,0.8371528456720463,0.7008248870168049,13.0,6.0,22.0,0.0,0.0,-2.0794415416798357,0.7274384280931732,0.6931471805599453,0.9540735874430286,1.0986122886681098,0.7703288865196432,-1.0986122886681098,0.5477225575051662,-1.3862943611198906,0.0,-1.3862943611198906,0.5,-2.302585092994046,0.83166499665831,0.6916666666666667,1.0,2.0,4.0,1.0,0.0,1.6094379124341003,0.0,-3.58351893845611,0.5953812681625569,0.0,0.0,2.3978952727983707,0.511766315719159,0.0,0.0,0.0,0.0,-3.4011973816621555,0.6704015231539909,0.44943820224719105,5.0,4.0,0.0,0.0,0.0,-5.926926025970411,2.6478076212723605,-2.3513752571634776,2.4876188381308673,1.3862943611198904,1.7130872138601783,-3.8712010109078907,1.7724214646236494,-3.1780538303479453,2.3443426416094497,-3.9512437185814275,2.6569116706931815,-11.19238956764737,0.6281067081669907,0.4316835698848919,28.0,6.0,32.0,0.0,0.0,-1.0986122886681098,0.7559289460184544,0.0,0.816496580927726,-0.6931471805599453,0.7071067811865476,0.0,0.0,-0.6931471805599453,0.5773502691896258,-0.6931471805599453,0.5,-1.0986122886681098,0.7071067811865476,0.5,0.0,0.0,0.0,0.0,0.0,-9.574983485564092,4.826689076764354,-8.286269452783065,5.609021842077386,-2.220446049250313e-16,3.9890414949169095,-0.49247648509779407,3.650895821831683,-7.203405521083094,3.7811821803721624,-7.822444729489319,4.295578044351687,-21.578303269427792,3.6744328548378853,2.7736133258155546,47.0,18.0,58.0,1.0,0.0
2016-07-27,meeting_date,239.927,0.1568980457149482,247.495,2.0749472086577736,110.431,0.5975859713049259,111.022,1.3788443275622786,4.9,144175.0,18230.1,110.388,4.8,0.39,0.31,0.39,0.73,1.1,1.52,12.83,1.49,0.79,-0.21,3.0,0.0131789155210739,16492.7,4.9,-0.3,0.1000000000000005,-0.6211556724377214,0.79,4.847008837173583,4.702557367240253,2.6189248760220103,2.1972806436629617,1.9999986186768288,2.1937543031467177,1.974683669637552,2.1421015740160603,0.0395088371735825,0.0592573672402529,-16675.016775123975,-16971.139319356334,0.0297986186768286,0.0711543031467178,4.9,4.7,2.1,2.5,2.0,2.2,2016Q3,0.1335740072202166,0.0662328689752025,1.0,0.0,1.0,1.0,2.7,1.67,-0.353,8.5,0.7000000000000002,0.0549999999999999,-0.005,0.0169214750938918,-0.0219214750938918,18372.6215,18411.3996,38.7781,18532.46,18603.3295,70.8695,18717.4357,18811.6934,94.2577,18903.351,19020.6186,117.2675,19076.2517,19236.1114,159.8597,4.8255,4.9702,0.1446,4.7526,4.8878,0.1352,4.6,4.8139,0.2139,4.5838,4.7702,0.1863,4.5,4.719,0.219,1.3,2.6,1.3,1.5,2.4,0.9,1.8,2.4515,0.6515,1.8,2.2,0.4,1.8834,2.3,0.4166,1.0602,1.9,0.8398,1.53,2.0,0.47,1.634,2.1,0.466,1.6,2.006,0.406,1.7,2.1,0.4,3.368,4.2435,0.8755,3.5054,4.3871,0.8817,3.963,4.6706,0.7076,3.7587,4.5689,0.8102,3.9519,4.8157,0.8639,1.7282,2.499,0.7708,2.0369,2.5826,0.5457,2.2515,2.6783,0.4268,1.9966,2.4606,0.464,2.0834,2.6079,0.5245,2.4,2.8295,0.4295,2.3993,2.7105,0.3112,2.3,2.6901,0.3901,2.1166,2.5564,0.4398,2.2505,2.6271,0.3766,981.8617,982.0725,0.2108,982.7279,983.1096,0.3817,983.7211,984.2234,0.5023,984.7094,985.3279,0.6184,985.6199,986.4545,0.8345,157.3921,160.3456,2.9534,155.87,158.6741,2.8041,152.6056,157.1502,4.5446,152.2539,156.2381,3.9843,150.4077,155.1588,4.751,971.4957,971.6844,0.1887,972.0537,972.3335,0.2798,972.6297,972.9943,0.3646,973.1962,973.5254,0.3292,973.7351,974.1843,0.4492,934.5823,934.6869,0.1046,935.1752,935.3566,0.1814,935.7645,935.9911,0.2267,936.332,936.5848,0.2528,936.8813,937.2338,0.3525,0.39,0.395,0.05,0.4,0.010000000000000009,0.6931471805599453,0.5242650104380328,0.0,0.0,0.0,0.0,-0.6931471805599453,0.7071067811865476,0.6931471805599453,0.5393598899705937,0.0,0.0,1.0986122886681098,0.5263613559678152,0.277056277056277,1.0,0.0,1.0,0.0,0.0,-2.0794415416798357,0.7274384280931732,0.6931471805599453,0.9540735874430286,1.0986122886681098,0.7703288865196432,-1.0986122886681098,0.5477225575051662,-1.3862943611198906,0.0,-1.3862943611198906,0.5,-2.302585092994046,0.83166499665831,0.6916666666666667,1.0,2.0,4.0,1.0,0.0,1.6094379124341003,0.0,-3.58351893845611,0.5953812681625569,0.0,0.0,2.3978952727983707,0.511766315719159,0.0,0.0,0.0,0.0,-3.4011973816621555,0.6704015231539909,0.44943820224719105,5.0,4.0,0.0,0.0,0.0,-1.0986122886681096,0.7932002689527196,-1.3862943611198906,0.9102589898327995,-1.0986122886681098,0.8249872416568828,-2.8903717578961645,0.6852566815265063,1.3862943611198906,2.0,-2.4849066497880004,0.7183954022841381,-2.1400661634962708,0.9031128874149275,0.825,8.0,1.0,7.0,1.0,0.0,-1.0986122886681098,0.7559289460184544,0.0,0.816496580927726,-0.6931471805599453,0.7071067811865476,0.0,0.0,-0.6931471805599453,0.5773502691896258,0.0,0.7071067811865476,-0.6931471805599453,0.7817359599705717,0.6111111111111112,0.0,0.0,1.0,0.0,0.0,-1.5040773967762742,2.073394225409207,-1.3862943611198906,1.7267555707605255,-1.791759469228055,1.5320940228434303,-3.58351893845611,1.392363462713054,1.3862943611198906,3.1167101591602195,-2.4849066497880004,1.4255021834706856,-1.7346010553881062,2.211210203353314,1.7131673881673881,9.0,1.0,9.0,1.0,0.0
2016-09-21,meeting_date,240.305,0.2602225787299517,248.338,2.1025885603394467,110.659,0.8153857366714146,111.366,1.321954636849143,4.9,144598.0,18436.5,111.263,4.8,0.4,0.22,0.44,0.79,1.2,1.66,13.3,1.51,0.87,-0.17,2.9,-0.0691144461087205,16492.7,4.9,-0.3,0.1000000000000005,-0.678045363150857,0.8699999999999999,4.895216708906896,4.620392305066953,2.6189248760220103,2.317288126774928,2.1518542344028444,2.1891690337394105,2.1885521542664845,2.2142840836356417,0.0877167089068962,-0.0229076949330471,-16675.016775123975,-16971.019311873224,0.1816542344028444,0.0665690337394107,4.9,4.6,2.4,2.4,2.1,2.2,2016Q3,0.1373239436619718,0.0577921272731554,3.0,0.0,3.0,1.0,2.4,1.65,-0.336,8.5,0.3999999999999999,-0.014,-0.04167,-0.0150672182382631,-0.0266027817617368,18372.6215,18411.3996,38.7781,18532.46,18603.3295,70.8695,18717.4357,18811.6934,94.2577,18903.351,19020.6186,117.2675,19076.2517,19236.1114,159.8597,4.8255,4.9702,0.1446,4.7526,4.8878,0.1352,4.6,4.8139,0.2139,4.5838,4.7702,0.1863,4.5,4.719,0.219,1.3,2.6,1.3,1.5,2.4,0.9,1.8,2.4515,0.6515,1.8,2.2,0.4,1.8834,2.3,0.4166,1.0602,1.9,0.8398,1.53,2.0,0.47,1.634,2.1,0.466,1.6,2.006,0.406,1.7,2.1,0.4,3.368,4.2435,0.8755,3.5054,4.3871,0.8817,3.963,4.6706,0.7076,3.7587,4.5689,0.8102,3.9519,4.8157,0.8639,1.7282,2.499,0.7708,2.0369,2.5826,0.5457,2.2515,2.6783,0.4268,1.9966,2.4606,0.464,2.0834,2.6079,0.5245,2.4,2.8295,0.4295,2.3993,2.7105,0.3112,2.3,2.6901,0.3901,2.1166,2.5564,0.4398,2.2505,2.6271,0.3766,981.8617,982.0725,0.2108,982.7279,983.1096,0.3817,983.7211,984.2234,0.5023,984.7094,985.3279,0.6184,985.6199,986.4545,0.8345,157.3921,160.3456,2.9534,155.87,158.6741,2.8041,152.6056,157.1502,4.5446,152.2539,156.2381,3.9843,150.4077,155.1588,4.751,971.4957,971.6844,0.1887,972.0537,972.3335,0.2798,972.6297,972.9943,0.3646,973.1962,973.5254,0.3292,973.7351,974.1843,0.4492,934.5823,934.6869,0.1046,935.1752,935.3566,0.1814,935.7645,935.9911,0.2267,936.332,936.5848,0.2528,936.8813,937.2338,0.3525,0.4,0.3917,-0.09,0.41,0.009999999999999953,2.772588722239781,0.8361534203559066,-2.772588722239781,0.7741827783921407,2.833213344056216,0.8511696634152133,2.1972245773362196,0.8198264356651258,0.0,0.816496580927726,-1.3862943611198906,0.7276068751089989,1.6094379124341003,0.8476766988276985,0.7185557857354247,6.0,5.0,18.0,0.0,0.0,-1.0986122886681098,0.8323523637957304,1.0986122886681098,0.9816498172140428,0.0,1.0,0.0,1.0,-0.6931471805599453,0.0,-0.6931471805599453,0.5773502691896258,-1.791759469228055,0.8838834764831844,0.78125,1.0,1.0,0.0,1.0,0.0,-1.3862943611198906,0.4031128874149275,2.1972245773362196,0.916996561902623,3.9512437185814275,0.0,0.0,0.0,0.0,0.0,-1.3862943611198906,0.0,4.04305126783455,0.7529531845547628,0.5669384981311587,0.0,0.0,4.0,0.0,0.0,-7.171656822768515,1.802826675955532,-3.9120230054281464,1.7794687451226725,-2.772588722239781,2.5096546262401467,-6.29156913955832,2.3502709044455634,-2.995732273553991,1.7849399079044237,-4.8828019225863715,1.9782786844421771,-10.051390182459624,0.7234323230577816,0.5286235558435631,14.0,8.0,26.0,0.0,0.0,-0.6931471805599453,0.8345229603962802,0.6931471805599453,0.8366600265340756,0.0,1.0,0.0,0.0,-0.6931471805599453,0.5773502691896258,-0.6931471805599453,0.447213595499958,-0.6931471805599453,0.7378647873726218,0.5444444444444445,0.0,0.0,0.0,0.0,0.0,-7.57712193087668,4.708968307918377,-2.695627681103653,5.288957929165554,4.0118683403978626,5.36082428965536,-4.094344562222101,4.170097340110689,-4.382026634673881,3.1787867580217757,-9.041685005946043,3.73044942424076,-6.883807651978973,3.945810470296049,3.139812284154591,21.0,14.0,48.0,1.0,0.0
2016-11-02,meeting_date,241.002,-0.0818289397487181,248.611,1.8317433920840065,111.135,1.0676512581733633,111.779,1.510225580297142,5.0,144747.0,18651.2,111.67,4.8,0.41,0.36,0.5,0.81,1.26,1.81,19.32,1.7,1.0,-0.29,2.9,-0.7430522645796189,16575.1,4.9,2.5,0.2000000000000001,-0.4897744197028579,1.0,4.796815816029886,4.571089063121343,2.6189248760220103,2.326123046754165,2.068149814571933,2.193857452428625,2.2931439108306573,2.2206953800240585,0.0566158160298861,-0.0589109368786564,-16784.824475123976,-17063.893976953244,-0.1523501854280669,-0.016242547571375,4.8,4.6,2.2,2.2,2.2,2.2,2016Q4,0.0471014492753623,0.0304119878857339,2.0,0.0,2.0,1.0,2.4,1.85,-0.378,1.5,0.3999999999999999,0.1322,-0.00268,0.0106430280315593,-0.0133230280315593,18597.7221,18652.6206,54.8985,18779.6784,18853.2103,73.5319,18958.4968,19046.521,88.0242,19144.3012,19263.8528,119.5516,19349.4871,19479.6548,130.1677,4.8,4.862,0.062,4.7,4.8,0.1,4.6,4.7577,0.1577,4.5684,4.7382,0.1698,4.4849,4.7264,0.2415,1.5777,2.2,0.6223,1.9118,2.6,0.6882,1.9,2.5,0.6,1.882,2.5,0.618,1.8985,2.5,0.6015,1.0374,1.9664,0.9289,1.6087,2.057,0.4483,1.6,2.0,0.4,1.7488,2.0811,0.3324,1.7026,2.1,0.3974,3.5194,4.7471,1.2277,3.86,4.6676,0.8077,3.6925,4.3941,0.7016,4.0169,4.806,0.7891,3.9762,4.6789,0.7028,2.3,3.1304,0.8304,2.1278,2.5,0.3722,1.9836,2.4172,0.4336,2.0887,2.471,0.3823,2.015,2.5625,0.5475,2.3481,3.0403,0.6922,2.1948,2.689,0.4942,2.1,2.5,0.4,2.3,2.6,0.3,2.2,2.6334,0.4334,983.0794,983.3742,0.2948,984.0531,984.4438,0.3908,985.0007,985.464,0.4632,985.976,986.5986,0.6225,987.0421,987.7126,0.6705,156.8616,158.1446,1.283,154.7563,156.8616,2.1053,152.6056,155.9764,3.3708,151.9168,155.5665,3.6497,150.0711,155.3164,5.2453,972.1342,972.3363,0.2021,972.7026,972.9598,0.2572,973.2222,973.4566,0.2344,973.7415,974.0774,0.3359,974.2754,974.6757,0.4004,935.4408,935.6093,0.1685,935.9824,936.2297,0.2474,936.5414,936.8497,0.3083,937.116,937.4516,0.3355,937.7272,938.0788,0.3516,0.41,0.4073,-0.22,0.54,0.13000000000000006,0.0,0.7859052479933758,-1.0986122886681098,0.8329477985760191,2.6390573296152584,0.7995141910689447,2.1972245773362196,0.8259266808590714,-2.4849066497880004,0.7628656541356288,-1.791759469228055,0.6691131580686884,1.0986122886681098,0.7974418653364977,0.635913528591353,8.0,6.0,7.0,0.0,0.0,-1.0986122886681098,0.8323523637957304,1.0986122886681098,0.9816498172140428,0.0,1.0,0.0,1.0,-0.6931471805599453,0.0,-0.6931471805599453,0.5773502691896258,-1.791759469228055,0.8838834764831844,0.78125,1.0,1.0,0.0,1.0,0.0,-1.3862943611198906,0.4031128874149275,2.1972245773362196,0.916996561902623,3.9512437185814275,0.0,0.0,0.0,0.0,0.0,-1.3862943611198906,0.0,4.04305126783455,0.7529531845547628,0.5669384981311587,0.0,0.0,4.0,0.0,0.0,-7.175234644116398,3.359897824827174,-2.4849066497880004,1.301567831000392,-2.8134107167600364,3.449489742783178,-8.032035314398826,2.390407549629654,-6.873163834212518,4.545298296082738,-3.5835189384561104,2.4593226485852298,-15.157821683101242,0.6638216311281833,0.5109749411562733,20.0,7.0,49.0,0.0,0.0,-0.6931471805599453,0.8345229603962802,0.6931471805599453,0.8366600265340756,0.0,1.0,0.0,0.0,-0.6931471805599453,0.5773502691896258,-0.6931471805599453,0.447213595499958,-0.6931471805599453,0.7378647873726218,0.5444444444444445,0.0,0.0,0.0,0.0,0.0,-7.8683818246763435,4.98032603321683,-2.890371757896165,2.9711756561104865,-0.174353387144778,5.249003933852123,-5.834810737062606,3.2163342304887252,-10.051217664560463,5.885514219407993,-6.068425588244111,3.5756494021538763,-14.752356574993078,2.199128283837303,1.6913329141920708,28.0,13.0,56.0,0.0,0.0
2016-12-14,meeting_date,241.863,0.027726316054788,248.981,1.8260563725891243,111.394,1.38617105514649,111.891,1.542775725785228,4.6,145128.0,18657.9,111.64,4.8,0.54,0.54,0.65,1.27,2.02,2.54,13.19,1.94,1.27,0.2,3.0,-0.2413645729935476,16575.1,4.9,2.5,-0.2000000000000001,-0.4572242742147718,1.27,4.76956126942023,4.544551134163591,2.6189248760220103,2.181275046503799,2.122815065573792,2.1966786757292613,2.302208775976367,2.254759568882559,0.0293612694202298,-0.0854488658364092,-16784.824475123976,-17064.038824953495,-0.097684934426208,-0.0134213242707388,4.7,4.5,2.4,2.1,2.5,2.2,2016Q4,0.1050724637681159,0.0479805978111965,0.0,0.0,0.0,0.0,2.2,2.06,-0.447,1.5,0.2000000000000001,0.1018,-0.00456,-0.0086345099008139,0.0040745099008139,18597.7221,18652.6206,54.8985,18779.6784,18853.2103,73.5319,18958.4968,19046.521,88.0242,19144.3012,19263.8528,119.5516,19349.4871,19479.6548,130.1677,4.8,4.862,0.062,4.7,4.8,0.1,4.6,4.7577,0.1577,4.5684,4.7382,0.1698,4.4849,4.7264,0.2415,1.5777,2.2,0.6223,1.9118,2.6,0.6882,1.9,2.5,0.6,1.882,2.5,0.618,1.8985,2.5,0.6015,1.0374,1.9664,0.9289,1.6087,2.057,0.4483,1.6,2.0,0.4,1.7488,2.0811,0.3324,1.7026,2.1,0.3974,3.5194,4.7471,1.2277,3.86,4.6676,0.8077,3.6925,4.3941,0.7016,4.0169,4.806,0.7891,3.9762,4.6789,0.7028,2.3,3.1304,0.8304,2.1278,2.5,0.3722,1.9836,2.4172,0.4336,2.0887,2.471,0.3823,2.015,2.5625,0.5475,2.3481,3.0403,0.6922,2.1948,2.689,0.4942,2.1,2.5,0.4,2.3,2.6,0.3,2.2,2.6334,0.4334,983.0794,983.3742,0.2948,984.0531,984.4438,0.3908,985.0007,985.464,0.4632,985.976,986.5986,0.6225,987.0421,987.7126,0.6705,156.8616,158.1446,1.283,154.7563,156.8616,2.1053,152.6056,155.9764,3.3708,151.9168,155.5665,3.6497,150.0711,155.3164,5.2453,972.1342,972.3363,0.2021,972.7026,972.9598,0.2572,973.2222,973.4566,0.2344,973.7415,974.0774,0.3359,974.2754,974.6757,0.4004,935.4408,935.6093,0.1685,935.9824,936.2297,0.2474,936.5414,936.8497,0.3083,937.116,937.4516,0.3355,937.7272,938.0788,0.3516,0.54,0.5309,0.39,0.66,0.12,1.0986122886681098,0.8255370803211417,0.0,0.848528137423857,2.995732273553991,0.8048764420434492,3.1780538303479458,0.7660230741222277,-1.9459101490553132,0.8090398349558904,-1.6094379124341003,0.5762081310400609,3.295836866004329,0.8264915402452331,0.6830882660969377,15.0,9.0,8.0,0.0,0.0,1.0986122886681098,0.8006407690254357,-1.6094379124341003,0.8432740427115678,0.6931471805599453,0.8366600265340756,0.0,0.0,0.0,0.0,-0.6931471805599453,0.44721359549995804,-1.3862943611198906,0.8161824833662176,0.6661538461538461,2.0,0.0,0.0,1.0,0.0,-2.772588722239781,0.7751067757631795,-2.995732273553991,0.0,-3.8918202981106265,0.6675100150957771,-2.995732273553991,0.0,0.0,0.0,0.0,0.0,-3.8066624897703196,0.7359313495384643,0.5415949512335053,0.0,0.0,4.0,0.0,0.0,-6.0196354240746786,3.4738175788788297,-3.7376696182833684,3.185255794752217,-2.977383134885794,4.918320118049516,-6.6152999277776985,3.534159124270028,-6.089044875446846,5.654473125060329,-8.9126079636709,4.346324761570895,-18.63763615008027,0.7276855237097908,0.5386315938626868,25.0,7.0,65.0,0.0,0.0,-0.6931471805599453,0.8997354108424372,0.6931471805599453,0.8366600265340756,0.0,1.0,0.0,0.0,-0.6931471805599453,0.5773502691896258,-0.6931471805599453,0.447213595499958,-0.6931471805599453,0.7817359599705717,0.6111111111111112,0.0,0.0,0.0,0.0,0.0,-7.2881467495381855,6.774837614831024,-7.649692623711514,5.713718001421718,-3.1803239788824844,8.227366601722817,-6.432978370983744,4.300182198392256,-8.728102205062104,7.040863229205845,-11.908340237224891,5.816960083610872,-21.227903315526095,3.8880268568302774,3.040579768458087,42.0,16.0,77.0,1.0,0.0
2017-02-01,meeting_date,243.032,0.0,249.93,1.6285452881976248,111.651,1.577553972542911,112.064,1.2303300753373936,4.7,145303.0,18860.8,112.234,4.74,0.66,0.5,0.64,1.22,1.93,2.48,11.81,2.05,1.26,0.01,3.0,-0.1800665408554924,16702.1,4.9,1.6,-0.04,-0.7696699246626064,1.26,4.704522415354804,4.391118522137575,2.6189248760220103,2.215457428727998,1.9970497857701743,2.2970776564287245,2.395128678075161,2.32833945498308,-0.0789775846451963,-0.2770814778624251,-16881.930775123976,-17174.384242571272,-0.1293502142298255,0.0267776564287243,4.7,4.4,1.7,2.0,1.9,2.3,2017Q1,0.1888888888888888,0.1152221820595275,0.0,0.0,0.0,0.0,2.7,2.18,-0.486,1.4,0.7000000000000002,0.0475999999999999,-0.00259,0.0164416309948706,-0.0190316309948706,18816.7896,18856.7335,39.9439,19003.1245,19057.8025,54.6781,19193.9533,19280.5426,86.5893,19375.0308,19476.6687,101.6378,19565.3067,19708.0365,142.7298,4.8,4.9,0.1,4.7,4.8053,0.1053,4.6,4.8,0.2,4.5833,4.8,0.2167,4.5,4.8,0.3,1.9313,2.8,0.8687,1.8327,2.3108,0.4781,1.9,2.3198,0.4198,2.1,2.4294,0.3294,2.08,2.4,0.32,1.5066,2.29,0.7834,1.6246,2.0,0.3754,1.7155,2.0,0.2845,1.7895,2.0461,0.2566,1.825,2.1,0.275,3.5989,4.4588,0.86,3.6818,4.4578,0.776,3.9326,4.724,0.7913,3.9202,4.5122,0.592,3.8705,4.5937,0.7231,1.9004,2.45,0.5496,1.9991,2.45,0.4509,2.0595,2.5,0.4405,2.0075,2.4407,0.4332,2.0,2.5,0.5,2.0993,2.7112,0.6119,2.086,2.5235,0.4376,2.2491,2.6,0.3509,2.231,2.5,0.269,2.0003,2.5,0.4997,984.2505,984.4625,0.2121,985.2359,985.5232,0.2873,986.2351,986.6852,0.4501,987.174,987.6973,0.5232,988.1513,988.8782,0.7269,156.8616,158.9235,2.0619,154.7563,156.9728,2.2165,152.6056,156.8616,4.256,152.2427,156.8616,4.6189,150.4077,156.8616,6.4539,972.7996,972.9341,0.1345,973.284,973.5339,0.2499,973.837,974.1535,0.3166,974.3761,974.6629,0.2868,974.8487,975.2432,0.3945,935.9271,936.0765,0.1494,936.4468,936.6667,0.2199,937.0152,937.2777,0.2625,937.5846,937.8502,0.2656,938.1314,938.4733,0.3418,0.66,0.6574,-0.09,0.79,0.13,1.0986122886681098,0.7348237791433793,-1.9459101490553132,0.7947194142390263,2.3978952727983707,0.8086075400626399,2.5649493574615367,0.8461815810522644,1.9459101490553132,0.7120466294652271,1.6094379124341003,0.543492976389406,3.4339872044851463,0.7755763360371427,0.601518653020799,13.0,7.0,15.0,0.0,0.0,1.0986122886681098,0.8006407690254357,-1.6094379124341003,0.8432740427115678,0.6931471805599453,0.8366600265340756,0.0,0.0,0.0,0.0,-0.6931471805599453,0.44721359549995804,-1.3862943611198906,0.8161824833662176,0.6661538461538461,2.0,0.0,0.0,1.0,0.0,-2.772588722239781,0.7751067757631795,-2.995732273553991,0.0,-3.8918202981106265,0.6675100150957771,-2.995732273553991,0.0,0.0,0.0,0.0,0.0,-3.8066624897703196,0.7359313495384643,0.5415949512335053,0.0,0.0,4.0,0.0,0.0,-6.915723448631313,2.353769539489322,-5.2574953720277815,2.2843277554050467,1.9459101490553132,1.4791871742156124,-4.499809670330265,1.709639275601032,-5.575949103146316,1.1144673310231776,-3.688879454113936,1.1852115263304568,-8.99516499031115,0.7366480343811187,0.5463164361706119,23.0,10.0,16.0,0.0,0.0,-1.0986122886681098,0.7559289460184544,0.0,0.7071067811865476,-0.6931471805599453,0.5773502691896258,0.0,0.0,-0.6931471805599453,0.5773502691896258,-0.6931471805599453,0.447213595499958,-1.0986122886681098,0.6666666666666666,0.4444444444444444,0.0,0.0,0.0,0.0,0.0,-6.915723448631313,3.8445222646511557,-7.203405521083095,3.7861539508306206,3.6506582412937387,2.865144983467878,-1.9348603128687283,2.5558208566532965,-4.323186134650948,2.403864229678031,-2.7725887222397807,2.175918098219821,-6.659790074494113,2.178891037084928,1.5922795336358553,36.0,17.0,31.0,0.0,0.0
2017-03-15,meeting_date,244.456,1.9922042355866587,251.299,2.128325381407925,112.082,1.9010646325608336,112.414,1.478659637466606,4.7,145798.0,18855.5,112.208,4.74,0.79,0.72,0.87,1.33,2.02,2.51,11.63,2.01,1.18,0.18,3.0,-0.1679064757734776,16702.1,4.9,1.6,-0.04,-0.5213403625333939,1.1799999999999995,4.524366329408339,4.398448865564451,2.6189248760220103,2.283333979879828,1.8038618618957856,2.217735053554334,2.3171729129681107,2.3470563741863817,-0.2591336705916607,-0.2697511344355483,-16881.930775123976,-17174.31636602012,-0.3225381381042143,-0.0525649464456661,4.7,4.5,2.1,2.4,1.7,2.2,2017Q1,0.1411764705882353,0.0585199574880804,1.0,0.0,1.0,1.0,2.5,2.18,-0.482,1.4,0.5,0.1984,0.00484,0.030768045299815,-0.025928045299815,18816.7896,18856.7335,39.9439,19003.1245,19057.8025,54.6781,19193.9533,19280.5426,86.5893,19375.0308,19476.6687,101.6378,19565.3067,19708.0365,142.7298,4.8,4.9,0.1,4.7,4.8053,0.1053,4.6,4.8,0.2,4.5833,4.8,0.2167,4.5,4.8,0.3,1.9313,2.8,0.8687,1.8327,2.3108,0.4781,1.9,2.3198,0.4198,2.1,2.4294,0.3294,2.08,2.4,0.32,1.5066,2.29,0.7834,1.6246,2.0,0.3754,1.7155,2.0,0.2845,1.7895,2.0461,0.2566,1.825,2.1,0.275,3.5989,4.4588,0.86,3.6818,4.4578,0.776,3.9326,4.724,0.7913,3.9202,4.5122,0.592,3.8705,4.5937,0.7231,1.9004,2.45,0.5496,1.9991,2.45,0.4509,2.0595,2.5,0.4405,2.0075,2.4407,0.4332,2.0,2.5,0.5,2.0993,2.7112,0.6119,2.086,2.5235,0.4376,2.2491,2.6,0.3509,2.231,2.5,0.269,2.0003,2.5,0.4997,984.2505,984.4625,0.2121,985.2359,985.5232,0.2873,986.2351,986.6852,0.4501,987.174,987.6973,0.5232,988.1513,988.8782,0.7269,156.8616,158.9235,2.0619,154.7563,156.9728,2.2165,152.6056,156.8616,4.256,152.2427,156.8616,4.6189,150.4077,156.8616,6.4539,972.7996,972.9341,0.1345,973.284,973.5339,0.2499,973.837,974.1535,0.3166,974.3761,974.6629,0.2868,974.8487,975.2432,0.3945,935.9271,936.0765,0.1494,936.4468,936.6667,0.2199,937.0152,937.2777,0.2625,937.5846,937.8502,0.2656,938.1314,938.4733,0.3418,0.79,0.7803,0.02,0.91,0.12,2.0794415416798357,0.8252294130903182,-1.6094379124341003,0.8131909131805773,2.302585092994046,0.8607344464905626,2.1972245773362196,0.8332080106266567,1.0986122886681098,0.7619182899231915,-0.6931471805599453,0.6804808499819215,2.833213344056216,0.8153726415945477,0.6648325446608707,10.0,9.0,10.0,0.0,0.0,1.0986122886681098,0.7432233529572065,-1.6094379124341003,0.7867957924694432,1.0986122886681098,1.0,1.0986122886681098,1.0,0.0,1.4142135623730951,0.0,0.0,0.0,0.7483314773547883,0.56,2.0,0.0,1.0,0.0,0.0,-2.995732273553991,0.6085806194501846,-3.58351893845611,0.3073547406047282,2.5649493574615367,0.9841511363197714,-2.70805020110221,0.0,0.0,0.0,0.0,0.0,0.0,0.8918825850158447,0.7954545454545454,6.0,0.0,14.0,0.0,0.0,-5.966146739123692,2.131479961633771,-4.382026634673881,2.9310164479313046,-0.40546510810816416,2.117106835031176,-0.8266785731844679,2.3709910581552935,-1.3862943611198906,2.0384156400677886,1.3862943611198906,2.2202168261938486,-4.3079186625201595,0.6665477485747764,0.4765030219849551,16.0,5.0,22.0,0.0,0.0,-1.0986122886681098,0.7559289460184544,0.0,0.7071067811865476,0.0,1.0,0.0,0.0,-0.6931471805599453,0.5773502691896258,-0.6931471805599453,0.447213595499958,-1.0986122886681098,0.6666666666666667,0.44444444444444453,0.0,0.0,0.0,0.0,0.0,-6.882437470997847,5.064442293149934,-11.184421397998191,5.545464675372601,5.5606816310155285,5.961992417841509,-0.23889190828234863,4.20419906878195,-0.9808292530117262,4.7918977615537015,0.0,3.347911271675728,-2.5733176071320534,3.788801119206624,2.9412345565448157,34.0,14.0,47.0,0.0,0.0
2017-05-03,meeting_date,243.752,1.4450915349972115,250.993,1.6059038319852892,112.005,1.325312104215648,112.507,1.1917396700904748,4.5,145858.0,19007.3,112.854,4.74,0.91,0.84,0.98,1.3,1.86,2.33,10.68,1.87,1.03,0.1,3.0,-0.163164654355622,16804.8,4.7,3.4,-0.2400000000000002,-0.8082603299095252,1.03,4.46835257044476,4.277867292672676,2.6189248760220103,2.125738471566876,2.059062830187022,2.2834468754542288,2.28003201922674,2.334131970846247,-0.1797474295552401,-0.2261327073273236,-16995.716375123975,-17303.58986152843,-0.1641371698129772,-0.1733531245457711,4.5,4.2,2.2,2.0,2.1,2.3,2017Q2,0.1722846441947565,0.0642455650864332,0.0,0.0,0.0,0.0,2.6,1.98,-0.507,-2.8,0.6000000000000001,0.1578,0.0,0.0119873135402442,-0.0119873135402442,19043.9834,19075.5635,31.5801,19240.4335,19292.3827,51.9492,19443.4262,19515.89,72.4638,19644.4244,19744.12,99.6956,19859.1582,19988.6267,129.4686,4.6882,4.7947,0.1065,4.5985,4.7,0.1015,4.5,4.7,0.2,4.4,4.6018,0.2018,4.3089,4.6,0.2911,2.3168,2.82,0.5032,1.9921,2.5757,0.5836,2.1815,2.6151,0.4336,2.115,2.795,0.68,2.138,2.7099,0.5719,1.8,2.11,0.31,1.8,2.1,0.3,1.9,2.14,0.24,1.9,2.3798,0.4798,1.8674,2.3,0.4326,3.9419,4.6331,0.6912,4.1554,4.8521,0.6968,4.2397,4.9657,0.726,4.1996,5.1017,0.9021,4.1614,5.1834,1.022,2.0176,2.6239,0.6063,1.9895,2.5904,0.601,2.0813,2.758,0.6766,2.0655,2.6143,0.5487,2.0213,2.8,0.7787,2.2182,2.7144,0.4962,2.3,2.7429,0.4429,2.3,2.7322,0.4322,2.2182,2.7331,0.5149,2.2,2.8087,0.6087,985.4506,985.6163,0.1657,986.4769,986.7466,0.2696,987.5264,987.8984,0.372,988.5549,989.0611,0.5062,989.6421,990.2919,0.6498,154.5052,156.7512,2.2461,152.5741,154.7563,2.1822,150.4077,154.7563,4.3485,148.1605,152.6448,4.4843,146.0683,152.6056,6.5374,973.4414,973.5895,0.1481,973.9655,974.2232,0.2577,974.5055,974.8461,0.3406,975.0494,975.4748,0.4254,975.6312,976.1989,0.5677,936.7722,936.9021,0.1299,937.358,937.5304,0.1724,937.9531,938.1567,0.2036,938.5463,938.8277,0.2814,939.0738,939.5416,0.4678,0.91,0.9045,0.02,1.04,0.13,1.791759469228055,0.7931042784251368,-2.6390573296152584,0.777489418525016,2.5649493574615367,0.7747802882245634,3.295836866004329,0.7414163399432258,-1.3862943611198906,0.7685557664227722,2.0794415416798357,0.6978023391872253,3.295836866004329,0.8156916141141305,0.6653528093361156,9.0,6.0,9.0,1.0,0.0,1.0986122886681098,0.7432233529572065,-1.6094379124341003,0.7867957924694432,1.0986122886681098,1.0,1.0986122886681098,1.0,0.0,1.4142135623730951,0.0,0.0,0.0,0.7483314773547883,0.56,2.0,0.0,1.0,0.0,0.0,-2.995732273553991,0.6085806194501846,-3.58351893845611,0.3073547406047282,2.5649493574615367,0.9841511363197714,-2.70805020110221,0.0,0.0,0.0,0.0,0.0,0.0,0.8918825850158447,0.7954545454545454,6.0,0.0,14.0,0.0,0.0,-4.718498871295094,2.0513858660317164,-1.0986122886681098,0.5773502691896258,-1.9459101490553132,0.7859052479933758,-0.4054651081081645,1.0327955589886446,-7.421775793644647,4.453209898176265,0.5596157879354227,1.5734484241470827,-8.451395210825805,0.7294184448340152,0.5463699122701614,9.0,2.0,20.0,0.0,0.0,-1.3862943611198906,0.5345224838248487,-0.6931471805599453,0.44721359549995804,-0.6931471805599453,0.5773502691896258,0.0,0.0,-0.6931471805599453,0.5773502691896258,-0.6931471805599453,0.447213595499958,-1.3862943611198906,0.5,0.25,0.0,0.0,0.0,0.0,0.0,-4.3130337631869295,3.3790126282817017,-4.430816798843313,1.8020532832146,-0.07410797215372189,2.138035805407565,2.8903717578961645,1.7742118989318705,-9.501217335324483,5.799115933788663,1.945910149055313,2.7184643588342663,-6.541852705941366,2.0451100589481457,1.461722721606277,18.0,8.0,29.0,1.0,0.0
2017-06-14,meeting_date,243.846,1.242067694565585,251.329,1.5926334638969308,112.24,1.4222977246850954,112.702,1.2842288785239964,4.3,146135.0,19027.6,112.846,4.74,1.04,0.99,1.1,1.35,1.74,2.15,10.64,1.71,0.8,0.15,3.0,-0.1215835275493633,16804.8,4.7,3.4,-0.4400000000000004,-0.7157711214760036,0.7999999999999998,4.314994276650848,4.148040610732357,2.6189248760220103,2.372604869342094,1.973250369624501,2.290671607729541,2.250555108233913,2.3013584926057145,-0.3331057233491528,-0.3559593892676425,-16995.716375123975,-17303.342995130657,-0.2499496303754989,-0.1661283922704584,4.3,4.1,2.7,2.1,2.0,2.3,2017Q2,0.2646048109965635,0.1029893447445514,1.0,0.0,1.0,1.0,2.6,1.83,-0.558,-2.8,0.6000000000000001,0.0861999999999998,0.01875,0.026197604073839,-0.007447604073839,19043.9834,19075.5635,31.5801,19240.4335,19292.3827,51.9492,19443.4262,19515.89,72.4638,19644.4244,19744.12,99.6956,19859.1582,19988.6267,129.4686,4.6882,4.7947,0.1065,4.5985,4.7,0.1015,4.5,4.7,0.2,4.4,4.6018,0.2018,4.3089,4.6,0.2911,2.3168,2.82,0.5032,1.9921,2.5757,0.5836,2.1815,2.6151,0.4336,2.115,2.795,0.68,2.138,2.7099,0.5719,1.8,2.11,0.31,1.8,2.1,0.3,1.9,2.14,0.24,1.9,2.3798,0.4798,1.8674,2.3,0.4326,3.9419,4.6331,0.6912,4.1554,4.8521,0.6968,4.2397,4.9657,0.726,4.1996,5.1017,0.9021,4.1614,5.1834,1.022,2.0176,2.6239,0.6063,1.9895,2.5904,0.601,2.0813,2.758,0.6766,2.0655,2.6143,0.5487,2.0213,2.8,0.7787,2.2182,2.7144,0.4962,2.3,2.7429,0.4429,2.3,2.7322,0.4322,2.2182,2.7331,0.5149,2.2,2.8087,0.6087,985.4506,985.6163,0.1657,986.4769,986.7466,0.2696,987.5264,987.8984,0.372,988.5549,989.0611,0.5062,989.6421,990.2919,0.6498,154.5052,156.7512,2.2461,152.5741,154.7563,2.1822,150.4077,154.7563,4.3485,148.1605,152.6448,4.4843,146.0683,152.6056,6.5374,973.4414,973.5895,0.1481,973.9655,974.2232,0.2577,974.5055,974.8461,0.3406,975.0494,975.4748,0.4254,975.6312,976.1989,0.5677,936.7722,936.9021,0.1299,937.358,937.5304,0.1724,937.9531,938.1567,0.2036,938.5463,938.8277,0.2814,939.0738,939.5416,0.4678,1.04,1.0353,0.16,1.15,0.10999999999999988,2.1972245773362196,0.8501700510170059,-2.995732273553991,0.8187601637400568,2.1972245773362196,0.8328608647145149,2.8903717578961645,0.706306433696128,1.6094379124341003,0.8065338092761842,0.6931471805599453,0.7037315505489968,2.3978952727983707,0.8209346193754405,0.6739336492890995,5.0,4.0,9.0,0.0,0.0,-1.6094379124341003,0.803431792688493,0.0,1.0,1.791759469228055,0.408248290463863,0.6931471805599453,0.9574271077563381,-0.6931471805599453,0.0,-0.6931471805599453,0.9574271077563381,-1.6094379124341003,0.820375446375544,0.6730158730158731,2.0,0.0,1.0,1.0,0.0,1.3862943611198906,0.7276068751089989,1.0986122886681098,0.5163977794943223,3.091042453358316,0.8099984944279894,0.0,0.0,-2.302585092994046,0.0,0.0,0.0,2.6390573296152584,0.9149636440566123,0.8371584699453553,0.0,2.0,0.0,0.0,0.0,0.916290731874155,2.2874875152220326,-2.1972245773362196,1.6515375258348277,0.0,3.053809994659609,0.6061358035703157,2.1031899268707575,-2.3671236141316165,2.032124299184404,1.3217558399823197,3.0028403554660135,-1.5198257537444133,0.7281375381831551,0.5518305562907649,5.0,7.0,15.0,0.0,0.0,0.0,0.8660254037844386,0.0,0.7071067811865476,0.0,1.0,0.0,0.0,0.0,0.0,0.0,0.7071067811865476,0.0,0.816496580927726,0.6666666666666666,0.0,0.0,0.0,0.0,0.0,2.890371757896165,5.53472163782097,-4.0943445622221,4.693802250255755,7.080026499922591,6.104917644265976,4.189654742026425,3.7669234683232236,-3.7534179752515073,2.838658108460588,1.3217558399823197,5.371105794957896,1.9076889362351155,4.100907828918478,3.4026052152077595,12.0,13.0,25.0,1.0,0.0
2017-07-26,meeting_date,243.79,1.2184345013297238,251.627,1.5833350154417447,112.127,1.2662000451569178,112.731,1.1575631948744114,4.4,146404.0,19027.1,112.768,4.74,1.15,1.11,1.12,1.36,1.83,2.29,9.6,1.8,0.93,0.17,3.0,-0.1460865035870506,16842.4,4.7,3.1,-0.3399999999999998,-0.8424368051255886,0.93,4.264819535545115,3.968720516856032,2.6189248760220103,1.950618960855804,1.970276183523584,2.334450915147736,2.287739573518044,2.2968843647745456,-0.1828804644548851,-0.347979483143968,-17078.872475123975,-17396.849081039145,-0.2442238164764167,0.0804509151477361,4.2,4.0,2.7,2.0,2.3,2.4,2017Q3,0.1111111111111111,0.0377044793286825,0.0,0.0,0.0,0.0,2.6,1.94,-0.577,-3.9,0.6000000000000001,0.0186000000000001,0.0,0.0109777885534606,-0.0109777885534606,19213.0164,19250.3587,37.3423,19420.799,19481.3366,60.5377,19626.0341,19713.3052,87.2711,19843.2702,19939.4426,96.1724,20044.2,20215.0,170.8,4.4072,4.6,0.1928,4.4,4.5,0.1,4.3,4.5,0.2,4.2,4.5,0.3,4.12,4.4941,0.3741,0.9448,2.3,1.3552,1.9,2.5,0.6,2.0,2.7685,0.7685,2.1,2.7233,0.6233,2.0,2.5,0.5,0.8607,2.0312,1.1705,1.6,2.1,0.5,1.7,2.2219,0.5219,1.6,2.3,0.7,1.7405,2.3,0.5595,4.4,5.214,0.814,4.4208,4.9,0.4792,4.1,4.9646,0.8646,4.2629,4.9654,0.7025,4.3512,5.3826,1.0314,2.8913,3.3258,0.4345,2.296,2.8506,0.5546,2.1472,2.7522,0.605,2.1758,2.6894,0.5136,2.1,3.1,1.0,2.5,3.0772,0.5772,2.2,2.8295,0.6295,2.2,2.646,0.446,2.0,2.7,0.7,2.0,2.9837,0.9837,986.3343,986.5285,0.1942,987.41,987.7212,0.3112,988.4612,988.9049,0.4437,989.562,990.0455,0.4835,990.5695,991.418,0.8485,148.323,152.6056,4.2826,148.1605,150.4077,2.2473,145.8615,150.4077,4.5462,143.5085,150.4077,6.8993,141.5853,150.2774,8.692,973.8781,973.9834,0.1053,974.4487,974.7069,0.2582,974.9521,975.3211,0.369,975.486,975.9949,0.5088,976.0723,976.6652,0.5929,937.1764,937.3168,0.1404,937.7691,937.9884,0.2193,938.3132,938.6421,0.3289,938.8147,939.2718,0.4571,939.3707,939.962,0.5913,1.15,1.15,-0.16,1.15,0.0,-1.0986122886681098,0.7044232543095956,-2.8903717578961645,0.7851852247107508,1.9459101490553132,0.7997747430618447,2.302585092994046,0.8265749715049509,-1.9459101490553132,0.8061633806979014,-0.6931471805599453,0.7378647873726218,-2.302585092994046,0.8281828362894355,0.6858868103244138,8.0,2.0,17.0,0.0,0.0,-1.6094379124341003,0.803431792688493,0.0,1.0,1.791759469228055,0.408248290463863,0.6931471805599453,0.9574271077563381,-0.6931471805599453,0.0,-0.6931471805599453,0.9574271077563381,-1.6094379124341003,0.820375446375544,0.6730158730158731,2.0,0.0,1.0,1.0,0.0,1.3862943611198906,0.7276068751089989,1.0986122886681098,0.5163977794943223,3.091042453358316,0.8099984944279894,0.0,0.0,-2.302585092994046,0.0,0.0,0.0,2.6390573296152584,0.9149636440566123,0.8371584699453553,0.0,2.0,0.0,0.0,0.0,-1.6094379124341003,3.080520638151803,-0.4054651081081645,0.0,-1.0986122886681098,1.0,-0.6931471805599453,0.0,-4.762173934797756,2.1923046869122738,1.0986122886681098,0.0,-5.5731041510140855,0.7556994655172647,0.587727633629273,3.0,0.0,29.0,0.0,0.0,-1.0986122886681098,0.7071067811865476,-0.6931471805599453,0.44721359549995804,-0.6931471805599453,0.5773502691896258,0.0,0.0,0.0,0.0,0.0,0.7071067811865476,-1.0986122886681098,0.6666666666666667,0.44444444444444453,0.0,0.0,0.0,0.0,0.0,-3.8066624897703196,4.492050673647946,-3.9889840465642745,1.2323988202107088,0.15415067982725805,2.3771250122514704,1.6094379124341005,0.8265749715049509,-6.70808408385307,2.998468067610175,0.4054651081081645,1.4449715685591693,-8.974301532676241,2.250548968473367,1.7180588883981314,11.0,2.0,46.0,0.0,0.0
2017-09-20,meeting_date,245.03,0.7530932839846294,252.54,1.5660818995680614,112.384,1.0329482626870945,113.076,1.0816512613305074,4.4,146730.0,19246.7,113.016,4.74,1.15,1.02,1.18,1.45,1.89,2.28,9.78,1.85,0.83,0.18,2.8,-0.2548439284762434,16842.4,4.7,3.1,-0.3399999999999998,-0.9183487386694926,0.8299999999999998,4.179016631074978,3.841583933980244,2.6189248760220103,2.273135202568639,2.01641108391879,2.2668011187386696,2.269813680243765,2.315173355206581,-0.2686833689250223,-0.4751160660197557,-17078.872475123975,-17396.52656479743,-0.1980889160812102,0.0128011187386696,4.2,3.8,3.6,2.2,2.4,2.3,2017Q3,0.2544169611307421,0.0865559627038878,0.0,0.0,0.0,0.0,2.7,1.99,-0.559,-3.9,0.7000000000000002,-0.0086000000000001,0.0,0.0013967601013796,-0.0013967601013796,19213.0164,19250.3587,37.3423,19420.799,19481.3366,60.5377,19626.0341,19713.3052,87.2711,19843.2702,19939.4426,96.1724,20044.2,20215.0,170.8,4.4072,4.6,0.1928,4.4,4.5,0.1,4.3,4.5,0.2,4.2,4.5,0.3,4.12,4.4941,0.3741,0.9448,2.3,1.3552,1.9,2.5,0.6,2.0,2.7685,0.7685,2.1,2.7233,0.6233,2.0,2.5,0.5,0.8607,2.0312,1.1705,1.6,2.1,0.5,1.7,2.2219,0.5219,1.6,2.3,0.7,1.7405,2.3,0.5595,4.4,5.214,0.814,4.4208,4.9,0.4792,4.1,4.9646,0.8646,4.2629,4.9654,0.7025,4.3512,5.3826,1.0314,2.8913,3.3258,0.4345,2.296,2.8506,0.5546,2.1472,2.7522,0.605,2.1758,2.6894,0.5136,2.1,3.1,1.0,2.5,3.0772,0.5772,2.2,2.8295,0.6295,2.2,2.646,0.446,2.0,2.7,0.7,2.0,2.9837,0.9837,986.3343,986.5285,0.1942,987.41,987.7212,0.3112,988.4612,988.9049,0.4437,989.562,990.0455,0.4835,990.5695,991.418,0.8485,148.323,152.6056,4.2826,148.1605,150.4077,2.2473,145.8615,150.4077,4.5462,143.5085,150.4077,6.8993,141.5853,150.2774,8.692,973.8781,973.9834,0.1053,974.4487,974.7069,0.2582,974.9521,975.3211,0.369,975.486,975.9949,0.5088,976.0723,976.6652,0.5929,937.1764,937.3168,0.1404,937.7691,937.9884,0.2193,938.3132,938.6421,0.3289,938.8147,939.2718,0.4571,939.3707,939.962,0.5913,1.15,1.165,0.18,1.16,0.010000000000000009,-1.3862943611198906,0.8751417118804337,-2.9444389791664403,0.7828039057690106,2.70805020110221,0.7940326220490244,2.1972245773362196,0.8198264356651257,2.0794415416798357,0.8177327611676498,0.0,0.6793662204867574,1.3862943611198906,0.8286858742614063,0.6867202782003913,4.0,6.0,13.0,0.0,0.0,1.3862943611198906,0.8574929257125442,-1.6094379124341003,0.8432740427115678,0.6931471805599453,0.9574271077563381,0.6931471805599453,0.8366600265340756,-0.6931471805599453,0.0,-0.6931471805599453,0.5773502691896258,-0.6931471805599453,0.8502873077655143,0.7229885057471265,2.0,0.0,1.0,1.0,0.0,1.0986122886681098,0.30079260375911915,1.0986122886681098,0.30079260375911915,0.0,0.0,0.0,0.0,-1.6094379124341003,0.4577377082170635,0.0,0.0,-1.0986122886681098,0.410187723187772,0.16825396825396827,0.0,2.0,4.0,0.0,0.0,-1.9095425048844388,2.8019012279097826,-2.1972245773362196,1.4372304581659385,-2.079441541679836,0.6793662204867574,-2.19722457733622,2.222256405869408,-0.810930216216329,3.152400774711996,-0.916290731874155,1.4118732295859058,-5.159055299214529,0.8422560162443686,0.7245969658108905,15.0,6.0,19.0,0.0,0.0,-0.6931471805599453,0.6900655593423543,-0.6931471805599453,0.44721359549995804,-0.6931471805599453,0.5773502691896258,0.0,0.0,0.0,0.0,-0.6931471805599453,0.5,-0.6931471805599453,0.6408699444616557,0.4107142857142857,0.0,0.0,0.0,1.0,0.0,-1.5040773967762742,5.525394028604234,-6.345636360828595,3.811314605905594,0.628608659422374,3.008176219481746,0.693147180559945,3.8787428680686094,-1.034073767530539,4.42787124409671,-2.3025850929940455,3.168589719262289,-6.257667587882639,3.572286865920717,2.7132740037266623,21.0,14.0,37.0,2.0,0.0
2017-11-01,meeting_date,246.373,0.2568136119472042,252.86,1.361318667222533,113.051,1.3573970969274818,113.352,1.167398522009222,4.2,146659.0,19495.476,113.63,4.74,1.16,1.16,1.28,1.61,2.01,2.37,10.2,1.88,0.76,0.3,2.8,-0.1284815337461626,17010.7,4.4,-0.3,-0.54,-0.832601477990778,0.76,4.130050941970383,3.703782218493026,2.6189248760220103,2.214735749489896,1.9757299344200565,2.13561217515855,2.2688420596348573,2.3050885516822333,-0.1184490580296167,-0.4601177815069746,-17223.921675123976,-17534.47506425051,-0.3258700655799436,-0.1018878248414498,4.1,3.7,2.5,2.2,1.8,2.1,2017Q4,0.1890909090909091,0.0422825486117983,0.0,0.0,0.0,0.0,2.5,2.05,-0.595,-8.5,0.5,0.1892,-0.00259,0.0120985524600196,-0.0146885524600196,19401.3,19453.7196,52.4196,19607.3504,19679.834,72.4836,19794.7006,19899.8903,105.1897,19998.8616,20127.0177,128.1561,20218.6027,20360.8206,142.2179,4.2998,4.31,0.0102,4.2,4.3,0.1,4.1,4.3,0.2,4.0,4.3,0.3,4.0,4.3329,0.3329,1.3,1.916,0.616,2.0,2.66,0.66,2.0,2.6,0.6,1.9042,2.3,0.3958,1.9492,2.4,0.4508,1.0,1.9,0.9,1.7,2.2643,0.5643,1.6005,2.2,0.5995,1.5467,2.1,0.5533,1.66,2.1,0.44,3.6822,4.8073,1.1251,3.9702,4.8,0.8298,3.7859,4.6918,0.9059,4.0134,5.0363,1.0229,3.9439,4.9,0.9561,2.3716,2.9289,0.5573,2.0454,2.6,0.5546,1.9425,2.6296,0.6871,2.0011,2.8029,0.8018,2.0,2.6803,0.6803,2.101,2.6858,0.5849,2.0,2.6193,0.6193,2.032,2.7051,0.6731,2.0513,2.9203,0.869,2.069,2.9766,0.9077,987.3095,987.5794,0.2698,988.366,988.735,0.369,989.317,989.8469,0.53,990.3431,990.9818,0.6388,991.4358,992.1368,0.7009,145.8579,146.0938,0.2359,143.5085,145.8615,2.353,141.0987,145.8615,4.7628,138.6294,145.8615,7.2321,138.6294,146.6238,7.9943,974.7458,974.8815,0.1357,975.282,975.519,0.237,975.8098,976.1573,0.3475,976.3232,976.801,0.4778,976.9036,977.4836,0.58,938.4411,938.584,0.1428,938.9631,939.2291,0.266,939.4724,939.8134,0.341,940.0553,940.4759,0.4206,940.6169,941.1884,0.5715,1.16,1.1574,0.23,1.3,0.14000000000000012,1.6094379124341003,0.820375446375544,-2.833213344056216,0.7901388607312956,2.995732273553991,0.7392277101362051,3.044522437723423,0.7960943623504904,1.9459101490553132,0.8959316953281664,-0.6931471805599453,0.5676462121975467,3.258096538021482,0.836023517601641,0.6989353219830213,3.0,7.0,13.0,0.0,0.0,1.3862943611198906,0.8574929257125442,-1.6094379124341003,0.8432740427115678,0.6931471805599453,0.9574271077563381,0.6931471805599453,0.8366600265340756,-0.6931471805599453,0.0,-0.6931471805599453,0.5773502691896258,-0.6931471805599453,0.8502873077655143,0.7229885057471265,2.0,0.0,1.0,1.0,0.0,1.0986122886681098,0.30079260375911915,1.0986122886681098,0.30079260375911915,0.0,0.0,0.0,0.0,-1.6094379124341003,0.4577377082170635,0.0,0.0,-1.0986122886681098,0.410187723187772,0.16825396825396827,0.0,2.0,4.0,0.0,0.0,-3.843030133941194,4.163897962405312,-5.703782474656201,2.800240000798813,0.06062462181643502,3.3384667500713268,0.7537718023763804,4.000290261172849,-11.84939770159144,4.262358505330797,-1.3862943611198906,3.537594863515414,-12.235654291599888,0.7406776688186796,0.5682103762982937,35.0,20.0,51.0,1.0,0.0,-0.6931471805599453,0.6900655593423543,-0.6931471805599453,0.44721359549995804,-0.6931471805599453,0.5773502691896258,0.0,0.0,0.0,0.0,-0.6931471805599453,0.5,-0.6931471805599453,0.6408699444616557,0.4107142857142857,0.0,0.0,0.0,0.0,0.0,-2.9267394020670388,5.674338968123211,-9.230142999272362,4.037592457030067,2.3632097148104805,4.655044729397158,3.7982942400998034,4.796384623523339,-9.903487552536127,5.158290200658963,-2.772588722239781,4.605241075712961,-9.670704934138351,2.2175711308819763,1.6778599839956008,38.0,27.0,64.0,1.0,0.0
2017-12-13,meeting_date,247.592,0.0,253.724,1.4843228152136012,113.245,1.3468766780025063,113.62,1.2583772993012945,4.1,147241.0,19508.986,113.624,4.74,1.3,1.28,1.44,1.79,2.12,2.36,10.18,1.88,0.57,0.38,2.8,-0.1931233019445555,17010.7,4.4,-0.3,-0.6400000000000006,-0.7416227006987057,0.5699999999999998,4.051606219016318,3.5947482525957097,2.6189248760220103,2.3240973510732306,1.9460489526643363,2.038590594922748,2.204910958909504,2.2968047232295365,-0.1968937809836823,-0.5691517474042902,-17223.921675123976,-17534.365702648927,-0.3555510473356638,-0.1989094050772517,4.0,3.6,2.7,2.2,1.9,2.0,2017Q4,0.1821705426356589,0.0742704130829673,2.0,0.0,2.0,1.0,2.7,2.02,-0.606,-8.5,0.7000000000000002,0.0607999999999999,0.0,0.01411643097404,-0.01411643097404,19401.3,19453.7196,52.4196,19607.3504,19679.834,72.4836,19794.7006,19899.8903,105.1897,19998.8616,20127.0177,128.1561,20218.6027,20360.8206,142.2179,4.2998,4.31,0.0102,4.2,4.3,0.1,4.1,4.3,0.2,4.0,4.3,0.3,4.0,4.3329,0.3329,1.3,1.916,0.616,2.0,2.66,0.66,2.0,2.6,0.6,1.9042,2.3,0.3958,1.9492,2.4,0.4508,1.0,1.9,0.9,1.7,2.2643,0.5643,1.6005,2.2,0.5995,1.5467,2.1,0.5533,1.66,2.1,0.44,3.6822,4.8073,1.1251,3.9702,4.8,0.8298,3.7859,4.6918,0.9059,4.0134,5.0363,1.0229,3.9439,4.9,0.9561,2.3716,2.9289,0.5573,2.0454,2.6,0.5546,1.9425,2.6296,0.6871,2.0011,2.8029,0.8018,2.0,2.6803,0.6803,2.101,2.6858,0.5849,2.0,2.6193,0.6193,2.032,2.7051,0.6731,2.0513,2.9203,0.869,2.069,2.9766,0.9077,987.3095,987.5794,0.2698,988.366,988.735,0.369,989.317,989.8469,0.53,990.3431,990.9818,0.6388,991.4358,992.1368,0.7009,145.8579,146.0938,0.2359,143.5085,145.8615,2.353,141.0987,145.8615,4.7628,138.6294,145.8615,7.2321,138.6294,146.6238,7.9943,974.7458,974.8815,0.1357,975.282,975.519,0.237,975.8098,976.1573,0.3475,976.3232,976.801,0.4778,976.9036,977.4836,0.58,938.4411,938.584,0.1428,938.9631,939.2291,0.266,939.4724,939.8134,0.341,940.0553,940.4759,0.4206,940.6169,941.1884,0.5715,1.3,1.2914,0.2,1.41,0.10999999999999988,0.6931471805599453,0.89746506805953,-2.833213344056216,0.7796102922564631,2.6390573296152584,0.7702449681266148,3.4965075614664802,0.6551320439327241,1.0986122886681098,0.7978250577006437,0.6931471805599453,0.6009252125773316,3.295836866004329,0.8220664112398929,0.6757931844888366,5.0,6.0,9.0,0.0,0.0,1.791759469228055,0.7449463436684921,-1.3862943611198906,0.7862453931068965,1.0986122886681098,0.5773502691896257,1.0986122886681098,0.5773502691896258,0.0,0.0,0.0,1.0,1.3862943611198906,0.8326663997864531,0.6933333333333334,3.0,0.0,1.0,1.0,0.0,-3.4011973816621555,0.6803189796363367,3.258096538021482,0.0,1.6094379124341003,0.0,-3.5553480614894135,0.0,2.995732273553991,0.8971499589146108,0.0,0.0,2.70805020110221,0.9817592233499478,0.9638511726326926,0.0,11.0,23.0,0.0,0.0,-0.6931471805599453,1.4142135623730951,0.0,0.0,1.791759469228055,1.5210007290931806,0.6931471805599453,0.0,-4.969813299576001,1.743756093787462,-1.3862943611198906,0.5477225575051662,-4.4744918623459755,0.7171350549290058,0.5332128740824393,0.0,1.0,12.0,0.0,0.0,0.0,0.816496580927726,-0.6931471805599453,0.7527726527090811,0.6931471805599453,0.9574271077563381,0.6931471805599453,0.0,0.0,0.0,-0.6931471805599453,0.5,-0.6931471805599453,0.7817359599705717,0.6111111111111112,0.0,0.0,0.0,0.0,0.0,-1.6094379124341005,4.55344053466518,-1.6545583477145698,2.3186283380724406,7.832014180505468,3.826023074165759,2.4260661497650675,1.23248231312235,-0.8754687373539003,3.4387311104027165,-1.3862943611198906,2.6486477700824977,2.222542385320509,4.135363049275871,3.477301675648413,8.0,18.0,45.0,1.0,0.0
2018-01-31,meeting_date,247.963,0.0,254.426,1.4526502992627144,113.64,1.2725911667201384,113.918,1.2379471228615824,4.1,147380.0,19738.887,114.279,4.73,1.41,1.44,1.63,2.14,2.52,2.72,13.54,2.11,0.58,0.54,2.8,-0.3977357745773336,17156.9,4.3,2.0,-0.6300000000000008,-0.7620528771384176,0.5800000000000001,3.869332143269524,3.337417267497043,2.6189248760220103,2.5072523559914366,2.0112184330882386,2.19827619269032,2.4572811066758824,2.354747433251512,-0.259367856730476,-0.7198827325029566,-17368.610375123975,-17681.51444764401,-0.1461815669117614,-0.0165238073096802,3.8,3.3,3.2,2.7,2.0,2.2,2018Q1,0.2222222222222222,0.1051532737904059,0.0,0.0,0.0,0.0,2.7,2.24,-0.607,-10.0,0.7000000000000002,0.2073,-0.005,-0.0011645577329318,-0.0038354422670681,19682.8628,19725.0,42.1372,19887.6,19947.8723,60.2723,20093.4,20183.0549,89.6549,20298.7991,20425.8799,127.0808,20504.5875,20642.5661,137.9786,4.1,4.2,0.1,4.0151,4.2,0.1849,3.9568,4.2,0.2432,3.9,4.2,0.3,3.8904,4.1966,0.3062,1.9889,2.995,1.0061,1.8,2.355,0.555,1.7632,2.2142,0.4509,1.9022,2.3138,0.4116,1.9,2.4862,0.5862,1.6972,2.4181,0.7209,1.4564,2.0,0.5436,1.602,1.975,0.373,1.7237,2.0251,0.3014,1.8,2.1,0.3,3.9,4.7926,0.8926,4.0373,4.7,0.6627,4.072,4.8,0.728,4.1,4.5902,0.4902,3.9329,4.6943,0.7613,2.4118,2.8121,0.4003,2.0434,2.7217,0.6783,2.2,2.682,0.482,2.0344,2.5936,0.5591,1.9704,2.5725,0.6021,2.459,2.9039,0.4449,2.0,2.5822,0.5822,2.2,2.6273,0.4273,2.1175,2.5868,0.4693,2.0,2.5242,0.5242,988.7504,988.9642,0.2139,989.7852,990.0878,0.3026,990.8147,991.2599,0.4452,991.8317,992.4558,0.6241,992.8404,993.5111,0.6707,141.0987,143.5085,2.4098,139.0058,143.5085,4.5027,137.5431,143.5085,5.9654,136.0977,143.5085,7.4108,135.8511,143.4274,7.5763,975.6114,975.7089,0.0975,976.1467,976.3453,0.1985,976.685,977.0113,0.3263,977.2411,977.603,0.3619,977.7592,978.2214,0.4622,939.2222,939.3306,0.1083,939.7273,939.9356,0.2083,940.3446,940.584,0.2394,940.8397,941.2187,0.379,941.3837,941.8544,0.4707,1.41,1.42,-0.23,1.51,0.10000000000000009,1.791759469228055,0.6582070910784908,-2.1972245773362196,0.6759263694193747,2.6390573296152584,0.7411343853763324,3.6888794541139363,0.5756606247435958,1.6094379124341003,0.8463522060806532,2.1972245773362196,0.5135525910130955,3.871201010907891,0.7553737195626379,0.5705894562058946,13.0,5.0,7.0,0.0,0.0,1.791759469228055,0.7449463436684921,-1.3862943611198906,0.7862453931068965,1.0986122886681098,0.5773502691896257,1.0986122886681098,0.5773502691896258,0.0,0.0,0.0,1.0,1.3862943611198906,0.8326663997864531,0.6933333333333334,3.0,0.0,1.0,1.0,0.0,-3.4011973816621555,0.6803189796363367,3.258096538021482,0.0,1.6094379124341003,0.0,-3.5553480614894135,0.0,2.995732273553991,0.8971499589146108,0.0,0.0,2.70805020110221,0.9817592233499478,0.9638511726326926,0.0,11.0,23.0,0.0,0.0,-1.0986122886681098,0.816496580927726,0.0,0.0,0.0,0.0,-0.6931471805599453,0.0,-1.6094379124341003,0.8090398349558905,0.6931471805599453,0.0,-1.3862943611198906,0.8017837257372732,0.6428571428571429,1.0,0.0,2.0,0.0,0.0,-1.0986122886681098,0.5163977794943223,-0.6931471805599453,0.44721359549995804,-0.6931471805599453,0.5773502691896258,0.0,0.0,0.0,0.0,-0.6931471805599453,0.5,-1.0986122886681098,0.4879500364742666,0.2380952380952381,0.0,0.0,0.0,0.0,0.0,-0.4054651081081646,1.9911014515005392,-2.890371757896165,1.1231399649193328,1.945910149055313,1.318484654565958,2.995732273553991,0.5756606247435958,0.0,1.6553920410365437,2.1972245773362196,1.0135525910130956,1.3862943611198906,2.0451074817741777,1.4515418371582758,14.0,5.0,9.0,0.0,0.0
2018-03-21,meeting_date,249.619,2.268204515893424,255.751,1.9318145585562665,114.064,1.7946864430224974,114.23,1.5052960830312043,4.1,148177.0,19736.491,114.271,4.73,1.51,1.71,1.9,2.31,2.69,2.89,17.86,2.09,0.58,0.73,2.9,-0.1023595422388603,17156.9,4.3,2.0,-0.6300000000000008,-0.4947039169687954,0.5800000000000001,3.93515207440601,3.37653138224807,2.6189248760220103,2.60868401794466,1.972848239256527,2.119865073225257,2.523720255459877,2.3639985584689174,-0.1935479255939896,-0.6807686177519296,-17368.610375123975,-17681.413015982056,-0.184551760743473,-0.094934926774743,3.9,3.3,3.1,2.9,1.6,2.1,2018Q1,0.0967741935483871,0.0611782125465926,0.0,0.0,0.0,0.0,2.8,2.22,-0.507,-10.0,0.7999999999999998,0.0729999999999999,0.0,0.0297190667294573,-0.0297190667294573,19682.8628,19725.0,42.1372,19887.6,19947.8723,60.2723,20093.4,20183.0549,89.6549,20298.7991,20425.8799,127.0808,20504.5875,20642.5661,137.9786,4.1,4.2,0.1,4.0151,4.2,0.1849,3.9568,4.2,0.2432,3.9,4.2,0.3,3.8904,4.1966,0.3062,1.9889,2.995,1.0061,1.8,2.355,0.555,1.7632,2.2142,0.4509,1.9022,2.3138,0.4116,1.9,2.4862,0.5862,1.6972,2.4181,0.7209,1.4564,2.0,0.5436,1.602,1.975,0.373,1.7237,2.0251,0.3014,1.8,2.1,0.3,3.9,4.7926,0.8926,4.0373,4.7,0.6627,4.072,4.8,0.728,4.1,4.5902,0.4902,3.9329,4.6943,0.7613,2.4118,2.8121,0.4003,2.0434,2.7217,0.6783,2.2,2.682,0.482,2.0344,2.5936,0.5591,1.9704,2.5725,0.6021,2.459,2.9039,0.4449,2.0,2.5822,0.5822,2.2,2.6273,0.4273,2.1175,2.5868,0.4693,2.0,2.5242,0.5242,988.7504,988.9642,0.2139,989.7852,990.0878,0.3026,990.8147,991.2599,0.4452,991.8317,992.4558,0.6241,992.8404,993.5111,0.6707,141.0987,143.5085,2.4098,139.0058,143.5085,4.5027,137.5431,143.5085,5.9654,136.0977,143.5085,7.4108,135.8511,143.4274,7.5763,975.6114,975.7089,0.0975,976.1467,976.3453,0.1985,976.685,977.0113,0.3263,977.2411,977.603,0.3619,977.7592,978.2214,0.4622,939.2222,939.3306,0.1083,939.7273,939.9356,0.2083,940.3446,940.584,0.2394,940.8397,941.2187,0.379,941.3837,941.8544,0.4707,1.51,1.4867,0.1,1.7,0.18999999999999995,2.4849066497880004,0.816496580927726,-1.3862943611198906,0.8794486634766248,2.5649493574615367,0.7833494518006403,2.70805020110221,0.8941146181471066,-3.332204510175204,0.7203248742951349,1.791759469228055,0.6859943405700354,0.6931471805599453,0.8791722878102955,0.7729439116535891,5.0,8.0,8.0,0.0,0.0,0.6931471805599453,0.8755950357709131,0.0,1.4142135623730951,0.0,0.0,0.0,1.4142135623730951,0.0,0.0,0.0,1.4142135623730951,1.3862943611198906,0.8660254037844386,0.75,0.0,0.0,2.0,0.0,0.0,2.70805020110221,0.3415650255319866,0.0,0.0,0.0,0.0,0.0,0.0,-3.912023005428146,0.0,3.091042453358316,0.5057805388588732,-2.70805020110221,0.8570374987923709,0.7345132743362832,5.0,0.0,2.0,0.0,0.0,1.0986122886681098,3.365403293584437,-3.1780538303479453,1.968376446393953,1.791759469228055,2.213165831426509,3.1780538303479453,1.8329285951062104,0.6931471805599453,2.0550371757577715,2.3025850929940455,2.39740564262327,3.6888794541139367,0.9218714188775324,0.8520504792826221,4.0,4.0,6.0,1.0,0.0,0.0,0.816496580927726,0.6931471805599453,0.7527726527090811,0.6931471805599453,0.9574271077563381,0.6931471805599453,0.0,0.0,0.0,0.0,0.7071067811865476,1.0986122886681098,0.7888106377466155,0.6222222222222222,0.0,0.0,0.0,0.0,0.0,6.984716320118266,6.215556516742788,-3.8712010109078907,5.014811324952754,5.049856007249537,3.9539423909834874,6.579251212010101,4.141256775626412,-6.551080335043404,2.775362050052906,7.1853870155804165,5.710500865611822,4.158883083359672,4.312917247011253,3.7317298874947165,14.0,12.0,18.0,1.0,0.0
2018-05-02,meeting_date,249.462,2.1868632411002453,256.2,1.937285889922058,114.31,1.847891941979407,114.654,1.6219953201446424,4.1,148230.0,19965.326,114.837,4.62,1.7,1.81,1.98,2.49,2.8,2.97,15.97,2.17,0.48,0.71,2.9,-0.1944577588516722,17272.5,4.1,3.7,-0.5200000000000005,-0.3780046798553576,0.48,3.959096994625763,3.397507470924783,2.6189248760220103,2.619110630963348,2.0778137166739343,2.194830178261681,2.282555988601954,2.3917647429316253,0.0027969946257626,-0.4303925290752173,-17522.372475123975,-17862.871289369035,0.1815137166739342,-0.0436698217383186,3.8,3.3,3.0,2.7,2.2,2.2,2018Q2,0.1013824884792626,0.0344734991435921,0.0,0.0,0.0,0.0,2.8,2.25,-0.539,-11.3,0.7999999999999998,0.2314,-0.00267,0.0152913395977525,-0.0179613395977525,19941.2,19997.9745,56.7745,20148.9,20259.7975,110.8975,20396.3684,20516.0388,119.6704,20619.8299,20770.2654,150.4356,20851.545,21021.7836,170.2385,4.0,4.1,0.1,3.9,4.0,0.1,3.8,4.0,0.2,3.7603,3.9937,0.2333,3.6,4.0,0.4,2.2,2.9632,0.7632,1.62,2.4,0.78,1.9,2.5374,0.6374,2.0,2.5596,0.5596,2.0,2.53,0.53,1.8,2.4274,0.6274,1.47,2.17,0.7,1.67,2.1487,0.4787,1.7,2.2,0.5,1.8,2.2,0.4,4.163,5.3543,1.1913,4.156,5.3945,1.2386,4.4254,5.1551,0.7297,4.3353,5.1282,0.7929,4.3101,5.2,0.8899,2.6195,3.2497,0.6302,2.5224,3.2274,0.705,2.2439,3.0966,0.8528,2.27,2.7981,0.5281,2.2691,2.7629,0.4939,2.5,3.02,0.52,2.4098,2.9324,0.5226,2.2816,2.8,0.5184,2.2674,2.7931,0.5257,2.1583,2.7345,0.5762,990.0543,990.3386,0.2843,991.0905,991.6394,0.5489,992.3112,992.8962,0.585,993.4009,994.1278,0.7269,994.5183,995.3314,0.8131,138.6294,141.0987,2.4693,136.0977,138.6294,2.5318,133.5001,138.6294,5.1293,132.4508,138.4712,6.0204,128.0934,138.6294,10.5361,976.3335,976.4866,0.1531,976.9844,977.276,0.2915,977.5881,977.9822,0.3941,978.1109,978.6262,0.5153,978.79,979.3104,0.5204,940.1174,940.2439,0.1265,940.7152,940.9052,0.1899,941.2299,941.5615,0.3316,941.8053,942.2555,0.4502,942.3865,942.9762,0.5897,1.7,1.7053,-0.14,1.82,0.1200000000000001,1.6094379124341003,0.755015436384412,-2.3978952727983707,0.8174196977640124,2.772588722239781,0.6921662203943878,2.6390573296152584,0.7571622216529319,-2.6390573296152584,0.7690092921254537,1.6094379124341003,0.6015852075182383,1.6094379124341003,0.7917977295943095,0.6269436445907033,11.0,8.0,10.0,0.0,0.0,0.6931471805599453,0.8755950357709131,0.0,1.4142135623730951,0.0,0.0,0.0,1.4142135623730951,0.0,0.0,0.0,1.4142135623730951,1.3862943611198906,0.8660254037844386,0.75,0.0,0.0,2.0,0.0,0.0,2.70805020110221,0.3415650255319866,0.0,0.0,0.0,0.0,0.0,0.0,-3.912023005428146,0.0,3.091042453358316,0.5057805388588732,-2.70805020110221,0.8570374987923709,0.7345132743362832,5.0,0.0,2.0,0.0,0.0,-2.330755969960742,2.138552497935004,-0.6931471805599452,2.1779761781990685,-1.0986122886681098,1.3713080930148647,-2.0794415416798357,1.8708969735057863,-6.761572768804056,4.883047063355171,-0.916290731874155,1.240175056598717,-8.689464412356692,0.8544788617785659,0.7420989318627194,16.0,2.0,33.0,0.0,0.0,-1.0986122886681098,0.5163977794943223,-0.6931471805599453,0.5,-0.6931471805599453,0.5773502691896258,0.0,0.0,0.0,0.0,-0.6931471805599453,0.5,-1.0986122886681098,0.4879500364742666,0.2380952380952381,0.0,0.0,0.0,0.0,0.0,-1.8199303461947514,3.4099657138137385,-3.784189633918261,3.495395875963081,0.9808292530117262,2.6408245825988783,0.5596157879354227,2.628059195158718,-9.400630098419315,5.6520563554806245,0.0,2.3417602641169553,-8.178638788590701,2.1342266278471422,1.6071378145486608,27.0,10.0,43.0,0.0,0.0
2018-06-13,meeting_date,250.535,2.136195253081552,256.889,2.065636298621332,114.512,1.9860707860565483,114.775,1.594172110397074,3.8,148662.0,19956.811,114.828,4.62,1.82,1.9,2.04,2.59,2.85,2.98,12.94,2.12,0.39,0.76,2.9,0.0273844813876944,17272.5,4.1,3.7,-0.8200000000000003,-0.4058278896029259,0.3900000000000001,3.634536875683527,3.430750608364036,2.6189248760220103,2.455480976499824,2.387145827563363,2.199532524098666,2.207873452281739,2.397360696161387,-0.3217631243164733,-0.3971493916359638,-17522.372475123975,-17863.0349190235,0.4908458275633629,-0.0389674759013343,3.7,3.4,2.7,2.5,2.7,2.2,2018Q2,0.2180094786729858,0.146745516494772,0.0,0.0,0.0,0.0,3.0,2.15,-0.554,-11.3,1.0,-0.0066999999999999,-0.00882,-0.0068029638987908,-0.0020170361012091,19941.2,19997.9745,56.7745,20148.9,20259.7975,110.8975,20396.3684,20516.0388,119.6704,20619.8299,20770.2654,150.4356,20851.545,21021.7836,170.2385,4.0,4.1,0.1,3.9,4.0,0.1,3.8,4.0,0.2,3.7603,3.9937,0.2333,3.6,4.0,0.4,2.2,2.9632,0.7632,1.62,2.4,0.78,1.9,2.5374,0.6374,2.0,2.5596,0.5596,2.0,2.53,0.53,1.8,2.4274,0.6274,1.47,2.17,0.7,1.67,2.1487,0.4787,1.7,2.2,0.5,1.8,2.2,0.4,4.163,5.3543,1.1913,4.156,5.3945,1.2386,4.4254,5.1551,0.7297,4.3353,5.1282,0.7929,4.3101,5.2,0.8899,2.6195,3.2497,0.6302,2.5224,3.2274,0.705,2.2439,3.0966,0.8528,2.27,2.7981,0.5281,2.2691,2.7629,0.4939,2.5,3.02,0.52,2.4098,2.9324,0.5226,2.2816,2.8,0.5184,2.2674,2.7931,0.5257,2.1583,2.7345,0.5762,990.0543,990.3386,0.2843,991.0905,991.6394,0.5489,992.3112,992.8962,0.585,993.4009,994.1278,0.7269,994.5183,995.3314,0.8131,138.6294,141.0987,2.4693,136.0977,138.6294,2.5318,133.5001,138.6294,5.1293,132.4508,138.4712,6.0204,128.0934,138.6294,10.5361,976.3335,976.4866,0.1531,976.9844,977.276,0.2915,977.5881,977.9822,0.3941,978.1109,978.6262,0.5153,978.79,979.3104,0.5204,940.1174,940.2439,0.1265,940.7152,940.9052,0.1899,941.2299,941.5615,0.3316,941.8053,942.2555,0.4502,942.3865,942.9762,0.5897,1.82,1.82,0.22,1.91,0.08999999999999986,2.0794415416798357,0.8724011370019897,-1.6094379124341003,0.8101914936669333,3.044522437723423,0.6909974511367444,3.091042453358316,0.7927465071972501,-2.6390573296152584,0.7960687722779223,1.0986122886681098,0.7507571935295483,2.833213344056216,0.837077665862199,0.7006990186853073,4.0,3.0,12.0,1.0,0.0,2.1972245773362196,0.7685331969757722,-1.0986122886681098,0.9718253158075502,-0.6931471805599453,0.0,-1.0986122886681098,1.0,-0.6931471805599453,0.7071067811865476,1.0986122886681098,0.0,2.0794415416798357,0.8221248859286776,0.6758893280632411,0.0,0.0,3.0,1.0,0.0,0.0,0.0,0.0,0.0,2.833213344056216,0.4533362818715847,0.0,0.0,0.0,0.0,0.0,0.0,2.833213344056216,0.3475971786810162,0.12082379862700231,0.0,0.0,0.0,0.0,0.0,-3.9889840465642745,2.0548058010810064,-1.791759469228055,0.9195587176978519,1.3862943611198904,0.7952062255644574,0.916290731874155,1.532454485339828,-5.170483995038152,4.197060677169301,-1.0986122886681098,1.5236033621142737,-4.382026634673882,0.6952395377399896,0.4988074516059934,13.0,3.0,35.0,1.0,0.0,0.0,1.0,0.0,1.0,0.0,1.0,0.0,0.0,0.0,0.0,0.0,0.0,0.0,0.816496580927726,0.6666666666666666,0.0,0.0,0.0,0.0,0.0,0.2876820724517808,4.695740135058768,-4.499809670330265,3.701575527172335,6.570882962339584,2.9395399585727864,2.908720896564361,3.325200992537078,-8.502688505213357,5.700236230633771,1.0986122886681098,2.2743605556438222,3.363841595118386,3.5185358491396084,2.6628862636482107,17.0,6.0,50.0,3.0,0.0
2018-08-01,meeting_date,250.857,1.6239776239286965,257.305,1.8585962550967887,108.16,1.9252334687184904,109.923,1.699572562589058,4.0,148912.0,20402.502,110.241,4.62,1.91,1.99,2.16,2.67,2.87,3.0,13.15,2.13,0.33,0.87,2.9,-0.0948176108240843,17385.8,4.1,3.5,-0.6200000000000001,-0.3004274374109421,0.33,3.7535001702161614,3.40830366102336,2.6189248760220103,2.462419280634024,2.251599107681879,2.200800975596639,2.213834323112136,2.3739361740988927,-0.1199998297838385,-0.3490963389766404,-17646.635375123977,-17992.369480719368,-0.1228008923181209,-0.027199024403361,3.7,3.4,2.5,2.4,2.2,2.2,2018Q3,0.1318681318681318,0.0462054589233542,0.0,0.0,0.0,0.0,3.0,2.26,-0.562,-15.9,1.0,0.2299999999999999,0.0,0.0109984262022534,-0.0109984262022534,20200.688,20241.1981,40.5101,20442.3192,20485.9,43.5808,20684.6596,20749.9308,65.2712,20925.5502,21003.9841,78.4339,21151.96,21263.6818,111.7218,3.9,4.0,0.1,3.8,3.9439,0.1439,3.7,3.9058,0.2058,3.69,3.8962,0.2062,3.6,3.9,0.3,1.7,2.4,0.7,2.0,2.8,0.8,2.0,2.7314,0.7314,2.0245,2.7825,0.758,2.0,2.5327,0.5327,1.6278,2.1954,0.5676,1.8398,2.3751,0.5354,1.8,2.458,0.658,1.8122,2.3401,0.528,1.8,2.3,0.5,4.8,5.6432,0.8432,4.7959,5.5154,0.7195,4.6,5.3455,0.7455,4.5532,5.4,0.8468,4.4953,5.1835,0.6883,2.8422,3.4401,0.5979,2.632,3.1637,0.5317,2.4266,3.059,0.6324,2.2937,2.8105,0.5168,2.309,2.6637,0.3547,2.6,3.0339,0.4339,2.449,3.0551,0.6061,2.3,2.8329,0.5329,2.1073,2.5092,0.4018,2.1599,2.6795,0.5195,991.3472,991.5475,0.2003,992.5363,992.7492,0.213,993.7148,994.0298,0.3151,994.8726,995.2467,0.3741,995.9488,996.4756,0.5268,136.0977,138.6294,2.5318,133.5001,137.2174,3.7173,130.8333,136.2468,5.4136,130.5626,136.0014,5.4388,128.0934,136.0977,8.0043,977.0415,977.1865,0.1449,977.7177,977.9548,0.2371,978.3633,978.6504,0.2872,979.0049,979.3533,0.3485,979.6188,979.9651,0.3463,940.463,940.5685,0.1055,941.0923,941.3081,0.2159,941.6745,942.023,0.3485,942.2141,942.7043,0.4903,942.7603,943.2616,0.5013,1.91,1.9178,0.3,1.95,0.040000000000000036,-2.1972245773362196,0.7362368960396777,-2.1972245773362196,0.8130040650304877,2.772588722239781,0.7622867446578623,2.833213344056216,0.8483581428038152,2.4849066497880004,0.821543761929688,0.6931471805599453,0.7475450015964021,3.044522437723423,0.8189823968708609,0.6707321663843403,11.0,7.0,19.0,0.0,0.0,2.1972245773362196,0.7685331969757722,-1.0986122886681098,0.9718253158075502,-0.6931471805599453,0.0,-1.0986122886681098,1.0,-0.6931471805599453,0.7071067811865476,1.0986122886681098,0.0,2.0794415416798357,0.8221248859286776,0.6758893280632411,0.0,0.0,3.0,1.0,0.0,0.0,0.0,0.0,0.0,2.833213344056216,0.4533362818715847,0.0,0.0,0.0,0.0,0.0,0.0,2.833213344056216,0.3475971786810162,0.12082379862700231,0.0,0.0,0.0,0.0,0.0,-0.4700036292457357,1.0245638646895838,0.6931471805599453,0.8837151016885368,2.0149030205422647,0.6538625481582946,1.3862943611198906,0.8944271909999161,-4.867534450455583,2.0612265320951493,-0.6931471805599453,0.0,-2.1465808445174646,0.6777641699115992,0.46582312558890826,7.0,3.0,4.0,0.0,0.0,-0.6931471805599453,0.5773502691896258,-0.6931471805599453,0.5773502691896258,-0.6931471805599453,0.5773502691896258,0.0,0.0,0.0,0.0,0.0,0.0,-0.6931471805599453,0.5,0.25,0.0,0.0,0.0,0.0,0.0,-3.3603753871419006,2.3381510299188872,-2.1972245773362196,2.2740694359086504,4.0943445622221,1.9934995620057827,4.219507705176107,1.7427853338037314,-2.3826278006675827,2.882770294024837,0.0,0.7475450015964021,0.20479441264601317,1.99674656678246,1.3865552919732487,18.0,10.0,23.0,0.0,0.0
2018-09-26,meeting_date,251.846,1.157910971135423,258.141,2.0550084406368185,108.314,1.7223891810668637,110.118,1.7293941577517955,3.9,149279.0,20411.87,110.247,4.62,1.95,2.16,2.31,2.83,2.96,3.06,12.89,2.14,0.23,0.92,3.0,-0.1758858755684735,17385.8,4.1,3.5,-0.7200000000000002,-0.2706058422482043,0.2299999999999999,3.630559232336714,3.288744795027504,2.6189248760220103,2.3355276777139227,2.3197640059208604,2.1680461733388805,2.18706112245399,2.398143915848604,-0.2429407676632857,-0.4686552049724959,-17646.635375123977,-17992.496372322286,-0.0546359940791396,-0.0599538266611197,3.7,3.3,2.5,2.4,2.6,2.2,2018Q3,0.0701754385964912,0.0453995923897915,0.0,0.0,0.0,0.0,2.7,2.24,-0.597,-15.9,0.7000000000000002,0.0365000000000002,0.01,0.0327446879735177,-0.0227446879735177,20200.688,20241.1981,40.5101,20442.3192,20485.9,43.5808,20684.6596,20749.9308,65.2712,20925.5502,21003.9841,78.4339,21151.96,21263.6818,111.7218,3.9,4.0,0.1,3.8,3.9439,0.1439,3.7,3.9058,0.2058,3.69,3.8962,0.2062,3.6,3.9,0.3,1.7,2.4,0.7,2.0,2.8,0.8,2.0,2.7314,0.7314,2.0245,2.7825,0.758,2.0,2.5327,0.5327,1.6278,2.1954,0.5676,1.8398,2.3751,0.5354,1.8,2.458,0.658,1.8122,2.3401,0.528,1.8,2.3,0.5,4.8,5.6432,0.8432,4.7959,5.5154,0.7195,4.6,5.3455,0.7455,4.5532,5.4,0.8468,4.4953,5.1835,0.6883,2.8422,3.4401,0.5979,2.632,3.1637,0.5317,2.4266,3.059,0.6324,2.2937,2.8105,0.5168,2.309,2.6637,0.3547,2.6,3.0339,0.4339,2.449,3.0551,0.6061,2.3,2.8329,0.5329,2.1073,2.5092,0.4018,2.1599,2.6795,0.5195,991.3472,991.5475,0.2003,992.5363,992.7492,0.213,993.7148,994.0298,0.3151,994.8726,995.2467,0.3741,995.9488,996.4756,0.5268,136.0977,138.6294,2.5318,133.5001,137.2174,3.7173,130.8333,136.2468,5.4136,130.5626,136.0014,5.4388,128.0934,136.0977,8.0043,977.0415,977.1865,0.1449,977.7177,977.9548,0.2371,978.3633,978.6504,0.2872,979.0049,979.3533,0.3485,979.6188,979.9651,0.3463,940.463,940.5685,0.1055,941.0923,941.3081,0.2159,941.6745,942.023,0.3485,942.2141,942.7043,0.4903,942.7603,943.2616,0.5013,1.95,2.175,0.02,2.2,0.2500000000000002,2.302585092994046,0.7109393663377318,1.0986122886681098,0.7762058642344918,2.995732273553991,0.6138788892284814,2.0794415416798357,0.8847419745789847,-2.1972245773362196,0.8329377592200172,-1.0986122886681098,0.6030226891555273,1.9459101490553132,0.8406754997999193,0.7067352959638441,7.0,5.0,12.0,0.0,0.0,0.6931471805599453,0.8366600265340756,0.6931471805599453,0.7071067811865476,0.0,0.0,0.0,0.0,0.0,0.0,-0.6931471805599453,0.5,0.6931471805599453,0.6900655593423541,0.4761904761904761,1.0,1.0,1.0,1.0,0.0,0.0,0.0,-2.3978952727983707,0.0,0.0,0.0,0.0,0.0,-3.4011973816621555,0.4679011380933327,0.0,0.0,-3.6888794541139363,0.4734320764739994,0.2241379310344828,0.0,0.0,0.0,0.0,0.0,1.6094379124341005,1.5669412851393918,0.5108256237659905,1.6166642073425743,0.2876820724517808,1.467317326279935,3.1780538303479453,1.6384919824742168,0.0,2.352296714337781,-0.2231435513142097,1.02704627669473,1.6739764335716714,0.8186714809590019,0.67044208987943,9.0,10.0,12.0,0.0,0.0,0.6931471805599453,0.7071067811865476,0.6931471805599453,0.7071067811865476,0.6931471805599453,0.7071067811865476,0.0,0.0,0.0,0.0,0.0,0.0,0.6931471805599453,0.5773502691896258,0.33333333333333337,0.0,0.0,0.0,0.0,0.0,5.298317366548037,3.821647459197747,0.5978370007556202,3.8070836339501612,3.976561526565717,2.788302996694964,5.2574953720277815,2.5232339570532014,-5.598421958998375,3.653135611651131,-2.0149030205422647,2.130068965850257,1.317301489632939,3.4001948857649005,2.4108391264015663,17.0,16.0,25.0,1.0,0.0
2018-11-08,meeting_date,251.994,0.7412766611023747,258.441,1.8322162724446311,108.602,1.5921421889616427,110.374,1.6082557743470671,3.7,149750.0,20659.029,110.645,4.61,2.2,2.3,2.46,2.98,3.09,3.24,16.72,2.07,0.26,1.17,3.0,0.1473636840871992,18507.2,3.9,1.7,-0.91,-0.3917442256529329,0.2600000000000002,3.673765287917744,3.3482542410774623,2.6189248760220103,2.224630118604461,2.366329195015946,2.199769406857913,2.5242952133255647,2.389636407661585,-0.0585347120822574,-0.2955457589225378,-18773.714175123976,-19125.4870698814,0.025229195015946,-0.1755305931420876,3.6,3.3,2.6,2.2,2.4,2.2,2018Q4,0.1242937853107344,0.0576017800169675,0.0,0.0,0.0,0.0,2.8,2.22,-0.536,-15.9,0.7999999999999998,0.2261999999999999,0.00341,0.0185972956391801,-0.0151872956391801,20646.0704,20683.0344,36.964,20895.1661,20957.4833,62.3173,21130.1549,21220.0,89.8451,21376.6835,21501.6682,124.9847,21592.5041,21765.7216,173.2176,3.8,3.8908,0.0908,3.6622,3.8,0.1378,3.5852,3.7575,0.1723,3.5,3.8,0.3,3.4,3.7714,0.3714,2.0503,2.5028,0.4526,2.1,2.5181,0.4181,2.2,2.5796,0.3796,1.9,2.5,0.6,2.0057,2.552,0.5463,1.8,2.2,0.4,1.9,2.3,0.4,1.9,2.2305,0.3305,1.7687,2.2,0.4313,1.9,2.3,0.4,4.8615,5.6145,0.753,4.7745,5.6053,0.8308,4.4483,5.3404,0.8921,4.428,5.3189,0.8909,4.2935,5.0762,0.7827,2.8179,3.2142,0.3963,2.4556,3.158,0.7023,2.1968,2.8799,0.6831,2.1583,2.8571,0.6988,2.0,2.7358,0.7358,2.36,2.9,0.54,2.2921,2.76,0.4679,2.0593,2.495,0.4357,2.1,2.5913,0.4913,1.9298,2.5008,0.5711,993.528,993.7069,0.1789,994.7273,995.0251,0.2978,995.8456,996.2699,0.4243,997.0056,997.5886,0.583,998.0101,998.8092,0.799,133.5001,135.8623,2.3622,129.8072,133.5001,3.6929,127.6818,132.3754,4.6936,125.2763,133.5001,8.2238,122.3775,132.7459,10.3683,983.2862,983.3824,0.0962,983.9079,984.1366,0.2288,984.4922,984.7989,0.3067,985.0842,985.4531,0.3688,985.5802,986.1164,0.5362,946.6759,946.8075,0.1315,947.2624,947.4436,0.1813,947.8128,948.0421,0.2293,948.306,948.682,0.376,948.8356,949.3073,0.4717,2.2,2.2068,0.01,2.27,0.06999999999999984,1.9459101490553132,0.7182910475465409,-1.791759469228055,0.7134486730024865,3.044522437723423,0.6089059766610502,1.0986122886681098,0.8598801889763129,-3.2188758248682006,0.7918091756375032,-1.3862943611198906,0.6551081335677849,-2.5649493574615367,0.8183926991567593,0.6697666100330859,11.0,5.0,18.0,0.0,0.0,0.6931471805599453,0.8366600265340756,0.6931471805599453,0.7071067811865476,0.0,0.0,0.0,0.0,0.0,0.0,-0.6931471805599453,0.5,0.6931471805599453,0.6900655593423541,0.4761904761904761,1.0,1.0,1.0,1.0,0.0,0.0,0.0,-2.3978952727983707,0.0,0.0,0.0,0.0,0.0,-3.4011973816621555,0.4679011380933327,0.0,0.0,-3.6888794541139363,0.4734320764739994,0.2241379310344828,0.0,0.0,0.0,0.0,0.0,-1.2809338454620647,3.1934020735087665,1.0116009116784803,2.1502103935885963,2.9957322735539913,2.712816451371303,1.3217558399823197,3.9989449429608763,-10.468801361586188,5.428767062290507,3.332204510175204,2.0790186212625192,-5.233045976194813,0.7819703839954483,0.6229432191752338,17.0,26.0,16.0,0.0,0.0,0.0,0.0,0.0,0.0,0.0,0.0,0.0,0.0,0.0,0.0,0.0,0.0,0.0,0.0,0.0,0.0,0.0,0.0,0.0,0.0,0.6649763035932486,3.9116931210553076,-0.7801585575495746,2.863659066591083,6.040254711277415,3.3217224280323534,2.4203681286504297,4.85882513193719,-13.687677186454389,6.22057623792801,1.9459101490553132,2.734126754830304,-7.797995333656349,1.6003630831522075,1.2927098292083197,28.0,31.0,34.0,0.0,0.0
2018-12-19,meeting_date,252.876,0.538501875680697,259.481,1.998050299137577,108.772,1.6028994171275013,110.456,1.51459451510918,3.7,149893.0,20660.34,110.651,4.61,2.27,2.35,2.47,2.63,2.62,2.77,25.58,1.8,0.14,1.06,2.8,0.3477961221247847,18507.2,3.9,1.7,-0.91,-0.48540548489082,0.1400000000000001,3.522862826586877,3.370250897883436,2.6189248760220103,2.044703528704952,1.842663033466891,2.176162740934943,2.712696048263492,2.36935056182665,-0.2094371734131228,-0.2735491021165646,-18773.714175123976,-19125.666996471296,-0.498436966533109,-0.1991372590650573,3.6,3.4,2.6,2.1,1.6,2.2,2018Q4,0.1038251366120218,0.0623221260874566,0.0,0.0,0.0,0.0,2.7,2.04,-0.429,-15.9,0.7000000000000002,0.0022999999999999,0.02583,-0.0183537803297195,0.0441837803297195,20646.0704,20683.0344,36.964,20895.1661,20957.4833,62.3173,21130.1549,21220.0,89.8451,21376.6835,21501.6682,124.9847,21592.5041,21765.7216,173.2176,3.8,3.8908,0.0908,3.6622,3.8,0.1378,3.5852,3.7575,0.1723,3.5,3.8,0.3,3.4,3.7714,0.3714,2.0503,2.5028,0.4526,2.1,2.5181,0.4181,2.2,2.5796,0.3796,1.9,2.5,0.6,2.0057,2.552,0.5463,1.8,2.2,0.4,1.9,2.3,0.4,1.9,2.2305,0.3305,1.7687,2.2,0.4313,1.9,2.3,0.4,4.8615,5.6145,0.753,4.7745,5.6053,0.8308,4.4483,5.3404,0.8921,4.428,5.3189,0.8909,4.2935,5.0762,0.7827,2.8179,3.2142,0.3963,2.4556,3.158,0.7023,2.1968,2.8799,0.6831,2.1583,2.8571,0.6988,2.0,2.7358,0.7358,2.36,2.9,0.54,2.2921,2.76,0.4679,2.0593,2.495,0.4357,2.1,2.5913,0.4913,1.9298,2.5008,0.5711,993.528,993.7069,0.1789,994.7273,995.0251,0.2978,995.8456,996.2699,0.4243,997.0056,997.5886,0.583,998.0101,998.8092,0.799,133.5001,135.8623,2.3622,129.8072,133.5001,3.6929,127.6818,132.3754,4.6936,125.2763,133.5001,8.2238,122.3775,132.7459,10.3683,983.2862,983.3824,0.0962,983.9079,984.1366,0.2288,984.4922,984.7989,0.3067,985.0842,985.4531,0.3688,985.5802,986.1164,0.5362,946.6759,946.8075,0.1315,947.2624,947.4436,0.1813,947.8128,948.0421,0.2293,948.306,948.682,0.376,948.8356,949.3073,0.4717,2.27,2.2894,-0.13,2.4,0.1299999999999999,-1.9459101490553132,0.8485281374238571,-2.833213344056216,0.7027819284987272,3.1354942159291497,0.5970814340265321,2.70805020110221,0.7672682483797642,-2.772588722239781,0.8267416062480969,-2.1972245773362196,0.6271629240742259,-2.772588722239781,0.8260292093459382,0.6823242546926758,10.0,3.0,22.0,0.0,0.0,1.6094379124341003,0.749603069567329,-0.6931471805599453,0.8997354108424372,0.6931471805599453,0.8366600265340756,1.3862943611198906,0.9105858919765157,0.0,0.0,0.0,0.8944271909999159,1.791759469228055,0.7983117106128328,0.6373015873015874,1.0,0.0,2.0,0.0,0.0,-2.4849066497880004,0.4380187953915666,0.0,0.0,1.9459101490553132,0.0,-1.791759469228055,0.9851843661437779,0.0,0.0,0.0,0.0,-1.791759469228055,0.3958726137803607,0.1567151263412946,35.0,0.0,11.0,0.0,0.0,-4.969813299576001,2.5786081568291137,-2.525728644308255,2.424119647901917,3.58351893845611,2.3935598380651024,2.0794415416798357,3.399380019081917,-12.903610174391412,4.369782318207765,-0.15415067982725816,2.040440114519881,-11.65620914903743,0.7293091787310662,0.5446007235854036,10.0,4.0,48.0,1.0,0.0,0.6931471805599453,0.7071067811865476,0.6931471805599453,0.7071067811865476,0.6931471805599453,0.7071067811865476,0.0,0.0,0.0,0.0,0.0,0.0,0.6931471805599453,0.5773502691896258,0.33333333333333337,0.0,0.0,0.0,0.0,0.0,-7.098045005425269,5.321864940398414,-5.358941988364471,4.733743768429629,10.051217664560463,4.534408079812257,4.382026634673881,6.0624185255819745,-15.676198896631194,5.196523924455862,-2.3513752571634776,3.562030229594023,-13.735650690717266,3.3268729816598235,2.3542750252542946,56.0,7.0,83.0,1.0,0.0
2019-01-30,meeting_date,252.733,0.0,260.027,1.856733793730192,108.871,1.363983390127177,110.666,1.4781667797604705,3.9,150263.0,20658.204,110.679,4.604,2.4,2.37,2.44,2.52,2.49,2.7,17.66,1.84,0.18,0.81,2.8,0.1861017175531805,18671.5,3.8,2.0,-0.7040000000000002,-0.5218332202395297,0.1800000000000001,3.66923845929421,3.502517962522654,2.6189248760220103,1.9995880916467963,2.3097568548819254,2.29091463751784,2.551444014723311,2.408907907241046,-0.0007615407057892,-0.129482037477346,-18902.68627512397,-19241.98011190836,-0.1169431451180744,-0.1079853624821605,3.6,3.5,2.6,1.9,2.5,2.3,2019Q1,0.3004694835680751,0.2039910881286781,0.0,0.0,0.0,0.0,2.7,2.0,-0.506,2.8,0.7000000000000002,-0.0001999999999999,0.0,0.0541362715915099,-0.0541362715915099,20877.7298,20934.23,56.5002,21117.0106,21196.1387,79.1281,21362.392,21479.2273,116.8353,21579.0456,21740.0,160.9544,21778.17,21973.7315,195.5615,3.6812,3.7083,0.0271,3.6,3.7494,0.1494,3.5,3.7558,0.2558,3.4,3.7546,0.3546,3.4286,3.8,0.3714,2.1309,2.6356,0.5047,2.2712,2.6,0.3288,2.0,2.6,0.6,2.11,2.6212,0.5112,2.0614,2.7231,0.6617,1.9277,2.3508,0.4231,2.0267,2.4,0.3733,1.8,2.2405,0.4405,1.9951,2.3,0.3049,2.0,2.3457,0.3457,4.3028,5.4365,1.1337,4.5649,5.3587,0.7938,4.4423,5.7431,1.3007,4.06,4.9303,0.8703,3.838,4.9051,1.0671,2.4,2.9999,0.5999,2.1736,2.8,0.6264,2.2742,2.9175,0.6433,2.0063,2.6,0.5937,1.8122,2.4742,0.662,2.6,3.2,0.6,2.193,2.6857,0.4927,2.1275,2.8605,0.733,2.1166,2.7719,0.6553,1.8,2.5305,0.7305,994.6438,994.9141,0.2703,995.7834,996.1574,0.374,996.9387,997.4842,0.5454,997.9478,998.6909,0.7431,998.8663,999.7603,0.894,130.3247,131.0583,0.7336,128.0934,132.1596,4.0662,125.2763,132.3298,7.0535,122.3775,132.297,9.9194,123.2141,133.5001,10.286,984.0683,984.2143,0.146,984.6242,984.8326,0.2083,985.2666,985.4733,0.2068,985.7294,986.1094,0.38,986.3026,986.6357,0.3331,947.6696,947.8153,0.1458,948.2141,948.4478,0.2337,948.7404,949.1883,0.448,949.3403,949.8618,0.5215,949.7286,950.4554,0.7267,2.4,2.402,-0.36,2.41,0.010000000000000231,-2.772588722239781,0.645819570068078,-2.9444389791664403,0.6953428532038591,2.9444389791664403,0.6584933146039914,0.0,0.8528028654224418,-3.4965075614664802,0.7905316420701894,-2.772588722239781,0.682288239221013,-3.9512437185814275,0.7943712465850271,0.6310256774010499,13.0,3.0,22.0,0.0,0.0,-1.0986122886681098,0.6538625481582945,-1.0986122886681098,1.0327955589886446,1.0986122886681098,0.0,0.6931471805599453,0.7071067811865476,-0.6931471805599453,0.8997354108424372,-0.6931471805599453,0.7378647873726218,-1.6094379124341003,0.718308002568969,0.5159663865546219,4.0,0.0,4.0,0.0,0.0,0.0,0.0,0.0,0.0,0.0,0.0,0.0,0.0,0.0,0.0,0.0,0.0,0.0,0.0,0.0,0.0,0.0,0.0,0.0,0.0,-1.3862943611198906,0.5388159060803247,-2.0794415416798357,0.6708203932499369,1.6094379124341003,0.7873265148181361,1.0986122886681096,0.5270462766947299,-1.0986122886681098,1.7071067811865475,-0.6931471805599453,0.752772652709081,-1.3862943611198906,0.8380161570634754,0.7165300546448088,1.0,1.0,3.0,0.0,0.0,-0.6931471805599453,0.7071067811865476,-0.6931471805599453,0.7071067811865476,0.0,0.0,0.0,0.0,-0.6931471805599453,0.7071067811865476,-0.6931471805599453,0.7071067811865476,-0.6931471805599453,0.7071067811865476,0.5,0.0,0.0,0.0,0.0,0.0,-5.950642552587727,2.5456048054932445,-6.815639990074331,3.106065586628988,5.652489180268651,1.4458198294221276,1.791759469228055,2.0869559233037194,-5.981414211254481,4.104480615285722,-4.852030263919617,2.8800324604892635,-7.640123172695364,3.057802187404019,2.3635221186004807,18.0,4.0,29.0,0.0,0.0
2019-03-20,meeting_date,253.113,1.2925955318279223,260.989,1.8915141482915845,108.929,1.2257225164947538,110.922,1.3625023987718254,3.8,150606.0,20891.367,111.215,4.604,2.41,2.42,2.42,2.4,2.34,2.54,13.91,1.96,0.14,0.46,2.8,-0.1131029905545255,18671.5,3.8,2.0,-0.8040000000000003,-0.6374976012281746,0.1400000000000001,3.694356569103599,3.608962163022504,2.6189248760220103,2.003648863295034,2.5604124127471306,2.189931405922695,2.424617961452696,2.3552423929008333,0.0243565691035989,-0.0230378369774966,-18902.68627512397,-19241.976051136706,0.1337124127471307,-0.2089685940773047,3.7,3.6,2.6,2.0,3.0,2.2,2019Q1,0.1691542288557214,0.1055324406919584,0.0,0.0,0.0,0.0,2.5,2.04,-0.599,2.8,0.5,-0.0148000000000001,0.0,0.0387818608896289,-0.0387818608896289,20877.7298,20934.23,56.5002,21117.0106,21196.1387,79.1281,21362.392,21479.2273,116.8353,21579.0456,21740.0,160.9544,21778.17,21973.7315,195.5615,3.6812,3.7083,0.0271,3.6,3.7494,0.1494,3.5,3.7558,0.2558,3.4,3.7546,0.3546,3.4286,3.8,0.3714,2.1309,2.6356,0.5047,2.2712,2.6,0.3288,2.0,2.6,0.6,2.11,2.6212,0.5112,2.0614,2.7231,0.6617,1.9277,2.3508,0.4231,2.0267,2.4,0.3733,1.8,2.2405,0.4405,1.9951,2.3,0.3049,2.0,2.3457,0.3457,4.3028,5.4365,1.1337,4.5649,5.3587,0.7938,4.4423,5.7431,1.3007,4.06,4.9303,0.8703,3.838,4.9051,1.0671,2.4,2.9999,0.5999,2.1736,2.8,0.6264,2.2742,2.9175,0.6433,2.0063,2.6,0.5937,1.8122,2.4742,0.662,2.6,3.2,0.6,2.193,2.6857,0.4927,2.1275,2.8605,0.733,2.1166,2.7719,0.6553,1.8,2.5305,0.7305,994.6438,994.9141,0.2703,995.7834,996.1574,0.374,996.9387,997.4842,0.5454,997.9478,998.6909,0.7431,998.8663,999.7603,0.894,130.3247,131.0583,0.7336,128.0934,132.1596,4.0662,125.2763,132.3298,7.0535,122.3775,132.297,9.9194,123.2141,133.5001,10.286,984.0683,984.2143,0.146,984.6242,984.8326,0.2083,985.2666,985.4733,0.2068,985.7294,986.1094,0.38,986.3026,986.6357,0.3331,947.6696,947.8153,0.1458,948.2141,948.4478,0.2337,948.7404,949.1883,0.448,949.3403,949.8618,0.5215,949.7286,950.4554,0.7267,2.41,2.3959,-0.1,2.39,-0.020000000000000018,-2.995732273553991,0.6052653582075831,-3.044522437723423,0.7404051375510322,2.3978952727983707,0.7282190812544191,-2.995732273553991,0.8326912640353736,2.772588722239781,0.8336477394314215,-1.6094379124341003,0.7132825035177586,-3.4965075614664802,0.8190836004123626,0.6708979444644789,13.0,4.0,16.0,1.0,0.0,0.0,0.6324555320336759,-1.3862943611198906,0.5477225575051662,0.6931471805599453,0.7071067811865476,0.0,1.0,0.0,0.0,-0.6931471805599453,0.0,-1.6094379124341003,0.716822148161496,0.5138339920948617,1.0,0.0,1.0,0.0,0.0,-1.3862943611198906,0.22340379562211246,0.0,0.0,0.0,0.0,0.0,1.1547005383792515,0.0,0.0,0.0,0.0,-1.3862943611198906,0.3352229184836249,0.11237440507667903,29.0,0.0,0.0,0.0,0.0,-8.958797346140276,3.097780142983733,-5.3471075307174685,2.320360580587204,-0.22314355131421015,2.392623950493826,-6.040254711277415,2.7688214497202734,-3.58351893845611,5.6651207876355505,-4.6443908991413725,3.2078443124894083,-11.833268319661558,0.7512700167113043,0.5753216514111223,11.0,3.0,35.0,2.0,0.0,-0.6931471805599453,0.7071067811865476,-0.6931471805599453,0.7071067811865476,0.0,0.0,0.0,0.0,-0.6931471805599453,0.7071067811865476,-0.6931471805599453,0.7071067811865476,-0.6931471805599453,0.7071067811865476,0.5,0.0,0.0,0.0,0.0,0.0,-14.033971161374103,5.266011610033652,-10.471071510120728,4.315595056829951,2.867898902044106,3.8279498129347926,-9.035986984831405,5.7562132521348985,-1.5040773967762742,7.205875308253519,-7.640123172695364,4.628233597193715,-19.018655335241974,3.3295054649553357,2.372427993047142,54.0,7.0,52.0,3.0,0.0
2019-05-01,meeting_date,254.148,0.8286587458008698,261.374,1.739157512864642,109.215,1.0454734699542056,111.131,1.1707405890117872,3.8,150816.0,21062.691,111.37,4.601,2.39,2.38,2.37,2.31,2.31,2.52,14.8,1.93,0.21,0.48,2.8,-0.0082574240652457,18784.6,3.8,1.5,-0.8010000000000002,-0.8292594109882128,0.2099999999999999,3.713306623077707,3.591443008351335,2.6189248760220103,2.0856927700695267,2.356777616907108,2.134873008995698,2.43723173603054,2.3222076607166287,-0.0294933769222924,-0.102856991648665,-18973.043675123976,-19281.27800722993,0.0516776169071078,-0.1020269910043016,3.7,3.6,2.2,2.2,2.2,2.1,2019Q2,0.0957446808510638,0.0405677962472821,0.0,0.0,0.0,0.0,2.9,2.03,-0.614,-4.2,0.8999999999999999,-0.0161999999999999,-0.02583,-0.004316691737789,-0.0215133082622109,21020.55,21108.9366,88.3866,21260.7423,21381.8842,121.1419,21480.0984,21632.0895,151.9911,21692.4737,21833.7076,141.234,21892.085,22080.8009,188.7159,3.795,3.9,0.105,3.6761,3.82,0.1439,3.5679,3.8533,0.2854,3.5,3.9,0.4,3.4225,3.9,0.4775,0.8,1.7,0.9,2.0,2.6748,0.6748,2.0507,2.5976,0.5469,2.0342,2.4,0.3658,1.9037,2.5942,0.6905,1.0,1.81,0.81,1.8252,2.39,0.5648,1.9,2.3,0.4,1.9319,2.2222,0.2903,1.8,2.3,0.5,2.4959,4.2306,1.7348,4.1052,5.3393,1.2342,4.0514,4.6578,0.6064,3.9124,4.6402,0.7277,3.6579,4.5457,0.8878,0.999,1.9786,0.9796,2.2455,2.7483,0.5028,1.9418,2.5591,0.6173,1.9767,2.5,0.5233,1.7735,2.3434,0.5699,1.3064,2.617,1.3106,2.4,2.8161,0.4161,2.1166,2.6,0.4834,2.0,2.6,0.6,2.0,2.53,0.53,995.3256,995.7452,0.4196,996.4618,997.0299,0.5682,997.4882,998.1933,0.7051,998.4721,999.121,0.649,999.388,1000.2464,0.8583,133.3684,136.0977,2.7292,130.1847,134.025,3.8403,127.1983,134.8929,7.6947,125.2763,136.0977,10.8214,123.037,136.0977,13.0607,984.3278,984.5691,0.2413,984.8981,985.2459,0.3477,985.4369,985.8599,0.4229,985.9812,986.3975,0.4164,986.3725,986.9172,0.5447,947.9344,948.2557,0.3214,948.528,948.9675,0.4395,949.0948,949.608,0.5132,949.5899,950.2669,0.677,950.0581,950.8506,0.7925,2.39,2.3977,0.02,2.38,-0.010000000000000231,-3.091042453358316,0.6679674809117249,-3.1354942159291497,0.7268306737355188,2.772588722239781,0.6712710620231424,-1.0986122886681098,0.858795166223668,0.0,0.9168313422570846,-1.791759469228055,0.704154339142587,-3.4965075614664802,0.8311318438394547,0.6907801418439717,9.0,3.0,19.0,1.0,0.0,-1.0986122886681098,0.6966305460192359,-1.791759469228055,0.0,-0.6931471805599453,0.0,0.0,0.0,0.6931471805599453,0.0,-1.0986122886681098,0.5773502691896257,-1.9459101490553132,0.7234178138070235,0.5233333333333333,1.0,0.0,1.0,0.0,0.0,0.0,0.9258200997725514,-2.70805020110221,0.9421382417521512,3.58351893845611,0.0,3.4657359027997265,0.8932127611241382,0.0,0.0,0.0,0.0,3.58351893845611,0.9345524628650209,0.8733883058470764,26.0,0.0,0.0,1.0,0.0,-1.3862943611198906,3.4038998271125416,-1.6094379124341003,0.8660254037844386,2.302585092994046,0.7264831572567789,0.8472978603872034,1.753739510711894,-1.2163953243244934,2.830579914321757,-0.6931471805599453,0.0,1.268511325463507,0.7760096180332534,0.608317987695618,3.0,1.0,12.0,0.0,0.0,-0.6931471805599453,0.7071067811865476,-0.6931471805599453,0.7071067811865476,0.0,0.0,0.0,0.0,-0.6931471805599453,0.7071067811865476,-0.6931471805599453,0.7071067811865476,-0.6931471805599453,0.7071067811865476,0.5,0.0,0.0,0.0,0.0,0.0,-6.269096283706261,6.4014247350026015,-9.93788897925346,3.2421011004586564,7.965545573129992,1.3977542192799213,3.21442147451882,3.5057474380597,-1.2163953243244934,4.454518037765389,-4.276666119016055,1.9886113895187603,-1.2835346271621217,3.9722185197313,3.1958197687199994,39.0,4.0,32.0,2.0,0.0
2019-06-19,meeting_date,255.155,0.6327299370057604,262.032,1.8284128754464168,109.496,1.191235317493322,111.335,1.2338831402644246,3.6,151095.0,21048.839,111.325,4.601,2.38,2.13,2.05,1.74,1.77,2.03,14.33,1.67,0.29,0.24,2.5,0.0187945225489167,18784.6,3.8,1.5,-1.001,-0.7661168597355754,0.2899999999999998,3.764763994225243,3.761336638651281,2.6189248760220103,2.295093132697545,1.4929182657827873,2.173177561716762,2.5745320301393946,2.2687514696748927,0.0219639942252429,0.067036638651281,-18973.043675123976,-19281.068606867306,-0.8121817342172126,-0.0637224382832379,3.7,3.7,1.7,2.1,1.0,2.2,2019Q2,0.2146341463414633,0.1022500239442915,1.0,0.0,1.0,1.0,2.7,1.81,-0.573,-4.2,0.7000000000000002,-0.3338000000000001,0.06136,0.0847599333226907,-0.0233999333226907,21020.55,21108.9366,88.3866,21260.7423,21381.8842,121.1419,21480.0984,21632.0895,151.9911,21692.4737,21833.7076,141.234,21892.085,22080.8009,188.7159,3.795,3.9,0.105,3.6761,3.82,0.1439,3.5679,3.8533,0.2854,3.5,3.9,0.4,3.4225,3.9,0.4775,0.8,1.7,0.9,2.0,2.6748,0.6748,2.0507,2.5976,0.5469,2.0342,2.4,0.3658,1.9037,2.5942,0.6905,1.0,1.81,0.81,1.8252,2.39,0.5648,1.9,2.3,0.4,1.9319,2.2222,0.2903,1.8,2.3,0.5,2.4959,4.2306,1.7348,4.1052,5.3393,1.2342,4.0514,4.6578,0.6064,3.9124,4.6402,0.7277,3.6579,4.5457,0.8878,0.999,1.9786,0.9796,2.2455,2.7483,0.5028,1.9418,2.5591,0.6173,1.9767,2.5,0.5233,1.7735,2.3434,0.5699,1.3064,2.617,1.3106,2.4,2.8161,0.4161,2.1166,2.6,0.4834,2.0,2.6,0.6,2.0,2.53,0.53,995.3256,995.7452,0.4196,996.4618,997.0299,0.5682,997.4882,998.1933,0.7051,998.4721,999.121,0.649,999.388,1000.2464,0.8583,133.3684,136.0977,2.7292,130.1847,134.025,3.8403,127.1983,134.8929,7.6947,125.2763,136.0977,10.8214,123.037,136.0977,13.0607,984.3278,984.5691,0.2413,984.8981,985.2459,0.3477,985.4369,985.8599,0.4229,985.9812,986.3975,0.4164,986.3725,986.9172,0.5447,947.9344,948.2557,0.3214,948.528,948.9675,0.4395,949.0948,949.608,0.5132,949.5899,950.2669,0.677,950.0581,950.8506,0.7925,2.38,2.3595,0.04,2.4,0.020000000000000018,-3.5263605246161616,0.561120942324857,-3.5263605246161616,0.6254250255506524,1.0986122886681098,0.8575836609041332,-3.091042453358316,0.7880305422451542,-2.0794415416798357,0.8966396734266803,-2.9444389791664403,0.4423258684646914,-4.382026634673881,0.799998933264351,0.6399982932240996,17.0,2.0,33.0,0.0,0.0,-1.3862943611198906,0.7867957924694431,-1.9459101490553132,0.8201995322647243,1.0986122886681098,1.0,-1.0986122886681098,0.7507571935295484,0.0,0.0,-0.6931471805599453,0.7071067811865476,-2.1972245773362196,0.8151785872017603,0.664516129032258,3.0,0.0,5.0,0.0,0.0,-2.833213344056216,0.5022472023339227,-1.0986122886681098,0.3631365196012815,-2.772588722239781,0.8317239361004065,0.0,0.0,0.0,0.0,-1.9459101490553132,0.0,-3.6888794541139363,0.6947857747012907,0.48272727272727267,4.0,0.0,8.0,0.0,0.0,-6.374456799364088,3.977854858173893,-3.912023005428146,4.043147168781829,-5.2574953720277815,2.779429978770631,-7.3777589082278725,3.411890887583191,-12.119730135708108,3.840488625452367,-2.890371757896165,2.2320508075688776,-16.010332250684183,0.6855043034399034,0.4980894336607593,9.0,3.0,85.0,0.0,0.0,-0.6931471805599453,0.7071067811865476,-0.6931471805599453,0.5773502691896258,-0.6931471805599453,0.5773502691896258,0.0,0.0,0.0,0.0,0.0,0.0,-0.6931471805599453,0.5773502691896258,0.33333333333333337,2.0,0.0,0.0,0.0,0.0,-14.813472209716302,6.535125576488664,-11.176053148327675,6.4292585153881125,-6.5260066974912885,6.046087844964797,-11.567413650254299,4.950678623357893,-14.199171677387945,4.737128298879047,-8.473868066677863,3.3814834572201167,-26.971610097368163,3.5728178677969313,2.618664461977723,35.0,5.0,131.0,0.0,0.0
2019-07-31,meeting_date,255.305,0.4475411074059021,262.803,1.910608199289588,109.646,1.193321827729732,111.641,1.432802732955385,3.7,151308.0,21337.898,112.164,4.598,2.4,2.04,2.04,1.89,1.84,2.02,16.12,1.76,0.13,0.28,2.5,-0.0354295616963891,18912.3,3.9,0.9,-0.8979999999999997,-0.567197267044615,0.1300000000000001,3.83660474635394,3.639840124498529,2.6189248760220103,1.8892455107794663,1.5676750807035664,2.127813047240415,2.5073177290156057,2.282173766049079,0.1853047463539399,-0.0426598755014713,-19100.813775123977,-19395.641254489223,-0.6048249192964334,0.1811130472404147,3.7,3.6,1.8,2.1,1.8,2.1,2019Q3,0.1516587677725118,0.0616761437130227,2.0,0.0,2.0,1.0,2.6,1.96,-0.577,-2.8,0.6000000000000001,-0.0129999999999999,0.04,0.0418955032805401,-0.0018955032805401,21229.2165,21323.8244,94.6079,21439.6,21543.1391,103.5391,21660.1446,21787.1165,126.9719,21875.9205,22015.9993,140.0788,22067.3801,22259.4,192.0199,3.6,3.7,0.1,3.5567,3.7,0.1433,3.5,3.8,0.3,3.4686,3.8,0.3314,3.4,3.9,0.5,2.0,3.42,1.42,1.9509,2.37,0.4191,1.9468,2.3319,0.3851,1.8,2.3859,0.5859,1.72,2.25,0.53,1.7028,2.725,1.0222,1.7212,2.1701,0.4489,1.8412,2.1024,0.2612,1.7106,2.1,0.3894,1.6823,2.1,0.4177,3.2,5.052,1.852,3.8975,4.6441,0.7467,3.86,4.6277,0.7677,3.5,4.4963,0.9963,3.5602,4.7585,1.1984,1.2238,2.3045,1.0806,1.8105,2.4,0.5895,1.808,2.4677,0.6597,1.7643,2.3247,0.5604,1.6461,2.4,0.7539,2.4999,3.0235,0.5236,1.9665,2.6534,0.6869,2.0,2.5,0.5,1.8844,2.5,0.6156,1.8818,2.5053,0.6235,996.3134,996.758,0.4447,997.2995,997.7813,0.4818,998.3229,998.9074,0.5845,999.3142,999.9525,0.6383,1000.1856,1001.052,0.8664,128.0934,130.8333,2.7399,126.8841,130.8333,3.9491,125.2763,133.5001,8.2238,124.374,133.5001,9.1261,122.3775,136.0977,13.7201,985.0609,985.3264,0.2655,985.5893,985.8939,0.3046,986.0522,986.4624,0.4102,986.5074,986.9996,0.4922,986.9812,987.5931,0.6119,948.4324,948.5598,0.1274,948.9275,949.2092,0.2817,949.4466,949.7967,0.3502,949.9366,950.3732,0.4366,950.4334,950.9421,0.5086,2.4,2.152,-0.36,2.04,-0.3599999999999999,-3.6888794541139363,0.6229832326059089,-3.4339872044851463,0.7443778346080286,2.6390573296152584,0.7391520892561242,-1.9459101490553132,0.8544412970297783,0.0,0.8618916073713346,-2.5649493574615367,0.6979824404521128,-3.871201010907891,0.8221709515237156,0.6759650735294118,13.0,2.0,28.0,1.0,0.0,-1.0986122886681098,0.0,-1.6094379124341003,0.816496580927726,-1.0986122886681098,0.0,-0.6931471805599453,0.5773502691896258,0.0,0.0,-1.0986122886681098,0.5773502691896258,-2.1972245773362196,0.6504436355879909,0.42307692307692313,1.0,0.0,2.0,0.0,0.0,0.0,0.0,-2.4849066497880004,0.0,0.0,0.0,-2.4849066497880004,0.4671765921511567,-2.4849066497880004,0.0,2.772588722239781,0.7593448194762537,1.6094379124341003,0.7061450578157011,0.4986408426775399,0.0,0.0,54.0,0.0,0.0,-10.044987114809828,3.4543038272078332,-7.293017679772782,4.312337503462838,6.80239476332431,3.118621071071516,-0.6931471805599452,5.251449794955074,0.08004270767353638,2.9346841178451615,-3.1780538303479453,3.0858897594509536,-5.164785973923514,0.8147538156757704,0.6682366630862872,25.0,1.0,28.0,0.0,0.0,-0.6931471805599453,0.9574271077563381,-1.0986122886681098,0.5773502691896258,-1.0986122886681098,0.5773502691896258,0.0,0.0,0.0,0.0,-0.6931471805599453,0.7071067811865476,-0.6931471805599453,0.9574271077563381,0.9166666666666666,1.0,0.0,0.0,1.0,0.0,-15.52562603815182,5.034714167570081,-15.919961735148139,6.4505621881882185,7.244227515603349,4.435123429517266,-5.817111159963204,7.150417953325635,-2.404863942114464,3.796575725216496,-4.762173934797756,5.827674069755494,-10.31692083029347,3.950940568359516,3.1825861690368287,40.0,3.0,112.0,2.0,0.0
2019-09-18,meeting_date,256.3,0.2829252807428295,264.245,2.2240189403317734,109.848,1.246128889544318,111.807,1.4058064340586096,3.7,151541.0,21339.121,112.175,4.567,2.04,1.91,1.86,1.77,1.68,1.8,13.95,1.59,0.03,0.28,2.5,-0.2270842381144016,18912.3,3.9,0.9,-0.867,-0.5941935659413904,0.03,3.4726197100308784,3.4924135713097675,2.6189248760220103,2.064902214500695,1.6122378879885448,2.1160458633573347,2.386116902116492,2.276355750378409,-0.1786802899691215,-0.1900864286902326,-19100.813775123977,-19395.4655977855,-0.560262112011455,0.1693458633573346,3.7,3.6,1.8,1.9,1.6,2.1,2019Q3,0.1089108910891089,0.055095088342724,3.0,0.0,3.0,1.0,2.8,1.78,-0.515,-2.8,0.7999999999999998,-0.252,0.03438,0.022738925476496,0.0116410745235039,21229.2165,21323.8244,94.6079,21439.6,21543.1391,103.5391,21660.1446,21787.1165,126.9719,21875.9205,22015.9993,140.0788,22067.3801,22259.4,192.0199,3.6,3.7,0.1,3.5567,3.7,0.1433,3.5,3.8,0.3,3.4686,3.8,0.3314,3.4,3.9,0.5,2.0,3.42,1.42,1.9509,2.37,0.4191,1.9468,2.3319,0.3851,1.8,2.3859,0.5859,1.72,2.25,0.53,1.7028,2.725,1.0222,1.7212,2.1701,0.4489,1.8412,2.1024,0.2612,1.7106,2.1,0.3894,1.6823,2.1,0.4177,3.2,5.052,1.852,3.8975,4.6441,0.7467,3.86,4.6277,0.7677,3.5,4.4963,0.9963,3.5602,4.7585,1.1984,1.2238,2.3045,1.0806,1.8105,2.4,0.5895,1.808,2.4677,0.6597,1.7643,2.3247,0.5604,1.6461,2.4,0.7539,2.4999,3.0235,0.5236,1.9665,2.6534,0.6869,2.0,2.5,0.5,1.8844,2.5,0.6156,1.8818,2.5053,0.6235,996.3134,996.758,0.4447,997.2995,997.7813,0.4818,998.3229,998.9074,0.5845,999.3142,999.9525,0.6383,1000.1856,1001.052,0.8664,128.0934,130.8333,2.7399,126.8841,130.8333,3.9491,125.2763,133.5001,8.2238,124.374,133.5001,9.1261,122.3775,136.0977,13.7201,985.0609,985.3264,0.2655,985.5893,985.8939,0.3046,986.0522,986.4624,0.4102,986.5074,986.9996,0.4922,986.9812,987.5931,0.6119,948.4324,948.5598,0.1274,948.9275,949.2092,0.2817,949.4466,949.7967,0.3502,949.9366,950.3732,0.4366,950.4334,950.9421,0.5086,2.04,2.0962,-0.43,1.83,-0.20999999999999996,-3.6888794541139363,0.7508114311537725,-3.6375861597263857,0.7560658772660261,2.1972245773362196,0.8748094691970764,-2.8903717578961645,0.8710073743395323,-2.0794415416798357,0.8686577059150872,-2.772588722239781,0.6454972243679028,-4.477336814478207,0.8183042008301177,0.6696217650962175,14.0,2.0,41.0,0.0,0.0,-2.1972245773362196,0.6399404734221844,-1.6094379124341003,0.8432740427115678,1.6094379124341003,0.8090398349558905,0.6931471805599453,0.0,-0.6931471805599453,0.8366600265340756,-0.6931471805599453,0.9574271077563381,-1.791759469228055,0.8742813140471172,0.7643678160919539,1.0,1.0,3.0,1.0,0.0,-2.8903717578961645,0.5012300141587652,0.0,0.0,0.0,0.0,0.0,0.0,2.302585092994046,0.9375443251932827,-3.1780538303479458,0.0,-2.70805020110221,0.8914892519934006,0.794753086419753,0.0,0.0,0.0,0.0,0.0,0.6931471805599453,1.9013873718362753,0.6931471805599453,0.927960727138337,0.0,0.7071067811865476,0.6931471805599453,0.816496580927726,-3.4657359027997265,2.234720252533813,-1.6094379124341003,0.7264831572567789,-3.58351893845611,0.6807477300791362,0.47312526259894677,4.0,3.0,13.0,0.0,0.0,-1.0986122886681098,0.5773502691896258,-1.0986122886681098,0.5773502691896258,-1.0986122886681098,0.5773502691896258,0.0,0.0,0.0,0.0,-0.6931471805599453,0.7071067811865476,-1.0986122886681098,0.5773502691896258,0.33333333333333337,1.0,0.0,0.0,0.0,0.0,-9.181940897454485,4.370719559760623,-5.652489180268651,3.1046509163055567,2.70805020110221,2.9683063545291404,-1.504077396776274,1.6875039552672584,-3.935739532045462,4.877582310176258,-8.946374826141717,3.0365142705675674,-13.659277711932692,3.8421727661393974,3.0352012635402046,20.0,6.0,57.0,1.0,0.0
2019-10-30,meeting_date,256.358,-0.0280861096386808,264.595,2.159442784225618,109.95,1.1406494342746765,112.039,1.4763289224610343,3.5,151722.0,21525.819,112.627,4.562,1.83,1.59,1.58,1.61,1.61,1.78,12.33,1.57,0.17,0.14,2.5,-0.2220706254716318,19023.8,3.6,2.9,-1.0620000000000005,-0.5236710775389657,0.1699999999999999,3.5097623983970725,3.5316336270210416,2.6189248760220103,2.0728270116660346,1.5747309802013607,2.111649144641115,2.348356889336525,2.271569677237521,-0.1309376016029273,-0.2027663729789584,-19201.926975123977,-19480.44697298833,-0.5507690197986395,0.0106491446411149,3.6,3.6,2.2,1.8,1.6,2.1,2019Q4,0.0427807486631015,0.0591402258639107,2.0,0.0,2.0,1.0,2.5,1.67,-0.55,5.4,0.5,-0.2329000000000001,-0.0125,0.0058505885847065,-0.0183505885847065,21510.8874,21566.3,55.4126,21729.0607,21791.0781,62.0174,21927.6085,22033.3673,105.7588,22100.6394,22254.9551,154.3157,22273.5832,22503.2823,229.6991,3.6,3.7,0.1,3.5667,3.7013,0.1347,3.5,3.8,0.3,3.5,3.8,0.3,3.452,3.9,0.448,1.5,2.2449,0.7449,1.7272,2.4,0.6728,1.8925,2.358,0.4655,1.7,2.3,0.6,1.896,2.3,0.404,1.5,2.1,0.6,1.7,2.2,0.5,1.7,2.1,0.4,1.6021,2.1,0.4979,1.6632,2.0603,0.397,3.2825,4.3508,1.0684,3.6689,4.4959,0.827,3.5462,4.4308,0.8846,3.3772,4.4782,1.101,3.515,4.6196,1.1045,1.6557,2.083,0.4273,1.679,2.2185,0.5395,1.6427,2.3,0.6573,1.6774,2.2595,0.5822,1.5,2.25,0.75,1.9594,2.5995,0.6401,1.9836,2.4,0.4164,1.78,2.4839,0.7039,2.049,2.4253,0.3763,1.8381,2.4623,0.6242,997.6314,997.8887,0.2573,998.6406,998.9256,0.285,999.5502,1000.0313,0.4811,1000.3362,1001.032,0.6958,1001.1157,1002.1416,1.026,128.0934,130.8333,2.7399,127.1631,130.8691,3.706,125.2763,133.5001,8.2238,125.2763,133.5001,8.2238,123.8961,136.0977,12.2016,985.7551,985.86,0.1049,986.1628,986.3802,0.2174,986.6056,986.9951,0.3896,987.0055,987.5089,0.5034,987.3533,988.0772,0.724,949.5932,949.7497,0.1565,950.0807,950.367,0.2863,950.5625,950.8867,0.3242,951.0393,951.5525,0.5132,951.5956,952.1583,0.5627,1.83,1.588,-0.78,1.55,-0.28,-3.7612001156935624,0.6926633632785888,-3.1780538303479458,0.7392277101362051,2.1972245773362196,0.8979694907674796,-2.8903717578961645,0.8743338407865708,-2.8903717578961645,0.7815544605926823,-1.6094379124341003,0.8549819600709617,-4.30406509320417,0.7980451280954496,0.6368760264768826,9.0,2.0,36.0,0.0,0.0,-2.0794415416798357,0.6291528696058958,-0.6931471805599453,0.927960727138337,0.6931471805599453,0.5773502691896258,0.0,0.816496580927726,-1.0986122886681098,0.5773502691896258,-0.6931471805599453,0.0,-2.0794415416798357,0.7798878818298873,0.6082251082251082,0.0,1.0,1.0,1.0,0.0,2.9444389791664403,0.7636477556680449,-3.6635616461296463,0.6892845001680697,0.0,0.0,1.0986122886681098,0.0,-1.3862943611198906,0.0,-2.9444389791664403,0.0,-3.5263605246161616,0.8534411020224281,0.7283617146212564,0.0,0.0,44.0,1.0,0.0,-4.68213122712422,2.6280305933084307,-1.0986122886681098,0.6030226891555273,0.6931471805599453,0.7253576985527025,-1.3862943611198906,0.8660254037844386,-7.44716835960004,3.63997073220298,-1.3862943611198906,2.39740564262327,-9.806095206527479,0.6425116837565417,0.4378305042214817,11.0,1.0,18.0,1.0,0.0,-0.6931471805599453,0.7071067811865476,-0.6931471805599453,0.7071067811865476,-0.6931471805599453,0.7071067811865476,-0.6931471805599453,0.0,0.0,0.0,0.0,0.0,-0.6931471805599453,0.7071067811865476,0.5,1.0,0.0,0.0,0.0,0.0,-8.271481085891123,5.420601363047508,-9.326522126265592,3.6666024077846866,2.890371757896165,2.9077842396963556,-3.8712010109078907,2.5568558254987357,-12.822446767284205,4.998875461985288,-6.633318433280376,3.252387602694232,-20.409109546587594,3.780992576890854,2.9112933535447287,21.0,4.0,99.0,3.0,0.0
2019-12-11,meeting_date,257.936,0.0,265.62,2.130899191780933,110.133,1.1972801617201156,112.169,1.224596614085116,3.5,152252.0,21542.104,112.656,4.562,1.55,1.54,1.54,1.61,1.64,1.79,14.99,1.69,0.18,0.04,2.5,-0.2778552179488873,19023.8,3.6,2.9,-1.0620000000000005,-0.7754033859148839,0.1799999999999999,3.7501808509010193,3.5474356590229945,4.3099181280904935,2.0384733236327213,1.5652689064222844,2.110224573911484,2.233320448889271,2.2765497377958104,0.1094808509010194,-0.1869643409770054,-19200.23598187191,-19480.481326676367,-0.5602310935777157,0.0092245739114833,3.6,3.5,2.3,2.0,1.6,2.1,2019Q4,0.1170212765957446,0.0797084889145431,0.0,0.0,0.0,0.0,2.3,1.78,-0.561,5.4,0.2999999999999998,-0.0020999999999999,0.0,0.0193864839005033,-0.0193864839005033,21510.8874,21566.3,55.4126,21729.0607,21791.0781,62.0174,21927.6085,22033.3673,105.7588,22100.6394,22254.9551,154.3157,22273.5832,22503.2823,229.6991,3.6,3.7,0.1,3.5667,3.7013,0.1347,3.5,3.8,0.3,3.5,3.8,0.3,3.452,3.9,0.448,1.5,2.2449,0.7449,1.7272,2.4,0.6728,1.8925,2.358,0.4655,1.7,2.3,0.6,1.896,2.3,0.404,1.5,2.1,0.6,1.7,2.2,0.5,1.7,2.1,0.4,1.6021,2.1,0.4979,1.6632,2.0603,0.397,3.2825,4.3508,1.0684,3.6689,4.4959,0.827,3.5462,4.4308,0.8846,3.3772,4.4782,1.101,3.515,4.6196,1.1045,1.6557,2.083,0.4273,1.679,2.2185,0.5395,1.6427,2.3,0.6573,1.6774,2.2595,0.5822,1.5,2.25,0.75,1.9594,2.5995,0.6401,1.9836,2.4,0.4164,1.78,2.4839,0.7039,2.049,2.4253,0.3763,1.8381,2.4623,0.6242,997.6314,997.8887,0.2573,998.6406,998.9256,0.285,999.5502,1000.0313,0.4811,1000.3362,1001.032,0.6958,1001.1157,1002.1416,1.026,128.0934,130.8333,2.7399,127.1631,130.8691,3.706,125.2763,133.5001,8.2238,125.2763,133.5001,8.2238,123.8961,136.0977,12.2016,985.7551,985.86,0.1049,986.1628,986.3802,0.2174,986.6056,986.9951,0.3896,987.0055,987.5089,0.5034,987.3533,988.0772,0.724,949.5932,949.7497,0.1565,950.0807,950.367,0.2863,950.5625,950.8867,0.3242,951.0393,951.5525,0.5132,951.5956,952.1583,0.5627,1.55,1.5655,-0.35,1.55,0.0,-2.70805020110221,0.7071067811865475,-3.295836866004329,0.6904836542364176,1.3862943611198906,0.8794486634766248,-1.9459101490553132,0.9117104644358797,2.833213344056216,0.6575129141874191,-1.791759469228055,0.7334928056269079,-3.044522437723423,0.8188532930339517,0.6705207155125468,5.0,4.0,25.0,1.0,0.0,-2.1972245773362196,0.6324555320336759,-0.6931471805599453,0.8345229603962802,-0.6931471805599453,0.5773502691896258,-1.3862943611198906,0.0,-0.6931471805599453,1.1547005383792517,-0.6931471805599453,0.5773502691896258,-1.9459101490553132,0.7837638128197257,0.6142857142857141,0.0,0.0,3.0,1.0,0.0,0.0,0.0,-0.6931471805599453,1.0444659357341868,4.204692619390966,0.5019047688023744,0.0,0.0,0.0,0.0,0.0,0.0,4.189654742026425,0.5788621687833008,0.3350814104485066,0.0,0.0,0.0,0.0,0.0,-12.153346746507093,3.0661302327472,-11.040839669520167,3.317671659554579,3.58351893845611,3.198314993522482,-5.3471075307174685,2.4259020696148084,-4.68213122712422,2.8585139707507836,-6.4457198193855785,2.840947490245913,-14.853871655082187,0.725476997656149,0.5333509070287253,13.0,4.0,27.0,2.0,0.0,0.0,0.0,0.0,0.0,0.0,0.0,0.0,0.0,0.0,0.0,0.0,0.0,0.0,0.0,0.0,0.0,0.0,0.0,0.0,0.0,-17.058621524945522,4.405692545967423,-15.722970896644387,5.8871442099214635,8.481358738407021,5.157018694991107,-8.679312040892672,3.337612534050688,-2.542065063627949,4.670727423317454,-8.930626469173578,4.151790565062447,-15.654649499834498,2.9069562722931273,2.153238747275493,18.0,8.0,55.0,4.0,0.0
2020-01-29,meeting_date,258.501,0.0,265.921,2.0022938155204617,110.373,1.5026807309244994,112.399,1.395554432937618,3.5,152383.0,21542.54,112.664,4.438201973,1.55,1.53,1.53,1.42,1.41,1.6,16.39,1.64,0.18,-0.17,2.5,-0.2391326412697729,19112.5,3.6,1.8,-0.938201973,-0.6044455670623821,0.1800000000000001,3.630751600915222,3.4045939353742245,4.314554328102066,2.0370865938885245,1.7079242326846564,2.2719442327661805,2.218576979210848,2.327238319852922,0.0020516009152222,-0.3385060646257756,-19278.722645671896,-19545.61791340611,-0.4686757673153436,0.1749442327661805,3.5,3.3,2.6,2.1,1.4,2.3,2020Q1,0.1202185792349727,0.0870779458468433,0.0,0.0,0.0,0.0,2.5,1.7,-0.623,0.0,0.5,0.0393000000000001,0.015,0.0263957009415158,-0.0113957009415158,21694.3115,21740.0,45.6885,21892.825,21944.9987,52.1737,22090.3613,22185.0,94.6387,22295.3039,22410.0,114.6961,22486.2326,22645.0,158.7674,3.5573,3.7,0.1427,3.5,3.73,0.23,3.5,3.8,0.3,3.4934,3.9,0.4066,3.4652,3.9519,0.4867,1.5023,2.0675,0.5652,1.9106,2.4399,0.5294,1.811,2.3,0.489,1.9044,2.3,0.3956,1.8266,2.3646,0.538,1.5,1.9,0.4,1.8,2.2173,0.4173,1.7928,2.1,0.3072,1.7181,2.0731,0.3549,1.7182,2.1,0.3818,3.1683,4.0401,0.8718,3.4944,4.1233,0.6289,3.675,4.5038,0.8288,3.5017,4.2274,0.7257,3.445,4.261,0.816,1.4667,2.0094,0.5427,1.6096,2.191,0.5814,1.6167,2.25,0.6333,1.4029,2.2445,0.8415,1.5442,2.2,0.6558,2.1268,2.4737,0.3469,1.8925,2.3959,0.5035,1.9724,2.5229,0.5505,1.8865,2.4916,0.6051,1.6671,2.4388,0.7717,998.4805,998.6909,0.2104,999.3914,999.6295,0.238,1000.2897,1000.7172,0.4275,1001.2131,1001.7263,0.5131,1002.0659,1002.7694,0.7036,126.9007,130.8333,3.9326,125.2763,131.6408,6.3645,125.2763,133.5001,8.2238,125.0869,136.0977,11.0107,124.2782,137.4197,13.1415,986.1738,986.3072,0.1334,986.5674,986.7684,0.201,986.9932,987.3461,0.3529,987.3997,987.778,0.3782,987.8026,988.2639,0.4613,950.4061,950.4909,0.0848,950.8823,951.042,0.1597,951.3467,951.682,0.3353,951.8321,952.3281,0.496,952.2828,952.9185,0.6357,1.55,1.595,-0.25,0.65,-0.9,-2.995732273553991,0.7199570833615748,-3.2188758248682006,0.6704268017695296,1.0986122886681098,0.9191951838952687,-1.3862943611198906,0.9065534073951574,-2.302585092994046,0.8607504271284837,-2.0794415416798357,0.7302967433402214,-3.2188758248682006,0.8389378651237266,0.703816741538356,10.0,3.0,27.0,1.0,0.0,-0.6931471805599453,0.927960727138337,0.0,0.0,0.0,0.0,0.0,0.0,0.0,0.0,0.0,0.0,-0.6931471805599453,0.927960727138337,0.8611111111111112,0.0,0.0,0.0,1.0,0.0,-4.477336814478207,0.20613306986226757,0.0,0.0,-3.258096538021482,0.0,0.0,0.0,-2.772588722239781,0.7199114009717927,0.0,0.0,-4.634728988229636,0.5228479627430334,0.27336999214454044,0.0,0.0,0.0,0.0,0.0,-2.4849066497880004,1.7573430658420328,-0.6931471805599453,0.0,2.0794415416798357,0.8702602720890289,3.1780538303479453,1.7319468306021695,-2.159484249353372,3.468729209396159,0.6931471805599453,0.7071067811865476,-0.9162907318741553,0.7772443482996975,0.6112416505063564,3.0,1.0,9.0,0.0,0.0,0.0,0.0,0.0,0.0,0.0,0.0,0.0,0.0,0.0,0.0,0.0,0.0,0.0,0.0,0.0,0.0,0.0,0.0,0.0,0.0,-10.651122918380143,3.6113939462042124,-3.912023005428146,0.6704268017695296,-0.0800427076735366,1.7894554559842977,1.7917594692280547,2.638500237997327,-7.234658064587199,5.049391037496435,-1.3862943611198904,1.437403524526769,-9.463042725531936,3.066990903304794,2.449539495300364,13.0,4.0,36.0,2.0,0.0
2020-03-03,meeting_date,258.82,1.711564572305635,266.476,1.9742305322653968,110.615,1.4221007848602696,112.659,1.5311824080749936,3.6,152186.0,21726.779,113.04,4.438201973,0.65,0.93,0.82,0.71,0.77,1.02,36.82,1.45,0.31,-0.57,2.5,1.196300088596844,19112.5,3.6,1.8,-0.8382019729999999,-0.4688175919250064,0.31,3.760747864287892,3.5044143541967863,2.9884525115403653,2.675655515209173,0.7022663308747537,2.264855116534392,1.9915530361035447,2.1912579487374986,0.1320478642878919,-0.2386856458032138,-19280.048747488458,-19544.97934448479,-1.4743336691252464,0.1678551165343917,3.6,3.4,1.3,2.8,0.4,2.3,2020Q1,0.6482412060301508,0.5770907739964628,0.0,0.0,0.0,0.0,2.2,1.56,-0.296,0.0,0.2000000000000001,-1.0428000000000002,-0.25603,-0.2088847319370682,-0.0471452680629317,21694.3115,21740.0,45.6885,21892.825,21944.9987,52.1737,22090.3613,22185.0,94.6387,22295.3039,22410.0,114.6961,22486.2326,22645.0,158.7674,3.5573,3.7,0.1427,3.5,3.73,0.23,3.5,3.8,0.3,3.4934,3.9,0.4066,3.4652,3.9519,0.4867,1.5023,2.0675,0.5652,1.9106,2.4399,0.5294,1.811,2.3,0.489,1.9044,2.3,0.3956,1.8266,2.3646,0.538,1.5,1.9,0.4,1.8,2.2173,0.4173,1.7928,2.1,0.3072,1.7181,2.0731,0.3549,1.7182,2.1,0.3818,3.1683,4.0401,0.8718,3.4944,4.1233,0.6289,3.675,4.5038,0.8288,3.5017,4.2274,0.7257,3.445,4.261,0.816,1.4667,2.0094,0.5427,1.6096,2.191,0.5814,1.6167,2.25,0.6333,1.4029,2.2445,0.8415,1.5442,2.2,0.6558,2.1268,2.4737,0.3469,1.8925,2.3959,0.5035,1.9724,2.5229,0.5505,1.8865,2.4916,0.6051,1.6671,2.4388,0.7717,998.4805,998.6909,0.2104,999.3914,999.6295,0.238,1000.2897,1000.7172,0.4275,1001.2131,1001.7263,0.5131,1002.0659,1002.7694,0.7036,126.9007,130.8333,3.9326,125.2763,131.6408,6.3645,125.2763,133.5001,8.2238,125.0869,136.0977,11.0107,124.2782,137.4197,13.1415,986.1738,986.3072,0.1334,986.5674,986.7684,0.201,986.9932,987.3461,0.3529,987.3997,987.778,0.3782,987.8026,988.2639,0.4613,950.4061,950.4909,0.0848,950.8823,951.042,0.1597,951.3467,951.682,0.3353,951.8321,952.3281,0.496,952.2828,952.9185,0.6357,0.65,1.0541,-4.37,0.65,0.0,-2.995732273553991,0.7199570833615748,-3.2188758248682006,0.6704268017695296,1.0986122886681098,0.9191951838952687,-1.3862943611198906,0.9065534073951574,-2.302585092994046,0.8607504271284837,-2.0794415416798357,0.7302967433402214,-3.2188758248682006,0.8389378651237266,0.703816741538356,10.0,3.0,27.0,1.0,0.0,-1.3862943611198906,0.0,0.0,0.0,0.0,0.0,-1.0986122886681098,0.0,0.0,0.0,-1.3862943611198906,0.5,-1.791759469228055,0.408248290463863,0.16666666666666669,1.0,0.0,1.0,0.0,0.0,-2.772588722239781,0.3321055820775357,-2.4849066497880004,0.0,0.0,0.0,-3.295836866004329,0.0,-1.6094379124341003,0.49236596391733095,0.0,0.0,-3.6375861597263857,0.4136880894317002,0.1711378353376504,0.0,0.0,0.0,1.0,0.0,-6.674561391814427,1.7432188483617692,-2.772588722239781,0.7920824002467883,1.3862943611198906,0.8660254037844386,-2.0794415416798357,0.9161253813129043,-4.813809051099419,4.172722070229247,0.4054651081081645,0.7378647873726218,-7.2236082284006145,0.7476851595002386,0.6125252362017068,7.0,0.0,12.0,1.0,0.0,-0.6931471805599453,0.0,0.0,0.0,0.0,0.0,0.0,0.0,0.0,0.0,-0.6931471805599453,0.0,-0.6931471805599453,,,0.0,0.0,0.0,0.0,0.0,-11.526591655734043,2.075324430439305,-5.2574953720277815,0.7920824002467883,1.3862943611198906,0.8660254037844386,-6.473890696352274,0.9161253813129043,-6.423246963533519,4.665088034146578,-1.6739764335716714,1.2378647873726218,-13.346101037915,1.569621539395802,0.950329738206024,8.0,0.0,13.0,2.0,0.0
2020-03-15,meeting_date,259.05,1.711564572305635,267.07,2.2015406575155883,110.615,1.4221007848602696,112.659,1.5311824080749936,3.5,152544.0,21726.779,113.04,4.438201973,0.65,0.27,0.37,0.49,0.7,0.94,57.83,0.9,0.45,0.17,2.5,1.196300088596844,19112.5,3.6,1.8,-0.938201973,-0.4688175919250064,0.4499999999999999,,,,,,,,,,,,,,,,,,,,,2020Q1,0.7207792207792207,0.59230685244003,1.0,0.0,1.0,1.0,2.2,1.27,0.03,0.0,0.2000000000000001,-0.4115,,,,21694.3115,21740.0,45.6885,21892.825,21944.9987,52.1737,22090.3613,22185.0,94.6387,22295.3039,22410.0,114.6961,22486.2326,22645.0,158.7674,3.5573,3.7,0.1427,3.5,3.73,0.23,3.5,3.8,0.3,3.4934,3.9,0.4066,3.4652,3.9519,0.4867,1.5023,2.0675,0.5652,1.9106,2.4399,0.5294,1.811,2.3,0.489,1.9044,2.3,0.3956,1.8266,2.3646,0.538,1.5,1.9,0.4,1.8,2.2173,0.4173,1.7928,2.1,0.3072,1.7181,2.0731,0.3549,1.7182,2.1,0.3818,3.1683,4.0401,0.8718,3.4944,4.1233,0.6289,3.675,4.5038,0.8288,3.5017,4.2274,0.7257,3.445,4.261,0.816,1.4667,2.0094,0.5427,1.6096,2.191,0.5814,1.6167,2.25,0.6333,1.4029,2.2445,0.8415,1.5442,2.2,0.6558,2.1268,2.4737,0.3469,1.8925,2.3959,0.5035,1.9724,2.5229,0.5505,1.8865,2.4916,0.6051,1.6671,2.4388,0.7717,998.4805,998.6909,0.2104,999.3914,999.6295,0.238,1000.2897,1000.7172,0.4275,1001.2131,1001.7263,0.5131,1002.0659,1002.7694,0.7036,126.9007,130.8333,3.9326,125.2763,131.6408,6.3645,125.2763,133.5001,8.2238,125.0869,136.0977,11.0107,124.2782,137.4197,13.1415,986.1738,986.3072,0.1334,986.5674,986.7684,0.201,986.9932,987.3461,0.3529,987.3997,987.778,0.3782,987.8026,988.2639,0.4613,950.4061,950.4909,0.0848,950.8823,951.042,0.1597,951.3467,951.682,0.3353,951.8321,952.3281,0.496,952.2828,952.9185,0.6357,0.65,0.7856,-4.37,0.5,-0.15000000000000002,-3.871201010907891,0.3752115997105226,-2.8903717578961645,0.42893202722888857,-1.0986122886681098,0.8522416262267904,-3.091042453358316,0.7735737130957593,-4.248495242049359,0.6918192403989201,-2.995732273553991,0.6672040844618538,-4.9344739331306915,0.7039025394672175,0.49547878506839765,14.0,0.0,40.0,1.0,0.0,-2.5649493574615367,0.0,-1.0986122886681098,0.0,-1.0986122886681098,0.0,-1.0986122886681098,0.0,-2.1972245773362196,0.6324555320336759,0.0,0.0,-2.70805020110221,0.5,0.25,1.0,0.0,2.0,1.0,0.0,-3.4965075614664802,0.49379311463208475,0.0,0.0,0.0,0.0,-1.0986122886681098,0.0,-0.6931471805599453,1.0084389681792214,0.0,0.0,-1.3862943611198906,0.8514281954391665,0.7249299719887954,3.0,0.0,0.0,0.0,0.0,-6.674561391814427,1.7432188483617692,-2.772588722239781,0.7920824002467883,1.3862943611198906,0.8660254037844386,-2.0794415416798357,0.9161253813129043,-4.813809051099419,4.172722070229247,0.4054651081081645,0.7378647873726218,-7.2236082284006145,0.7476851595002386,0.6125252362017068,7.0,0.0,12.0,1.0,0.0,-2.3978952727983707,0.30151134457776363,-1.3862943611198906,0.5,-1.0986122886681098,0.5773502691896258,-1.0986122886681098,0.0,-1.9459101490553132,0.37796447300922725,-0.6931471805599453,0.7071067811865476,-2.3978952727983707,0.30151134457776363,0.0909090909090909,0.0,0.0,1.0,1.0,0.0,-12.33055320263428,1.170516058920371,-5.375278407684165,0.9289320272288886,-3.295836866004329,1.4295918954164164,-6.386879319362645,0.7735737130957593,-9.084777149000837,2.7106782136210446,-3.6888794541139363,1.3743108656484013,-11.426713768151163,2.3568420794841476,1.561317847966284,18.0,0.0,43.0,3.0,0.0
2020-04-29,meeting_date,257.953,1.3732481378190498,266.795,1.8943227605171309,110.784,1.262305421240728,112.917,1.5148518411967735,4.4,151786.0,21537.94,113.43,4.431094822,0.05,0.1,0.12,0.2,0.36,0.63,31.23,1.14,0.43,-0.42,2.5,0.6534142372104133,19219.8,3.5,2.6,-0.0310948219999991,-0.4851481588032262,0.43,10.65079073500149,6.274589420930389,13.136955637396603,4.862715599679914,2.227815827380176,1.7366095316036714,2.288731408247094,1.7687896791838644,7.128790735001489,2.693989420930389,-19388.1410443626,-19696.33908440032,0.251815827380176,-0.4379904683963285,11.1,6.2,28.9,4.7,2.6,1.7,2020Q2,0.5043478260869565,0.292694403444354,0.0,0.0,0.0,0.0,2.1,1.5,0.16,41.5,0.1,-0.0766,-0.03,-0.0310470814765071,0.0010470814765071,21894.43,21947.0086,52.5786,22100.6896,22186.0555,85.3659,22301.1649,22441.2642,140.0993,22521.0352,22673.3224,152.2871,22705.2512,22909.1048,203.8536,3.5,3.6,0.1,3.4,3.6,0.2,3.4328,3.6776,0.2449,3.4127,3.7,0.2873,3.378,3.7396,0.3616,1.69,2.2,0.51,1.7,2.25,0.55,2.0,2.4157,0.4157,2.0,2.4266,0.4266,1.9287,2.4615,0.5328,1.4,1.9,0.5,1.7,2.0,0.3,1.6886,2.1,0.4114,1.8096,2.1,0.2904,1.7774,2.1674,0.39,2.9798,3.9726,0.9928,3.5827,4.5502,0.9675,3.6167,4.4,0.7833,3.7625,4.5793,0.8168,3.6886,4.6175,0.9289,1.3123,2.0382,0.7258,1.6912,2.4832,0.792,1.6893,2.3477,0.6584,1.828,2.4066,0.5786,1.8287,2.3008,0.4722,1.8771,2.5,0.6229,1.9,2.5,0.6,1.889,2.4695,0.5805,1.9372,2.4331,0.4959,1.9794,2.3113,0.3319,999.3988,999.6386,0.2399,1000.3364,1000.7219,0.3855,1001.2394,1001.8657,0.6263,1002.2205,1002.8944,0.6739,1003.0352,1003.929,0.8938,125.2763,128.0934,2.8171,122.3775,128.0934,5.7158,123.3363,130.2266,6.8902,122.7499,130.8333,8.0833,121.7289,131.8984,10.1695,986.6955,986.874,0.1786,987.1696,987.4742,0.3047,987.5808,988.0402,0.4593,988.0091,988.6046,0.5955,988.5212,989.0924,0.5712,950.8547,951.0071,0.1524,951.3624,951.6727,0.3103,951.8745,952.2322,0.3577,952.3332,952.8088,0.4756,952.8494,953.305,0.4557,0.5,0.043,-18.28,0.4,-0.09999999999999998,-3.091042453358316,0.7462518119793855,-3.044522437723423,0.5256931389634797,-3.091042453358316,0.5063696835418333,-4.060443010546419,0.4148679122508568,-3.58351893845611,0.8992810236815948,-2.5649493574615367,0.6761234037828133,-4.859812404361672,0.7712203726334893,0.5947808631649381,11.0,0.0,43.0,1.0,0.0,-2.4849066497880004,0.8255779474818966,0.0,0.0,0.0,1.0,-1.3862943611198906,0.0,-2.3978952727983707,0.5991446895152781,-1.3862943611198906,0.0,-2.833213344056216,0.7901510136288028,0.6243386243386245,0.0,0.0,4.0,1.0,0.0,-4.07753744390572,0.21803894974650143,0.0,0.0,-3.4339872044851463,0.0,0.0,0.0,-1.9459101490553132,1.0,1.3862943611198906,0.0,-3.912023005428146,0.8144944775248603,0.6634012539184951,3.0,0.0,2.0,0.0,0.0,-2.0794415416798357,0.8090398349558904,0.0,0.0,0.0,1.4142135623730951,-1.3862943611198906,0.0,-1.0986122886681098,1.0,0.0,1.1547005383792515,-1.791759469228055,0.985184366143778,0.9705882352941176,0.0,0.0,1.0,1.0,0.0,-1.791759469228055,0.408248290463863,-1.3862943611198906,0.5,-1.0986122886681098,0.5773502691896258,-0.6931471805599453,0.0,-1.0986122886681098,0.5773502691896258,-1.0986122886681098,0.5773502691896258,-1.791759469228055,0.408248290463863,0.16666666666666669,0.0,0.0,1.0,1.0,0.0,-13.524687557959927,3.007156834627537,-4.430816798843313,1.0256931389634798,-7.623641946511572,3.4979335151045543,-7.526178913346146,0.4148679122508568,-10.124548937646013,4.0757759823864985,-3.6635616461296467,2.4081742113516906,-15.188567692302144,3.7692985203947935,3.019775643382842,14.0,0.0,51.0,4.0,0.0
2020-06-10,meeting_date,255.768,1.191063499894307,265.441,0.9569268802890328,109.99,0.3073331327004158,112.39,0.6645887073660095,13.3,132912.0,21534.907,113.493,4.431094822,0.08,0.17,0.19,0.17,0.33,0.75,27.57,1.27,0.58,-0.67,2.5,0.0541114310042445,19219.8,3.5,2.6,8.868905178000002,-1.3354112926339905,0.58,9.897802491903963,7.164720890436428,11.801338191405614,5.90061197226428,2.158145543721246,1.7664926225980155,2.3217222538600866,1.796479920810228,6.375802491903963,3.584120890436428,-19389.476661808592,-19695.301188027734,0.182145543721246,-0.4081073774019843,9.9,7.6,24.1,6.7,2.5,1.7,2020Q2,0.0991379310344827,0.0522110369110085,0.0,0.0,0.0,0.0,3.0,1.54,-0.316,41.5,1.0,0.0166,0.0,0.0437457886923315,-0.0437457886923315,21894.43,21947.0086,52.5786,22100.6896,22186.0555,85.3659,22301.1649,22441.2642,140.0993,22521.0352,22673.3224,152.2871,22705.2512,22909.1048,203.8536,3.5,3.6,0.1,3.4,3.6,0.2,3.4328,3.6776,0.2449,3.4127,3.7,0.2873,3.378,3.7396,0.3616,1.69,2.2,0.51,1.7,2.25,0.55,2.0,2.4157,0.4157,2.0,2.4266,0.4266,1.9287,2.4615,0.5328,1.4,1.9,0.5,1.7,2.0,0.3,1.6886,2.1,0.4114,1.8096,2.1,0.2904,1.7774,2.1674,0.39,2.9798,3.9726,0.9928,3.5827,4.5502,0.9675,3.6167,4.4,0.7833,3.7625,4.5793,0.8168,3.6886,4.6175,0.9289,1.3123,2.0382,0.7258,1.6912,2.4832,0.792,1.6893,2.3477,0.6584,1.828,2.4066,0.5786,1.8287,2.3008,0.4722,1.8771,2.5,0.6229,1.9,2.5,0.6,1.889,2.4695,0.5805,1.9372,2.4331,0.4959,1.9794,2.3113,0.3319,999.3988,999.6386,0.2399,1000.3364,1000.7219,0.3855,1001.2394,1001.8657,0.6263,1002.2205,1002.8944,0.6739,1003.0352,1003.929,0.8938,125.2763,128.0934,2.8171,122.3775,128.0934,5.7158,123.3363,130.2266,6.8902,122.7499,130.8333,8.0833,121.7289,131.8984,10.1695,986.6955,986.874,0.1786,987.1696,987.4742,0.3047,987.5808,988.0402,0.4593,988.0091,988.6046,0.5955,988.5212,989.0924,0.5712,950.8547,951.0071,0.1524,951.3624,951.6727,0.3103,951.8745,952.2322,0.3577,952.3332,952.8088,0.4756,952.8494,953.305,0.4557,0.4,0.0725,6.31,0.25,-0.15000000000000002,-3.7376696182833684,0.5771808340372787,-3.332204510175204,0.4646601886422926,-3.044522437723423,0.6064784348631227,-3.332204510175204,0.8184200148791065,-2.1972245773362196,0.8661762136077471,-2.6390573296152584,0.6929348671835833,-4.48863636973214,0.7767588508902048,0.6033543124362715,13.0,2.0,29.0,1.0,0.0,-0.6931471805599453,0.7071067811865476,0.0,0.0,0.0,0.0,0.0,0.0,0.0,0.0,0.0,1.0,0.0,0.816496580927726,0.6666666666666666,2.0,0.0,0.0,1.0,0.0,-1.3862943611198906,0.6977122711211273,-2.0794415416798357,0.0,1.9459101490553132,0.0,0.0,0.0,-3.828641396489095,0.8937844117641814,-2.833213344056216,0.0,-4.143134726391533,0.8635795752136595,0.7457696827262046,0.0,0.0,0.0,0.0,0.0,-2.1972245773362196,0.7559289460184544,-1.0986122886681098,0.0,-1.6094379124341003,0.816496580927726,-2.1972245773362196,0.0,-2.0794415416798357,0.3535533905932738,-3.091042453358316,0.48795003647426666,-4.060443010546419,0.6115420998078532,0.37398373983739835,4.0,0.0,7.0,1.0,0.0,-1.6094379124341003,0.5163977794943223,-1.0986122886681098,0.5773502691896257,-0.6931471805599453,0.5773502691896258,-0.6931471805599453,0.0,-1.0986122886681098,0.5773502691896258,-0.6931471805599453,0.5773502691896258,-1.6094379124341003,0.5163977794943223,0.2666666666666667,0.0,0.0,1.0,1.0,0.0,-9.623773649733524,3.2543266118577305,-7.608870629191259,1.0420104578319183,-3.401197381662155,2.0003252849804745,-6.222576268071369,0.8184200148791065,-9.20391980417326,2.690864285154828,-9.256460307589736,2.758235172847476,-14.301652019104193,3.584774886333766,2.6564410683332076,19.0,2.0,37.0,4.0,0.0
2020-07-29,meeting_date,257.214,0.9203903360967214,266.065,0.9401070614256436,110.112,0.1846982503707517,112.499,0.5550689143531295,11.1,137802.0,21539.689,113.502,4.424092132,0.09,0.11,0.12,0.12,0.25,0.58,24.1,1.53,0.46,-1.13,2.5,-0.1592269099066037,18987.9,3.8,1.2,6.675907868,-1.4449310856468705,0.4599999999999999,8.753349680691148,5.889933402056488,10.9173022419896,5.093666798673448,2.120216644703927,1.9682718585666013,2.148655470238229,1.8148079002172044,-4.536750319308853,-3.2940665979435115,-17656.78679775801,-18372.97613320133,0.5023166447039269,0.0824718585666013,8.9,5.9,8.7,4.0,1.9,2.0,2020Q3,0.0966386554621848,0.0709091029421405,0.0,0.0,0.0,0.0,3.0,1.68,-0.459,71.2,1.0,-0.01,0.005,0.0187266087190639,-0.0137266087190639,19172.3,19967.5322,795.2322,19685.8907,20553.4242,867.5335,20019.9,20977.078,957.178,20444.8724,21395.1314,950.259,20805.5937,21703.6211,898.0274,14.4971,17.6043,3.1071,10.6909,15.3882,4.6973,8.9451,14.0,5.0549,7.9333,12.1,4.1667,7.0,11.0,4.0,-4.0,-0.26,3.74,1.1672,2.0469,0.8797,1.55,2.3608,0.8108,1.4,2.4034,1.0034,1.5274,2.255,0.7276,-2.4,0.6998,3.0998,0.7796,1.8,1.0204,1.2,2.0,0.8,1.3,2.0,0.7,1.1,2.0,0.9,-37.211,-26.1273,11.0837,2.4172,20.345,17.9278,5.7418,10.6789,4.9371,4.0289,8.2465,4.2176,4.2666,8.1339,3.8673,-36.0584,-26.5933,9.4651,0.9752,20.305,19.3298,4.1122,9.478,5.3658,2.5583,6.5241,3.9658,2.5495,6.0119,3.4624,-41.4026,-23.0,18.4026,5.4,22.6,17.2,3.8432,12.5541,8.7109,2.1,7.4493,5.3493,2.4624,6.7052,4.2428,986.1222,990.1863,4.0641,988.7657,993.0783,4.3125,990.4482,995.1186,4.6704,992.5487,997.0919,4.5431,994.2977,998.5234,4.2257,267.3951,286.8142,19.4191,236.9395,273.3602,36.4207,219.111,263.9057,44.7947,207.1073,249.3205,42.2132,194.591,239.7895,45.1985,973.9757,977.4269,3.4512,975.327,980.4129,5.0858,977.2541,982.3199,5.0658,978.7727,983.5127,4.7399,980.022,984.5754,4.5534,935.0785,941.9064,6.8279,938.2553,943.9612,5.7059,939.7709,945.9003,6.1294,941.1014,946.9854,5.884,942.5902,948.1718,5.5815,0.25,0.08,2.64,0.08,-0.16999999999999998,-3.1780538303479458,0.7101068234288922,-2.833213344056216,0.6349504353380415,-2.6390573296152584,0.721060008759246,-2.8903717578961645,0.8721893634494093,-3.1780538303479458,0.877896146186583,-2.6390573296152584,0.5882299658752715,-4.31748811353631,0.8318679085388152,0.6920042172567425,15.0,0.0,27.0,1.0,0.0,-0.6931471805599453,0.7071067811865476,0.0,0.0,0.0,0.0,0.0,0.0,0.0,0.0,0.0,1.0,0.0,0.816496580927726,0.6666666666666666,2.0,0.0,0.0,1.0,0.0,-2.0794415416798357,0.34459195570214224,0.0,0.0,0.0,0.0,0.0,0.0,2.5649493574615367,0.0,0.0,0.0,1.791759469228055,0.47699554764719504,0.2275247524752475,0.0,0.0,0.0,0.0,0.0,-4.007333185232471,1.5697286241230497,-3.465735902799726,1.5693757487104687,-3.091042453358316,1.471777460189542,-2.8903717578961645,1.7947880328634738,-2.484906649788,2.516939690744523,-3.58351893845611,2.1347036623954483,-5.9168756901169095,0.8308693863418639,0.6935964196833762,6.0,1.0,24.0,1.0,0.0,-1.791759469228055,0.408248290463863,-1.3862943611198906,0.5,-1.0986122886681098,0.5773502691896258,-0.6931471805599453,0.0,-1.0986122886681098,0.5773502691896258,-1.0986122886681098,0.5773502691896258,-1.791759469228055,0.408248290463863,0.16666666666666669,0.0,0.0,1.0,1.0,0.0,-11.056588026488308,3.0326756937179473,-7.685243607975833,2.70432618404851,-6.828712071641684,2.770187738138414,-6.473890696352274,2.666977396312883,-4.196623411342519,3.972186106120732,-7.321188556739478,3.3002838974603455,-10.23436380365322,2.5479811329917372,1.7797920560820328,21.0,1.0,52.0,3.0,0.0
2020-09-16,meeting_date,259.681,0.7213758754135879,268.747,1.535805230427445,111.146,0.8886508664118997,113.463,1.0338195223593472,8.4,140914.0,19486.509,112.755,4.382772909499579,0.09,0.12,0.12,0.14,0.28,0.69,26.04,1.68,0.55,-1.29,2.5,0.0011893329276775,18987.9,3.8,1.2,4.0172270905004215,-0.9661804776406528,0.5499999999999999,7.743442949516655,5.650068395713476,10.02726147676136,6.35945463947916,2.082048946978184,1.9857501651904053,2.356352107250417,1.8007807168824113,-5.546657050483345,-3.533931604286523,-17657.67683852324,-18371.710345360523,0.4641489469781843,0.0999501651904055,7.4,5.5,4.5,6.3,2.2,2.0,2020Q3,0.343859649122807,0.1982329495805923,2.0,0.0,2.0,1.0,2.6,1.79,-0.502,71.2,0.6000000000000001,0.0192,-0.00536,0.027700072761811,-0.033060072761811,19172.3,19967.5322,795.2322,19685.8907,20553.4242,867.5335,20019.9,20977.078,957.178,20444.8724,21395.1314,950.259,20805.5937,21703.6211,898.0274,14.4971,17.6043,3.1071,10.6909,15.3882,4.6973,8.9451,14.0,5.0549,7.9333,12.1,4.1667,7.0,11.0,4.0,-4.0,-0.26,3.74,1.1672,2.0469,0.8797,1.55,2.3608,0.8108,1.4,2.4034,1.0034,1.5274,2.255,0.7276,-2.4,0.6998,3.0998,0.7796,1.8,1.0204,1.2,2.0,0.8,1.3,2.0,0.7,1.1,2.0,0.9,-37.211,-26.1273,11.0837,2.4172,20.345,17.9278,5.7418,10.6789,4.9371,4.0289,8.2465,4.2176,4.2666,8.1339,3.8673,-36.0584,-26.5933,9.4651,0.9752,20.305,19.3298,4.1122,9.478,5.3658,2.5583,6.5241,3.9658,2.5495,6.0119,3.4624,-41.4026,-23.0,18.4026,5.4,22.6,17.2,3.8432,12.5541,8.7109,2.1,7.4493,5.3493,2.4624,6.7052,4.2428,986.1222,990.1863,4.0641,988.7657,993.0783,4.3125,990.4482,995.1186,4.6704,992.5487,997.0919,4.5431,994.2977,998.5234,4.2257,267.3951,286.8142,19.4191,236.9395,273.3602,36.4207,219.111,263.9057,44.7947,207.1073,249.3205,42.2132,194.591,239.7895,45.1985,973.9757,977.4269,3.4512,975.327,980.4129,5.0858,977.2541,982.3199,5.0658,978.7727,983.5127,4.7399,980.022,984.5754,4.5534,935.0785,941.9064,6.8279,938.2553,943.9612,5.7059,939.7709,945.9003,6.1294,941.1014,946.9854,5.884,942.5902,948.1718,5.5815,0.08,0.0954,0.5,-0.23,-0.31,-3.091042453358316,0.7276731386558881,-3.044522437723423,0.8532465073003033,-2.3978952727983707,0.8801300357856434,1.0986122886681098,0.8703170586535027,-2.0794415416798357,0.8015602320114714,-2.302585092994046,0.7109393663377318,-3.6109179126442243,0.8250489369939411,0.6807057484348321,8.0,4.0,27.0,1.0,0.0,-2.6390573296152584,0.4608885989624768,-1.3862943611198906,0.5477225575051662,-1.3862943611198906,0.5477225575051662,-0.6931471805599453,0.0,-1.3862943611198906,0.9161253813129043,-1.9459101490553132,0.4629100498862757,-2.833213344056216,0.6360490582953524,0.4045584045584046,1.0,0.0,0.0,1.0,0.0,-2.1972245773362196,0.869614257144486,2.5649493574615367,0.937611582221273,-2.5649493574615367,0.0,0.0,0.0,-1.0986122886681098,0.0,0.0,0.0,1.3862943611198906,0.9479079131248488,0.8985294117647059,0.0,0.0,2.0,0.0,0.0,-9.336091577281744,2.456445371237519,-6.269096283706261,2.3441771569785237,-1.897119984885881,2.221318276294292,0.6931471805599453,3.4670857851397656,-2.890371757896165,3.292499423609174,-4.0943445622221,2.818979534201022,-10.019669306825538,0.6681258018997651,0.5485844186364534,6.0,2.0,22.0,3.0,0.0,-1.6094379124341003,0.5345224838248488,-1.3862943611198906,0.5,-1.0986122886681098,0.5773502691896258,0.0,0.0,-0.6931471805599453,0.0,-0.6931471805599453,0.7071067811865476,-1.791759469228055,0.5175491695067657,0.26785714285714285,0.0,0.0,1.0,1.0,0.0,-18.87285385002564,5.049143849825219,-9.52125808620793,5.182757804005266,-9.344871264933788,4.226521138774728,1.0986122886681098,4.337402843793268,-8.147867129923947,5.010185036933549,-9.035986984831405,4.6999357316115775,-16.869265671634142,3.594680879820673,2.800235126251539,15.0,6.0,52.0,6.0,0.0
2020-11-05,meeting_date,260.209,0.2404741218815953,269.264,1.4173204620698376,111.679,1.1026516145970169,114.041,1.368876721095802,7.9,141720.0,21157.635,113.849,4.373103175739572,0.09,0.1,0.1,0.14,0.33,0.79,27.58,1.66,0.65,-1.22,2.5,-0.4644803043405316,17205.8,13.0,-3.5,3.5268968242604286,-0.6311232789041981,0.65,6.615235209033305,5.28515460226743,4.311857020832033,6.499796573120149,1.973661351031928,2.084213488643044,1.9529454862635072,1.9947811761250125,-2.914264790966696,-2.57384539773257,-18219.691642979167,-18754.14750342688,0.4285613510319281,0.2584134886430438,6.6,5.2,1.4,7.1,1.8,2.1,2020Q4,0.1574803149606299,0.0849927076075077,0.0,0.0,0.0,0.0,2.8,1.77,-0.507,37.7,0.7999999999999998,0.0010999999999999,0.0,0.0117299161983556,-0.0117299161983556,20184.2244,20515.4321,331.2078,20489.1369,21018.8762,529.7393,20597.5541,21453.3786,855.8245,20768.3536,21667.1468,898.7932,21011.5,21987.1222,975.6222,9.6,10.5306,0.9306,8.6949,9.8,1.1051,7.8758,9.25,1.3742,7.4106,9.0,1.5894,6.928,8.5879,1.6599,1.1477,3.3405,2.1928,1.1994,2.065,0.8656,1.1777,2.05,0.8723,1.2,2.225,1.025,1.4342,2.4608,1.0267,0.738,2.5961,1.8581,0.9342,1.8,0.8658,0.9081,1.85,0.9419,0.9552,1.9554,1.0001,1.3,2.0045,0.7045,16.9644,24.8326,7.8682,4.3333,10.1407,5.8073,4.1,8.0,3.9,4.069,5.8392,1.7702,4.3217,6.1143,1.7927,15.5326,21.8283,6.2957,3.3411,8.7583,5.4172,2.9335,5.8919,2.9584,2.78,4.2666,1.4866,2.7,4.0442,1.3442,19.0325,31.0796,12.0471,2.5,7.8015,5.3015,2.3931,5.0441,2.651,2.4029,4.0709,1.668,2.6255,4.5234,1.898,991.2657,992.8933,1.6276,992.765,995.3176,2.5526,993.2928,997.3637,4.071,994.1186,998.3552,4.2367,995.2825,999.8212,4.5387,226.1763,235.4281,9.2518,216.274,228.2382,11.9642,206.3793,222.4624,16.0831,200.2908,219.7225,19.4316,193.5577,215.0358,21.4781,978.9098,980.2362,1.3265,979.6831,981.9427,2.2596,980.6912,983.5453,2.8541,981.1164,984.2957,3.1793,982.2755,985.0392,2.7638,941.9123,944.3225,2.4102,942.9384,945.6088,2.6704,944.0404,946.916,2.8756,944.703,947.8503,3.1473,945.4134,948.7495,3.3361,-0.23,0.09,0.28,-0.29,-0.05999999999999997,-3.258096538021482,0.6608811942346259,-2.9444389791664403,0.6214848238238695,-2.833213344056216,0.7690239589651063,-1.3862943611198906,0.9075557694163321,-3.044522437723423,0.8554186617564957,-2.833213344056216,0.5723943812052383,-4.23410650459726,0.8196983584421068,0.6719053988326846,18.0,2.0,36.0,1.0,0.0,-1.0986122886681098,0.5773502691896257,0.0,0.0,-0.6931471805599453,0.0,-0.6931471805599453,0.0,0.0,1.0,-1.0986122886681098,0.0,-1.3862943611198906,0.7867957924694431,0.619047619047619,0.0,0.0,0.0,1.0,0.0,-3.784189633918261,0.8485132382879698,0.0,0.0,-1.0986122886681098,0.0,-1.3862943611198906,0.5477225575051661,-2.8903717578961645,0.9817194451757727,0.0,0.0,-3.5553480614894135,0.8975540447254924,0.8056032632030913,0.0,0.0,3.0,0.0,0.0,-15.650789181105825,5.908397713481787,-8.438149984075785,2.638078575697757,-8.237479288613633,2.411636268902373,-3.5710964184575524,5.477694567698508,-6.7821920560067905,7.748601177048329,-6.579251212010101,3.9937510251947304,-15.84449634915557,0.8306425956927299,0.7129082638766311,14.0,0.0,54.0,1.0,0.0,-1.6094379124341003,0.5345224838248488,-1.3862943611198906,0.5,-1.0986122886681098,0.5773502691896258,0.0,0.0,-0.6931471805599453,0.0,-0.6931471805599453,0.7071067811865476,-1.791759469228055,0.5175491695067657,0.26785714285714285,0.0,0.0,1.0,1.0,0.0,-25.40112555414778,8.529664899018858,-12.768883324362116,3.7595633995216264,-13.961064390566014,3.7580104970571053,-7.036832321257279,6.932972894620006,-13.410233432186324,10.585739283980597,-11.204224025294373,5.273252187586516,-26.812004745590187,3.852239960836538,3.077321687817169,32.0,2.0,94.0,4.0,0.0
2020-12-16,meeting_date,260.817,0.0,269.887,1.5253995004363752,111.684,0.843340857787811,114.033,1.1352247833760432,6.7,142629.0,21157.122,113.849,4.373103175739572,0.09,0.09,0.09,0.13,0.37,0.92,22.5,1.92,0.79,-1.53,2.5,-0.4966864086255464,17205.8,13.0,-3.5,2.3268968242604284,-0.8647752166239568,0.79,6.687648973515503,4.590076399037702,4.448694266319167,6.778723638828727,1.961274788575768,2.093288404238685,1.8462719284223217,1.9954221420487128,-2.8418510264844974,-3.2689236009622977,-18219.55480573368,-18753.86857636117,0.4161747885757678,0.2674884042386853,6.6,4.6,-0.3,6.9,1.9,2.1,2020Q4,0.1120331950207469,0.0721757854724627,0.0,0.0,0.0,0.0,2.5,1.94,-0.59,37.7,0.5,-0.0002999999999999,-0.00517,-0.0047030806303427,-0.0004669193696572,20184.2244,20515.4321,331.2078,20489.1369,21018.8762,529.7393,20597.5541,21453.3786,855.8245,20768.3536,21667.1468,898.7932,21011.5,21987.1222,975.6222,9.6,10.5306,0.9306,8.6949,9.8,1.1051,7.8758,9.25,1.3742,7.4106,9.0,1.5894,6.928,8.5879,1.6599,1.1477,3.3405,2.1928,1.1994,2.065,0.8656,1.1777,2.05,0.8723,1.2,2.225,1.025,1.4342,2.4608,1.0267,0.738,2.5961,1.8581,0.9342,1.8,0.8658,0.9081,1.85,0.9419,0.9552,1.9554,1.0001,1.3,2.0045,0.7045,16.9644,24.8326,7.8682,4.3333,10.1407,5.8073,4.1,8.0,3.9,4.069,5.8392,1.7702,4.3217,6.1143,1.7927,15.5326,21.8283,6.2957,3.3411,8.7583,5.4172,2.9335,5.8919,2.9584,2.78,4.2666,1.4866,2.7,4.0442,1.3442,19.0325,31.0796,12.0471,2.5,7.8015,5.3015,2.3931,5.0441,2.651,2.4029,4.0709,1.668,2.6255,4.5234,1.898,991.2657,992.8933,1.6276,992.765,995.3176,2.5526,993.2928,997.3637,4.071,994.1186,998.3552,4.2367,995.2825,999.8212,4.5387,226.1763,235.4281,9.2518,216.274,228.2382,11.9642,206.3793,222.4624,16.0831,200.2908,219.7225,19.4316,193.5577,215.0358,21.4781,978.9098,980.2362,1.3265,979.6831,981.9427,2.2596,980.6912,983.5453,2.8541,981.1164,984.2957,3.1793,982.2755,985.0392,2.7638,941.9123,944.3225,2.4102,942.9384,945.6088,2.6704,944.0404,946.916,2.8756,944.703,947.8503,3.1473,945.4134,948.7495,3.3361,-0.29,0.0848,0.68,-0.42,-0.13,-2.8903717578961645,0.6495551723463697,-2.3978952727983707,0.895778630487862,-2.1972245773362196,0.867118180753892,-0.6931471805599453,0.8883530851366185,2.5649493574615367,0.8335616125687708,-2.4849066497880004,0.6015852075182383,-2.772588722239781,0.856164340280031,0.7330173775671406,9.0,5.0,20.0,1.0,0.0,-2.6390573296152584,0.5622957145383871,-1.6094379124341003,0.7867957924694431,-1.791759469228055,0.0,-1.0986122886681098,0.5773502691896258,-1.3862943611198906,0.8660254037844387,-1.3862943611198906,0.5477225575051662,-2.70805020110221,0.7060180864974626,0.4984615384615385,1.0,0.0,1.0,1.0,0.0,3.8501476017100584,0.4630898556999651,0.0,0.0,-1.6094379124341003,0.38069349381344053,2.1972245773362196,0.0,2.5649493574615367,0.7371045649386624,2.9444389791664403,0.506009406240056,4.343805421853684,0.7185529959301534,0.516318407960199,0.0,0.0,10.0,0.0,0.0,-7.426549072397304,1.7375755609631507,-2.0794415416798357,0.7440238091428449,-2.1972245773362196,2.230710143300821,-3.6888794541139363,1.1547005383792517,-6.553933404025811,3.325552918801575,-0.2876820724517808,0.0,-11.39306026310952,0.6610123471033056,0.5317926996445789,7.0,0.0,19.0,1.0,0.0,-1.791759469228055,0.5175491695067657,-1.6094379124341003,0.44721359549995804,-1.3862943611198906,0.5,0.0,0.0,-0.6931471805599453,0.0,-0.6931471805599453,0.7071067811865476,-1.9459101490553132,0.5,0.25,0.0,0.0,1.0,1.0,0.0,-10.897590027426723,3.930065473054638,-7.696212639346407,2.873811827600108,-9.181940897454485,3.978521817868154,-3.2834143460057716,2.620403892705496,-3.503476230782573,5.762244500093447,-1.907591284753177,2.362423952450008,-14.47580391365314,3.4417477698109527,2.5295900236334568,17.0,5.0,51.0,4.0,0.0
2021-01-27,meeting_date,261.775,0.0,270.117,1.3663519416382774,111.704,0.7095395656211423,114.052,0.9765469371132208,6.7,142624.0,21170.252,113.84,4.363878531038977,0.09,0.08,0.09,0.12,0.41,1.04,37.21,2.08,0.92,-1.74,2.5,-0.6508435093248686,18584.0,8.8,5.2,2.3361214689610232,-1.0234530628867793,0.92,,,,,,,,,,,,,,,,,,,,,2021Q1,0.1732283464566929,0.0824692527172518,0.0,0.0,0.0,0.0,3.0,2.01,-0.619,5.5,1.0,-0.0153,0.0025,-0.0073031772448961,0.0098031772448961,21413.2732,21532.1794,118.9062,21641.1544,21824.8941,183.7397,21886.5306,22106.19,219.6594,22132.4049,22425.5311,293.1261,22410.0,22732.7105,322.7104,6.73,7.5,0.77,6.394,7.0,0.606,6.0,6.7581,0.7581,5.7,6.4504,0.7504,5.4,6.1,0.7,1.6667,2.5791,0.9124,1.5,2.4594,0.9594,1.5,2.3931,0.8931,1.7,2.3723,0.6723,1.7122,2.5,0.7878,1.2096,2.2,0.9904,1.5,2.28,0.78,1.5,2.1791,0.6791,1.5421,2.1,0.5579,1.5865,2.1457,0.5592,4.922,7.272,2.35,4.4,6.1828,1.7828,4.3015,5.8926,1.5912,4.2557,5.9791,1.7234,4.4757,5.8151,1.3395,3.0751,5.4719,2.3969,2.6443,4.2947,1.6504,2.5914,4.2499,1.6586,2.6,3.9728,1.3728,2.4066,3.7882,1.3817,3.5,6.1635,2.6635,2.4,4.6868,2.2868,2.3,4.2903,1.9903,2.4496,4.0,1.5504,2.3199,3.5708,1.2509,997.1766,997.7304,0.5538,998.2352,999.0807,0.8454,999.3627,1000.3613,0.9986,1000.4798,1001.7955,1.3157,1001.7263,1003.156,1.4298,190.6577,201.4903,10.8326,185.5356,194.591,9.0554,179.1759,191.0747,11.8987,174.0466,186.4137,12.3671,168.6399,180.8289,12.189,983.7628,984.3375,0.5747,984.4808,985.1117,0.6309,985.1824,986.2089,1.0265,985.878,986.9215,1.0435,986.6429,987.8383,1.1953,947.4923,948.1275,0.6352,948.1899,949.0176,0.8277,948.8981,950.3985,1.5004,949.6192,951.3095,1.6903,950.5574,952.1229,1.5654,-0.42,0.075,0.86,-1.56,-1.1400000000000001,-2.6390573296152584,0.6437781874294353,-2.0794415416798357,0.8516175933202209,-2.70805020110221,0.6877614942811738,-2.0794415416798357,0.9128709291752769,2.302585092994046,0.8455233446018767,-2.6390573296152584,0.7444681351359536,-3.1780538303479458,0.8447909860950752,0.7136718101874895,6.0,5.0,14.0,1.0,0.0,-2.4849066497880004,0.5789342235218394,-2.0794415416798357,0.6749485577105528,-1.3862943611198906,0.894427190999916,-1.0986122886681098,1.0,-1.0986122886681098,0.0,0.0,1.1547005383792515,-2.4849066497880004,0.8135752957807666,0.6619047619047618,0.0,0.0,1.0,1.0,0.0,-1.0986122886681098,0.0,0.0,0.0,-3.367295829986474,0.455880752454893,-3.7612001156935624,0.7417321652464086,0.0,0.0,-1.0986122886681098,0.0,-4.290459441148391,0.6441470120510754,0.4149253731343283,0.0,0.0,0.0,0.0,0.0,-3.295836866004329,0.657951694959769,-3.044522437723423,0.7051064751106303,-2.1972245773362196,0.7302967433402214,0.0,0.0,-2.8903717578961645,1.3314252314721633,-1.0986122886681098,0.0,-6.4457198193855785,0.6611253162505514,0.45410979625118264,3.0,0.0,11.0,0.0,0.0,-1.791759469228055,0.5175491695067657,-1.6094379124341003,0.44721359549995804,-1.3862943611198906,0.5,0.0,0.0,-0.6931471805599453,0.0,-0.6931471805599453,0.7071067811865476,-1.9459101490553132,0.5,0.25,0.0,0.0,1.0,1.0,0.0,-11.310172603303753,2.3982132754178096,-8.812843433517195,2.678886221641362,-11.045159330664685,3.268366181076204,-6.939253946041508,2.6546030944216854,-2.379546134130174,2.17694857607404,-5.529429087511423,2.606275454701753,-18.345049889725228,3.4636386101774685,2.494611741477762,9.0,5.0,27.0,3.0,0.0
2021-03-17,meeting_date,263.161,1.3841675420269928,270.299,1.3038752717187574,112.53,1.637508241733432,114.675,1.4706272729685832,6.2,143048.0,21487.896,114.395,4.471832834,0.07,0.02,0.05,0.13,0.8,1.63,19.23,2.3,1.5,-1.78,2.5,-0.7437221621531396,18584.0,8.8,5.2,1.7281671660000004,-0.5293727270314168,1.5,,,,,,,,,,,,,,,,,,,,,2021Q1,0.0979591836734693,0.0448133526909313,0.0,0.0,0.0,0.0,3.1,2.02,-0.636,5.5,1.1,0.0153,-0.00554,0.0348963124011891,-0.0404363124011891,21413.2732,21532.1794,118.9062,21641.1544,21824.8941,183.7397,21886.5306,22106.19,219.6594,22132.4049,22425.5311,293.1261,22410.0,22732.7105,322.7104,6.73,7.5,0.77,6.394,7.0,0.606,6.0,6.7581,0.7581,5.7,6.4504,0.7504,5.4,6.1,0.7,1.6667,2.5791,0.9124,1.5,2.4594,0.9594,1.5,2.3931,0.8931,1.7,2.3723,0.6723,1.7122,2.5,0.7878,1.2096,2.2,0.9904,1.5,2.28,0.78,1.5,2.1791,0.6791,1.5421,2.1,0.5579,1.5865,2.1457,0.5592,4.922,7.272,2.35,4.4,6.1828,1.7828,4.3015,5.8926,1.5912,4.2557,5.9791,1.7234,4.4757,5.8151,1.3395,3.0751,5.4719,2.3969,2.6443,4.2947,1.6504,2.5914,4.2499,1.6586,2.6,3.9728,1.3728,2.4066,3.7882,1.3817,3.5,6.1635,2.6635,2.4,4.6868,2.2868,2.3,4.2903,1.9903,2.4496,4.0,1.5504,2.3199,3.5708,1.2509,997.1766,997.7304,0.5538,998.2352,999.0807,0.8454,999.3627,1000.3613,0.9986,1000.4798,1001.7955,1.3157,1001.7263,1003.156,1.4298,190.6577,201.4903,10.8326,185.5356,194.591,9.0554,179.1759,191.0747,11.8987,174.0466,186.4137,12.3671,168.6399,180.8289,12.189,983.7628,984.3375,0.5747,984.4808,985.1117,0.6309,985.1824,986.2089,1.0265,985.878,986.9215,1.0435,986.6429,987.8383,1.1953,947.4923,948.1275,0.6352,948.1899,949.0176,0.8277,948.8981,950.3985,1.5004,949.6192,951.3095,1.6903,950.5574,952.1229,1.5654,-1.56,0.07,2.4,-1.8,-0.24,-2.6390573296152584,0.7067932778321059,-1.9459101490553132,0.9043305618976868,-2.3978952727983707,0.8472325715546059,2.995732273553991,0.8408409924953906,-1.3862943611198906,0.8454347752144938,-1.791759469228055,0.7863975156570492,1.791759469228055,0.8541162629562705,0.729514590646385,10.0,3.0,16.0,1.0,0.0,-2.1972245773362196,0.6466697906828633,-2.1972245773362196,0.7679476477883045,-1.0986122886681098,0.8944271909999159,-1.0986122886681098,0.0,-0.6931471805599453,0.0,-0.6931471805599453,0.0,-2.5649493574615367,0.6859943405700354,0.47058823529411764,0.0,1.0,0.0,1.0,0.0,-3.258096538021482,0.2668802563418119,-2.1972245773362196,0.9888264649460884,-1.6094379124341003,0.0,4.276666119016055,0.0,1.6094379124341003,0.0,0.0,0.0,3.8918202981106265,0.8646577427798476,0.7476330121491411,27.0,27.0,0.0,0.0,0.0,-8.55333223803211,2.9642181747997807,-3.332204510175204,2.30186804449247,-7.544332108053688,2.411143431668535,-0.6931471805599453,1.7071067811865475,-6.309918278226517,2.585669580870584,-1.0986122886681098,2.3086407533730107,-14.19063191583981,0.724016975914087,0.5398674583040041,15.0,7.0,24.0,2.0,0.0,-1.791759469228055,0.5175491695067657,-1.6094379124341003,0.44721359549995804,-1.3862943611198906,0.5,0.0,0.0,-0.6931471805599453,0.0,-0.6931471805599453,0.7071067811865476,-1.9459101490553132,0.5,0.25,0.0,0.0,1.0,1.0,0.0,-18.439470152233124,5.102110669163327,-11.282001726337057,5.410186314624507,-14.03657194307416,4.652803194223057,5.480638923341991,2.547947773681938,-7.473069088032198,3.431104356085078,-4.276666119016055,3.802145050216607,-13.01791165501798,3.6287853222202404,2.737603296393648,52.0,38.0,41.0,5.0,0.0
2021-04-28,meeting_date,264.793,2.095303522358228,271.214,2.023051806376852,112.74,2.368996921847621,114.72,1.9497716083394008,6.0,144120.0,21494.731,114.368,4.463891501,0.07,0.01,0.04,0.17,0.86,1.63,17.28,2.41,1.46,-1.68,2.5,-0.4855342811788707,18780.3,6.8,2.2,1.536108499,-0.0502283916605987,1.46,,,,,,,,,,,,,,,,,,,,,2021Q2,0.0875,0.0462993437870884,0.0,0.0,0.0,0.0,3.4,2.28,-0.676,-15.1,1.4,0.0099999999999999,-0.005,0.008074229710001,-0.013074229710001,21691.2446,21816.1885,124.9439,22049.112,22272.5254,223.4134,22367.4,22799.4519,432.0519,22655.8,23254.2568,598.4568,22973.7041,23524.0555,550.3513,6.281,6.6,0.319,5.9547,6.3,0.3453,5.4,6.0,0.6,5.0,5.8,0.8,4.6048,5.6,0.9952,1.9729,3.3595,1.3866,1.7057,2.4,0.6943,1.8151,2.4,0.5849,2.0,2.5295,0.5295,2.0,2.4,0.4,1.7162,2.8576,1.1414,1.6,2.2485,0.6485,1.7,2.1,0.4,1.6991,2.2,0.5009,1.8198,2.1166,0.2967,4.0019,6.4189,2.417,5.7515,9.1063,3.3548,6.2358,9.0737,2.8379,5.5707,7.4389,1.8682,4.9039,6.1581,1.2541,2.0879,3.9031,1.8151,4.0,7.0316,3.0316,4.4106,6.8702,2.4597,3.5,5.25,1.75,3.0144,4.0604,1.046,1.5042,3.9172,2.413,4.3786,8.0,3.6214,4.4067,6.9808,2.5741,3.8746,6.0301,2.1555,2.6782,5.0,2.3218,998.4664,999.0408,0.5744,1000.1028,1001.1109,1.0082,1001.536,1003.4492,1.9132,1002.8171,1005.4243,2.6072,1004.2106,1006.5779,2.3673,183.7523,188.707,4.9546,178.4189,184.055,5.6361,168.6399,179.1759,10.5361,160.9438,175.7858,14.842,152.7091,172.2767,19.5675,984.573,985.0136,0.4406,985.6757,986.6324,0.9567,986.646,988.5594,1.9134,987.7694,989.9222,2.1528,988.5598,990.5236,1.9638,947.6799,948.2672,0.5873,948.888,950.1033,1.2153,949.911,951.8803,1.9693,951.1705,953.1017,1.9312,952.1109,954.106,1.9951,-1.8,0.07,0.12,-1.83,-0.030000000000000027,-2.8903717578961645,0.6630428721735391,-1.9459101490553132,0.8929926637077694,-0.6931471805599453,0.9040412338962589,2.5649493574615367,0.7661883152417266,0.0,0.8734337971123766,-2.0794415416798357,0.8221248859286776,-2.4849066497880004,0.8467391472913698,0.716967183555716,6.0,8.0,24.0,1.0,0.0,-1.9459101490553132,0.0,-1.3862943611198906,0.8944271909999161,-1.6094379124341003,0.0,0.0,0.0,-0.6931471805599453,0.0,-1.0986122886681098,0.0,-1.9459101490553132,0.7071067811865476,0.5,0.0,0.0,0.0,1.0,0.0,-3.7376696182833684,0.730157147287462,0.0,0.9428090415820634,2.1972245773362196,0.8516306272526403,-3.4339872044851463,0.0,2.5649493574615367,0.9236745114890867,0.0,0.0,-2.302585092994046,0.8612305311210101,0.7417180277349771,2.0,2.0,0.0,0.0,0.0,-6.269096283706261,2.006259254131339,0.13353139262452263,2.4222165562359583,-1.791759469228055,1.3340457504344916,-6.011267174404162,0.7725447539304094,-9.323669057283185,2.26394848791063,-3.149882953381249,1.0641203369994885,-14.295433576990447,0.676325145576772,0.4840443975013781,13.0,7.0,42.0,1.0,0.0,-1.791759469228055,0.5175491695067657,-1.6094379124341003,0.44721359549995804,-1.3862943611198906,0.5,0.0,0.0,-0.6931471805599453,0.0,-0.6931471805599453,0.7071067811865476,-1.9459101490553132,0.5,0.25,0.0,0.0,1.0,1.0,0.0,-16.634807278169163,3.917008443099106,-4.808111029984781,5.599659048025665,-3.2834143460057716,3.5897176115833904,-6.8803050214277715,1.5387330691721361,-8.14501406094154,4.061056796512093,-7.02108396428914,2.593352004114714,-22.974745617883123,3.5914016051756996,2.692729608792071,21.0,17.0,67.0,4.0,0.0
2021-06-16,meeting_date,268.551,1.6627669250083743,275.718,3.5436116598193124,114.075,2.9009823289043,115.972,2.4985637898272017,5.8,144894.0,22061.025,115.575,4.463891501,0.08,0.04,0.06,0.21,0.89,1.57,18.15,2.32,1.36,-1.52,2.5,-0.5845545462973429,18780.3,6.8,2.2,1.3361084989999998,0.4985637898272017,1.36,,,,,,,,,,,,,,,,,,,,,2021Q2,0.0805084745762712,0.0375306612502879,0.0,0.0,0.0,0.0,4.2,2.23,-0.693,-15.1,2.2,0.01,0.02679,0.0082014903175916,0.0185885096824083,21691.2446,21816.1885,124.9439,22049.112,22272.5254,223.4134,22367.4,22799.4519,432.0519,22655.8,23254.2568,598.4568,22973.7041,23524.0555,550.3513,6.281,6.6,0.319,5.9547,6.3,0.3453,5.4,6.0,0.6,5.0,5.8,0.8,4.6048,5.6,0.9952,1.9729,3.3595,1.3866,1.7057,2.4,0.6943,1.8151,2.4,0.5849,2.0,2.5295,0.5295,2.0,2.4,0.4,1.7162,2.8576,1.1414,1.6,2.2485,0.6485,1.7,2.1,0.4,1.6991,2.2,0.5009,1.8198,2.1166,0.2967,4.0019,6.4189,2.417,5.7515,9.1063,3.3548,6.2358,9.0737,2.8379,5.5707,7.4389,1.8682,4.9039,6.1581,1.2541,2.0879,3.9031,1.8151,4.0,7.0316,3.0316,4.4106,6.8702,2.4597,3.5,5.25,1.75,3.0144,4.0604,1.046,1.5042,3.9172,2.413,4.3786,8.0,3.6214,4.4067,6.9808,2.5741,3.8746,6.0301,2.1555,2.6782,5.0,2.3218,998.4664,999.0408,0.5744,1000.1028,1001.1109,1.0082,1001.536,1003.4492,1.9132,1002.8171,1005.4243,2.6072,1004.2106,1006.5779,2.3673,183.7523,188.707,4.9546,178.4189,184.055,5.6361,168.6399,179.1759,10.5361,160.9438,175.7858,14.842,152.7091,172.2767,19.5675,984.573,985.0136,0.4406,985.6757,986.6324,0.9567,986.646,988.5594,1.9134,987.7694,989.9222,2.1528,988.5598,990.5236,1.9638,947.6799,948.2672,0.5873,948.888,950.1033,1.2153,949.911,951.8803,1.9693,951.1705,953.1017,1.9312,952.1109,954.106,1.9951,-1.83,0.0854,0.33,-1.89,-0.05999999999999983,-2.4849066497880004,0.7195751951939849,-2.0794415416798357,0.8862533199992274,1.9459101490553132,0.8461141122266492,3.1354942159291497,0.7574545357560238,2.995732273553991,0.8556291440228249,0.0,0.6859943405700354,3.6635616461296463,0.831682233984576,0.6916953383255751,9.0,4.0,10.0,1.0,0.0,-1.6094379124341003,0.8313702367707394,-1.3862943611198906,0.7867957924694431,-1.6094379124341003,0.0,0.6931471805599453,0.0,-0.6931471805599453,0.0,0.0,1.0954451150103321,-1.6094379124341003,0.8528028654224418,0.7272727272727273,1.0,0.0,2.0,1.0,0.0,-3.6109179126442243,0.5295033822136559,-2.1972245773362196,0.572622654147994,2.302585092994046,0.4080324573583921,-3.2188758248682006,0.5050469916434668,0.0,0.0,2.9444389791664403,0.6261202584752307,-3.332204510175204,0.6998468185254355,0.4897855694001739,17.0,0.0,0.0,1.0,0.0,-6.51025834052315,3.113533345505397,-1.7917594692280552,3.8254143301409202,-9.931588982647003,4.322603030951211,2.3978952727983707,5.481502831131002,0.06453852113757108,3.087019090150849,0.3772942311414682,3.650295855624404,-4.3521736715242,0.8354346897841356,0.735305494588076,27.0,15.0,53.0,0.0,0.0,-1.791759469228055,0.5175491695067657,-1.6094379124341003,0.44721359549995804,-1.3862943611198906,0.5,0.0,0.0,-0.6931471805599453,0.0,0.0,0.0,-1.791759469228055,0.5270462766947299,0.2777777777777778,0.0,0.0,1.0,1.0,0.0,-16.00728028461753,5.711531329190543,-9.064157861798101,6.518299692257543,-8.678826014151635,6.076749600536253,3.007660844419265,6.744004358530493,1.6739764335716714,3.942648234173674,3.3217332103079085,6.057855569680003,-7.422013917231913,3.7468128844113187,2.92183690736433,54.0,19.0,66.0,4.0,0.0
2021-07-28,meeting_date,270.981,1.143060432166565,278.14,3.8913499824444697,114.631,3.129948179070108,116.581,2.745315777413504,5.9,145759.0,22061.503,115.588,4.45686518,0.1,0.05,0.05,0.2,0.72,1.26,18.31,2.41,1.06,-1.85,2.5,-0.5550998584494693,19087.6,6.2,3.7,1.44313482,0.745315777413504,1.06,,,,,,,,,,,,,,,,,,,,,2021Q3,0.108786610878661,0.0376548802368202,0.0,0.0,0.0,0.0,4.7,2.25,-0.661,-32.4,2.7,-0.0217,0.0,0.020326643456622,-0.020326643456622,22499.0745,22716.1043,217.0299,22981.9213,23282.2433,300.322,23348.9882,23732.9932,384.0051,23633.7961,24151.2661,517.47,23883.8625,24500.8885,617.026,5.5944,5.9836,0.3892,5.0272,5.6212,0.594,4.5622,5.4,0.8378,4.3357,5.2,0.8643,4.1444,5.0,0.8556,2.4941,4.0331,1.5389,2.3465,3.125,0.7785,2.0417,2.8,0.7583,2.0,2.7,0.7,2.016,2.6,0.584,2.584,3.7536,1.1696,1.9466,2.8,0.8534,1.8351,2.4575,0.6224,1.8826,2.5,0.6174,1.8924,2.5,0.6076,8.4204,12.6647,4.2443,7.7845,10.4,2.6155,6.0622,8.4248,2.3625,5.1771,7.1,1.9229,4.8933,6.3,1.4067,7.083,9.1068,2.0237,5.2477,7.8053,2.5575,4.0125,6.1,2.0875,3.0,4.6054,1.6054,2.6639,4.0348,1.3709,7.11,11.4386,4.3285,5.1268,7.0547,1.9279,3.7525,5.95,2.1975,2.8856,4.8267,1.9411,2.4217,4.0,1.5783,1002.1229,1003.0829,0.96,1004.2463,1005.5446,1.2983,1005.8309,1007.4621,1.6313,1007.0433,1009.2092,2.1659,1008.0958,1010.6465,2.5506,172.1765,178.9022,6.7257,161.4871,172.655,11.1679,151.7816,168.6399,16.8583,146.6891,164.8659,18.1767,142.175,160.9438,18.7687,987.3903,987.8583,0.4681,988.6998,989.9515,1.2517,989.8635,991.4467,1.5832,990.6868,992.555,1.8683,991.2496,993.3132,2.0636,951.5228,952.5133,0.9905,952.845,954.4225,1.5775,953.87,955.8098,1.9397,954.8199,956.593,1.7732,955.5619,957.0296,1.4677,-1.89,0.095,0.75,-1.81,0.07999999999999985,-2.3978952727983707,0.7593263966019992,-1.3862943611198906,0.9035876206739965,0.6931471805599453,0.8115330298797815,1.3862943611198906,0.8393172471095459,-1.791759469228055,0.8584279966482646,-1.791759469228055,0.6580053301400783,-2.5649493574615367,0.833613446346834,0.6949113779302458,10.0,8.0,30.0,1.0,0.0,-2.1972245773362196,0.6324555320336759,-1.0986122886681098,0.8864052604279183,-1.3862943611198906,0.0,0.0,0.0,-1.0986122886681098,0.0,-1.0986122886681098,0.7559289460184544,-2.0794415416798357,0.7162311170195086,0.512987012987013,0.0,1.0,2.0,1.0,0.0,0.0,0.0,-1.6094379124341003,1.0056905690281348,3.1354942159291497,0.884977875829653,-1.0986122886681098,0.28232985128663995,0.0,0.0,0.0,0.0,3.4011973816621555,0.8519343834254202,0.7257921936624508,2.0,40.0,2.0,0.0,0.0,-1.0986122886681098,0.0,1.791759469228055,0.7559289460184546,-1.9459101490553132,0.7762500258061849,0.0,0.8944271909999159,-2.6390573296152584,2.1513475728866123,-1.791759469228055,0.5773502691896257,-5.19295685089021,0.7991592224302569,0.6415770609318997,1.0,2.0,8.0,0.0,0.0,-1.791759469228055,0.5270462766947299,-1.6094379124341003,0.44721359549995804,-1.3862943611198906,0.5,0.0,0.0,-0.6931471805599453,0.0,0.0,0.0,-1.791759469228055,0.5270462766947299,0.2777777777777778,0.0,0.0,1.0,1.0,0.0,-7.485491608030755,1.918828205330405,-3.912023005428146,3.998825991648462,-0.8898574748059994,2.9727609315156194,0.2876820724517808,2.0160742893961014,-6.222576268071368,3.009775569534877,-4.68213122712422,1.9912845453481585,-8.227909837597482,3.7279844459167495,2.8530454232893874,13.0,51.0,43.0,3.0,0.0
2021-09-22,meeting_date,273.012,0.5423814813818151,279.338,3.783321877728474,115.86,3.690842700651542,117.72,3.144632045631779,5.2,147190.0,22731.369,117.41,4.45686518,0.08,0.03,0.05,0.25,0.86,1.32,20.87,2.28,1.07,-1.55,2.5,-0.6466518904401088,19087.6,6.2,3.7,0.7431348199999999,1.144632045631779,1.07,,,,,,,,,,,,,,,,,,,,,2021Q3,0.1133603238866396,0.039273118624111,0.0,0.0,0.0,0.0,4.6,2.15,-0.652,-32.4,2.6,0.0017,0.0,0.031167715021111,-0.031167715021111,22499.0745,22716.1043,217.0299,22981.9213,23282.2433,300.322,23348.9882,23732.9932,384.0051,23633.7961,24151.2661,517.47,23883.8625,24500.8885,617.026,5.5944,5.9836,0.3892,5.0272,5.6212,0.594,4.5622,5.4,0.8378,4.3357,5.2,0.8643,4.1444,5.0,0.8556,2.4941,4.0331,1.5389,2.3465,3.125,0.7785,2.0417,2.8,0.7583,2.0,2.7,0.7,2.016,2.6,0.584,2.584,3.7536,1.1696,1.9466,2.8,0.8534,1.8351,2.4575,0.6224,1.8826,2.5,0.6174,1.8924,2.5,0.6076,8.4204,12.6647,4.2443,7.7845,10.4,2.6155,6.0622,8.4248,2.3625,5.1771,7.1,1.9229,4.8933,6.3,1.4067,7.083,9.1068,2.0237,5.2477,7.8053,2.5575,4.0125,6.1,2.0875,3.0,4.6054,1.6054,2.6639,4.0348,1.3709,7.11,11.4386,4.3285,5.1268,7.0547,1.9279,3.7525,5.95,2.1975,2.8856,4.8267,1.9411,2.4217,4.0,1.5783,1002.1229,1003.0829,0.96,1004.2463,1005.5446,1.2983,1005.8309,1007.4621,1.6313,1007.0433,1009.2092,2.1659,1008.0958,1010.6465,2.5506,172.1765,178.9022,6.7257,161.4871,172.655,11.1679,151.7816,168.6399,16.8583,146.6891,164.8659,18.1767,142.175,160.9438,18.7687,987.3903,987.8583,0.4681,988.6998,989.9515,1.2517,989.8635,991.4467,1.5832,990.6868,992.555,1.8683,991.2496,993.3132,2.0636,951.5228,952.5133,0.9905,952.845,954.4225,1.5775,953.87,955.8098,1.9397,954.8199,956.593,1.7732,955.5619,957.0296,1.4677,-1.81,0.08,-0.13,-1.85,-0.040000000000000036,-0.6931471805599453,0.8658158899544016,-1.3862943611198906,0.925456961849277,1.9459101490553132,0.8324825589070041,-2.6390573296152584,0.8360499936228303,1.6094379124341003,0.8268336266467676,-1.3862943611198906,0.6882472016116853,1.3862943611198906,0.8461328413666609,0.7159407852392189,7.0,12.0,19.0,1.0,0.0,-1.3862943611198906,0.8925823753039809,0.6931471805599453,0.9438798074485388,-1.6094379124341003,0.816496580927726,0.0,0.0,-1.0986122886681098,0.0,-1.0986122886681098,0.9189365834726815,-1.791759469228055,0.8980265101338747,0.8064516129032261,2.0,2.0,3.0,0.0,0.0,2.8903717578961645,0.824501640789771,0.0,0.0,0.0,0.0,0.0,0.0,0.0,0.0,0.0,0.0,2.8903717578961645,0.824501640789771,0.6798029556650246,0.0,0.0,0.0,0.0,0.0,-5.375278407684165,2.6406357414391453,-3.871201010907891,2.4253360825545514,-1.6094379124341003,2.244232356751179,0.6931471805599453,3.304980182180647,-3.8712010109078907,0.7451598203705947,-2.772588722239781,3.242403916648119,-7.2640301428995295,0.6900781003679167,0.5815279585900869,6.0,9.0,13.0,1.0,0.0,-1.6094379124341003,0.7264831572567789,-1.6094379124341003,0.44721359549995804,-1.3862943611198906,0.5,0.0,0.0,-0.6931471805599453,0.0,0.0,0.0,-1.6094379124341003,0.674199862463242,0.4545454545454545,0.0,0.0,1.0,1.0,0.0,-6.1737861039019375,5.950018804744078,-6.173786103901937,4.741886447352325,-2.659260036932778,4.393211496585909,-1.945910149055313,4.141030175803477,-4.053522567701846,1.5719934470173622,-5.2574953720277815,4.849587701732486,-6.38856140554563,3.9329389551214655,3.238268766943011,15.0,23.0,36.0,3.0,0.0
2021-11-03,meeting_date,274.138,0.2425965883178005,280.017,3.779570749280059,116.631,4.330441005456653,118.286,3.6378292182872807,4.8,147553.0,23173.496,119.051,4.450651062,0.08,0.05,0.07,0.47,1.19,1.6,15.1,2.53,1.13,-1.67,2.5,-0.4505833948602664,19358.2,5.9,8.4,0.3493489380000003,1.637829218287281,1.13,,,,,,,,,,,,,,,,,,,,,2021Q4,0.1471698113207546,0.1387848741379624,0.0,0.0,0.0,0.0,4.9,2.2,-0.622,-18.2,2.9000000000000004,0.0,0.0,0.0231734924539914,-0.0231734924539914,23241.9922,23373.243,131.2509,23651.2846,23871.7098,220.4252,23982.6531,24279.9596,297.3065,24299.935,24607.641,307.706,24615.2851,24995.1769,379.8918,5.1807,5.403,0.2222,4.7,5.1653,0.4653,4.35,4.9116,0.5616,4.05,4.7654,0.7154,3.9,4.6417,0.7417,3.9512,6.225,2.2738,1.9413,3.25,1.3087,2.0091,2.9261,0.9169,1.93,2.7996,0.8696,2.1,2.6,0.5,3.4399,4.5,1.0601,1.8,3.2,1.4,1.7732,2.7,0.9268,1.811,2.6,0.789,1.9,2.5,0.6,9.4615,11.9551,2.4936,7.0596,9.3838,2.3242,5.3638,7.3302,1.9664,5.0712,6.8789,1.8077,4.8846,6.2427,1.3581,5.4152,8.2833,2.8681,4.4654,6.2797,1.8142,3.2811,4.6995,1.4185,2.7976,4.1364,1.3388,2.494,3.5967,1.1028,3.4,7.0,3.6,3.5742,5.5,1.9258,2.7016,4.1,1.3984,2.6,3.7,1.1,2.4383,3.2005,0.7623,1005.3716,1005.9347,0.5631,1007.1173,1008.0449,0.9277,1008.5086,1009.7407,1.2321,1009.8229,1011.0812,1.2583,1011.1123,1012.6438,1.5315,164.4947,168.6951,4.2004,154.7563,164.196,9.4397,147.0176,159.1601,12.1426,139.8717,156.1389,16.2672,136.0977,153.5087,17.411,988.4056,989.0767,0.6711,989.5241,990.5687,1.0446,990.3792,991.5647,1.1855,991.1724,992.4889,1.3166,992.0522,993.2799,1.2277,953.0535,953.9091,0.8556,953.9608,955.3048,1.344,954.6348,956.2191,1.5843,955.3666,957.0269,1.6603,956.0083,957.8498,1.8415,-1.85,0.08,0.65,-1.15,0.7000000000000002,-1.0986122886681098,0.8249872416568828,1.3862943611198906,0.9764514564526547,1.3862943611198906,0.8847364696279086,-2.302585092994046,0.9042418243786352,2.0794415416798357,0.8746785682804151,0.6931471805599453,0.75955452531275,2.3978952727983707,0.8833380660776434,0.7802861389817912,10.0,11.0,18.0,1.0,0.0,0.6931471805599453,0.8623164985025763,-1.0986122886681098,0.816496580927726,-1.0986122886681098,0.0,0.0,0.0,-0.6931471805599453,0.0,1.3862943611198906,0.0,0.0,0.816496580927726,0.6666666666666666,2.0,0.0,0.0,1.0,0.0,2.6390573296152584,0.6708203932499369,-1.791759469228055,0.0,3.4657359027997265,0.7303084707759819,0.0,0.0,0.0,0.0,0.0,0.0,3.7376696182833684,0.7228865298682325,0.5225649350649351,50.0,0.0,0.0,0.0,0.0,-1.021651247531981,3.213029348926131,0.7801585575495749,2.7021199497720163,-0.916290731874155,2.568241839418038,-5.2574953720277815,3.5549685195508167,-8.604135121550046,4.000709231254015,0.6931471805599453,2.9579803700937184,-9.422112850327613,0.7331499980450913,0.5538248583620787,10.0,30.0,23.0,1.0,0.0,-1.6094379124341003,0.8090398349558905,-1.3862943611198906,0.5,-1.0986122886681098,0.5773502691896258,0.0,0.0,-0.6931471805599453,0.0,0.0,1.0,-1.791759469228055,0.792961461098759,0.6287878787878787,0.0,0.0,1.0,1.0,0.0,-0.3974969384589875,6.380193317291417,-2.11021320034659,4.995067987152397,1.7385149547092427,4.760637049011555,-7.560080465021827,4.459210343929452,-7.9109879409901005,4.87538779953443,2.772588722239781,4.717534895406469,-5.078307428473929,3.9488326360174524,3.1521304778633503,72.0,41.0,42.0,4.0,0.0
2021-12-15,meeting_date,278.88,0.0,283.201,4.912573164406919,117.416,4.630190696845471,118.845,3.80019913707268,4.2,148611.0,23187.042,119.095,4.450651062,0.08,0.06,0.13,0.69,1.26,1.47,19.29,2.39,0.78,-1.41,2.5,-0.4461778979596542,19358.2,5.9,8.4,-0.2506510619999993,1.8001991370726795,0.78,,,,,,,,,,,,,,,,,,,,,2021Q4,0.1872659176029962,0.0870037181786976,0.0,0.0,0.0,0.0,4.8,2.11,-0.538,-18.2,2.8,0.015,-0.00484,0.0404954609174031,-0.0453354609174031,23241.9922,23373.243,131.2509,23651.2846,23871.7098,220.4252,23982.6531,24279.9596,297.3065,24299.935,24607.641,307.706,24615.2851,24995.1769,379.8918,5.1807,5.403,0.2222,4.7,5.1653,0.4653,4.35,4.9116,0.5616,4.05,4.7654,0.7154,3.9,4.6417,0.7417,3.9512,6.225,2.2738,1.9413,3.25,1.3087,2.0091,2.9261,0.9169,1.93,2.7996,0.8696,2.1,2.6,0.5,3.4399,4.5,1.0601,1.8,3.2,1.4,1.7732,2.7,0.9268,1.811,2.6,0.789,1.9,2.5,0.6,9.4615,11.9551,2.4936,7.0596,9.3838,2.3242,5.3638,7.3302,1.9664,5.0712,6.8789,1.8077,4.8846,6.2427,1.3581,5.4152,8.2833,2.8681,4.4654,6.2797,1.8142,3.2811,4.6995,1.4185,2.7976,4.1364,1.3388,2.494,3.5967,1.1028,3.4,7.0,3.6,3.5742,5.5,1.9258,2.7016,4.1,1.3984,2.6,3.7,1.1,2.4383,3.2005,0.7623,1005.3716,1005.9347,0.5631,1007.1173,1008.0449,0.9277,1008.5086,1009.7407,1.2321,1009.8229,1011.0812,1.2583,1011.1123,1012.6438,1.5315,164.4947,168.6951,4.2004,154.7563,164.196,9.4397,147.0176,159.1601,12.1426,139.8717,156.1389,16.2672,136.0977,153.5087,17.411,988.4056,989.0767,0.6711,989.5241,990.5687,1.0446,990.3792,991.5647,1.1855,991.1724,992.4889,1.3166,992.0522,993.2799,1.2277,953.0535,953.9091,0.8556,953.9608,955.3048,1.344,954.6348,956.2191,1.5843,955.3666,957.0269,1.6603,956.0083,957.8498,1.8415,-1.15,0.0848,0.17,-0.2,0.95,3.091042453358316,0.6889082628293803,2.9444389791664403,0.8830617078086783,3.1780538303479458,0.7392277101362051,2.0794415416798357,0.8936166541854965,1.6094379124341003,0.8618333970172094,-0.6931471805599453,0.6863327411532596,4.02535169073515,0.8332931717229901,0.6943775100401607,11.0,11.0,16.0,1.0,0.0,1.6094379124341003,0.7988086367179803,-0.6931471805599453,1.0444659357341868,0.0,1.1547005383792515,0.0,0.0,-0.6931471805599453,0.0,1.0986122886681098,0.5477225575051662,1.3862943611198906,0.8888437939499212,0.7900432900432899,1.0,2.0,0.0,1.0,0.0,3.332204510175204,0.7943777416872578,2.4849066497880004,0.957427107756338,-1.6094379124341003,0.0,0.0,0.0,-2.8903717578961645,0.0,0.0,0.0,1.9459101490553132,0.9145012650842281,0.8363125638406538,0.0,0.0,8.0,0.0,0.0,-7.485491608030755,1.7058377827272142,-0.6931471805599453,0.7071067811865476,0.0,0.0,-1.7917594692280552,2.121320343559643,-7.89655270164304,2.9869094034385304,-2.4849066497880004,1.2071067811865475,-10.722385938401633,0.6965801563186688,0.5142630714439226,2.0,1.0,15.0,0.0,0.0,0.6931471805599453,0.8345229603962802,1.0986122886681098,0.5773502691896258,1.0986122886681098,0.5773502691896258,0.0,0.0,-0.6931471805599453,0.0,0.0,1.0,0.0,0.8660254037844386,0.75,0.0,0.0,1.0,1.0,0.0,1.2403404484968097,4.822455384358113,5.14166355650266,4.169411801675377,2.6672282065819557,2.4712785177050822,0.28768207245178057,3.0149369977451395,-10.563780908224995,3.8487428004557396,-2.0794415416798357,3.4411620798449736,-3.364829737491279,4.199243790860247,3.584996435368027,14.0,14.0,40.0,3.0,0.0
2022-01-26,meeting_date,280.192,0.0,284.759,5.456531802610876,118.201,5.00222084036599,119.47,4.11691910829135,3.9,148951.0,23202.344,119.115,4.445136605,0.08,0.19,0.4,1.13,1.66,1.85,31.96,2.38,0.72,-1.09,2.5,-0.3507515041795364,19465.2,5.1,6.6,-0.5451366050000002,2.1169191082913503,0.7200000000000002,,,,,,,,,,,,,,,,,,,,,2022Q1,0.265625,0.1330445545051467,0.0,0.0,0.0,0.0,4.9,2.01,-0.556,-14.5,2.9000000000000004,0.2418999999999999,-0.01,-0.0125559229104733,0.0025559229104733,23592.5753,23721.911,129.3357,23974.0981,24190.8562,216.7581,24312.3882,24604.4972,292.109,24647.8203,24979.5367,331.7164,24952.5494,25379.146,426.5965,4.4784,4.6,0.1216,4.1141,4.4999,0.3858,3.8595,4.3,0.4405,3.7141,4.2,0.4859,3.6987,4.1,0.4013,4.0609,5.3101,1.2492,2.6547,4.1792,1.5246,2.209,3.4,1.191,2.1993,3.1,0.9007,2.1,2.8525,0.7525,3.5014,4.6,1.0986,2.4292,3.6,1.1708,2.0,2.982,0.982,2.1,2.8,0.7,1.9574,2.7,0.7426,7.4328,9.8078,2.375,6.4981,8.2946,1.7966,5.5685,7.192,1.6236,5.1833,6.5494,1.366,4.6342,6.1688,1.5346,3.6088,5.4717,1.8628,3.3,5.1,1.8,3.2,4.5298,1.3298,2.9254,4.0,1.0746,2.6,3.3237,0.7237,3.5742,4.8643,1.2901,2.7307,4.1581,1.4274,2.5031,3.5,0.9969,2.4,3.1257,0.7257,2.1812,2.9065,0.7253,1006.8687,1007.4154,0.5467,1008.4729,1009.373,0.9001,1009.8741,1011.0685,1.1943,1011.2444,1012.5812,1.3368,1012.4731,1014.1683,1.6952,149.926,152.6056,2.6797,141.4425,150.4054,8.9629,135.0534,145.8615,10.8081,131.2129,143.5085,12.2955,130.7984,141.0987,10.3003,988.5247,988.9702,0.4455,989.3645,990.1566,0.7921,990.2005,991.2655,1.0649,991.0342,992.1348,1.1007,991.6963,992.7918,1.0955,953.5338,953.8433,0.3095,954.2049,954.8657,0.6608,954.8803,955.8584,0.9781,955.5377,956.5731,1.0355,956.008,957.2872,1.2792,-0.2,0.08,-0.04,0.21,0.41000000000000003,2.772588722239781,0.7266437947727845,1.9459101490553132,0.8902545655537868,2.772588722239781,0.8293400255919042,-2.6390573296152584,0.9167249398727055,-1.3862943611198906,0.8670244553661395,0.0,0.6793662204867574,2.6390573296152584,0.8603819082898303,0.7402570281124499,7.0,6.0,23.0,1.0,0.0,1.6094379124341003,0.7988086367179803,-0.6931471805599453,1.0444659357341868,0.0,1.1547005383792515,0.0,0.0,-0.6931471805599453,0.0,1.0986122886681098,0.5477225575051662,1.3862943611198906,0.8888437939499212,0.7900432900432899,1.0,2.0,0.0,1.0,0.0,0.0,0.0,2.1972245773362196,0.0,2.302585092994046,0.9521904571390467,2.1972245773362196,0.0,3.7612001156935624,0.8885915292412578,0.0,0.0,3.9512437185814275,0.893764018207654,0.7988141202426917,1.0,0.0,6.0,0.0,0.0,1.3862943611198906,0.9486832980505138,1.6094379124341003,0.9579921282290986,-1.3862943611198906,0.8501917942185291,0.0,0.9607689228305228,-1.791759469228055,0.9607689228305227,-1.9459101490553132,0.5,-2.3978952727983707,0.8648116324748792,0.7478991596638656,10.0,3.0,6.0,1.0,0.0,0.0,0.816496580927726,0.6931471805599453,0.7071067811865476,0.6931471805599453,0.7071067811865476,0.0,0.0,-0.6931471805599453,0.0,-0.6931471805599453,0.7071067811865476,-0.6931471805599453,0.8345229603962802,0.6964285714285714,0.0,0.0,1.0,1.0,0.0,4.1588830833596715,2.4918236737510244,6.4457198193855785,2.555353474969433,4.382026634673881,3.3388290581360276,-0.44183275227903884,1.8774938627032283,-0.11000089521432854,2.71638490743792,-2.639057329615259,1.8864730016733051,3.49925859483837,3.453480519368644,2.9833988794475785,18.0,9.0,36.0,3.0,0.0
2022-03-16,meeting_date,284.182,5.696756569117212,287.878,6.092199287259481,119.393,5.175390686939507,120.723,4.628064792907094,3.8,150399.0,24008.472,121.19,4.445136605,0.2,0.43,0.84,1.95,2.18,2.19,26.67,2.8,0.24,-1.16,2.4,-0.8536939049140484,19465.2,5.1,6.6,-0.6451366050000003,2.628064792907094,0.24,,,,,,,,,,,,,,,,,,,,,2022Q1,0.4196078431372548,0.2879092830572983,1.0,0.0,1.0,1.0,5.4,2.26,-0.391,-14.5,3.4000000000000004,0.3956,-0.02067,-0.0537541648872979,0.0330841648872979,23592.5753,23721.911,129.3357,23974.0981,24190.8562,216.7581,24312.3882,24604.4972,292.109,24647.8203,24979.5367,331.7164,24952.5494,25379.146,426.5965,4.4784,4.6,0.1216,4.1141,4.4999,0.3858,3.8595,4.3,0.4405,3.7141,4.2,0.4859,3.6987,4.1,0.4013,4.0609,5.3101,1.2492,2.6547,4.1792,1.5246,2.209,3.4,1.191,2.1993,3.1,0.9007,2.1,2.8525,0.7525,3.5014,4.6,1.0986,2.4292,3.6,1.1708,2.0,2.982,0.982,2.1,2.8,0.7,1.9574,2.7,0.7426,7.4328,9.8078,2.375,6.4981,8.2946,1.7966,5.5685,7.192,1.6236,5.1833,6.5494,1.366,4.6342,6.1688,1.5346,3.6088,5.4717,1.8628,3.3,5.1,1.8,3.2,4.5298,1.3298,2.9254,4.0,1.0746,2.6,3.3237,0.7237,3.5742,4.8643,1.2901,2.7307,4.1581,1.4274,2.5031,3.5,0.9969,2.4,3.1257,0.7257,2.1812,2.9065,0.7253,1006.8687,1007.4154,0.5467,1008.4729,1009.373,0.9001,1009.8741,1011.0685,1.1943,1011.2444,1012.5812,1.3368,1012.4731,1014.1683,1.6952,149.926,152.6056,2.6797,141.4425,150.4054,8.9629,135.0534,145.8615,10.8081,131.2129,143.5085,12.2955,130.7984,141.0987,10.3003,988.5247,988.9702,0.4455,989.3645,990.1566,0.7921,990.2005,991.2655,1.0649,991.0342,992.1348,1.1007,991.6963,992.7918,1.0955,953.5338,953.8433,0.3095,954.2049,954.8657,0.6608,954.8803,955.8584,0.9781,955.5377,956.5731,1.0355,956.008,957.2872,1.2792,0.21,0.2052,0.42,0.77,0.56,3.091042453358316,0.7134083029020732,3.4657359027997265,0.8149974383997678,3.1780538303479458,0.4755948656056709,-2.1972245773362196,0.8431633114337336,-3.5553480614894135,0.752076187586325,-1.6094379124341003,0.7037315505489968,2.8903717578961645,0.8685140283855283,0.7543166175024582,16.0,13.0,15.0,1.0,0.0,1.791759469228055,0.6685579234215214,1.0986122886681098,0.5773502691896258,0.0,0.0,0.0,1.4142135623730951,-0.6931471805599453,0.7071067811865476,-0.6931471805599453,0.447213595499958,1.791759469228055,0.704154339142587,0.49583333333333335,3.0,1.0,2.0,1.0,0.0,4.060443010546419,0.8060485628758889,1.791759469228055,1.0050378152592119,2.5649493574615367,0.0,-3.1780538303479458,0.5337605126836238,1.0986122886681098,0.0,-1.0986122886681098,0.0,4.0943445622221,0.8131964443417001,0.6612884570899837,0.0,0.0,2.0,1.0,0.0,5.170483995038152,1.3842036779647415,5.170483995038152,1.7373518956374596,4.890349128221754,1.3752127580649325,1.0986122886681098,1.8944271909999157,-1.791759469228055,1.7320385117814934,0.0,0.0,5.2848943462158955,0.7637631703204715,0.5884705120780082,7.0,8.0,9.0,2.0,0.0,0.0,0.0,0.0,0.0,0.0,0.0,0.0,0.0,0.0,0.0,0.0,0.0,0.0,0.0,0.0,0.0,0.0,0.0,0.0,0.0,14.113728928170943,3.572218467164225,11.526591655734043,4.134737418486065,10.633352316031235,1.8508076236706033,-4.276666119016055,4.685564577490368,-4.941642422609304,3.1912214805543657,-3.4011973816621555,1.1509451460489548,14.061370135562216,3.149627982190287,2.4999089200037834,26.0,22.0,28.0,5.0,0.0
2022-05-04,meeting_date,287.708,4.291527518717486,288.811,4.749832254320596,121.0,5.431003685728486,121.359,3.933508041724476,3.6,150925.0,24382.683,123.545,4.440213593,0.77,0.88,1.39,2.66,2.93,2.93,25.42,2.86,0.27,-0.31,2.4,-0.1267883677556902,19806.0,4.2,8.2,-0.8402135930000001,1.933508041724476,0.27,,,,,,,,,,,,,,,,,,,,,2022Q2,0.2081447963800905,0.1568050380028647,0.0,0.0,0.0,0.0,5.3,2.48,-0.336,-1.5,3.3,0.6655999999999999,-0.02009,-0.0188938837063286,-0.0011961162936713,24249.6402,24421.3,171.6598,24665.1222,24974.5782,309.456,25004.8831,25422.7254,417.8423,25323.1033,25806.624,483.5206,25629.324,26185.013,555.689,3.8486,4.0,0.1514,3.6,3.86,0.26,3.4968,3.7302,0.2334,3.4,3.6877,0.2877,3.3846,3.626,0.2413,4.7,6.2425,1.5425,2.8,4.7097,1.9097,2.4266,4.0,1.5734,2.3178,3.7078,1.39,2.1,3.1,1.0,4.0997,5.2,1.1003,2.5,4.0932,1.5932,2.2,3.6521,1.4521,2.0626,3.2084,1.1458,2.0033,2.9,0.8967,4.3589,7.3446,2.9857,6.4007,9.4099,3.0092,5.5112,7.3241,1.8129,4.7,7.1996,2.4996,4.5,6.025,1.525,0.6739,2.5204,1.8466,3.4,4.8856,1.4856,2.7903,3.8,1.0097,2.4567,3.4,0.9433,2.1918,2.9476,0.7559,1.4751,3.6449,2.1698,2.823,4.627,1.8041,2.45,3.2977,0.8477,2.2197,2.9583,0.7386,2.2,2.7275,0.5275,1009.6157,1010.3211,0.7054,1011.3145,1012.5614,1.2468,1012.6826,1014.3399,1.6572,1013.9472,1015.8386,1.8914,1015.1492,1017.2943,2.145,134.7697,138.6294,3.8598,128.0934,135.0667,6.9733,125.1836,131.6456,6.4619,122.3775,130.5016,8.1241,121.9242,128.8121,6.8879,989.5419,989.9963,0.4544,990.4853,991.0976,0.6123,991.1748,991.9579,0.7831,991.763,992.7263,0.9633,992.4112,993.6107,1.1995,953.9174,954.4462,0.5288,954.5864,955.5301,0.9437,955.1672,956.247,1.0798,955.8355,957.0551,1.2196,956.3691,957.9969,1.6277,0.77,0.77,-0.41,1.21,0.43999999999999995,3.295836866004329,0.6549698521660189,2.8903717578961645,0.8783493522175917,2.833213344056216,0.6972473349922867,-1.6094379124341003,0.9238425536915799,-3.295836866004329,0.838549078445636,-1.0986122886681098,0.7880689256524124,2.772588722239781,0.9076912451291141,0.8239033964840417,14.0,9.0,19.0,1.0,0.0,1.9459101490553132,0.7859052479933758,1.6094379124341003,0.5163977794943223,0.0,0.0,0.6931471805599453,0.0,0.6931471805599453,0.0,0.6931471805599453,0.5773502691896258,2.1972245773362196,0.7685331969757723,0.5906432748538012,2.0,2.0,0.0,1.0,0.0,2.9444389791664403,0.6385078759829887,4.02535169073515,0.5152651888739461,3.9512437185814275,0.7107500002911765,0.0,0.0,-1.3862943611198906,0.0,2.4849066497880004,0.0,3.9512437185814275,0.7083314450562462,0.5017334360554699,6.0,2.0,0.0,0.0,0.0,2.813410716760037,1.885946258639742,6.476972362889683,2.3704061301638624,0.6931471805599453,2.495049972287084,0.810930216216329,2.137287812083591,-3.332204510175204,0.9230930832457442,-2.0794415416798357,1.3479767256482034,6.674561391814426,0.8370567522364346,0.7015756027646601,8.0,7.0,13.0,2.0,0.0,0.0,0.0,0.0,0.0,0.0,0.0,0.0,0.0,0.0,0.0,0.0,0.0,0.0,0.0,0.0,0.0,0.0,0.0,0.0,0.0,10.99959671098612,3.9653292347821254,15.002133723955097,4.280418450749723,7.4776042431975895,3.903047307570547,-0.105360515657826,3.061130365775171,-7.321188556739478,1.7616421616913802,-1.1102230246251565e-16,2.7133959204902416,15.595618409971854,3.2216126393975673,2.617855710157973,30.0,20.0,32.0,4.0,0.0
2022-06-15,meeting_date,291.474,3.3846948755328343,292.289,5.169436028813834,121.323,5.143515790203468,121.804,3.815830968148859,3.6,151682.0,24384.289,123.583,4.440213592608593,1.21,1.69,2.25,3.2,3.38,3.33,29.62,2.7,0.13,0.38,2.5,0.0674478096404274,19806.0,4.2,8.2,-0.8402135926085932,1.815830968148859,0.1299999999999999,,,,,,,,,,,,,,,,,,,,,2022Q2,0.1965065502183406,0.1236502230521126,1.0,0.0,1.0,1.0,5.3,2.4,-0.212,-1.5,3.3,0.8719000000000001,0.045,0.0475782654947703,-0.0025782654947703,24249.6402,24421.3,171.6598,24665.1222,24974.5782,309.456,25004.8831,25422.7254,417.8423,25323.1033,25806.624,483.5206,25629.324,26185.013,555.689,3.8486,4.0,0.1514,3.6,3.86,0.26,3.4968,3.7302,0.2334,3.4,3.6877,0.2877,3.3846,3.626,0.2413,4.7,6.2425,1.5425,2.8,4.7097,1.9097,2.4266,4.0,1.5734,2.3178,3.7078,1.39,2.1,3.1,1.0,4.0997,5.2,1.1003,2.5,4.0932,1.5932,2.2,3.6521,1.4521,2.0626,3.2084,1.1458,2.0033,2.9,0.8967,4.3589,7.3446,2.9857,6.4007,9.4099,3.0092,5.5112,7.3241,1.8129,4.7,7.1996,2.4996,4.5,6.025,1.525,0.6739,2.5204,1.8466,3.4,4.8856,1.4856,2.7903,3.8,1.0097,2.4567,3.4,0.9433,2.1918,2.9476,0.7559,1.4751,3.6449,2.1698,2.823,4.627,1.8041,2.45,3.2977,0.8477,2.2197,2.9583,0.7386,2.2,2.7275,0.5275,1009.6157,1010.3211,0.7054,1011.3145,1012.5614,1.2468,1012.6826,1014.3399,1.6572,1013.9472,1015.8386,1.8914,1015.1492,1017.2943,2.145,134.7697,138.6294,3.8598,128.0934,135.0667,6.9733,125.1836,131.6456,6.4619,122.3775,130.5016,8.1241,121.9242,128.8121,6.8879,989.5419,989.9963,0.4544,990.4853,991.0976,0.6123,991.1748,991.9579,0.7831,991.763,992.7263,0.9633,992.4112,993.6107,1.1995,953.9174,954.4462,0.5288,954.5864,955.5301,0.9437,955.1672,956.247,1.0798,955.8355,957.0551,1.2196,956.3691,957.9969,1.6277,1.21,1.205,-0.25,1.68,0.47,3.1354942159291497,0.8152585262641934,3.367295829986474,0.875799685776225,2.3978952727983707,0.8388704928078611,-2.70805020110221,0.8652258233316383,-3.295836866004329,0.837031133239632,-1.3862943611198906,0.9045340337332909,2.0794415416798357,0.9248475024085451,0.8553429027113238,7.0,14.0,16.0,1.0,0.0,2.70805020110221,0.3929526239966879,2.0794415416798357,0.8090398349558904,0.0,0.0,0.6931471805599453,0.0,0.6931471805599453,0.0,0.6931471805599453,0.5,2.70805020110221,0.6579516949597689,0.4329004329004328,3.0,4.0,0.0,1.0,0.0,3.2188758248682006,0.7505332386027355,-1.3862943611198906,0.5477225575051662,0.0,0.0,-3.091042453358316,0.7134837277801999,-0.6931471805599453,0.7817359599705717,0.0,0.0,1.9459101490553132,0.8387099280647292,0.7034343434343433,8.0,8.0,0.0,0.0,0.0,6.073044534100405,1.4863830890636005,3.7841896339182615,1.7327391568664465,-1.0986122886681098,1.492134708345656,1.7917594692280552,1.6260433646592292,-4.605170185988092,0.8602325267042628,1.791759469228055,1.0245638646895838,3.332204510175204,0.8483886816769274,0.7204804463657052,5.0,3.0,13.0,1.0,0.0,0.0,0.0,0.0,0.0,0.0,0.0,0.0,0.0,0.0,0.0,0.0,0.0,0.0,0.0,0.0,0.0,0.0,0.0,0.0,0.0,15.135464775999965,3.445127477927217,7.8446326444646814,3.9653012351037282,1.2992829841302609,2.331005201153517,-3.3141860046725258,3.2047529157710675,-7.901007051992421,2.4789996199144664,1.0986122886681096,2.429097898422875,10.065606402012563,3.2698978071099707,2.712158125411805,23.0,29.0,29.0,3.0,0.0
2022-07-27,meeting_date,295.328,2.917879081797592,294.354,5.581181804486457,122.052,5.3562025775376165,122.237,3.851186025963438,3.6,151980.0,24386.734,123.615,4.435783746327178,1.68,2.37,2.83,2.96,2.82,2.78,23.24,2.42,-0.18,0.21,2.5,0.0050722993027665,19735.9,3.8,9.2,-0.8357837463271776,1.8511860259634376,-0.1800000000000001,,,,,,,,,,,,,,,,,,,,,2022Q3,0.2045454545454545,0.133735751270058,0.0,0.0,0.0,0.0,5.2,2.23,-0.202,24.2,3.2,0.5899999999999999,-0.015,-0.0023121529368428,-0.0126878470631571,24752.1498,24942.2215,190.0717,25123.6407,25436.7231,313.0823,25443.12,25854.93,411.81,25744.4522,26214.5,470.0478,25994.5748,26528.8,534.2252,3.507,3.6648,0.1578,3.4,3.7,0.3,3.364,3.8,0.436,3.3507,3.8,0.4493,3.3839,4.0,0.6161,6.3216,8.3963,2.0747,3.6809,6.0865,2.4055,2.9891,4.2938,1.3047,2.5154,3.65,1.1346,2.4439,3.45,1.0061,5.1,6.5,1.4,3.2705,4.5827,1.3122,2.5,3.8,1.3,2.3,3.3,1.0,2.1688,3.1,0.9312,6.2,9.4998,3.2998,5.7,8.4584,2.7584,5.1621,7.0594,1.8972,4.6618,7.0139,2.3522,4.2,6.0697,1.8697,1.6896,2.9697,1.2801,2.0298,2.9713,0.9416,2.0898,2.6763,0.5865,1.6287,2.8262,1.1975,1.8,2.9003,1.1003,2.3204,3.682,1.3615,2.2,3.034,0.834,1.8616,2.8319,0.9703,1.8,2.6255,0.8255,1.9533,2.6359,0.6827,1011.6668,1012.4317,0.765,1013.1565,1014.3949,1.2385,1014.4201,1016.0257,1.6056,1015.5974,1017.4068,1.8094,1016.5643,1018.5986,2.0343,125.4763,129.8776,4.4013,122.3775,130.8333,8.4557,121.3131,133.5001,12.187,120.9166,133.5001,12.5835,121.902,138.6294,16.7274,989.4383,989.7511,0.3127,989.9586,990.5433,0.5847,990.4311,991.1148,0.6837,990.8748,991.7185,0.8437,991.4451,992.232,0.7868,954.6209,954.9511,0.3301,955.1595,955.8846,0.7251,955.6166,956.4635,0.8469,956.0888,957.0367,0.9479,956.6691,957.654,0.9849,1.68,2.335,0.2,2.56,0.8800000000000001,2.6390573296152584,0.8781467127129874,3.044522437723423,0.9259914686032228,-0.6931471805599453,0.961562881252794,-3.295836866004329,0.7706955502698025,-3.1354942159291497,0.8422434812408015,-1.791759469228055,0.8498365855987975,-3.2188758248682006,0.9116322265469614,0.8310733164789703,11.0,18.0,24.0,1.0,0.0,1.791759469228055,0.792961461098759,1.3862943611198906,0.9161253813129043,-0.6931471805599453,0.7071067811865476,-0.6931471805599453,0.0,0.0,0.0,0.6931471805599453,0.5773502691896258,1.9459101490553132,0.7762500258061849,0.6025641025641026,2.0,2.0,0.0,0.0,0.0,3.332204510175204,0.0,3.1354942159291497,0.9274300956290349,-2.4849066497880004,0.49259218307188896,1.791759469228055,0.9607689228305227,0.0,0.0,0.0,0.0,3.2188758248682006,0.9532171361357855,0.9086229086229086,0.0,0.0,11.0,0.0,0.0,7.731930721948486,1.8569056885020971,5.966146739123692,2.0599868985926904,0.6931471805599453,2.796839158952385,2.0794415416798357,0.894427190999916,-7.55171221535131,1.6820674888043325,-1.0986122886681098,0.9636113749942803,2.2856355346802726,0.5773485479450692,0.42591828879307636,5.0,5.0,25.0,2.0,0.0,0.0,0.0,0.0,0.0,0.0,0.0,0.0,0.0,0.0,0.0,0.0,0.0,0.0,0.0,0.0,0.0,0.0,0.0,0.0,0.0,15.494952030967003,3.5280138623138435,13.532457753896155,4.829533844137853,-3.1780538303479458,4.958101004463615,-0.11778303565638382,2.625891664100241,-10.68720643128046,2.524310970045134,-2.1972245773362196,2.3907982297827037,4.231545683735586,3.218447936434001,2.768178616459058,18.0,25.0,60.0,3.0,0.0
2022-09-21,meeting_date,295.62,2.155980365699772,296.95,6.04713285264824,123.121,5.508470945129518,123.074,3.985400103077974,3.7,152744.0,24882.878,126.312,4.435783746327178,2.56,3.21,3.77,4.02,3.74,3.51,27.99,2.38,-0.51,1.27,2.5,0.0196289216250435,19735.9,3.8,9.2,-0.7357837463271775,1.985400103077974,-0.5099999999999998,,,,,,,,,,,,,,,,,,,,,2022Q3,0.0364583333333333,0.0493521930920679,0.0,0.0,0.0,0.0,4.7,2.29,-0.152,24.2,2.7,0.8871000000000002,-0.03333,-0.1010636306744505,0.0677336306744505,24752.1498,24942.2215,190.0717,25123.6407,25436.7231,313.0823,25443.12,25854.93,411.81,25744.4522,26214.5,470.0478,25994.5748,26528.8,534.2252,3.507,3.6648,0.1578,3.4,3.7,0.3,3.364,3.8,0.436,3.3507,3.8,0.4493,3.3839,4.0,0.6161,6.3216,8.3963,2.0747,3.6809,6.0865,2.4055,2.9891,4.2938,1.3047,2.5154,3.65,1.1346,2.4439,3.45,1.0061,5.1,6.5,1.4,3.2705,4.5827,1.3122,2.5,3.8,1.3,2.3,3.3,1.0,2.1688,3.1,0.9312,6.2,9.4998,3.2998,5.7,8.4584,2.7584,5.1621,7.0594,1.8972,4.6618,7.0139,2.3522,4.2,6.0697,1.8697,1.6896,2.9697,1.2801,2.0298,2.9713,0.9416,2.0898,2.6763,0.5865,1.6287,2.8262,1.1975,1.8,2.9003,1.1003,2.3204,3.682,1.3615,2.2,3.034,0.834,1.8616,2.8319,0.9703,1.8,2.6255,0.8255,1.9533,2.6359,0.6827,1011.6668,1012.4317,0.765,1013.1565,1014.3949,1.2385,1014.4201,1016.0257,1.6056,1015.5974,1017.4068,1.8094,1016.5643,1018.5986,2.0343,125.4763,129.8776,4.4013,122.3775,130.8333,8.4557,121.3131,133.5001,12.187,120.9166,133.5001,12.5835,121.902,138.6294,16.7274,989.4383,989.7511,0.3127,989.9586,990.5433,0.5847,990.4311,991.1148,0.6837,990.8748,991.7185,0.8437,991.4451,992.232,0.7868,954.6209,954.9511,0.3301,955.1595,955.8846,0.7251,955.6166,956.4635,0.8469,956.0888,957.0367,0.9479,956.6691,957.654,0.9849,2.56,2.5433,0.0,3.78,1.2199999999999998,2.995732273553991,0.8252654863276351,3.1354942159291497,0.9123273918069488,1.6094379124341003,0.9900987660342087,-2.772588722239781,0.8589556903873333,-3.58351893845611,0.7040620012992116,-2.302585092994046,0.6304251719561151,-2.772588722239781,0.9116724529479742,0.8311466614641762,5.0,15.0,21.0,1.0,0.0,2.3978952727983707,0.6172133998483675,2.1972245773362196,0.8555852638929973,-1.0986122886681098,0.816496580927726,0.0,0.0,0.0,0.0,0.6931471805599453,0.7071067811865476,2.5649493574615367,0.8357108940373451,0.6984126984126986,1.0,2.0,1.0,1.0,0.0,3.5263605246161616,0.0,3.367295829986474,0.0,0.0,0.0,-2.9444389791664403,0.951661902861773,0.0,0.0,0.0,0.0,3.7376696182833684,0.9360054458657094,0.8761061946902656,21.0,21.0,0.0,0.0,0.0,5.817111159963204,2.2431201596192683,8.101677747454572,2.449046136385906,1.1631508098056806,1.7015663944035797,1.0986122886681098,1.8790124551272864,-2.9957322735539913,3.362896860423609,0.0,1.4142135623730951,4.619073091157082,0.7034388613692055,0.5248505162230652,11.0,7.0,12.0,2.0,0.0,0.0,0.0,0.0,0.0,0.0,0.0,0.0,0.0,0.0,0.0,0.0,0.0,0.0,0.0,0.0,0.0,0.0,0.0,0.0,0.0,14.737099230931728,3.6855990457952705,16.801692370706416,4.216958792085852,1.6739764335716711,3.508161741365514,-4.618415412738112,3.689630048376393,-6.579251212010101,4.066958861722821,-1.6094379124341005,2.7517455155157577,8.149103344662205,3.3868276542202342,2.9305160707902056,38.0,45.0,34.0,4.0,0.0
2022-11-02,meeting_date,296.761,0.5751748502822007,298.66,5.466860183841327,124.102,4.993231810490695,124.542,4.181758865010909,3.5,153018.0,25663.289,128.177,4.4317595775412615,3.78,4.04,4.45,4.61,4.3,4.1,25.86,2.53,-0.51,1.62,2.5,-0.2289297379155661,19681.7,3.6,10.5,-0.9317595775412616,2.181758865010909,-0.5100000000000007,,,,,,,,,,,,,,,,,,,,,2022Q4,0.1132075471698113,0.0924170183970336,0.0,0.0,0.0,0.0,5.0,2.38,-0.128,39.1,3.0,0.6854999999999998,-0.00268,0.0474577271378951,-0.0501377271378951,25135.244,25341.3462,206.1022,25404.8126,25735.7431,330.9305,25660.3921,26060.3339,399.9418,25859.7828,26364.589,504.8063,26094.753,26697.91,603.1569,3.5,3.7,0.2,3.539,3.8,0.261,3.6,4.0,0.4,3.6779,4.2,0.5221,3.7043,4.5,0.7957,4.8,7.5,2.7,3.3203,6.0,2.6797,2.9423,4.2,1.2577,2.6621,3.8,1.1379,2.5,3.4,0.9,4.7,5.8,1.1,2.8396,4.5,1.6604,2.4293,4.0,1.5707,2.3,3.3,1.0,2.1,3.2,1.1,4.6408,8.1153,3.4746,4.3194,7.3,2.9806,3.9557,5.9024,1.9468,3.9168,5.4608,1.544,3.7376,5.3098,1.5722,0.9283,2.1371,1.2088,0.8603,2.1,1.2397,0.8082,1.9111,1.1028,1.2033,2.0639,0.8606,0.9035,2.1274,1.2238,1.2457,2.5177,1.272,1.1,2.5748,1.4748,1.1859,2.2934,1.1075,1.0441,2.1792,1.1352,1.2054,2.1,0.8946,1013.2026,1014.0193,0.8166,1014.2694,1015.5636,1.2942,1015.2704,1016.817,1.5466,1016.0444,1017.9777,1.9333,1016.949,1019.2341,2.2851,125.2763,130.8333,5.557,126.3844,133.5001,7.1157,128.0934,138.6294,10.5361,130.2351,143.5085,13.2733,130.9492,150.4077,19.4585,988.9755,989.2731,0.2976,989.1405,989.7346,0.5941,989.2177,990.2361,1.0184,989.5586,990.6756,1.117,989.9082,991.1462,1.238,954.3954,954.7075,0.3121,954.6815,955.3444,0.6629,954.9558,955.9528,0.9971,955.2045,956.477,1.2725,955.5027,956.9008,1.3981,3.78,3.7827,-0.6,4.1,0.31999999999999984,2.9444389791664403,0.7447075748108625,3.2188758248682006,0.8261595987094035,1.9459101490553132,0.8469895538599198,-2.70805020110221,0.7207770248277336,-3.9512437185814275,0.6701374852104971,-2.1972245773362196,0.6513389472789296,-3.4965075614664802,0.8675742885194844,0.7526851461000895,11.0,12.0,23.0,1.0,0.0,2.3978952727983707,0.6191391873668903,1.6094379124341003,0.8090398349558905,-0.6931471805599453,0.5773502691896258,0.0,1.0,-0.6931471805599453,0.0,0.0,0.0,2.1972245773362196,0.783823376129674,0.6143790849673204,1.0,0.0,0.0,1.0,0.0,2.9444389791664403,0.6201736729460422,4.290459441148391,0.7885120794764072,-2.70805020110221,0.8897565210026093,0.0,0.0,0.0,0.0,0.0,0.0,4.04305126783455,0.924030337905919,0.8538320653705269,5.0,0.0,20.0,0.0,0.0,2.4849066497880004,3.8910121077288804,5.717027701406222,3.639350128892744,1.6094379124341005,2.449512222375696,-1.5040773967762746,2.415934400554539,-5.3471075307174685,2.7321006034103306,-0.4054651081081645,1.77240708685044,-1.548813290617665,0.7397559829450082,0.5675225934698919,14.0,8.0,21.0,2.0,0.0,1.0986122886681098,0.5477225575051662,0.6931471805599453,0.0,0.0,0.0,0.0,0.0,0.0,0.0,0.0,0.0,1.0986122886681098,0.5477225575051662,0.30000000000000004,0.0,0.0,0.0,1.0,0.0,11.870292169587362,6.422755100357842,15.528948060416859,6.0630616420344445,0.1541506798272585,4.763608566427851,-4.212127597878485,4.1367114253822725,-9.99149842985884,3.4022380886208277,-2.602689685444384,2.4237460341293695,2.2935672817547346,3.862906543005252,3.0884188899078286,31.0,20.0,64.0,5.0,0.0
2022-12-14,meeting_date,298.349,0.0,300.066,5.3713523194156565,124.55,4.803897644752242,124.857,3.8804256487482647,3.7,153548.0,25698.96,128.242,4.4317595775412615,4.1,4.23,4.52,4.23,3.64,3.49,21.14,2.19,-0.74,1.39,2.5,-0.0113681075104388,19681.7,3.6,10.5,-0.7317595775412613,1.880425648748265,-0.7400000000000002,,,,,,,,,,,,,,,,,,,,,2022Q4,0.0234741784037558,0.0312241099195362,0.0,0.0,0.0,0.0,4.3,2.13,-0.191,39.1,2.3,0.2073999999999998,0.0,-0.055862396474385,0.055862396474385,25135.244,25341.3462,206.1022,25404.8126,25735.7431,330.9305,25660.3921,26060.3339,399.9418,25859.7828,26364.589,504.8063,26094.753,26697.91,603.1569,3.5,3.7,0.2,3.539,3.8,0.261,3.6,4.0,0.4,3.6779,4.2,0.5221,3.7043,4.5,0.7957,4.8,7.5,2.7,3.3203,6.0,2.6797,2.9423,4.2,1.2577,2.6621,3.8,1.1379,2.5,3.4,0.9,4.7,5.8,1.1,2.8396,4.5,1.6604,2.4293,4.0,1.5707,2.3,3.3,1.0,2.1,3.2,1.1,4.6408,8.1153,3.4746,4.3194,7.3,2.9806,3.9557,5.9024,1.9468,3.9168,5.4608,1.544,3.7376,5.3098,1.5722,0.9283,2.1371,1.2088,0.8603,2.1,1.2397,0.8082,1.9111,1.1028,1.2033,2.0639,0.8606,0.9035,2.1274,1.2238,1.2457,2.5177,1.272,1.1,2.5748,1.4748,1.1859,2.2934,1.1075,1.0441,2.1792,1.1352,1.2054,2.1,0.8946,1013.2026,1014.0193,0.8166,1014.2694,1015.5636,1.2942,1015.2704,1016.817,1.5466,1016.0444,1017.9777,1.9333,1016.949,1019.2341,2.2851,125.2763,130.8333,5.557,126.3844,133.5001,7.1157,128.0934,138.6294,10.5361,130.2351,143.5085,13.2733,130.9492,150.4077,19.4585,988.9755,989.2731,0.2976,989.1405,989.7346,0.5941,989.2177,990.2361,1.0184,989.5586,990.6756,1.117,989.9082,991.1462,1.238,954.3954,954.7075,0.3121,954.6815,955.3444,0.6629,954.9558,955.9528,0.9971,955.2045,956.477,1.2725,955.5027,956.9008,1.3981,4.1,4.1137,-0.46,4.57,0.47000000000000064,2.8903717578961645,0.7240041966823505,2.302585092994046,0.9467171129357839,1.9459101490553132,0.9740215340114143,-3.1354942159291497,0.671296351920824,1.0986122886681098,0.8911917049558689,-1.791759469228055,0.7440238091428449,-1.9459101490553132,0.9088976607263907,0.8260949576739051,5.0,9.0,25.0,1.0,0.0,2.6390573296152584,0.43723731609760313,2.1972245773362196,0.6513389472789296,-0.6931471805599453,0.7071067811865476,0.0,1.0,0.0,1.4142135623730951,0.0,0.0,2.6390573296152584,0.7277666307098063,0.5296442687747036,1.0,1.0,1.0,1.0,0.0,3.912023005428146,0.46156633137705094,3.9889840465642745,0.40236007438171373,-2.772588722239781,0.9065662403697468,0.0,0.0,0.0,0.0,0.0,0.0,3.828641396489095,0.8296799012426991,0.6883687385260948,21.0,2.0,20.0,0.0,0.0,7.7142311448490855,2.895833965016603,5.19295685089021,3.53837567190723,-3.015534900850171,2.5975440250578274,-6.173786103901937,2.675134270824639,-5.2574953720277815,2.6098713533403037,-0.6931471805599453,0.447213595499958,-3.4169457386302944,0.8633148001659136,0.747610291278351,17.0,9.0,19.0,1.0,0.0,1.0986122886681098,0.5477225575051662,0.6931471805599453,0.0,0.0,0.0,0.0,0.0,0.0,0.0,0.0,0.0,1.0986122886681098,0.5477225575051662,0.30000000000000004,0.0,0.0,0.0,1.0,0.0,18.254295526456765,5.066364366678774,14.374897748344695,5.538791806503657,-4.535360654594584,5.185238580625536,-9.309280319831085,4.346430622745463,-4.1588830833596715,4.9152766206692675,-2.4849066497880004,1.191237404642803,2.2034551270868556,3.877381550349976,3.0917182562530545,44.0,21.0,65.0,4.0,0.0
2023-02-01,meeting_date,298.112,0.0,300.974,4.549149292408594,124.809,3.8534507147730768,125.503,3.546058330926938,3.5,153743.0,26132.458,129.381,4.428063806006247,4.57,4.54,4.65,4.09,3.48,3.39,17.87,2.25,-0.7,1.19,2.5,-0.1499376757837269,20021.7,3.6,5.7,-0.9280638060062474,1.5460583309269378,-0.6999999999999997,,,,,,,,,,,,,,,,,,,,,2023Q1,0.2334801762114537,0.1292132667744121,0.0,0.0,0.0,0.0,4.2,2.21,-0.309,44.8,2.2,0.1417000000000001,-0.00778,0.0098752144739919,-0.0176552144739919,25944.4851,26079.4336,134.9485,26118.3275,26430.8468,312.5193,26281.5634,26729.949,448.3857,26512.6369,26997.2379,484.601,26796.8724,27311.9199,515.0475,3.6508,3.8,0.1492,3.7187,4.0,0.2813,3.8535,4.3573,0.5039,3.9652,4.68,0.7147,4.1,4.8213,0.7213,4.4856,5.9,1.4144,3.607,5.4623,1.8553,2.7,4.4907,1.7907,2.5272,3.7958,1.2686,2.5239,3.7,1.1761,3.7494,5.0,1.2506,3.2,4.6,1.4,2.4695,4.0,1.5305,2.3393,3.8,1.4607,2.25,3.7964,1.5464,4.4552,6.6456,2.1904,3.2281,5.3,2.0719,2.401,4.4905,2.0895,2.8303,4.9275,2.0972,3.594,5.3369,1.7429,-0.0676,2.0,2.0676,-0.5,1.3915,1.8915,-0.5,1.3963,1.8963,0.1759,1.9152,1.7394,0.7538,2.1582,1.4044,0.9889,2.3342,1.3453,-0.3994,1.6464,2.0458,-0.3994,1.8,2.1994,0.5,1.8897,1.3897,0.8935,2.2428,1.3493,1016.3714,1016.8902,0.5188,1017.0393,1018.2287,1.1894,1017.6623,1019.354,1.6917,1018.5377,1020.349,1.8113,1019.604,1021.5079,1.9038,129.4946,133.5001,4.0055,131.3375,138.6294,7.2919,134.8976,147.1862,12.2886,137.7567,154.3289,16.5722,141.0987,157.3035,16.2048,990.4404,990.9523,0.5119,990.2883,991.2301,0.9417,990.2133,991.5767,1.3634,990.2896,991.6325,1.3429,990.5683,992.2268,1.6585,955.9859,956.3168,0.3308,955.935,956.7336,0.7986,955.8628,957.0641,1.2014,956.0006,957.4334,1.4328,956.2361,957.987,1.7508,4.57,4.5726,-0.43,4.65,0.08000000000000007,2.302585092994046,0.8520859229960716,-1.0986122886681098,0.927847001636236,2.1972245773362196,0.8683449709106092,-2.70805020110221,0.7941225539113158,-3.4965075614664802,0.7328220719943568,-1.0986122886681098,0.8006407690254357,-3.784189633918261,0.8382963480989184,0.702740767235983,8.0,11.0,29.0,1.0,0.0,2.3978952727983707,0.4385290096535146,1.6094379124341003,0.7264831572567789,-0.6931471805599453,0.5773502691896258,-0.6931471805599453,1.1547005383792517,0.0,0.0,0.0,0.0,2.1972245773362196,0.7432233529572065,0.5523809523809524,0.0,0.0,1.0,1.0,0.0,3.6888794541139363,0.738114760685104,3.713572066704308,0.8078561622884166,-0.6931471805599453,0.8993461677306268,3.4011973816621555,0.0,3.4011973816621555,0.49658699082414787,0.0,0.0,3.970291913552122,0.7296328801806944,0.5323641398407755,0.0,2.0,4.0,0.0,0.0,5.2574953720277815,0.3535533905932738,2.0794415416798357,1.6054414833026989,1.3862943611198906,1.543766807720623,0.6931471805599453,0.0,0.0,0.0,-0.6931471805599453,1.4142135623730951,4.276666119016055,0.7567856175650035,0.6207010582010581,1.0,5.0,1.0,1.0,0.0,1.0986122886681098,0.5163977794943223,0.6931471805599453,0.7071067811865476,0.0,0.0,0.0,0.0,0.0,0.0,0.0,0.0,1.0986122886681098,0.5163977794943223,0.2666666666666667,0.0,0.0,0.0,1.0,0.0,14.745467480602244,2.8986808634222863,6.996986412710079,4.774734585670678,2.197224577336219,3.888808215551485,0.6931471805599453,1.9488230922905676,-0.09531017980432477,1.2294090628185046,-1.791759469228055,2.2148543313985307,7.758605264654246,3.5843359782961453,2.6748535843254357,9.0,18.0,35.0,4.0,0.0
2023-03-22,meeting_date,301.648,4.0066510825402135,304.07,5.19778858728368,125.899,3.773460489115665,126.445,3.940781415689143,3.6,155350.0,26144.956,129.511,4.428063806006247,4.65,4.63,4.73,3.96,3.54,3.48,22.26,2.28,-0.48,1.23,2.5,-0.1837919011395208,20021.7,3.6,5.7,-0.8280638060062473,1.940781415689143,-0.48,,,,,,,,,,,,,,,,,,,,,2023Q1,0.2110091743119265,0.081174379845776,0.0,0.0,0.0,0.0,3.6,2.25,-0.178,44.8,1.6,0.1669,0.03444,0.0605606633552149,-0.0261206633552149,25944.4851,26079.4336,134.9485,26118.3275,26430.8468,312.5193,26281.5634,26729.949,448.3857,26512.6369,26997.2379,484.601,26796.8724,27311.9199,515.0475,3.6508,3.8,0.1492,3.7187,4.0,0.2813,3.8535,4.3573,0.5039,3.9652,4.68,0.7147,4.1,4.8213,0.7213,4.4856,5.9,1.4144,3.607,5.4623,1.8553,2.7,4.4907,1.7907,2.5272,3.7958,1.2686,2.5239,3.7,1.1761,3.7494,5.0,1.2506,3.2,4.6,1.4,2.4695,4.0,1.5305,2.3393,3.8,1.4607,2.25,3.7964,1.5464,4.4552,6.6456,2.1904,3.2281,5.3,2.0719,2.401,4.4905,2.0895,2.8303,4.9275,2.0972,3.594,5.3369,1.7429,-0.0676,2.0,2.0676,-0.5,1.3915,1.8915,-0.5,1.3963,1.8963,0.1759,1.9152,1.7394,0.7538,2.1582,1.4044,0.9889,2.3342,1.3453,-0.3994,1.6464,2.0458,-0.3994,1.8,2.1994,0.5,1.8897,1.3897,0.8935,2.2428,1.3493,1016.3714,1016.8902,0.5188,1017.0393,1018.2287,1.1894,1017.6623,1019.354,1.6917,1018.5377,1020.349,1.8113,1019.604,1021.5079,1.9038,129.4946,133.5001,4.0055,131.3375,138.6294,7.2919,134.8976,147.1862,12.2886,137.7567,154.3289,16.5722,141.0987,157.3035,16.2048,990.4404,990.9523,0.5119,990.2883,991.2301,0.9417,990.2133,991.5767,1.3634,990.2896,991.6325,1.3429,990.5683,992.2268,1.6585,955.9859,956.3168,0.3308,955.935,956.7336,0.7986,955.8628,957.0641,1.2014,956.0006,957.4334,1.4328,956.2361,957.987,1.7508,4.65,4.6414,-0.41,5.06,0.40999999999999925,2.4849066497880004,0.7156671622894872,0.6931471805599453,0.9342204542520235,0.0,0.9534625892455924,-2.0794415416798357,0.8431864889509921,-3.1354942159291497,0.846908400717019,-1.0986122886681098,0.5773502691896258,-3.1780538303479458,0.8602355682383609,0.7400052328623756,16.0,6.0,28.0,1.0,0.0,1.791759469228055,0.5270462766947299,0.6931471805599453,0.9375953110592339,1.3862943611198906,0.8660254037844386,-1.791759469228055,0.7264831572567789,0.0,1.4142135623730951,0.0,0.0,0.0,0.9013878188659973,0.8125,1.0,0.0,4.0,1.0,0.0,3.091042453358316,0.3741657386773941,-2.8903717578961645,0.0,1.9459101490553132,0.0,0.0,0.0,-3.5553480614894135,0.0,0.0,0.0,-3.2188758248682006,0.8170411843439076,0.6675562969140952,28.0,0.0,0.0,0.0,0.0,5.2574953720277815,4.509565348720866,6.274448098778208,3.7820944854038596,2.9957322735539913,3.88764942163741,-3.5835189384561104,2.9119416959380584,-11.863469654178637,3.828594479034381,-0.4054651081081645,0.5477225575051662,-3.796024091565264,0.7492015236924725,0.5796662711204299,14.0,9.0,33.0,1.0,0.0,1.6094379124341003,0.5345224838248488,1.3862943611198906,0.8944271909999161,0.0,1.4142135623730951,-0.6931471805599453,0.0,-0.6931471805599453,0.7071067811865476,0.0,0.0,1.6094379124341003,0.7264831572567789,0.5277777777777778,1.0,1.0,1.0,1.0,0.0,14.234641856836253,6.660967010207326,6.156665063121825,6.548337441715033,6.3279367837291955,7.121350977040536,-8.147867129923947,4.481611342145829,-19.247459112157145,6.796823223311042,-1.5040773967762742,1.125072826694792,-8.58351583434731,4.054349252397517,3.3275055786746783,60.0,16.0,66.0,4.0,0.0
2023-05-03,meeting_date,301.808,2.651166623178658,305.24,4.444467255886209,126.373,3.330335241210136,127.244,3.882829338384175,3.5,155569.0,26465.865,130.787,4.424628937818157,5.06,5.09,4.85,3.89,3.37,3.38,18.34,2.2,-0.51,1.18,2.5,0.1491400867976331,20198.1,3.6,3.1,-0.9246289378181568,1.882829338384175,-0.5100000000000002,,,,,,,,,,,,,,,,,,,,,2023Q2,0.1083743842364531,0.0402223970372702,0.0,0.0,0.0,0.0,4.2,2.21,-0.193,46.0,2.2,0.1650999999999998,0.01384,0.030383074511266,-0.016543074511266,26300.7298,26423.8003,123.0705,26465.9,26714.0112,248.1112,26598.3787,26998.9384,400.5596,26830.2,27308.4625,478.2625,27112.7,27612.3604,499.6604,3.438,3.7382,0.3002,3.5497,4.0337,0.4841,3.7,4.3318,0.6318,3.8523,4.63,0.7777,3.9,4.8,0.9,2.7593,3.8493,1.09,2.8468,3.7,0.8532,2.5248,3.4834,0.9586,2.5,3.2075,0.7075,2.2719,3.0,0.7281,2.7393,3.5911,0.8517,2.5,3.4,0.9,2.2692,3.0147,0.7455,2.1747,3.0,0.8253,2.1,2.9406,0.8406,2.6,4.5339,1.9339,2.6627,4.5765,1.9138,2.9,4.5765,1.6765,2.9211,4.6295,1.7084,3.4,4.6105,1.2105,-0.3927,1.4736,1.8663,-0.2224,1.5085,1.7309,-0.1886,1.6664,1.8551,0.5,1.8959,1.3959,1.0,2.3639,1.3639,0.6838,1.925,1.2412,-0.0115,1.7,1.7115,-0.3415,1.9669,2.3084,0.5009,2.0,1.4991,0.804,2.2282,1.4242,1017.7352,1018.202,0.4668,1018.3612,1019.2943,0.9331,1018.8606,1020.3553,1.4947,1019.7283,1021.4952,1.7669,1020.7758,1022.6019,1.8261,123.4901,131.8605,8.3704,126.6852,139.4688,12.7836,130.8333,146.5988,15.7655,134.8659,153.2548,18.3889,136.0977,156.8616,20.7639,991.236,991.7001,0.4641,991.1839,991.9695,0.7856,991.1186,992.3306,1.2119,991.3694,992.7156,1.3462,991.6598,993.2162,1.5564,956.637,956.9433,0.3063,956.6904,957.378,0.6877,956.6652,957.7999,1.1347,956.8411,958.223,1.3819,957.216,958.7643,1.5482,5.06,5.0462,-0.18,5.08,0.020000000000000462,2.4849066497880004,0.7769193031477617,-0.6931471805599453,0.9541493606905921,-1.3862943611198906,0.978258272294095,-2.9444389791664403,0.802170967356439,-3.7376696182833684,0.7792326570473279,-1.6094379124341003,0.6992058987801011,-3.828641396489095,0.8542011530058924,0.729659609796596,16.0,11.0,40.0,1.0,0.0,1.9459101490553132,0.6875516509523286,0.6931471805599453,0.9611501047232549,1.6094379124341003,0.8432740427115678,-1.6094379124341003,0.9258200997725514,-1.3862943611198906,0.894427190999916,-0.6931471805599453,0.0,1.3862943611198906,0.9595257449242379,0.9206896551724137,2.0,1.0,4.0,1.0,0.0,0.0,0.0,0.0,0.0,-3.332204510175204,0.0,0.0,0.0,0.0,0.0,0.0,0.0,-3.332204510175204,0.0,0.0,0.0,0.0,27.0,0.0,0.0,2.367123614131617,3.086628071004702,2.302585092994046,3.639303071805998,4.394449154672439,2.6849369345608016,-2.890371757896165,3.292134909961555,-9.261983605128021,3.276241048644194,1.791759469228055,0.6900655593423541,-6.340359303727753,0.7905750837427685,0.6372611429198646,12.0,4.0,23.0,2.0,0.0,1.3862943611198906,0.5477225575051661,1.0986122886681098,0.5773502691896258,0.0,0.0,0.6931471805599453,0.0,0.6931471805599453,0.7071067811865476,0.0,0.0,1.3862943611198906,0.5477225575051661,0.3,0.0,0.0,0.0,1.0,0.0,8.184234774094822,5.098821582609958,3.401197381662156,6.131952806409471,1.285388195811445,4.506469249566464,-6.75110146893676,5.0201259770905455,-13.692800403971335,5.657007677877986,-0.5108256237659905,1.3892714581224552,-10.72861648815227,3.152024539178065,2.5876104078888744,30.0,16.0,94.0,5.0,0.0
2023-06-14,meeting_date,303.294,1.4460790966586146,307.824,4.695986966740029,126.862,2.712287065224417,127.762,3.654123870255898,3.7,156105.0,26486.287,130.819,4.424628937818157,5.08,5.1,5.14,4.74,4.06,3.83,13.88,2.21,-0.91,1.91,2.5,0.1903158478972702,20198.1,3.6,3.1,-0.7246289378181565,1.654123870255899,-0.91,,,,,,,,,,,,,,,,,,,,,2023Q2,0.0816326530612244,0.0376966771604857,0.0,0.0,0.0,0.0,3.3,2.27,-0.217,46.0,1.2999999999999998,0.1263000000000005,-0.01875,-0.0490612674647696,0.0303112674647696,26300.7298,26423.8003,123.0705,26465.9,26714.0112,248.1112,26598.3787,26998.9384,400.5596,26830.2,27308.4625,478.2625,27112.7,27612.3604,499.6604,3.438,3.7382,0.3002,3.5497,4.0337,0.4841,3.7,4.3318,0.6318,3.8523,4.63,0.7777,3.9,4.8,0.9,2.7593,3.8493,1.09,2.8468,3.7,0.8532,2.5248,3.4834,0.9586,2.5,3.2075,0.7075,2.2719,3.0,0.7281,2.7393,3.5911,0.8517,2.5,3.4,0.9,2.2692,3.0147,0.7455,2.1747,3.0,0.8253,2.1,2.9406,0.8406,2.6,4.5339,1.9339,2.6627,4.5765,1.9138,2.9,4.5765,1.6765,2.9211,4.6295,1.7084,3.4,4.6105,1.2105,-0.3927,1.4736,1.8663,-0.2224,1.5085,1.7309,-0.1886,1.6664,1.8551,0.5,1.8959,1.3959,1.0,2.3639,1.3639,0.6838,1.925,1.2412,-0.0115,1.7,1.7115,-0.3415,1.9669,2.3084,0.5009,2.0,1.4991,0.804,2.2282,1.4242,1017.7352,1018.202,0.4668,1018.3612,1019.2943,0.9331,1018.8606,1020.3553,1.4947,1019.7283,1021.4952,1.7669,1020.7758,1022.6019,1.8261,123.4901,131.8605,8.3704,126.6852,139.4688,12.7836,130.8333,146.5988,15.7655,134.8659,153.2548,18.3889,136.0977,156.8616,20.7639,991.236,991.7001,0.4641,991.1839,991.9695,0.7856,991.1186,992.3306,1.2119,991.3694,992.7156,1.3462,991.6598,993.2162,1.5564,956.637,956.9433,0.3063,956.6904,957.378,0.6877,956.6652,957.7999,1.1347,956.8411,958.223,1.3819,957.216,958.7643,1.5482,5.08,5.0847,-0.41,5.12,0.040000000000000036,2.772588722239781,0.6921662203943878,2.1972245773362196,0.9369247858278927,-0.6931471805599453,0.8833476270999036,-1.9459101490553132,0.874746926965061,-2.70805020110221,0.8385991077770892,0.0,0.6666666666666666,-0.6931471805599453,0.8569410795480199,0.7343480138169257,12.0,9.0,22.0,1.0,0.0,2.0794415416798357,0.5188745216627708,0.6931471805599453,0.927960727138337,-1.0986122886681098,0.5773502691896258,-1.0986122886681098,1.0,0.0,1.0,0.6931471805599453,0.5773502691896258,1.3862943611198906,0.7859052479933758,0.6176470588235295,2.0,0.0,2.0,1.0,0.0,0.0,0.3429971702850177,0.0,1.0690449676496976,-1.9459101490553132,0.0,1.6094379124341003,0.0,-4.430816798843313,0.32316921825641187,0.0,0.0,-4.454347296253507,0.570087712549569,0.325,3.0,0.0,35.0,0.0,0.0,4.564348191467836,3.549555971718993,3.58351893845611,2.714451271169582,0.0,2.701018991017985,-7.426549072397305,3.323790464047284,-9.943909467035043,4.894937970790917,-1.6094379124341003,0.7559289460184544,-10.183389437668946,0.7290438576617783,0.6317213235982653,31.0,2.0,51.0,0.0,0.0,1.3862943611198906,0.5477225575051661,1.0986122886681098,0.5773502691896258,0.0,0.0,0.6931471805599453,0.0,0.6931471805599453,0.7071067811865476,0.0,0.0,1.3862943611198906,0.5477225575051661,0.3,0.0,0.0,0.0,1.0,0.0,10.802672816507343,5.651316441566335,7.572502985020385,6.225732020975135,-3.7376696182833684,4.161716887307515,-8.168486417126681,5.198537391012345,-16.38962928642062,7.7638130780109655,-0.916290731874155,1.9999458818747469,-12.558295192242618,3.489700455257909,2.6087163962387208,48.0,11.0,110.0,3.0,0.0
2023-07-26,meeting_date,303.841,1.480511017282815,308.309,4.53810290751886,127.007,2.9255168277997123,128.142,3.883196056813021,3.6,156204.0,26529.774,130.8,4.421396747328491,5.12,5.28,5.28,4.82,4.09,3.86,13.19,2.36,-0.96,1.85,2.5,0.0290739571983793,20235.9,3.5,3.8,-0.8213967473284911,1.8831960568130208,-0.9600000000000004,,,,,,,,,,,,,,,,,,,,,2023Q3,0.0717948717948717,0.048363109022868,0.0,0.0,0.0,0.0,3.4,2.48,-0.266,50.8,1.4,0.1258999999999996,0.0,0.0148817437834415,-0.0148817437834415,26630.0964,26782.0126,151.9162,26786.8867,27044.5639,257.6771,26932.2428,27294.011,361.7682,27164.2785,27619.3833,455.1049,27432.8111,27939.767,506.9558,3.4856,3.7,0.2144,3.6,4.0304,0.4304,3.7821,4.25,0.4679,3.9,4.48,0.58,3.9684,4.6272,0.6588,3.2,3.8875,0.6875,2.8938,3.8973,1.0035,2.7,3.4,0.7,2.4733,3.034,0.5607,2.2833,2.9,0.6167,2.9,3.8,0.9,2.7172,3.7,0.9828,2.4989,3.3,0.8011,2.2668,2.9738,0.707,2.1564,3.0,0.8436,2.5048,4.8639,2.3591,1.9365,4.1674,2.2309,2.3748,4.5,2.1252,2.9873,4.92,1.9327,3.6125,4.7983,1.1858,0.0,1.7629,1.7629,-0.8012,1.3213,2.1225,0.0,1.3975,1.3975,1.0987,2.1813,1.0826,1.3,2.1813,0.8813,0.0921,1.1042,1.0122,-0.6029,1.2,1.8029,0.0,1.3641,1.3641,0.5469,1.9281,1.3812,0.8337,2.0151,1.1814,1018.9797,1019.5486,0.5688,1019.5668,1020.5241,0.9574,1020.1079,1021.4423,1.3343,1020.9658,1022.6273,1.6615,1021.9495,1023.7806,1.8311,124.8646,130.8333,5.9687,128.0934,139.3857,11.2924,133.0281,144.6919,11.6638,136.0977,149.9623,13.8646,137.8358,153.1953,15.3596,991.5214,991.9582,0.4369,991.3695,992.1752,0.8057,991.4462,992.4313,0.985,991.5596,992.9023,1.3427,992.0091,993.3697,1.3606,957.1352,957.3867,0.2515,956.8794,957.6613,0.7819,956.9114,958.0267,1.1153,956.9614,958.4972,1.5359,957.3633,958.9931,1.6297,5.12,5.12,0.13,5.33,0.20999999999999996,2.833213344056216,0.672021505032247,-1.0986122886681098,0.9467452300446224,-0.6931471805599453,0.9222413461394477,-2.0794415416798357,0.8439072740411041,-3.1354942159291497,0.8231448308209021,1.0986122886681098,0.816496580927726,-2.5649493574615367,0.869850129587618,0.7566392479435957,9.0,5.0,27.0,1.0,0.0,2.0794415416798357,0.48304589153964794,1.0986122886681098,0.873862897505303,-1.0986122886681098,0.5773502691896257,-1.0986122886681098,1.0,0.0,1.4142135623730951,0.0,0.0,1.6094379124341003,0.883715101688537,0.7809523809523812,0.0,0.0,2.0,1.0,0.0,2.0794415416798357,0.8770580193070292,-3.367295829986474,0.9180656842115262,1.791759469228055,0.0,-2.3978952727983707,0.726273039202563,-3.6109179126442243,0.0,0.0,0.0,-4.276666119016055,0.7549407154677563,0.5699354838709678,0.0,27.0,36.0,1.0,0.0,-1.678430783921052,3.147012751165596,3.4965075614664807,2.8583222240913617,2.995732273553991,1.721030614661017,-1.7917594692280552,1.6654019566988203,-12.732338453784042,4.468845911816997,-0.6931471805599453,0.0,-7.542061959519149,0.7757263965708675,0.6135993928764771,12.0,3.0,40.0,1.0,0.0,1.3862943611198906,0.5477225575051661,1.0986122886681098,0.5773502691896258,0.0,0.0,0.6931471805599453,0.0,0.6931471805599453,0.7071067811865476,0.0,0.0,1.3862943611198906,0.5477225575051661,0.3,0.0,0.0,0.0,1.0,0.0,6.699960004614726,5.726860724549686,1.2278240201481165,6.174346305042439,2.995732273553991,3.2206222299900906,-6.674561391814426,4.235582269942487,-18.78560340179747,7.413311086197542,0.4054651081081645,0.816496580927726,-11.387945162442751,3.831954900819945,3.021126505643422,21.0,35.0,105.0,5.0,0.0
2023-09-20,meeting_date,306.269,0.8265354641379563,309.661,3.795011714861274,127.445,2.6507402097395216,128.579,3.1876218832007863,3.8,156419.0,26798.605,131.453,4.421396747328491,5.33,5.33,5.3,5.12,4.52,4.35,15.14,2.35,-0.77,2.25,2.5,0.0006407092471836,20235.9,3.5,3.8,-0.6213967473284914,1.1876218832007863,-0.7700000000000005,,,,,,,,,,,,,,,,,,,,,2023Q3,0.0670103092783505,0.0466665246473907,0.0,0.0,0.0,0.0,3.2,2.43,-0.337,50.8,1.2000000000000002,0.0341000000000004,-0.0075,-0.0075008673363139,8.673363139991008e-07,26630.0964,26782.0126,151.9162,26786.8867,27044.5639,257.6771,26932.2428,27294.011,361.7682,27164.2785,27619.3833,455.1049,27432.8111,27939.767,506.9558,3.4856,3.7,0.2144,3.6,4.0304,0.4304,3.7821,4.25,0.4679,3.9,4.48,0.58,3.9684,4.6272,0.6588,3.2,3.8875,0.6875,2.8938,3.8973,1.0035,2.7,3.4,0.7,2.4733,3.034,0.5607,2.2833,2.9,0.6167,2.9,3.8,0.9,2.7172,3.7,0.9828,2.4989,3.3,0.8011,2.2668,2.9738,0.707,2.1564,3.0,0.8436,2.5048,4.8639,2.3591,1.9365,4.1674,2.2309,2.3748,4.5,2.1252,2.9873,4.92,1.9327,3.6125,4.7983,1.1858,0.0,1.7629,1.7629,-0.8012,1.3213,2.1225,0.0,1.3975,1.3975,1.0987,2.1813,1.0826,1.3,2.1813,0.8813,0.0921,1.1042,1.0122,-0.6029,1.2,1.8029,0.0,1.3641,1.3641,0.5469,1.9281,1.3812,0.8337,2.0151,1.1814,1018.9797,1019.5486,0.5688,1019.5668,1020.5241,0.9574,1020.1079,1021.4423,1.3343,1020.9658,1022.6273,1.6615,1021.9495,1023.7806,1.8311,124.8646,130.8333,5.9687,128.0934,139.3857,11.2924,133.0281,144.6919,11.6638,136.0977,149.9623,13.8646,137.8358,153.1953,15.3596,991.5214,991.9582,0.4369,991.3695,992.1752,0.8057,991.4462,992.4313,0.985,991.5596,992.9023,1.3427,992.0091,993.3697,1.3606,957.1352,957.3867,0.2515,956.8794,957.6613,0.7819,956.9114,958.0267,1.1153,956.9614,958.4972,1.5359,957.3633,958.9931,1.6297,5.33,5.3225,-0.03,5.33,0.0,2.70805020110221,0.6746792083200744,1.791759469228055,0.9608429848019436,-1.0986122886681098,0.8124038404635961,1.6094379124341003,0.9571462961627466,-3.258096538021482,0.7844645405527362,-0.6931471805599453,0.7006490497453706,-1.791759469228055,0.8556588273150687,0.7321520287621985,11.0,5.0,10.0,1.0,0.0,1.791759469228055,0.7932002689527196,1.0986122886681098,0.873862897505303,-1.0986122886681098,0.5773502691896257,-1.0986122886681098,1.0,0.0,1.4142135623730951,0.0,1.0,1.0986122886681098,0.8752610304046612,0.7660818713450293,1.0,0.0,2.0,1.0,0.0,0.0,0.0,1.0986122886681098,1.0076387255179335,3.6888794541139363,0.0,3.1354942159291497,0.0,3.2188758248682006,0.0,1.0986122886681098,0.5163977794943223,4.290459441148391,0.833921361161415,0.6954248366013072,2.0,4.0,2.0,0.0,0.0,1.2039728043259361,0.7571877794400365,-1.9459101490553132,0.823437174584561,-0.6931471805599453,0.8870412083230169,-1.6094379124341003,0.9763280054720371,-2.3025850929940455,0.0,0.0,0.0,-3.4965075614664807,0.4338785175569349,0.37650113599480695,8.0,2.0,6.0,1.0,0.0,1.3862943611198906,0.5477225575051662,1.0986122886681098,0.0,0.0,0.0,0.6931471805599453,0.0,0.6931471805599453,0.0,0.0,0.0,1.3862943611198906,0.5477225575051662,0.30000000000000004,0.0,0.0,0.0,1.0,0.0,7.090076835776092,2.7727898142179965,3.141686186177071,3.6657817824097414,0.7985076962177713,2.276795317976239,2.730029107820985,2.9334743016347837,-1.6486586255873816,2.1986781029258315,0.4054651081081645,2.2170468292396928,1.4870990602418557,3.546442293943246,2.8701598727033417,22.0,11.0,20.0,4.0,0.0
2023-11-01,meeting_date,307.481,0.1312801827205723,310.661,3.4636532883058235,121.348,2.746731694100113,119.94,3.026190333026957,3.8,156874.0,27623.543,122.817,4.418317430260905,5.33,5.31,5.3,4.95,4.67,4.77,16.87,2.41,-0.18,2.31,2.5,-0.0700749241308824,20404.1,3.6,2.7,-0.6183174302609054,1.0261903330269568,-0.1800000000000006,,,,,,,,,,,,,,,,,,,,,2023Q4,0.0707070707070707,0.054690664606532,0.0,0.0,0.0,0.0,4.5,2.46,-0.288,33.9,2.5,-0.0276000000000005,-0.00259,0.0079068166829828,-0.0104968166829828,27113.749,27188.2156,74.4666,27328.4844,27508.1283,179.6438,27490.0855,27834.5627,344.4772,27703.0702,28163.6994,460.6292,27959.5263,28506.0292,546.5029,3.52,3.6899,0.1699,3.6114,3.8981,0.2866,3.7335,4.0639,0.3305,3.8,4.2283,0.4283,3.9,4.3667,0.4667,2.7865,3.3999,0.6134,2.6889,3.4263,0.7374,2.1928,3.2,1.0072,2.2565,3.0,0.7435,2.2039,2.9275,0.7236,2.3785,3.22,0.8415,2.4,3.2,0.8,2.1,2.9211,0.8211,2.0187,2.8,0.7813,2.0872,2.8,0.7128,4.2209,5.3699,1.1489,3.0,4.9902,1.9902,2.7,4.8316,2.1316,3.1796,4.9514,1.7718,3.5003,4.941,1.4407,1.5438,2.2,0.6562,0.3621,1.7554,1.3933,0.0967,1.8306,1.7338,0.9735,2.0155,1.042,1.1032,2.1331,1.0299,1.4,2.2342,0.8342,0.5,1.7,1.2,-0.1609,1.8246,1.9854,0.6423,1.8385,1.1962,1.2,2.0151,0.8151,1020.7796,1021.0539,0.2743,1021.5685,1022.2237,0.6552,1022.1581,1023.4034,1.2453,1022.9299,1024.5789,1.6491,1023.8513,1025.7871,1.9358,125.8464,130.5613,4.7149,128.4108,136.0477,7.6369,131.7336,140.2148,8.4812,133.5001,144.1809,10.6808,136.0977,147.4,11.3023,992.7321,992.8931,0.161,992.8341,993.3386,0.5045,992.771,993.7652,0.9942,993.0107,994.1748,1.1641,993.5039,994.5909,1.087,957.9764,958.1812,0.2048,958.0034,958.5944,0.591,958.0016,959.0376,1.036,958.1216,959.429,1.3074,958.6371,959.8401,1.203,5.33,5.3274,0.14,5.33,0.0,2.302585092994046,0.7844645405527362,1.9459101490553132,0.9298889428790917,-0.6931471805599453,0.8586727202955211,0.0,0.9299811099505543,-3.9512437185814275,0.6712390019604112,0.0,0.5773502691896257,-3.4657359027997265,0.861764537385851,0.7426381178958498,11.0,7.0,22.0,1.0,0.0,2.1972245773362196,0.5135525910130955,1.791759469228055,0.8418973861410954,0.6931471805599453,0.8366600265340756,1.3862943611198906,0.894427190999916,0.0,1.0,0.0,0.0,2.0794415416798357,0.7958224257542215,0.6333333333333334,1.0,1.0,1.0,1.0,0.0,-1.6094379124341003,0.5163977794943223,2.5649493574615367,0.45385026875081025,3.367295829986474,0.0,3.1780538303479458,0.6580247966426743,-1.0986122886681098,0.5773502691896257,-4.060443010546419,0.49117119426199274,-3.6635616461296463,0.6827470709697381,0.46614356291775655,69.0,0.0,34.0,0.0,0.0,-0.13353139262452274,5.8069380557399395,6.068425588244111,4.656409259936851,4.276666119016055,4.099386082798296,1.791759469228055,2.6748598491509408,-16.008378436433052,3.402558132561664,0.6931471805599453,1.0773502691896257,-10.883916725526515,0.7113463600855529,0.5251698372590836,4.0,4.0,40.0,1.0,0.0,1.3862943611198906,0.5477225575051661,1.0986122886681098,0.5773502691896258,0.0,0.0,0.6931471805599453,0.0,0.6931471805599453,0.7071067811865476,0.0,0.0,1.3862943611198906,0.5477225575051661,0.3,0.0,0.0,0.0,1.0,0.0,4.1431347263915335,8.16907552430526,13.469656852657126,7.459396126897474,7.643961949002529,5.794718829627893,7.049254841255837,5.157292946744086,-20.365087263122646,6.358254184898248,-3.3672958299864737,2.145871732641244,-14.547478371656162,3.5994029517005295,2.6672848514060234,85.0,12.0,97.0,4.0,0.0
2023-12-13,meeting_date,307.917,0.0,312.251,3.579579380348963,121.385,2.566160813870954,120.107,2.7715028921518226,3.7,157087.0,27644.463,122.83,4.418317430260905,5.33,5.24,5.11,4.46,4.0,4.04,12.19,2.16,-0.42,1.92,2.5,-0.21798223257357,20404.1,3.6,2.7,-0.718317430260905,0.7715028921518226,-0.4199999999999999,,,,,,,,,,,,,,,,,,,,,2023Q4,0.0452261306532663,0.0396563777849394,0.0,0.0,0.0,0.0,3.1,2.24,-0.342,33.9,1.1,-0.0674000000000001,-0.00431,0.0434297470017702,-0.0477397470017702,27113.749,27188.2156,74.4666,27328.4844,27508.1283,179.6438,27490.0855,27834.5627,344.4772,27703.0702,28163.6994,460.6292,27959.5263,28506.0292,546.5029,3.52,3.6899,0.1699,3.6114,3.8981,0.2866,3.7335,4.0639,0.3305,3.8,4.2283,0.4283,3.9,4.3667,0.4667,2.7865,3.3999,0.6134,2.6889,3.4263,0.7374,2.1928,3.2,1.0072,2.2565,3.0,0.7435,2.2039,2.9275,0.7236,2.3785,3.22,0.8415,2.4,3.2,0.8,2.1,2.9211,0.8211,2.0187,2.8,0.7813,2.0872,2.8,0.7128,4.2209,5.3699,1.1489,3.0,4.9902,1.9902,2.7,4.8316,2.1316,3.1796,4.9514,1.7718,3.5003,4.941,1.4407,1.5438,2.2,0.6562,0.3621,1.7554,1.3933,0.0967,1.8306,1.7338,0.9735,2.0155,1.042,1.1032,2.1331,1.0299,1.4,2.2342,0.8342,0.5,1.7,1.2,-0.1609,1.8246,1.9854,0.6423,1.8385,1.1962,1.2,2.0151,0.8151,1020.7796,1021.0539,0.2743,1021.5685,1022.2237,0.6552,1022.1581,1023.4034,1.2453,1022.9299,1024.5789,1.6491,1023.8513,1025.7871,1.9358,125.8464,130.5613,4.7149,128.4108,136.0477,7.6369,131.7336,140.2148,8.4812,133.5001,144.1809,10.6808,136.0977,147.4,11.3023,992.7321,992.8931,0.161,992.8341,993.3386,0.5045,992.771,993.7652,0.9942,993.0107,994.1748,1.1641,993.5039,994.5909,1.087,957.9764,958.1812,0.2048,958.0034,958.5944,0.591,958.0016,959.0376,1.036,958.1216,959.429,1.3074,958.6371,959.8401,1.203,5.33,5.33,-0.12,5.33,0.0,0.6931471805599453,0.8619447302169193,-2.0794415416798357,0.9037892546578637,-0.6931471805599453,0.8653140891643936,-2.8903717578961645,0.8025859107560662,-1.3862943611198906,0.9145852422893854,-1.3862943611198906,0.4830458915396479,-3.295836866004329,0.8772138971870787,0.7695042214181426,9.0,6.0,14.0,1.0,0.0,2.302585092994046,0.7071067811865476,1.3862943611198906,0.9105858919765157,0.0,0.816496580927726,1.0986122886681098,0.5773502691896258,0.6931471805599453,0.0,0.6931471805599453,0.0,1.9459101490553132,0.879393730551528,0.7733333333333334,1.0,1.0,1.0,1.0,0.0,3.7376696182833684,0.5283152447095336,0.0,0.0,0.0,0.0,0.0,0.0,0.0,0.0,0.0,0.0,3.7376696182833684,0.5097444040200136,0.25983935742971886,0.0,0.0,0.0,1.0,0.0,-4.787491742782046,2.735235122410334,3.7376696182833684,2.8613117350009234,0.6931471805599453,0.44721359549995804,-1.7917594692280552,2.913927208694624,-9.38429367909962,4.195628303046716,-3.1780538303479458,1.4923519476284386,-10.454533389788484,0.7108900621765741,0.5147026975096989,43.0,4.0,54.0,0.0,0.0,1.3862943611198906,0.5477225575051662,1.0986122886681098,0.0,0.0,0.0,0.6931471805599453,0.0,0.6931471805599453,0.0,0.0,0.0,1.3862943611198906,0.5477225575051662,0.30000000000000004,0.0,0.0,0.0,1.0,0.0,3.3322045101752042,5.3803244360285,4.1431347263915335,4.675686881635302,0.0,2.1290242655920775,-2.8903717578961645,4.293863388640316,-9.38429367909962,5.1102135453361015,-3.871201010907891,1.9753978391680864,-6.680496127334241,3.5249646514403605,2.617379609690894,53.0,11.0,69.0,4.0,0.0
2024-01-31,meeting_date,308.85,0.0,313.216,3.4733830632106777,121.421,2.0250228970431383,120.294,2.4118643634908565,3.7,157232.0,27938.831,123.226,4.415347987434237,5.33,5.22,5.0,4.27,3.91,3.99,14.35,2.26,-0.28,1.67,2.5,-0.0564381504893041,22491.6,3.7,3.6,-0.715347987434237,0.4118643634908565,-0.2799999999999993,,,,,,,,,,,,,,,,,,,,,2024Q1,0.3390557939914163,0.2105251879688796,0.0,0.0,0.0,0.0,2.9,2.28,-0.399,14.5,0.8999999999999999,-0.1044,0.0025,-0.005264062890558,0.007764062890558,27851.4971,27954.6581,103.161,28055.6425,28251.501,195.8585,28279.7532,28563.8933,284.1401,28522.49,28937.7085,415.2185,28739.2698,29277.0,537.7302,3.8,3.9,0.1,3.8762,4.0256,0.1494,3.9321,4.2,0.2679,3.976,4.3041,0.3281,4.0,4.4,0.4,2.8354,3.5,0.6646,2.3428,3.2,0.8572,2.3743,2.9386,0.5642,2.2611,2.8451,0.584,2.1542,2.8993,0.7451,2.6215,3.2,0.5785,2.0776,2.9,0.8224,2.0187,2.8,0.7813,2.1,2.7,0.6,1.9356,2.6,0.6644,3.3426,4.8822,1.5396,2.974,4.6972,1.7232,2.9255,4.7601,1.8346,3.2878,4.9426,1.6548,3.4904,4.7835,1.2931,0.7164,1.5398,0.8235,0.3967,1.9356,1.5389,0.6,1.9024,1.3024,1.1,2.066,0.966,1.3083,2.1662,0.8579,1.0877,2.1525,1.0648,0.5196,1.8163,1.2967,0.6194,1.8122,1.1928,0.9,2.0996,1.1996,1.057,2.1861,1.1291,1023.4642,1023.8339,0.3697,1024.1945,1024.8902,0.6957,1024.9901,1025.9899,0.9997,1025.8448,1027.2901,1.4453,1026.602,1028.4558,1.8538,133.5001,136.0977,2.5975,135.4859,139.2671,3.7812,136.9185,143.5085,6.59,138.0288,145.9576,7.9288,138.6294,148.1605,9.531,1002.2682,1002.4717,0.2036,1002.3891,1002.9324,0.5433,1002.559,1003.3634,0.8044,1002.8614,1003.9652,1.1038,1003.1419,1004.4457,1.3038,965.0926,965.3545,0.262,965.2213,965.8608,0.6395,965.4917,966.2224,0.7306,965.8311,966.8292,0.9981,966.1007,967.3442,1.2435,5.33,5.323,-0.99,5.33,0.0,2.0794415416798357,0.8053074472315503,-2.3978952727983707,0.8760893034003254,1.6094379124341003,0.7698003589195009,1.6094379124341003,0.8444006618414981,-2.772588722239781,0.8219949365267865,-0.6931471805599453,0.6009252125773316,-2.70805020110221,0.8418094891841039,0.7086432160804019,9.0,8.0,18.0,1.0,0.0,1.0986122886681098,0.8348471099367218,1.0986122886681098,0.8864052604279183,-0.6931471805599453,0.5773502691896258,-0.6931471805599453,1.1547005383792517,0.0,0.0,-0.6931471805599453,0.0,0.6931471805599453,0.8287419301647448,0.6868131868131868,1.0,1.0,3.0,1.0,0.0,-2.4849066497880004,0.8135752957807666,-3.4965075614664802,0.7708881090154509,3.58351893845611,0.0,-2.4849066497880004,0.8377078165833911,0.0,0.0,0.0,0.0,-1.6094379124341003,0.960165614185266,0.9219180066637692,0.0,0.0,0.0,0.0,0.0,-1.9459101490553132,1.7355376949271912,-1.791759469228055,1.7397097780313775,0.4054651081081645,1.3448877667099386,-0.6931471805599453,2.097509579961315,-3.931825632724326,1.510385247416437,0.6931471805599453,0.7071067811865476,-5.342334251964811,0.8243257875966647,0.6806544737430649,1.0,5.0,15.0,0.0,0.0,1.3862943611198906,0.5175491695067657,0.6931471805599453,0.9574271077563381,0.0,0.0,0.0,0.0,0.0,0.0,-0.6931471805599453,0.5773502691896258,1.0986122886681098,0.6666666666666666,0.4444444444444444,1.0,1.0,0.0,1.0,0.0,0.13353139262452252,4.706816717382996,-5.8944028342648505,5.230519558631411,4.90527477843843,2.6920383948190656,-2.2617630984737906,4.934318596765456,-6.704414354964108,2.3323801839432234,-1.3862943611198906,1.885382262953505,-7.8680628962730665,4.121709487797446,3.4424733277448674,12.0,15.0,36.0,3.0,0.0
2024-03-20,meeting_date,311.054,2.3191844742563195,315.565,3.425955059125818,121.87,1.9576675311637315,120.808,2.13816484752154,3.9,157808.0,27944.627,123.273,4.415347987434237,5.33,5.24,5.11,4.59,4.25,4.27,13.04,2.31,-0.32,1.85,2.6,-0.0783362791692181,22491.6,3.7,3.6,-0.5153479874342373,0.1381648475215398,-0.3200000000000003,,,,,,,,,,,,,,,,,,,,,2024Q1,0.0366492146596858,0.0359783227444594,0.0,0.0,0.0,0.0,2.9,2.22,-0.44,14.5,0.8999999999999999,0.0894000000000003,0.0,0.0234366224761002,-0.0234366224761002,27851.4971,27954.6581,103.161,28055.6425,28251.501,195.8585,28279.7532,28563.8933,284.1401,28522.49,28937.7085,415.2185,28739.2698,29277.0,537.7302,3.8,3.9,0.1,3.8762,4.0256,0.1494,3.9321,4.2,0.2679,3.976,4.3041,0.3281,4.0,4.4,0.4,2.8354,3.5,0.6646,2.3428,3.2,0.8572,2.3743,2.9386,0.5642,2.2611,2.8451,0.584,2.1542,2.8993,0.7451,2.6215,3.2,0.5785,2.0776,2.9,0.8224,2.0187,2.8,0.7813,2.1,2.7,0.6,1.9356,2.6,0.6644,3.3426,4.8822,1.5396,2.974,4.6972,1.7232,2.9255,4.7601,1.8346,3.2878,4.9426,1.6548,3.4904,4.7835,1.2931,0.7164,1.5398,0.8235,0.3967,1.9356,1.5389,0.6,1.9024,1.3024,1.1,2.066,0.966,1.3083,2.1662,0.8579,1.0877,2.1525,1.0648,0.5196,1.8163,1.2967,0.6194,1.8122,1.1928,0.9,2.0996,1.1996,1.057,2.1861,1.1291,1023.4642,1023.8339,0.3697,1024.1945,1024.8902,0.6957,1024.9901,1025.9899,0.9997,1025.8448,1027.2901,1.4453,1026.602,1028.4558,1.8538,133.5001,136.0977,2.5975,135.4859,139.2671,3.7812,136.9185,143.5085,6.59,138.0288,145.9576,7.9288,138.6294,148.1605,9.531,1002.2682,1002.4717,0.2036,1002.3891,1002.9324,0.5433,1002.559,1003.3634,0.8044,1002.8614,1003.9652,1.1038,1003.1419,1004.4457,1.3038,965.0926,965.3545,0.262,965.2213,965.8608,0.6395,965.4917,966.2224,0.7306,965.8311,966.8292,0.9981,966.1007,967.3442,1.2435,5.33,5.33,-0.13,5.33,0.0,0.6931471805599453,0.706925727085209,-2.302585092994046,0.8418887074576312,0.0,0.8017837257372732,-1.0986122886681098,0.8143105085150718,-2.0794415416798357,0.8551861104941366,0.0,0.6324555320336759,-2.6390573296152584,0.8108817335187644,0.6575291857543965,13.0,5.0,5.0,1.0,0.0,1.0986122886681098,0.8111773283374344,1.0986122886681098,0.898717034272917,-1.0986122886681098,0.5477225575051662,-0.6931471805599453,0.0,-0.6931471805599453,0.0,-0.6931471805599453,1.1547005383792517,0.0,0.8606629658238704,0.7407407407407407,1.0,1.0,4.0,1.0,0.0,-1.0986122886681098,0.5298944964234876,1.791759469228055,1.0050851100436087,-2.995732273553991,0.7240279857964913,0.0,0.0,-1.791759469228055,0.0,0.0,0.0,-2.833213344056216,0.8881158593226003,0.7887497795803208,0.0,0.0,11.0,0.0,0.0,-4.564348191467836,5.781622489300664,2.2155737160044158,4.098419686384537,3.624340932976365,4.960775850332891,-1.3862943611198906,4.182002471698485,-22.99478122686288,5.356939180627606,-0.810930216216329,2.2320508075688776,-23.091104820140554,0.7267069227381663,0.5481249293207108,21.0,23.0,79.0,0.0,0.0,1.3862943611198906,0.5175491695067657,0.6931471805599453,0.9574271077563381,0.0,0.0,0.0,0.0,0.0,0.0,-0.6931471805599453,0.5773502691896258,1.0986122886681098,0.6666666666666666,0.4444444444444444,1.0,1.0,0.0,1.0,0.0,-2.484906649788,8.347169210653561,3.49650756146648,7.801537645915031,-0.4700036292457357,7.034310119371822,-3.1780538303479458,4.996312980213557,-27.559129418330716,6.212125291121742,-2.1972245773362196,4.596557147171431,-27.464763205143917,3.953034148070068,3.1795890798406132,36.0,30.0,99.0,3.0,0.0
2024-05-01,meeting_date,312.23,1.7724523264054826,316.698,2.942342822594779,122.769,2.2904515914014434,121.615,2.211221676864117,3.8,158133.0,28284.498,124.224,4.412449947506299,5.33,5.26,5.17,4.96,4.64,4.63,15.39,2.38,-0.33,2.25,2.6,-0.1189214575426449,22672.9,3.7,2.8,-0.612449947506299,0.2112216768641168,-0.33,,,,,,,,,,,,,,,,,,,,,2024Q2,0.1531100478468899,0.117024019701233,0.0,0.0,0.0,0.0,3.3,2.37,-0.418,15.6,1.2999999999999998,0.0178000000000002,0.0,0.0165465141193982,-0.0165465141193982,28202.0,28270.8683,68.8683,28429.337,28574.1091,144.772,28685.75,28905.5578,219.8078,28938.9,29234.7578,295.8578,29209.7217,29541.6143,331.8926,3.7,3.8842,0.1842,3.816,4.0,0.184,3.8119,4.1,0.2881,3.8658,4.1501,0.2843,3.8552,4.1974,0.3423,2.3,2.8,0.5,2.25,2.8,0.55,2.2619,2.6618,0.3999,2.1532,2.5,0.3468,1.9687,2.4,0.4313,1.6412,2.2,0.5588,1.8432,2.3169,0.4736,1.9051,2.2578,0.3528,1.9907,2.226,0.2353,1.7734,2.2123,0.4388,3.8218,4.8397,1.0178,3.2121,4.5676,1.3555,3.6,4.5096,0.9096,3.5151,4.7835,1.2684,3.7,4.7025,1.0025,1.4688,2.7314,1.2626,1.2,2.1144,0.9144,1.1807,2.0721,0.8914,1.3,2.2182,0.9182,1.5287,2.3613,0.8326,2.0151,2.8389,0.8238,1.0,2.1335,1.1335,0.9661,2.141,1.1749,1.3163,2.0504,0.7342,1.3062,2.1096,0.8034,1024.7148,1024.9587,0.2439,1025.5177,1026.0256,0.5079,1026.4156,1027.1789,0.7633,1027.2942,1028.3114,1.0172,1028.2257,1029.3555,1.1298,130.8333,135.6913,4.858,133.9205,138.6294,4.709,133.8119,141.0987,7.2868,135.2166,142.3133,7.0967,134.9412,143.4476,8.5064,1003.2571,1003.5663,0.3092,1003.5836,1003.9805,0.3969,1003.9062,1004.4755,0.5693,1004.2759,1004.9856,0.7097,1004.5672,1005.5883,1.021,965.8076,966.0087,0.2011,966.1266,966.4766,0.35,966.3119,966.977,0.6651,966.6216,967.4699,0.8483,966.9445,968.0233,1.0789,5.33,5.3274,0.15,5.33,0.0,1.3862943611198906,0.6476976108663296,0.0,0.9225312080288851,1.791759469228055,0.685344416842342,1.9459101490553132,0.917010954628728,-3.332204510175204,0.7753613675051723,0.0,0.6030226891555273,-2.995732273553991,0.8200529083460241,0.6724867724867726,10.0,9.0,17.0,1.0,0.0,1.0986122886681098,0.8323523637957303,1.791759469228055,0.7264831572567789,-0.6931471805599453,0.8366600265340756,-0.6931471805599453,0.0,-0.6931471805599453,0.0,-1.0986122886681098,0.0,1.0986122886681098,0.8678978933300582,0.753246753246753,2.0,1.0,4.0,1.0,0.0,1.6094379124341003,0.0,1.791759469228055,0.0,0.0,0.0,-1.791759469228055,0.0,1.0986122886681098,0.0,0.0,0.0,1.6094379124341003,0.9944903161976937,0.9890109890109888,0.0,0.0,5.0,0.0,0.0,0.2876820724517808,4.47984042111474,1.1856236656577392,4.30289085005749,1.3217558399823193,5.327008192425481,-1.2321436812926323,3.910640595609917,-6.761572768804056,1.3401783720676828,-2.079441541679836,2.8398256093500214,-0.9074979799261764,0.8055638459669269,0.6611320712071821,34.0,18.0,41.0,1.0,0.0,0.6931471805599453,0.7378647873726218,0.6931471805599453,0.9574271077563381,0.0,0.0,0.0,0.0,0.0,0.0,-0.6931471805599453,0.5773502691896258,0.0,0.7745966692414834,0.6,1.0,1.0,0.0,1.0,0.0,5.075173815233827,6.697755183149422,5.462289784673795,6.909332323099492,2.420368128650429,6.849012635801898,-1.7711401820253192,4.827651550238645,-9.688312170871095,2.115539739572855,-3.871201010907891,4.020198567695174,-1.1951800523779574,4.262601633082186,3.6758765859516966,47.0,29.0,67.0,4.0,0.0
2024-06-12,meeting_date,313.225,1.5588661953994,318.14,3.210108841992554,123.076,2.374793089393701,121.909,2.2820897901652204,4.0,158543.0,28255.928,124.203,4.412449947506299,5.33,5.25,5.15,4.75,4.32,4.31,12.04,2.22,-0.44,2.15,2.8,-0.0129402956231752,22672.9,3.7,2.8,-0.4124499475062988,0.2820897901652204,-0.4400000000000004,,,,,,,,,,,,,,,,,,,,,2024Q2,0.0841584158415841,0.0817149069101459,0.0,0.0,0.0,0.0,3.0,2.27,-0.409,15.6,1.0,0.0021999999999993,0.0,0.00887848105681,-0.00887848105681,28202.0,28270.8683,68.8683,28429.337,28574.1091,144.772,28685.75,28905.5578,219.8078,28938.9,29234.7578,295.8578,29209.7217,29541.6143,331.8926,3.7,3.8842,0.1842,3.816,4.0,0.184,3.8119,4.1,0.2881,3.8658,4.1501,0.2843,3.8552,4.1974,0.3423,2.3,2.8,0.5,2.25,2.8,0.55,2.2619,2.6618,0.3999,2.1532,2.5,0.3468,1.9687,2.4,0.4313,1.6412,2.2,0.5588,1.8432,2.3169,0.4736,1.9051,2.2578,0.3528,1.9907,2.226,0.2353,1.7734,2.2123,0.4388,3.8218,4.8397,1.0178,3.2121,4.5676,1.3555,3.6,4.5096,0.9096,3.5151,4.7835,1.2684,3.7,4.7025,1.0025,1.4688,2.7314,1.2626,1.2,2.1144,0.9144,1.1807,2.0721,0.8914,1.3,2.2182,0.9182,1.5287,2.3613,0.8326,2.0151,2.8389,0.8238,1.0,2.1335,1.1335,0.9661,2.141,1.1749,1.3163,2.0504,0.7342,1.3062,2.1096,0.8034,1024.7148,1024.9587,0.2439,1025.5177,1026.0256,0.5079,1026.4156,1027.1789,0.7633,1027.2942,1028.3114,1.0172,1028.2257,1029.3555,1.1298,130.8333,135.6913,4.858,133.9205,138.6294,4.709,133.8119,141.0987,7.2868,135.2166,142.3133,7.0967,134.9412,143.4476,8.5064,1003.2571,1003.5663,0.3092,1003.5836,1003.9805,0.3969,1003.9062,1004.4755,0.5693,1004.2759,1004.9856,0.7097,1004.5672,1005.5883,1.021,965.8076,966.0087,0.2011,966.1266,966.4766,0.35,966.3119,966.977,0.6651,966.6216,967.4699,0.8483,966.9445,968.0233,1.0789,5.33,5.33,-0.22,5.33,0.0,1.0986122886681098,0.704980139434436,-2.3978952727983707,0.8999274281335754,-1.3862943611198906,0.7810787627463989,2.0794415416798357,0.9124211282466753,-1.0986122886681098,0.8311776666259886,-0.6931471805599453,0.31622776601683794,-2.3978952727983707,0.8306453824662058,0.6899717514124293,10.0,8.0,9.0,1.0,0.0,1.3862943611198906,0.6761234037828133,0.6931471805599453,0.9540735874430286,-0.6931471805599453,0.8366600265340756,0.0,1.4142135623730951,0.0,0.0,-0.6931471805599453,0.7071067811865476,0.0,0.7947194142390263,0.631578947368421,2.0,1.0,3.0,1.0,0.0,2.302585092994046,0.0,0.6931471805599453,0.7102842762778903,-1.791759469228055,1.0050378152592123,2.995732273553991,0.5039947372613783,0.0,0.0,0.0,0.0,2.772588722239781,0.775445454667715,0.6013156531648193,0.0,28.0,25.0,0.0,0.0,-3.9889840465642745,3.704904813976884,2.4203681286504297,4.0489234992587955,-3.737669618283368,2.7575143397766975,1.3862943611198906,3.2500066427160763,-4.3254562831854875,4.946506869524331,-3.4011973816621555,1.6118727530144745,-7.324033508871709,0.7944792317589957,0.7012945646716955,15.0,19.0,25.0,2.0,0.0,1.3862943611198906,0.5345224838248487,0.6931471805599453,1.1547005383792517,0.0,0.0,0.0,0.0,0.0,0.0,-0.6931471805599453,0.7071067811865476,1.0986122886681098,0.7071067811865476,0.5,1.0,1.0,0.0,1.0,0.0,2.184802057337662,5.620530841018982,2.101914397531895,7.767909329492541,-7.608870629191259,5.380290944316384,6.461468176353717,6.080636070597225,-5.4240685718535975,5.7776845361503195,-5.480638923341991,3.3423140814044077,-5.850727770762189,3.90239626431849,3.124160916617365,28.0,57.0,62.0,5.0,0.0
2024-07-31,meeting_date,313.049,1.350499625773094,318.346,3.042936444998312,123.243,2.384255605492913,122.324,2.507290584252342,4.1,158638.0,28629.153,124.916,4.411415460242376,5.33,5.15,4.91,4.29,3.97,4.09,16.36,2.24,-0.2,1.84,2.8,-0.0760540078760887,22768.9,3.8,3.8,-0.311415460242376,0.5072905842523419,-0.2000000000000001,,,,,,,,,,,,,,,,,,,,,2024Q3,0.1225490196078431,0.0827420654493015,0.0,0.0,0.0,0.0,2.9,2.35,-0.368,7.9,0.8999999999999999,-0.2414999999999993,0.0025,0.0203386602410394,-0.0178386602410394,28577.5,28684.6395,107.1395,28851.5348,29026.1032,174.5684,29114.7866,29382.9371,268.1506,29382.1256,29670.8064,288.6808,29665.4458,30013.6522,348.2063,3.8607,3.9,0.0393,3.9,4.0018,0.1018,3.9333,4.1,0.1667,3.9597,4.14,0.1803,3.9546,4.2,0.2454,3.3,3.9,0.6,2.5571,3.1,0.5429,2.3,2.8,0.5,2.2594,2.6,0.3406,2.1722,2.8,0.6278,2.7789,3.3,0.5211,2.2,2.8,0.6,2.0753,2.5,0.4247,2.0,2.4,0.4,2.0914,2.3316,0.2401,4.2084,5.78,1.5716,3.7791,5.0074,1.2283,3.6394,4.5596,0.9202,3.8375,4.7187,0.8812,3.9,4.5576,0.6576,1.6118,2.5,0.8882,1.4859,2.2,0.7141,1.4962,2.1525,0.6564,1.7078,2.2555,0.5477,1.5565,2.2365,0.68,1.5138,2.9081,1.3943,1.4209,2.2909,0.87,1.5,2.2105,0.7105,1.6313,2.1861,0.5548,1.6313,2.1166,0.4853,1026.0375,1026.4117,0.3742,1026.9918,1027.5951,0.6032,1027.9001,1028.8169,0.9168,1028.8142,1029.7919,0.9777,1029.7738,1030.9408,1.1669,135.086,136.0977,1.0117,136.0977,138.6748,2.5772,136.9487,141.0987,4.15,137.6173,142.0696,4.4522,137.4878,143.5085,6.0207,1003.7148,1003.9324,0.2176,1004.0841,1004.4815,0.3974,1004.4771,1005.0484,0.5713,1004.9048,1005.5655,0.6607,1005.3213,1006.0689,0.7476,966.4121,966.7531,0.341,966.7936,967.2809,0.4874,967.1505,967.8599,0.7094,967.5893,968.3177,0.7285,967.9481,968.8418,0.8937,5.33,5.327,-0.39,5.13,-0.20000000000000018,-1.6094379124341003,0.7894002212817057,-2.70805020110221,0.8660254037844386,-2.302585092994046,0.7603144599953876,0.0,0.8304547985373997,-3.4965075614664802,0.7814925422595573,-1.0986122886681098,0.5163977794943223,-4.174387269895637,0.7982855480385354,0.6372598162071847,5.0,6.0,16.0,1.0,0.0,1.0986122886681098,0.6629935441317958,0.6931471805599453,0.8623164985025763,-1.0986122886681098,0.5163977794943223,0.0,1.4142135623730951,0.0,0.0,0.0,0.0,0.0,0.7453559924999299,0.5555555555555556,1.0,0.0,3.0,1.0,0.0,3.258096538021482,0.45834924851410563,0.0,0.0,1.0986122886681098,0.0,0.0,0.0,0.0,0.0,0.0,0.0,3.332204510175204,0.44335513307557556,0.19656377402446132,0.0,0.0,0.0,0.0,0.0,-4.927253685157204,7.035443070771703,-0.5653138090500605,5.240829163981099,-2.8622008809294686,5.139236144496378,-4.499809670330265,4.707392179331363,-12.22978917214749,4.342148807040223,-3.5835189384561104,2.389013417243465,-19.32978539770402,0.8270574260107951,0.6897474486055379,16.0,20.0,35.0,0.0,0.0,1.3862943611198906,0.5345224838248487,1.0986122886681098,0.0,0.0,0.0,0.0,0.0,0.0,0.0,0.0,0.0,1.3862943611198906,0.5175491695067657,0.26785714285714285,1.0,0.0,0.0,1.0,0.0,-0.7936884097818222,9.48070856852416,-1.4816045409242156,6.969171066268114,-5.1647859739235145,6.415948383986088,-4.499809670330265,6.952060540241858,-15.72629673361397,5.12364134929978,-4.68213122712422,2.9054111967377874,-18.78567379630456,3.3316032691316018,2.3469837372498823,23.0,26.0,54.0,3.0,0.0
2024-09-18,meeting_date,314.121,0.4731717476764485,319.768,2.937124167857741,123.378,1.7407868587496989,122.459,2.183708549590291,4.2,158779.0,28652.337,124.984,4.411415460242376,5.13,4.65,4.37,3.61,3.47,3.7,18.23,2.12,0.09,1.49,2.9,-0.0823523338416918,22768.9,3.8,3.8,-0.2114154602423754,0.1837085495902908,0.0900000000000003,,,,,,,,,,,,,,,,,,,,,2024Q3,0.2129629629629629,0.1072843385023549,1.0,1.0,0.0,1.0,2.7,2.26,-0.419,7.9,0.7000000000000002,-0.5685000000000002,-0.11875,-0.0861915367574596,-0.0325584632425403,28577.5,28684.6395,107.1395,28851.5348,29026.1032,174.5684,29114.7866,29382.9371,268.1506,29382.1256,29670.8064,288.6808,29665.4458,30013.6522,348.2063,3.8607,3.9,0.0393,3.9,4.0018,0.1018,3.9333,4.1,0.1667,3.9597,4.14,0.1803,3.9546,4.2,0.2454,3.3,3.9,0.6,2.5571,3.1,0.5429,2.3,2.8,0.5,2.2594,2.6,0.3406,2.1722,2.8,0.6278,2.7789,3.3,0.5211,2.2,2.8,0.6,2.0753,2.5,0.4247,2.0,2.4,0.4,2.0914,2.3316,0.2401,4.2084,5.78,1.5716,3.7791,5.0074,1.2283,3.6394,4.5596,0.9202,3.8375,4.7187,0.8812,3.9,4.5576,0.6576,1.6118,2.5,0.8882,1.4859,2.2,0.7141,1.4962,2.1525,0.6564,1.7078,2.2555,0.5477,1.5565,2.2365,0.68,1.5138,2.9081,1.3943,1.4209,2.2909,0.87,1.5,2.2105,0.7105,1.6313,2.1861,0.5548,1.6313,2.1166,0.4853,1026.0375,1026.4117,0.3742,1026.9918,1027.5951,0.6032,1027.9001,1028.8169,0.9168,1028.8142,1029.7919,0.9777,1029.7738,1030.9408,1.1669,135.086,136.0977,1.0117,136.0977,138.6748,2.5772,136.9487,141.0987,4.15,137.6173,142.0696,4.4522,137.4878,143.5085,6.0207,1003.7148,1003.9324,0.2176,1004.0841,1004.4815,0.3974,1004.4771,1005.0484,0.5713,1004.9048,1005.5655,0.6607,1005.3213,1006.0689,0.7476,966.4121,966.7531,0.341,966.7936,967.2809,0.4874,967.1505,967.8599,0.7094,967.5893,968.3177,0.7285,967.9481,968.8418,0.8937,5.13,5.13,-0.29,4.64,-0.4900000000000002,-2.4849066497880004,0.7930194777165229,-2.9444389791664403,0.8223294454953985,-2.4849066497880004,0.7358980185595059,-1.9459101490553132,0.8725195256156996,1.0986122886681098,0.8240618994859532,-0.6931471805599453,0.408248290463863,-3.367295829986474,0.8170659933074198,0.6675968374194406,5.0,1.0,15.0,0.0,0.0,-1.3862943611198906,0.7451598203705947,-1.791759469228055,0.8997354108424374,-1.791759469228055,0.7264831572567789,-1.3862943611198906,0.0,0.0,0.0,0.6931471805599453,0.7071067811865476,-1.791759469228055,0.7790276362049131,0.6068840579710144,1.0,0.0,5.0,1.0,0.0,3.4011973816621555,0.0,2.995732273553991,0.8168395746756534,3.871201010907891,0.2715243823233531,3.2188758248682006,0.0,0.0,0.0,0.0,0.0,3.9889840465642745,0.6220902964974915,0.3869963369963369,0.0,0.0,0.0,0.0,0.0,0.8362480242006186,4.446465862130712,0.7672551527136675,3.640793307134911,-9.19299073364107,3.310229301015558,-2.890371757896165,3.926110092056501,-6.942156705699469,3.1501726270322665,0.2876820724517808,1.9717774601895417,-12.068188938166788,0.8057530731371697,0.6597916748537868,13.0,9.0,24.0,2.0,0.0,0.0,0.6324555320336759,-0.6931471805599453,0.7071067811865476,0.0,0.0,0.0,0.0,0.0,0.0,0.0,0.0,0.0,0.5773502691896257,0.3333333333333333,1.0,0.0,0.0,1.0,0.0,0.36624439495488303,6.617100692251505,-1.6663582026867823,6.886804519334948,-9.598455841749233,5.0441348591551955,-3.003700443203168,4.7986296176722005,-5.843544417031359,3.9742345265182197,0.2876820724517808,3.087132531839952,-13.238260190817043,3.6012872683366197,2.654602240573912,20.0,10.0,44.0,4.0,0.0
2024-11-07,meeting_date,314.686,0.2330987195803047,320.767,2.695062254081182,123.93,2.0714079808919816,123.222,2.4212652420018355,4.1,159005.0,29349.924,125.501,4.408618930715329,4.64,4.43,4.28,4.21,4.17,4.31,15.2,2.33,0.1,1.77,2.9,-0.2114750564361555,22918.7,4.0,2.8,-0.3086189307153297,0.4212652420018354,0.0999999999999996,,,,,,,,,,,,,,,,,,,,,2024Q4,0.1224489795918367,0.0744329860500332,0.0,0.0,0.0,0.0,2.6,2.26,-0.456,0.0,0.6000000000000001,-0.1638999999999999,,,,28883.3187,28955.8178,72.499,29119.117,29292.8031,173.686,29343.302,29654.8146,311.5126,29631.8,29960.8,329.0,29983.3789,30288.0,304.6211,4.1085,4.3,0.1915,4.1957,4.4,0.2043,4.2,4.4291,0.2291,4.2,4.5,0.3,4.1826,4.5876,0.405,1.7781,2.6,0.8219,2.2,2.6,0.4,2.2,2.6,0.4,2.1991,2.6,0.4009,2.1,2.6,0.5,1.8,2.4559,0.6559,2.0,2.4,0.4,1.9802,2.4214,0.4411,2.0,2.3254,0.3254,1.923,2.3,0.377,3.643,4.6421,0.9991,3.5292,4.8205,1.2913,3.7352,4.6013,0.8661,3.9983,4.8003,0.802,3.8103,4.6523,0.842,1.4061,2.2167,0.8106,1.4277,2.1698,0.7421,1.4,2.2443,0.8443,1.7337,2.4144,0.6808,1.8178,2.521,0.7032,1.3018,2.4836,1.1818,1.4,2.2027,0.8027,1.4309,2.1209,0.6899,1.5,2.2552,0.7552,1.5511,2.4285,0.8773,1027.102,1027.3526,0.2507,1027.915,1028.5097,0.5947,1028.682,1029.738,1.056,1029.6603,1030.7645,1.1042,1030.8398,1031.8507,1.0108,141.3047,145.8615,4.5568,143.4064,148.1605,4.754,143.5085,148.8207,5.3123,143.5085,150.4077,6.8993,143.0934,152.3368,9.2434,1004.3199,1004.519,0.199,1004.7737,1005.0311,0.2574,1005.0998,1005.5721,0.4723,1005.5356,1006.0737,0.5381,1006.0107,1006.5805,0.5698,966.6755,966.9655,0.29,967.1052,967.492,0.3868,967.4196,968.076,0.6565,967.8775,968.5466,0.6691,968.3844,969.0171,0.6327,4.64,4.6335,-0.06,4.48,-0.15999999999999925,-2.302585092994046,0.6342063874918668,-2.8903717578961645,0.7240041966823505,-1.791759469228055,0.6950761858843502,1.3862943611198906,0.8473185457363234,-3.4657359027997265,0.7763398076322554,0.6931471805599453,0.6408699444616557,-3.8501476017100584,0.7901285377427028,0.6243031061554216,9.0,1.0,16.0,0.0,0.0,-1.0986122886681098,0.6030226891555273,-0.6931471805599453,0.8366600265340756,-1.0986122886681098,0.5773502691896257,-1.0986122886681098,0.0,0.0,0.0,0.0,0.0,-1.0986122886681098,0.6030226891555273,0.36363636363636365,1.0,0.0,2.0,0.0,0.0,-3.7612001156935624,0.5029325764658602,2.0794415416798357,0.8090398349558905,-2.302585092994046,0.9804817886198224,-3.1780538303479458,0.5337605126836238,0.0,0.0,0.0,0.0,-3.4339872044851463,0.7089216882158733,0.5025699600228439,0.0,9.0,2.0,0.0,0.0,-2.5257286443082556,4.645131345666966,-2.6754249737861335,5.58456094611311,0.06899287148695155,5.258760574727171,2.3025850929940455,5.5203483839947225,-12.893704645402009,4.231483152866254,0.4054651081081645,2.1524839254171524,-12.04047204949499,0.7315725703937868,0.5446867595245768,11.0,10.0,34.0,0.0,0.0,0.0,0.6324555320336759,0.0,0.0,0.0,0.0,0.0,0.0,0.0,0.0,0.0,0.0,0.0,0.5773502691896257,0.3333333333333333,1.0,0.0,0.0,1.0,0.0,-9.688126141663973,7.017748530813896,-4.179502370562408,7.954265004285427,-5.123963979403259,7.51166881842097,-0.5877866649021195,6.901427442414669,-16.359440548201736,5.007822960498509,1.0986122886681098,2.793353869878808,-20.423219144358306,3.410995754697516,2.3685295226725396,22.0,20.0,54.0,1.0,0.0
2024-12-18,meeting_date,316.441,0.0,322.657,3.016516128208324,124.226,2.1578592457360823,123.561,2.5164277180406147,4.2,159288.0,29354.321,125.517,4.408618930715329,4.48,4.25,4.17,4.35,4.4,4.5,27.62,2.32,0.15,2.02,3.0,-0.4480602959274938,22918.7,4.0,2.8,-0.2086189307153292,0.5164277180406147,0.1500000000000003,,,,,,,,,,,,,,,,,,,,,2024Q4,0.0481283422459892,0.0482294233795929,1.0,0.0,1.0,1.0,2.8,2.26,-0.483,0.0,0.7999999999999998,-0.0261000000000004,,,,28883.3187,28955.8178,72.499,29119.117,29292.8031,173.686,29343.302,29654.8146,311.5126,29631.8,29960.8,329.0,29983.3789,30288.0,304.6211,4.1085,4.3,0.1915,4.1957,4.4,0.2043,4.2,4.4291,0.2291,4.2,4.5,0.3,4.1826,4.5876,0.405,1.7781,2.6,0.8219,2.2,2.6,0.4,2.2,2.6,0.4,2.1991,2.6,0.4009,2.1,2.6,0.5,1.8,2.4559,0.6559,2.0,2.4,0.4,1.9802,2.4214,0.4411,2.0,2.3254,0.3254,1.923,2.3,0.377,3.643,4.6421,0.9991,3.5292,4.8205,1.2913,3.7352,4.6013,0.8661,3.9983,4.8003,0.802,3.8103,4.6523,0.842,1.4061,2.2167,0.8106,1.4277,2.1698,0.7421,1.4,2.2443,0.8443,1.7337,2.4144,0.6808,1.8178,2.521,0.7032,1.3018,2.4836,1.1818,1.4,2.2027,0.8027,1.4309,2.1209,0.6899,1.5,2.2552,0.7552,1.5511,2.4285,0.8773,1027.102,1027.3526,0.2507,1027.915,1028.5097,0.5947,1028.682,1029.738,1.056,1029.6603,1030.7645,1.1042,1030.8398,1031.8507,1.0108,141.3047,145.8615,4.5568,143.4064,148.1605,4.754,143.5085,148.8207,5.3123,143.5085,150.4077,6.8993,143.0934,152.3368,9.2434,1004.3199,1004.519,0.199,1004.7737,1005.0311,0.2574,1005.0998,1005.5721,0.4723,1005.5356,1006.0737,0.5381,1006.0107,1006.5805,0.5698,966.6755,966.9655,0.29,967.1052,967.492,0.3868,967.4196,968.076,0.6565,967.8775,968.5466,0.6691,968.3844,969.0171,0.6327,4.48,4.4621,0.33,4.33,-0.15000000000000036,-1.791759469228055,0.7840238810704653,-2.302585092994046,0.9053882543729307,-1.791759469228055,0.7347005827114602,2.0794415416798357,0.8744228866031497,0.0,0.848528137423857,0.0,0.6324555320336759,-2.833213344056216,0.8324965198704168,0.6930504555963553,11.0,7.0,12.0,1.0,0.0,-2.0794415416798357,0.6463349888014092,-1.0986122886681098,0.7507571935295484,-1.3862943611198906,0.6749485577105528,-1.0986122886681098,0.5773502691896258,0.0,0.0,0.0,0.0,-1.9459101490553132,0.6633249580710799,0.43999999999999995,2.0,0.0,4.0,0.0,0.0,-1.6094379124341003,0.8724697418548942,-3.58351893845611,0.931751973285473,3.295836866004329,0.4305615452020462,-1.3862943611198906,0.0,0.0,0.0,0.0,0.0,-4.02535169073515,0.82326929605281,0.6777723338232893,0.0,0.0,0.0,0.0,0.0,1.3862943611198906,3.324505620243225,-1.2809338454620645,2.5292405613961595,1.6094379124341003,2.4252648489429207,4.653960350157523,2.6967220309816886,-4.787491742782047,0.9225668286076705,-0.6931471805599453,1.3395623132202235,-1.0116009116784799,0.7911498181486614,0.6281996900948514,15.0,3.0,17.0,0.0,0.0,0.0,0.6324555320336759,0.0,0.0,0.0,0.0,0.0,0.0,0.0,0.0,0.0,0.0,0.0,0.5773502691896257,0.3333333333333333,1.0,0.0,0.0,1.0,0.0,-4.0943445622221,6.25978976400367,-8.26565016558033,5.1171379825841115,1.7272209480904837,4.2654755345669795,4.2484952420493585,4.148495186774464,-4.787491742782047,1.7710949660315274,-0.6931471805599453,1.9720178452538994,-9.816076095525158,3.687590861332594,2.772355812847829,29.0,10.0,33.0,2.0,0.0
2025-01-29,meeting_date,317.685,0.0,323.383,2.8447579491028385,124.382,1.8564467919584,123.699,2.122548048345552,4.1,159536.0,29374.914,125.532,4.320248166,4.33,4.2,4.16,4.21,4.35,4.55,16.56,2.4,0.34,1.83,3.0,-0.2850505141417474,23386.2,4.2,1.2,-0.2202481660000002,0.1225480483455516,0.3399999999999998,,,,,,,,,,,,,,,,,,,,,2025Q1,0.2238805970149253,0.0985373025224269,0.0,0.0,0.0,0.0,3.3,2.28,-0.509,6.2,1.2999999999999998,-0.1399999999999996,,,,29632.9391,29692.9589,60.0198,29920.8625,30039.3146,118.4521,30223.7012,30367.2561,143.5549,30537.9982,30728.8751,190.8768,30846.1178,31078.3168,232.199,4.1327,4.2241,0.0913,4.1955,4.3,0.1045,4.1648,4.4,0.2352,4.2,4.4,0.2,4.1792,4.438,0.2587,2.0,2.4672,0.4672,2.2,2.7668,0.5668,2.1,2.6,0.5,1.9914,2.5,0.5086,2.0,2.4665,0.4665,1.8,2.2,0.4,2.0,2.5673,0.5673,2.0,2.4,0.4,1.8554,2.3,0.4446,1.98,2.2548,0.2748,3.9134,4.7581,0.8446,4.031,4.9305,0.8994,3.9945,4.7516,0.7572,4.0247,4.7729,0.7482,4.0296,4.6676,0.638,1.8853,2.32,0.4346,1.7796,2.2501,0.4705,1.8,2.24,0.44,1.9,2.282,0.382,1.9307,2.357,0.4263,2.1757,2.8433,0.6676,1.8148,2.3513,0.5365,1.6922,2.2539,0.5617,1.8148,2.2926,0.4778,1.8148,2.3,0.4852,1029.6642,1029.8665,0.2023,1030.6311,1031.0262,0.3951,1031.6382,1032.112,0.4739,1032.6727,1033.2958,0.6231,1033.6766,1034.4266,0.7499,141.894,144.0803,2.1863,143.4009,145.8615,2.4606,142.6672,148.1605,5.4932,143.5085,148.1605,4.652,143.0129,149.0194,6.0065,1006.4571,1006.5635,0.1064,1006.9219,1007.1242,0.2023,1007.3591,1007.6496,0.2906,1007.8231,1008.2339,0.4108,1008.3182,1008.774,0.4558,969.2682,969.431,0.1628,969.6964,970.0135,0.317,970.0667,970.5696,0.5029,970.7028,971.107,0.4042,971.1339,971.6508,0.5169,4.33,4.325,-0.5,4.33,0.0,-1.791759469228055,0.6401219396028975,-2.3978952727983707,0.8240618994859531,1.0986122886681098,0.7163989902474133,2.1972245773362196,0.7400128699009549,-3.4657359027997265,0.723554642718624,0.0,0.6546536707079771,-3.5553480614894135,0.7839880775238115,0.6146373056994818,14.0,4.0,12.0,0.0,0.0,0.0,0.6324555320336759,0.6931471805599453,0.752772652709081,-1.0986122886681098,0.5773502691896257,0.0,1.4142135623730951,0.0,0.0,0.0,0.0,0.0,0.6324555320336759,0.4,1.0,0.0,3.0,0.0,0.0,-2.70805020110221,0.8116794499134278,-1.9459101490553132,0.9607689228305227,-1.9459101490553132,0.0,0.0,0.0,0.0,0.0,1.3862943611198906,0.0,0.0,0.9074852129730301,0.8235294117647058,0.0,0.0,0.0,0.0,0.0,-1.5040773967762742,2.198998221850925,-1.7609878105613008,2.424568047308416,2.3513752571634776,2.207429098404841,2.0541237336955462,2.1478350042791137,-3.258096538021482,2.146745689145999,-1.0986122886681098,2.1420099717629055,-2.533696813957432,0.8033892734291045,0.6490582064539328,12.0,8.0,23.0,0.0,0.0,0.6931471805599453,0.408248290463863,0.0,0.0,0.0,0.0,0.0,0.0,0.0,0.0,0.0,0.0,0.6931471805599453,0.37796447300922725,0.14285714285714288,1.0,0.0,0.0,1.0,0.0,-5.310739886546594,4.691503433864789,-5.4116460518550396,4.962171522333973,0.4054651081081646,3.50117835784188,4.251348311031766,4.3020614365531635,-6.723832440821209,2.870300331864623,0.2876820724517808,2.7966636424708824,-5.395897694886901,3.505282568968849,2.6300820667752633,28.0,12.0,38.0,1.0,0.0
2025-03-19,meeting_date,319.775,2.236092109436827,325.475,2.750645595115575,125.175,1.841154647227272,124.334,2.056160684237751,4.1,159218.0,29719.647,126.272,4.320248166,4.33,4.2,4.11,3.99,4.03,4.25,19.9,2.31,0.26,1.53,3.0,-0.0195725878211674,23386.2,4.2,1.2,-0.2202481660000002,0.0561606842377511,0.2599999999999998,,,,,,,,,,,,,,,,,,,,,2025Q1,0.1581632653061224,0.1404676851701984,1.0,1.0,0.0,1.0,5.0,2.12,-0.449,6.2,3.0,0.0731999999999999,,,,29632.9391,29692.9589,60.0198,29920.8625,30039.3146,118.4521,30223.7012,30367.2561,143.5549,30537.9982,30728.8751,190.8768,30846.1178,31078.3168,232.199,4.1327,4.2241,0.0913,4.1955,4.3,0.1045,4.1648,4.4,0.2352,4.2,4.4,0.2,4.1792,4.438,0.2587,2.0,2.4672,0.4672,2.2,2.7668,0.5668,2.1,2.6,0.5,1.9914,2.5,0.5086,2.0,2.4665,0.4665,1.8,2.2,0.4,2.0,2.5673,0.5673,2.0,2.4,0.4,1.8554,2.3,0.4446,1.98,2.2548,0.2748,3.9134,4.7581,0.8446,4.031,4.9305,0.8994,3.9945,4.7516,0.7572,4.0247,4.7729,0.7482,4.0296,4.6676,0.638,1.8853,2.32,0.4346,1.7796,2.2501,0.4705,1.8,2.24,0.44,1.9,2.282,0.382,1.9307,2.357,0.4263,2.1757,2.8433,0.6676,1.8148,2.3513,0.5365,1.6922,2.2539,0.5617,1.8148,2.2926,0.4778,1.8148,2.3,0.4852,1029.6642,1029.8665,0.2023,1030.6311,1031.0262,0.3951,1031.6382,1032.112,0.4739,1032.6727,1033.2958,0.6231,1033.6766,1034.4266,0.7499,141.894,144.0803,2.1863,143.4009,145.8615,2.4606,142.6672,148.1605,5.4932,143.5085,148.1605,4.652,143.0129,149.0194,6.0065,1006.4571,1006.5635,0.1064,1006.9219,1007.1242,0.2023,1007.3591,1007.6496,0.2906,1007.8231,1008.2339,0.4108,1008.3182,1008.774,0.4558,969.2682,969.431,0.1628,969.6964,970.0135,0.317,970.0667,970.5696,0.5029,970.7028,971.107,0.4042,971.1339,971.6508,0.5169,4.33,4.33,0.16,4.33,0.0,-2.0794415416798357,0.6981687571974057,1.3862943611198906,0.8366600265340756,-1.6094379124341003,0.6498834394323991,-2.0794415416798357,0.8129997914936147,-3.091042453358316,0.8255136721524232,-0.6931471805599453,0.6405126152203485,-3.295836866004329,0.8080475278293874,0.6529408072311845,18.0,7.0,18.0,1.0,0.0,0.0,0.6123724356957945,0.0,0.816496580927726,-1.0986122886681098,0.5773502691896257,1.0986122886681098,0.5773502691896257,-0.6931471805599453,0.0,0.0,0.0,0.6931471805599453,0.6529984122545218,0.42640692640692646,5.0,0.0,1.0,1.0,0.0,2.995732273553991,0.8500700251267819,-1.0986122886681098,0.0,0.0,0.0,0.0,0.0,1.3862943611198906,0.0,0.0,0.0,3.044522437723423,0.8557207865397036,0.7322580645161291,0.0,0.0,0.0,0.0,0.0,1.2840155119994723,5.650531809532804,2.3978952727983707,6.793547192201716,8.037866234709618,5.366853921553978,6.4897113886671125,5.128070406359744,-15.335854927204421,5.404879078451905,2.8033603809065353,3.211659788791845,-5.589194329896337,0.6700057005257141,0.46804894130636043,36.0,12.0,45.0,0.0,0.0,0.0,0.5345224838248488,0.0,0.0,0.0,0.0,0.0,0.0,0.0,0.0,0.0,0.0,0.0,0.5,0.25,1.0,0.0,0.0,1.0,0.0,2.2003062438736274,8.345665511377636,2.6855773452501515,8.446703799663517,5.329816033607408,6.594087630176003,5.508882135655386,6.518420467042985,-17.733750200002792,6.230392750604328,2.11021320034659,3.852172404012194,-5.147361577617298,3.486772427149327,2.5296547394606006,60.0,19.0,64.0,3.0,0.0
2025-05-07,meeting_date,319.615,1.898831193715278,325.659,2.3914253284829767,125.732,2.0353177952346924,125.052,2.301229558487883,4.2,159517.0,29977.632,127.423,4.318227512,4.33,4.22,4.09,3.78,3.87,4.26,23.55,2.25,0.48,1.54,3.0,-0.1884646763374515,23530.9,4.1,3.1,-0.1182275119999998,0.3012295584878828,0.48,,,,,,,,,,,,,,,,,,,,,2025Q2,0.2105263157894736,0.1777914677797292,0.0,0.0,0.0,0.0,6.6,2.17,-0.409,18.5,4.6,-0.1604999999999998,,,,30042.7248,30114.8752,72.1504,30361.9067,30499.9398,138.0332,30686.8155,30814.2732,127.4577,31028.1118,31165.27,137.1582,31363.4914,31571.86,208.3686,4.0277,4.2,0.1723,4.0894,4.3,0.2106,4.1,4.3704,0.2704,4.1333,4.4,0.2667,4.1245,4.4,0.2755,2.8,3.2823,0.4823,2.4559,2.9895,0.5337,2.2782,3.0,0.7218,2.3,3.0,0.7,2.35,3.0287,0.6787,2.3,2.6992,0.3992,2.2,2.8,0.6,2.1,2.7155,0.6155,2.0735,2.7,0.6265,2.0887,2.5737,0.4851,4.6879,5.6972,1.0093,4.3034,5.0841,0.7807,4.1354,5.0951,0.9598,4.0854,5.0306,0.9453,4.0862,5.3543,1.2682,2.2185,2.8572,0.6387,1.7819,2.3549,0.5731,1.8,2.5655,0.7655,1.7765,2.4191,0.6426,1.9486,2.5056,0.557,2.0151,3.048,1.033,1.9687,2.507,0.5384,2.0,2.3,0.3,1.9094,2.2717,0.3623,1.9838,2.4263,0.4425,1031.0376,1031.2775,0.2399,1032.0944,1032.548,0.4536,1033.1588,1033.5733,0.4145,1034.2649,1034.706,0.4411,1035.34,1036.0021,0.6622,139.3197,143.5085,4.1888,140.8391,145.8615,5.0224,141.0987,147.4861,6.3874,141.9084,148.1605,6.252,141.6946,148.1605,6.4659,1007.1556,1007.3113,0.1557,1007.6399,1007.8826,0.2426,1008.1032,1008.4292,0.3259,1008.5978,1009.0553,0.4575,1009.0112,1009.7105,0.6992,970.2686,970.5205,0.2519,970.7602,971.1798,0.4196,971.2661,971.7327,0.4665,971.7503,972.2414,0.4911,972.2944,972.8407,0.5464,4.33,4.33,-0.29,4.33,0.0,-1.791759469228055,0.6096373955153138,0.6931471805599453,0.8041652501960813,-1.0986122886681098,0.7526635789342986,-2.1972245773362196,0.854242196177249,-3.6109179126442243,0.724568837309472,-1.3862943611198906,0.4385290096535146,-3.7376696182833684,0.7902104350319243,0.6244325316333431,18.0,11.0,30.0,1.0,0.0,1.0986122886681098,0.38924947208076144,0.0,0.6666666666666666,-0.6931471805599453,0.408248290463863,-0.6931471805599453,0.0,0.0,0.0,-1.0986122886681098,0.5773502691896258,-0.6931471805599453,0.639137490706142,0.4084967320261437,1.0,1.0,1.0,0.0,0.0,-2.3978952727983707,0.31603030875998483,-3.5553480614894135,0.0,-2.5649493574615367,0.0,0.0,0.0,0.0,0.0,0.0,0.0,-4.04305126783455,0.49105473398904287,0.24113475177304963,69.0,0.0,0.0,0.0,0.0,-4.276666119016055,4.563333485621599,3.180654612048003,4.206126632814561,0.4010107577587838,3.8184128402703905,0.6931471805599455,4.588845840885808,-6.659293919683638,1.7478098505017998,0.0,1.1482017875008017,-0.7677360375510176,0.820374096750588,0.6810727016904615,33.0,29.0,36.0,0.0,0.0,0.6931471805599453,0.3779644730092273,-0.6931471805599453,0.5773502691896258,-0.6931471805599453,0.5773502691896258,0.0,0.0,0.0,0.0,0.0,0.0,0.0,0.5,0.25,1.0,0.0,1.0,1.0,0.0,-6.674561391814426,6.256215134986887,-0.3746934494414105,6.254308818866935,-4.648845249490753,5.556674978858178,-2.1972245773362196,5.443088037063057,-10.270211832327862,2.472378687811272,-2.4849066497880004,2.1640810663439423,-9.241604104228882,3.2407767564776973,2.205136717122998,122.0,41.0,68.0,2.0,0.0
2025-06-18,meeting_date,320.58,1.9017599662761064,326.854,2.6735313796753646,125.88,2.0353573426063143,125.221,2.2128805811770347,4.2,159561.0,29976.638,127.408,4.318227512,4.33,4.23,4.17,3.94,3.98,4.38,20.14,2.31,0.44,1.62,3.0,-0.2036567514556457,23530.9,4.1,3.1,-0.1182275119999998,0.2128805811770346,0.4399999999999999,,,,,,,,,,,,,,,,,,,,,2025Q2,0.1210526315789474,0.1023310141446272,0.0,0.0,0.0,0.0,5.0,2.26,-0.487,18.5,3.0,0.1772999999999998,,,,30042.7248,30114.8752,72.1504,30361.9067,30499.9398,138.0332,30686.8155,30814.2732,127.4577,31028.1118,31165.27,137.1582,31363.4914,31571.86,208.3686,4.0277,4.2,0.1723,4.0894,4.3,0.2106,4.1,4.3704,0.2704,4.1333,4.4,0.2667,4.1245,4.4,0.2755,2.8,3.2823,0.4823,2.4559,2.9895,0.5337,2.2782,3.0,0.7218,2.3,3.0,0.7,2.35,3.0287,0.6787,2.3,2.6992,0.3992,2.2,2.8,0.6,2.1,2.7155,0.6155,2.0735,2.7,0.6265,2.0887,2.5737,0.4851,4.6879,5.6972,1.0093,4.3034,5.0841,0.7807,4.1354,5.0951,0.9598,4.0854,5.0306,0.9453,4.0862,5.3543,1.2682,2.2185,2.8572,0.6387,1.7819,2.3549,0.5731,1.8,2.5655,0.7655,1.7765,2.4191,0.6426,1.9486,2.5056,0.557,2.0151,3.048,1.033,1.9687,2.507,0.5384,2.0,2.3,0.3,1.9094,2.2717,0.3623,1.9838,2.4263,0.4425,1031.0376,1031.2775,0.2399,1032.0944,1032.548,0.4536,1033.1588,1033.5733,0.4145,1034.2649,1034.706,0.4411,1035.34,1036.0021,0.6622,139.3197,143.5085,4.1888,140.8391,145.8615,5.0224,141.0987,147.4861,6.3874,141.9084,148.1605,6.252,141.6946,148.1605,6.4659,1007.1556,1007.3113,0.1557,1007.6399,1007.8826,0.2426,1008.1032,1008.4292,0.3259,1008.5978,1009.0553,0.4575,1009.0112,1009.7105,0.6992,970.2686,970.5205,0.2519,970.7602,971.1798,0.4196,971.2661,971.7327,0.4665,971.7503,972.2414,0.4911,972.2944,972.8407,0.5464,4.33,4.33,-0.07,4.33,0.0,-1.791759469228055,0.6071159226949525,0.6931471805599453,0.8204030865920703,-0.6931471805599453,0.7926581093427849,1.0986122886681098,0.8381652631810517,0.0,0.8075728530872482,0.0,0.6793662204867574,0.6931471805599453,0.7864247512906508,0.618463889442562,15.0,11.0,19.0,1.0,0.0,1.6094379124341003,0.6015852075182383,0.0,0.8819171036881969,0.6931471805599453,0.6408699444616557,-0.6931471805599453,1.1547005383792517,0.0,0.0,-0.6931471805599453,0.5,0.6931471805599453,0.7469827262241817,0.5579831932773108,3.0,1.0,2.0,1.0,0.0,-3.332204510175204,0.5967019603377811,0.0,0.0,0.0,0.0,0.0,0.0,0.0,0.0,1.791759469228055,0.5175491695067657,-3.1354942159291497,0.6509097534095394,0.4236835070836674,22.0,0.0,0.0,0.0,0.0,-4.718498871295094,4.322350739490024,-1.4842747694800942,3.7969666588572615,-3.1135153092103747,2.6108519429520216,-6.733401891837359,2.161700457196821,-6.993015122932961,2.721997164675943,-5.19295685089021,2.905037640798056,-12.338002756787724,0.6686923109452382,0.4739966406168564,28.0,33.0,27.0,1.0,0.0,0.6931471805599453,0.3779644730092273,0.0,0.0,0.0,0.0,0.0,0.0,0.0,0.0,0.0,0.0,0.6931471805599453,0.3535533905932738,0.125,1.0,0.0,0.0,1.0,0.0,-7.539877757704307,6.505718303050223,-0.7911275889201489,5.499286849137529,-3.1135153092103747,4.044379996756462,-6.327936783729195,4.154566258757124,-6.993015122932961,3.5295700177631915,-4.094344562222101,4.601953030791579,-13.394055431037037,3.2065629324628837,2.199127230420397,69.0,45.0,48.0,4.0,0.0
2025-07-30,meeting_date,321.5,1.7603949407780206,327.6,2.7174986595930983,126.11,2.0513857980983152,125.512,2.273431006665483,4.1,159724.0,30331.117,128.059,4.315607994,4.33,4.25,4.13,3.94,3.96,4.38,15.48,2.42,0.44,1.48,3.0,-0.223513034813941,23526.1,4.1,3.8,-0.2156079939999999,0.2734310066654828,0.4399999999999999,,,,,,,,,,,,,,,,,,,,,2025Q3,0.1458333333333333,0.0969288348086525,2.0,2.0,0.0,1.0,4.5,2.36,-0.522,9.5,2.5,-0.0443999999999995,,,,30216.6692,30400.2697,183.6005,30509.4948,30778.3893,268.8946,30802.8865,31167.3823,364.4958,31074.6471,31545.2957,470.6486,31366.9616,31846.774,479.8125,4.176,4.3,0.124,4.3,4.4347,0.1347,4.3322,4.6206,0.2885,4.3829,4.745,0.3621,4.3822,4.8,0.4178,2.7,3.6846,0.9846,3.2,4.25,1.05,2.6766,3.5267,0.85,2.6093,3.4218,0.8125,2.2907,2.9795,0.6888,2.6,3.5777,0.9777,2.8,4.05,1.25,2.4394,3.2046,0.7652,2.3,3.0017,0.7017,2.2,2.7,0.5,3.2284,5.7603,2.5319,3.7248,5.0224,1.2976,3.1802,4.8533,1.6731,3.7055,5.0727,1.3672,3.7088,5.038,1.3292,0.8749,2.1,1.2251,0.4109,1.9903,1.5794,0.5,1.9152,1.4152,1.0,2.0184,1.0184,1.5307,2.3637,0.833,1.15,2.3686,1.2186,-0.1241,1.6659,1.7899,0.8338,2.015,1.1813,1.3,2.1166,0.8166,1.5539,2.1773,0.6234,1031.6149,1032.2207,0.6058,1032.5793,1033.4568,0.8775,1033.5364,1034.7127,1.1764,1034.4148,1035.918,1.5032,1035.351,1036.8691,1.5181,142.9349,145.8615,2.9266,145.8615,148.9462,3.0847,146.607,153.0535,6.4464,147.7721,155.7098,7.9376,147.7551,156.8616,9.1064,1006.8043,1007.1061,0.3018,1007.0104,1007.5643,0.554,1007.0891,1007.9935,0.9044,1007.232,1008.5418,1.3097,1007.67,1009.0379,1.3679,970.4573,970.7566,0.2994,970.5242,971.1613,0.6371,970.8354,971.6677,0.8322,971.1664,972.2004,1.034,971.5606,972.7444,1.1838,4.33,4.327,0.01,4.22,-0.11000000000000032,-1.3862943611198906,0.7229988054812212,1.791759469228055,0.8656247443117874,-1.6094379124341003,0.7760791522613608,-2.3978952727983707,0.8139788549800785,-3.2188758248682006,0.7611968072848042,0.0,0.6030226891555273,-3.58351893845611,0.7912464573328175,0.6260709562417343,14.0,8.0,21.0,0.0,0.0,1.0986122886681098,0.6324555320336759,1.0986122886681098,0.7888106377466155,-1.0986122886681098,0.5773502691896258,0.0,0.0,0.0,0.0,0.0,0.0,1.0986122886681098,0.6763995415945232,0.4575163398692811,2.0,2.0,1.0,1.0,0.0,1.9459101490553132,0.0,2.833213344056216,0.6557855173825838,3.5553480614894135,0.503354134397826,-3.9318256327243257,0.4499692136859278,0.0,0.0,0.0,0.0,1.9459101490553132,0.8419062453745644,0.7088061260006963,50.0,0.0,0.0,0.0,0.0,-4.787491742782047,2.227471748210962,-1.791759469228055,1.8407714027749387,-4.718498871295094,1.1661253213344647,-4.718498871295094,2.6606072140268537,-3.8066624897703196,2.124111833194394,0.0,1.2071067811865475,-9.492507263739853,0.741823291428295,0.5565511058596797,4.0,5.0,21.0,0.0,0.0,0.6931471805599453,0.3779644730092273,0.0,0.0,0.0,0.0,0.0,0.0,0.0,0.0,0.0,0.0,0.6931471805599453,0.3535533905932738,0.125,1.0,0.0,0.0,1.0,0.0,-2.4361164856185686,3.9608905587350867,3.931825632724326,4.150992302215926,-3.8712010109078907,3.0229088771832773,-11.04821977681779,3.92455528269286,-7.025538314638521,2.8853086404791983,0.0,1.8101294703420747,-9.338356583912596,3.404928926323474,2.4739445279713914,71.0,15.0,43.0,2.0,0.0
2025-09-17,meeting_date,323.364,1.3450806889608202,329.793,2.792089391743424,126.783,2.294677220245456,126.253,2.449810928802121,4.3,159540.0,30353.902,128.055,4.315607994,4.22,3.88,3.7,3.52,3.62,4.06,15.72,2.38,0.54,1.19,3.0,-0.3048673918703349,23526.1,4.1,3.8,-0.0156079939999997,0.4498109288021208,0.5399999999999996,,,,,,,,,,,,,,,,,,,,,2025Q3,0.1641791044776119,0.1152896769214516,1.0,1.0,0.0,1.0,4.7,2.33,-0.531,9.5,2.7,-0.3556000000000003,,,,30216.6692,30400.2697,183.6005,30509.4948,30778.3893,268.8946,30802.8865,31167.3823,364.4958,31074.6471,31545.2957,470.6486,31366.9616,31846.774,479.8125,4.176,4.3,0.124,4.3,4.4347,0.1347,4.3322,4.6206,0.2885,4.3829,4.745,0.3621,4.3822,4.8,0.4178,2.7,3.6846,0.9846,3.2,4.25,1.05,2.6766,3.5267,0.85,2.6093,3.4218,0.8125,2.2907,2.9795,0.6888,2.6,3.5777,0.9777,2.8,4.05,1.25,2.4394,3.2046,0.7652,2.3,3.0017,0.7017,2.2,2.7,0.5,3.2284,5.7603,2.5319,3.7248,5.0224,1.2976,3.1802,4.8533,1.6731,3.7055,5.0727,1.3672,3.7088,5.038,1.3292,0.8749,2.1,1.2251,0.4109,1.9903,1.5794,0.5,1.9152,1.4152,1.0,2.0184,1.0184,1.5307,2.3637,0.833,1.15,2.3686,1.2186,-0.1241,1.6659,1.7899,0.8338,2.015,1.1813,1.3,2.1166,0.8166,1.5539,2.1773,0.6234,1031.6149,1032.2207,0.6058,1032.5793,1033.4568,0.8775,1033.5364,1034.7127,1.1764,1034.4148,1035.918,1.5032,1035.351,1036.8691,1.5181,142.9349,145.8615,2.9266,145.8615,148.9462,3.0847,146.607,153.0535,6.4464,147.7721,155.7098,7.9376,147.7551,156.8616,9.1064,1006.8043,1007.1061,0.3018,1007.0104,1007.5643,0.554,1007.0891,1007.9935,0.9044,1007.232,1008.5418,1.3097,1007.67,1009.0379,1.3679,970.4573,970.7566,0.2994,970.5242,971.1613,0.6371,970.8354,971.6677,0.8322,971.1664,972.2004,1.034,971.5606,972.7444,1.1838,4.22,4.2258,-0.31,4.09,-0.1299999999999999,-2.4849066497880004,0.8022904622237814,0.0,0.8744746321952062,-3.258096538021482,0.5799451149344533,-1.6094379124341003,0.9283882603225666,-2.1972245773362196,0.8588298157855662,-0.6931471805599453,0.5,-3.7376696182833684,0.8355965957340395,0.698221670802316,7.0,6.0,15.0,0.0,0.0,0.0,0.6324555320336759,-0.6931471805599453,0.90033663737852,-1.0986122886681098,0.5773502691896258,0.0,0.0,0.0,0.0,0.0,0.0,-1.3862943611198906,0.7570485649179112,0.5731225296442687,2.0,2.0,1.0,0.0,0.0,2.0794415416798357,0.33113308926626095,2.0794415416798357,0.0,-1.3862943611198906,0.5,0.0,0.0,3.1354942159291497,0.48945319317801955,0.0,0.0,3.295836866004329,0.4738565764538144,0.22454005504852967,0.0,0.0,0.0,0.0,0.0,-2.4849066497880004,3.4917371600914358,-3.737669618283368,3.099130365204739,-9.392661928770139,2.9632552915495127,-7.745002803515839,2.4417607480816805,-1.1786549963416462,2.175565496120728,-0.5108256237659906,2.7689304348272414,-7.957177323459476,0.7820630760144897,0.6227673641916327,12.0,8.0,41.0,2.0,0.0,0.0,0.5773502691896257,0.0,0.0,-0.6931471805599453,0.5773502691896258,0.0,0.0,0.0,0.0,0.0,0.0,-0.6931471805599453,0.6009252125773316,0.36111111111111116,1.0,0.0,1.0,1.0,0.0,-2.890371757896165,5.83496651280478,-2.3513752571634776,4.873941634778465,-15.828812297139566,5.197900944863218,-9.35444071594994,3.370149008404247,-0.24038535774871606,3.5238485050843136,-1.203972804325936,3.2689304348272414,-10.47845161741835,3.4494900256975862,2.4797627307978583,22.0,16.0,58.0,3.0,0.0
2025-10-29,meeting_date,324.368,1.3450806889608202,330.542,2.752356320409844,127.285,2.51361103057246,126.705,2.62339429478562,4.3,159540.0,30485.729,128.248,4.312406028,4.09,3.77,3.7,3.59,3.7,4.08,16.92,2.3,0.49,1.33,3.0,-0.2732332534930458,23685.3,4.2,1.6,-0.012406028,0.6233942947856193,0.4900000000000002,,,,,,,,,,,,,,,,,,,,,2025Q4,0.1714285714285713,0.0955646963154485,2.0,1.0,1.0,1.0,4.6,2.23,-0.519,6.5,2.6,-0.1511,,,,30597.6999,30700.4058,102.706,30876.884,31042.2258,165.3418,31219.3577,31383.457,164.0993,31492.632,31725.9235,233.2915,31822.208,32082.5641,260.3561,4.2281,4.3,0.0719,4.3,4.5,0.2,4.3684,4.6,0.2316,4.4,4.6,0.2,4.4,4.6,0.2,2.5,3.4319,0.9319,2.6487,3.4972,0.8485,2.4,3.1,0.7,2.2,2.9332,0.7332,2.3,2.8,0.5,2.6,3.3362,0.7362,2.6,3.2,0.6,2.3,3.0,0.7,2.0004,2.7644,0.764,2.1,2.6,0.5,3.5625,4.96,1.3975,3.7326,4.5555,0.8229,4.0038,4.8318,0.8279,3.6105,4.5857,0.9753,3.9817,4.5399,0.5581,1.0,1.9998,0.9998,0.9548,1.9166,0.9619,1.2057,2.0,0.7943,1.3006,2.015,0.7145,1.5,2.3,0.8,0.8455,1.5694,0.7239,0.6165,2.0,1.3835,1.0975,2.2,1.1025,1.4246,2.2,0.7754,1.5219,2.2529,0.731,1032.868,1033.2031,0.3351,1033.7763,1034.3104,0.5341,1034.8794,1035.4036,0.5243,1035.7509,1036.4889,0.7381,1036.792,1037.6068,0.8148,144.1754,145.8615,1.6861,145.8615,150.4077,4.5462,147.4392,152.6056,5.1665,148.1605,152.6056,4.4452,148.1605,152.6056,4.4452,1007.5097,1007.756,0.2463,1007.7803,1008.1931,0.4128,1008.1596,1008.6684,0.5088,1008.5121,1009.1377,0.6256,1008.9565,1009.6363,0.6798,970.41,970.5888,0.1788,970.5357,971.0687,0.533,970.9593,971.5188,0.5595,971.2237,972.0319,0.8081,971.5334,972.5881,1.0547,4.09,3.885,-0.49,3.72,-0.36999999999999966,-2.70805020110221,0.6833956709499996,1.6094379124341003,0.9133589649915751,-2.833213344056216,0.6377042156569663,-1.0986122886681098,0.8836221915162051,-3.044522437723423,0.8355965618808433,-1.6094379124341003,0.7262730392025629,-3.7612001156935624,0.8187941556259647,0.6704238692872364,12.0,8.0,26.0,1.0,0.0,1.0986122886681098,0.6683115412781179,0.0,0.9534625892455924,-1.6094379124341003,0.4472135954999579,0.0,0.0,-0.6931471805599453,0.0,0.0,0.0,-0.6931471805599453,0.7853704366024198,0.6168067226890755,0.0,2.0,2.0,1.0,0.0,0.6931471805599453,0.5374001492164546,1.3862943611198906,1.0127393670836666,-1.791759469228055,0.5175491695067657,-3.4339872044851463,0.5034443575988877,3.1780538303479458,0.5052577681363806,0.0,0.0,-1.6094379124341003,0.6627922738188757,0.4392935982339956,0.0,0.0,30.0,0.0,0.0,-5.626592835965072,4.6154926920504415,-4.877103901471733,5.979822096514596,-11.962726386898444,5.281600397263864,0.6241543090729936,5.9785598004447555,-8.268731832117737,5.205652627211768,-3.5835189384561104,4.206812691626251,-14.315885765855423,0.745315475345874,0.5696927632003528,16.0,9.0,58.0,1.0,0.0,0.0,0.5773502691896257,0.6931471805599453,0.5773502691896258,-1.0986122886681098,0.5773502691896257,0.0,0.0,0.0,0.0,0.0,0.0,-0.6931471805599453,0.7006490497453706,0.49090909090909074,1.0,0.0,1.0,0.0,0.0,-6.542883567839227,7.081950322684639,-1.1882244473577965,9.436733287025056,-19.295749401284926,7.461417647117179,-3.9084451840802625,7.365626349559848,-8.82834762005316,6.546506957228992,-5.19295685089021,4.933085730828814,-21.072818155102976,3.712921391138505,2.787126044319751,29.0,19.0,117.0,3.0,0.0
2025-12-10,meeting_date,324.368,0.8333096328318357,330.542,2.455838000861688,127.625,2.787442414870656,126.954,2.825069249833967,4.4,159626.0,30485.729,128.248,4.312406028,3.72,3.6,3.55,3.54,3.72,4.13,15.77,2.25,0.59,1.4,3.0,-0.2400553686825015,23685.3,4.2,1.6,0.0875939720000005,0.8250692498339669,0.5899999999999999,,,,,,,,,,,,,,,,,,,,,2025Q4,0.1330275229357798,0.0603761517544287,3.0,1.0,2.0,1.0,4.2,2.18,-0.513,6.5,2.2,-0.1189,,,,30597.6999,30700.4058,102.706,30876.884,31042.2258,165.3418,31219.3577,31383.457,164.0993,31492.632,31725.9235,233.2915,31822.208,32082.5641,260.3561,4.2281,4.3,0.0719,4.3,4.5,0.2,4.3684,4.6,0.2316,4.4,4.6,0.2,4.4,4.6,0.2,2.5,3.4319,0.9319,2.6487,3.4972,0.8485,2.4,3.1,0.7,2.2,2.9332,0.7332,2.3,2.8,0.5,2.6,3.3362,0.7362,2.6,3.2,0.6,2.3,3.0,0.7,2.0004,2.7644,0.764,2.1,2.6,0.5,3.5625,4.96,1.3975,3.7326,4.5555,0.8229,4.0038,4.8318,0.8279,3.6105,4.5857,0.9753,3.9817,4.5399,0.5581,1.0,1.9998,0.9998,0.9548,1.9166,0.9619,1.2057,2.0,0.7943,1.3006,2.015,0.7145,1.5,2.3,0.8,0.8455,1.5694,0.7239,0.6165,2.0,1.3835,1.0975,2.2,1.1025,1.4246,2.2,0.7754,1.5219,2.2529,0.731,1032.868,1033.2031,0.3351,1033.7763,1034.3104,0.5341,1034.8794,1035.4036,0.5243,1035.7509,1036.4889,0.7381,1036.792,1037.6068,0.8148,144.1754,145.8615,1.6861,145.8615,150.4077,4.5462,147.4392,152.6056,5.1665,148.1605,152.6056,4.4452,148.1605,152.6056,4.4452,1007.5097,1007.756,0.2463,1007.7803,1008.1931,0.4128,1008.1596,1008.6684,0.5088,1008.5121,1009.1377,0.6256,1008.9565,1009.6363,0.6798,970.41,970.5888,0.1788,970.5357,971.0687,0.533,970.9593,971.5188,0.5595,971.2237,972.0319,0.8081,971.5334,972.5881,1.0547,3.72,3.7237,-0.02,,,-3.1780538303479458,0.6333328694553302,0.0,0.8660254037844386,-2.8903717578961645,0.6789105539243626,1.3862943611198906,0.6396021490668313,-3.258096538021482,0.6776309271789385,0.6931471805599453,0.6900655593423541,-3.9318256327243257,0.7571142714023308,0.5732220199610822,9.0,7.0,10.0,0.0,0.0,-1.6094379124341003,0.749603069567329,-1.3862943611198906,0.9045340337332909,-1.0986122886681098,0.8944271909999159,-0.6931471805599453,0.0,0.0,1.0,0.0,0.0,-2.302585092994046,0.7608007189732063,0.5788177339901477,0.0,1.0,1.0,1.0,0.0,-3.2188758248682006,0.5432386766639288,2.3978952727983707,0.8312216619457133,2.772588722239781,0.4794949774542018,-2.8903717578961645,0.911761504909786,0.0,0.0,3.1780538303479458,0.0,3.8066624897703196,0.7538200438879555,0.5682446585672392,4.0,0.0,0.0,0.0,0.0,-3.3603753871419,4.46207677237152,-4.836281906951478,2.7190850646149776,-8.548691858475609,2.200559284318788,-0.45198512374305766,2.883641412203543,-14.663158357115766,4.3501342214389025,0.8472978603872034,1.3714765105005844,-17.98325426975614,0.7473789935505505,0.5632315179812151,24.0,35.0,107.0,1.0,0.0,-1.0986122886681098,0.48795003647426655,0.6931471805599453,0.5773502691896258,-0.6931471805599453,0.5773502691896258,0.0,0.0,0.0,0.0,0.0,0.0,-1.0986122886681098,0.6324555320336759,0.4000000000000001,1.0,0.0,1.0,1.0,0.0,-12.465355243460257,6.876201424532375,-3.1315338147130527,5.898216433268046,-10.458234363360047,4.830742275886894,-2.649209701079277,4.43500506618016,-17.92125489513725,6.027765148617841,4.718498871295095,2.0615420698429388,-21.509614794372304,3.651569559847719,2.6835159304996843,38.0,43.0,119.0,3.0,0.0
