source,date,doc_type,sent_monetary_policy,sent_monetary_policy_sd,sent_inflation,sent_inflation_sd,sent_labor_market,sent_labor_market_sd,sent_economic_activity,sent_economic_activity_sd,sent_financial_conditions,sent_financial_conditions_sd,sent_macro,sent_macro_sd,sent_total,sent_sd,sent_var,flag_elevated_wid,flag_skew_up,flag_skew_down,flag_unconditional_forward,flag_conditional,speaker_types_present
statement_20000202.txt,2000-02-02,statement,1.3862943611198906,0.0,1.0986122886681098,0.0,0.0,0.0,0.6931471805599453,0.0,0.0,0.0,0.0,0.0,1.791759469228055,0.0,0.0,0,2,0,0,0,set()
speeches_aggregated,2000-02-02,speech,-5.886104031450156,3.442082316157967,-3.044522437723423,1.8516009594562668,-1.9459101490553132,1.7320458746024063,1.252762968495368,1.5606443746428669,-5.452468046375294,2.252221496416553,0.916290731874155,2.2185407845540652,-4.935911747900319,0.7865588138744052,0.6209349085982199,18,10,32,0,0,set()
speeches_aggregated,2000-03-21,speech,-0.6931471805599454,5.337007965768778,1.5040773967762742,2.15401495923538,-0.5108256237659906,2.6279000537835238,-1.163150809805681,4.402900960636789,-9.523690191176541,5.67172057405511,-1.6582280766035327,2.517645431740374,-6.658813034846287,0.6553114665221523,0.4918510920484693,24,9,25,0,0,set()
statement_20000321.txt,2000-03-21,statement,1.3862943611198906,0.0,1.0986122886681098,0.0,0.0,0.0,0.6931471805599453,0.0,0.0,0.0,0.0,0.0,1.791759469228055,0.408248290463863,0.16666666666666669,0,2,0,0,0,set()
speeches_aggregated,2000-05-16,speech,-2.890371757896165,7.3810718901257495,-4.1588830833596715,10.437349501979108,-0.036367644170874236,10.217800657636316,23.295702479219774,9.958230336287189,-7.89655270164304,9.503469092535155,9.21830854162536,7.742219010182316,10.122353547082577,0.8074590199630045,0.6584727004236536,28,19,49,1,0,set()
statement_20000516.txt,2000-05-16,statement,1.3862943611198906,0.0,1.3862943611198906,0.0,0.0,0.0,0.6931471805599453,0.0,0.0,0.0,0.0,0.0,1.9459101490553132,0.0,0.0,0,2,0,0,0,set()
statement_20000628.txt,2000-06-28,statement,0.0,0.0,0.6931471805599453,0.7071067811865476,0.6931471805599453,0.0,0.0,1.4142135623730951,0.0,0.0,0.0,0.0,0.0,0.816496580927726,0.6666666666666666,0,1,0,0,0,set()
speeches_aggregated,2000-06-28,speech,-1.3862943611198908,4.144307480065706,-2.0794415416798357,1.4473201306737433,3.1780538303479458,1.5299906313420326,3.768922161787473,1.5541433460615814,-6.674561391814426,5.743240296558962,3.960813169597578,1.6218824528935685,-0.8484133094710699,0.710530078903787,0.5193086114101397,14,9,35,2,0,set()
statement_20000822.txt,2000-08-22,statement,0.0,0.0,0.0,1.4142135623730951,-0.6931471805599453,0.0,-1.0986122886681098,0.0,0.0,0.0,0.0,0.0,-1.0986122886681098,0.8944271909999159,0.7999999999999999,0,1,1,0,0,set()
speeches_aggregated,2000-08-22,speech,0.0,1.1547005383792515,0.0,0.0,-1.3862943611198906,0.9749612559222293,0.980829253011726,0.6504436355879909,-3.6375861597263857,1.9070553322425305,0.0,1.4831632475943928,-1.299282984130261,0.8074872221117899,0.6541046319272126,4,0,4,0,0,set()
statement_20001003.txt,2000-10-03,statement,0.0,0.0,0.0,1.1547005383792515,0.6931471805599453,0.0,-0.6931471805599453,0.0,0.0,0.0,0.0,0.0,0.0,1.0,1.0,0,2,0,0,0,set()
speeches_aggregated,2000-10-03,speech,-0.6931471805599453,2.121320343559643,0.0,0.0,1.791759469228055,1.0,-0.4054651081081645,0.8864052604279183,-2.5902671654458262,1.6498834394323993,0.0,0.7669649888473704,-2.772588722239781,0.7565206643251695,0.5783632658632659,5,0,5,0,0,set()
speeches_aggregated,2000-11-15,speech,-1.3862943611198906,2.4069300381276335,-0.8266785731844679,1.9384643511989774,1.09861228866811,0.5773502691896258,0.0,3.3029312676801195,-8.594154232552366,3.437651798924273,0.6931471805599453,1.1547005383792517,-7.3395376954076745,0.6985308362455847,0.4925287525432717,8,1,24,0,0,set()
statement_20001115.txt,2000-11-15,statement,0.6931471805599453,0.7071067811865476,1.3862943611198906,0.0,0.6931471805599453,0.0,-0.6931471805599453,0.0,0.0,0.0,0.0,0.0,1.0986122886681098,0.8944271909999159,0.7999999999999999,0,3,1,0,0,set()
statement_20001219.txt,2000-12-19,statement,0.0,0.0,-0.6931471805599453,0.0,0.0,0.0,-0.6931471805599453,0.0,-0.6931471805599453,0.0,-0.6931471805599453,0.0,-1.3862943611198906,0.5,0.25,0,0,3,0,0,set()
speeches_aggregated,2000-12-19,speech,0.6931471805599453,0.5175491695067657,-0.5108256237659905,1.8783723817250992,0.916290731874155,1.5161466161424382,1.0986122886681098,1.764094822558228,-4.071871706370042,1.9106435823320078,0.4054651081081645,1.1118727530144747,0.34484048629172936,0.6972580318546834,0.5246322335495318,10,4,25,0,0,set()
statement_20010103.txt,2001-01-03,statement,-1.0986122886681098,1.0,-1.0986122886681098,0.0,0.0,0.0,0.0,1.4142135623730951,-0.6931471805599453,0.0,-0.6931471805599453,0.0,-1.3862943611198906,0.9759000729485332,0.9523809523809524,0,0,1,0,0,set()
statement_20010131.txt,2001-01-31,statement,0.0,1.1547005383792515,0.6931471805599453,0.0,0.0,0.0,0.0,1.1547005383792515,0.0,0.0,-0.6931471805599453,0.0,-1.0986122886681098,1.0350983390135313,1.0714285714285714,0,0,2,0,0,set()
speeches_aggregated,2001-01-31,speech,1.0986122886681098,1.6629935441317958,0.6931471805599453,0.9944289260117534,1.6094379124341003,0.8432740427115678,1.6094379124341003,0.8348141712647579,-2.0794415416798357,1.3007236208912114,1.3862943611198906,0.5175491695067657,0.47000362924573547,0.7368826481739144,0.5446795205836374,5,3,9,0,0,set()
speeches_aggregated,2001-03-20,speech,-2.4849066497880004,2.7287641287186313,-2.995732273553991,2.747610536927648,1.3862943611198906,0.6992932067530679,0.5108256237659904,3.1685359582169594,-11.774674155395505,4.843662081899719,-0.6931471805599453,0.7050361858740393,-11.857365871240619,0.6987106191002769,0.5001374057121274,14,6,42,0,0,set()
statement_20010320.txt,2001-03-20,statement,0.0,0.0,0.0,0.0,0.0,0.0,-1.0986122886681098,0.0,0.0,0.0,-0.6931471805599453,0.0,-1.3862943611198906,0.5,0.25,0,0,2,0,0,set()
statement_20010418.txt,2001-04-18,statement,1.0986122886681098,0.0,0.0,0.0,0.0,0.0,-1.0986122886681098,0.0,0.0,0.0,-0.6931471805599453,0.0,-0.6931471805599453,1.0954451150103324,1.2000000000000002,1,0,3,0,0,set()
statement_20010515.txt,2001-05-15,statement,0.6931471805599453,0.0,-0.6931471805599453,0.0,0.0,0.0,0.0,1.4142135623730951,0.0,0.0,-1.0986122886681098,0.0,-1.0986122886681098,1.0327955589886446,1.0666666666666669,1,0,3,0,0,set()
speeches_aggregated,2001-05-15,speech,-12.123842547261201,3.6368627294924014,-4.276666119016055,1.3408732336448212,-2.1972245773362196,2.0,-2.70805020110221,3.405917044008147,-12.553113833500621,5.276178815704679,-3.2188758248682006,1.7307414191446342,-18.19340225555664,0.7135844560407871,0.521459921851267,37,3,62,1,0,set()
statement_20010627.txt,2001-06-27,statement,-1.0986122886681098,1.0,-0.6931471805599453,0.0,-0.6931471805599453,0.0,-0.6931471805599453,0.0,0.0,0.0,-0.6931471805599453,0.0,-1.791759469228055,0.7559289460184545,0.5714285714285715,0,0,1,0,0,set()
speeches_aggregated,2001-06-27,speech,-6.056003068245553,4.645694211512778,0.6931471805599453,3.471648155070477,-1.2809338454620645,3.0204449781216534,-1.80049314919681,4.764327968572934,-10.000251220968437,6.254125954787592,-2.367123614131617,2.3929808327738917,-10.069282671958103,0.7488599348937025,0.5731481189421299,22,14,54,0,0,set()
speeches_aggregated,2001-08-21,speech,0.0,0.0,-2.1972245773362196,0.8638800836460913,0.0,0.0,-1.791759469228055,0.7666169923131275,-0.6931471805599453,0.8345229603962802,-0.6931471805599453,0.5393598899705937,-2.772588722239781,0.39126702856291057,0.30617977528089896,7,3,6,0,0,set()
statement_20010821.txt,2001-08-21,statement,-1.0986122886681098,1.0,-0.6931471805599453,0.0,-0.6931471805599453,0.0,-0.6931471805599453,0.0,0.0,0.0,-0.6931471805599453,0.0,-1.791759469228055,0.7559289460184545,0.5714285714285715,0,0,2,0,0,set()
statement_20010917.txt,2001-09-17,statement,-1.3862943611198906,0.894427190999916,0.0,0.0,-0.6931471805599453,0.0,-0.6931471805599453,0.0,-0.6931471805599453,0.0,0.0,1.4142135623730951,-1.6094379124341003,0.9258200997725514,0.8571428571428571,0,0,2,1,0,set()
speeches_aggregated,2001-10-02,speech,0.0,0.0,0.0,0.0,0.0,0.0,0.6931471805599453,0.0,-1.3862943611198906,1.1057713807902418,0.6931471805599453,0.0,0.0,0.5617602738103737,0.33914053426248547,0,0,3,0,0,set()
statement_20011002.txt,2001-10-02,statement,-1.0986122886681098,0.5773502691896258,0.0,0.0,0.0,0.0,-0.6931471805599453,0.0,0.0,0.0,-0.6931471805599453,1.1547005383792517,-1.6094379124341003,0.7867957924694431,0.619047619047619,1,0,1,0,0,set()
statement_20011106.txt,2001-11-06,statement,-1.0986122886681098,0.5773502691896258,0.0,0.0,0.0,0.0,0.0,1.4142135623730951,0.0,0.0,-0.6931471805599453,0.0,-1.3862943611198906,0.8366600265340756,0.7,1,0,2,0,0,set()
speeches_aggregated,2001-11-06,speech,1.203972804325936,1.3863901041455162,0.0,0.6324555320336759,0.0,0.0,1.0986122886681098,1.4142135623730951,-4.382026634673881,3.5720626477824267,0.6931471805599453,0.7071067811865476,-3.044522437723423,0.6891827826877206,0.4918706282317773,17,1,13,0,0,set()
speeches_aggregated,2001-12-11,speech,-2.9957322735539913,0.5191929164449932,-3.401197381662155,1.4837092205186546,-0.6931471805599453,0.0,-0.9808292530117261,2.4752957074581197,-5.438079308923196,1.9316347655100574,-1.791759469228055,1.330122921898707,-8.026170194946427,0.7440184510464608,0.5635941941568946,3,2,17,0,0,set()
statement_20011211.txt,2001-12-11,statement,-0.6931471805599453,1.1547005383792517,-0.6931471805599453,0.0,0.0,0.0,0.0,1.0,0.0,0.0,-0.6931471805599453,0.0,-1.0986122886681098,0.9511897312113418,0.9047619047619047,1,0,1,0,0,set()
speeches_aggregated,2002-01-30,speech,0.5108256237659905,1.851251418709457,-2.995732273553991,1.8590509453261015,-1.0986122886681096,0.7071067811865476,-5.123963979403259,1.4455239212869917,-0.8472978603872034,2.422595612685121,1.7917594692280552,0.6030226891555273,-3.21442147451882,0.5503248839714255,0.3844163302327603,11,2,9,0,0,set()
statement_20020130.txt,2002-01-30,statement,0.0,0.0,0.0,0.0,0.0,0.0,0.0,0.0,0.0,0.0,0.0,1.4142135623730951,0.0,1.0,1.0,1,0,1,0,0,set()
statement_20020319.txt,2002-03-19,statement,0.0,0.0,0.0,0.0,0.0,0.0,0.6931471805599453,0.7071067811865476,0.0,0.0,0.0,0.0,0.6931471805599453,0.5773502691896258,0.33333333333333337,1,0,0,0,0,set()
speeches_aggregated,2002-03-19,speech,-7.937374696163295,3.2742922162991044,-1.0986122886681098,1.4142135623730951,-0.6931471805599453,1.957427107756338,-6.104793232414985,3.1160645201703945,-12.35470814466932,6.001183547819341,-0.5108256237659904,3.0545906199759534,-20.284546823945828,0.7445364087113975,0.5630078340786819,12,5,32,0,0,set()
speeches_aggregated,2002-05-07,speech,1.3862943611198906,1.8618073195657994,0.0,0.0,0.0,0.0,1.0986122886681098,1.195056817660814,-0.9808292530117261,4.047755134454923,-0.6931471805599453,0.8997354108424372,-0.13353139262452263,0.7843830823719259,0.6195722849443357,3,1,17,0,0,set()
statement_20020507.txt,2002-05-07,statement,0.0,0.0,0.0,0.0,0.0,0.0,0.6931471805599453,0.7071067811865476,0.0,0.0,0.0,0.0,0.6931471805599453,0.5773502691896258,0.33333333333333337,1,0,0,0,0,set()
speeches_aggregated,2002-06-26,speech,-2.4849066497880004,1.654482016942198,0.0,0.0,-1.3862943611198906,0.8660254037844386,1.3862943611198906,1.4142135623730951,-5.644941974633268,4.501922138016031,0.6931471805599453,0.0,-6.610503755514205,0.7286380087259519,0.5783279656468062,4,0,8,1,0,set()
statement_20020626.txt,2002-06-26,statement,0.0,0.0,0.0,0.0,0.0,0.0,0.6931471805599453,0.5773502691896258,0.0,0.0,0.0,0.0,0.6931471805599453,0.5,0.25,1,0,0,0,0,set()
speeches_aggregated,2002-08-13,speech,-1.3862943611198906,1.1543203766865056,-0.6931471805599453,0.0,0.6931471805599453,0.7378647873726218,1.791759469228055,0.812510406193767,-1.791759469228055,1.2844570503761732,0.6931471805599453,0.5,-0.2876820724517808,0.6336165926432717,0.41811069442648385,4,0,1,0,0,set()
statement_20020813.txt,2002-08-13,statement,-0.6931471805599453,0.7071067811865476,0.0,0.0,0.0,0.0,-1.0986122886681098,0.0,-0.6931471805599453,0.0,-0.6931471805599453,0.0,-1.3862943611198906,0.5,0.25,1,0,1,0,0,set()
statement_20020924.txt,2002-09-24,statement,-1.0986122886681098,0.5773502691896258,0.0,0.0,0.0,0.0,-0.6931471805599453,0.7071067811865476,0.0,0.0,-0.6931471805599453,0.0,-1.3862943611198906,0.5477225575051662,0.30000000000000004,1,0,1,0,0,set()
speeches_aggregated,2002-11-06,speech,-6.536691597591306,1.9601772339806691,-0.2876820724517808,1.770022226770829,-3.1780538303479458,1.1547005383792517,-1.0090001299784228,5.14027311898707,-13.584133201722961,6.03542558041322,-1.791759469228055,2.914886119946937,-12.296936591835294,0.7315413163749925,0.5553141456517638,20,5,52,0,0,set()
statement_20021106.txt,2002-11-06,statement,-1.3862943611198906,0.894427190999916,-0.6931471805599453,0.0,-0.6931471805599453,0.0,-1.3862943611198906,0.0,0.0,0.0,0.0,0.0,-1.6094379124341003,0.816496580927726,0.6666666666666666,1,0,1,0,0,set()
speeches_aggregated,2002-12-10,speech,-6.674561391814426,2.759821011502545,-3.6375861597263857,1.7512292343397378,0.0,1.8618073195657994,-1.6582280766035322,2.346405742489098,-11.533316154617962,4.204956009712849,-1.0986122886681098,2.870717765631173,-14.296335425841594,0.681069985042905,0.4834114435403109,7,1,36,0,0,set()
statement_20021210.txt,2002-12-10,statement,-0.6931471805599453,0.7071067811865476,0.0,0.0,0.0,0.0,-0.6931471805599453,0.0,0.0,0.0,0.0,0.0,-0.6931471805599453,0.5773502691896258,0.33333333333333337,0,0,0,0,0,set()
statement_20030129.txt,2003-01-29,statement,0.0,0.0,0.0,0.0,0.0,0.0,-0.6931471805599453,0.0,0.0,0.0,0.0,0.0,-0.6931471805599453,0.5773502691896258,0.33333333333333337,0,0,1,0,0,set()
speeches_aggregated,2003-01-29,speech,-0.9808292530117262,1.0367482592045092,-1.3862943611198904,1.5510924434397249,-0.6931471805599453,1.7677669529663689,2.0149030205422647,1.5057385295121923,-4.564348191467836,2.3172417612577734,-0.6931471805599453,2.314550199751615,-3.8712010109078907,0.7288802951742294,0.5475040206962238,9,1,16,0,0,set()
speeches_aggregated,2003-03-18,speech,-12.850617644250901,3.5363124179931344,-2.014903020542265,2.515345840369475,-5.442417710521793,4.018337315319832,-6.620073206530357,3.8754845074332045,-16.933912370286418,8.442157975512377,-2.4849066497880004,2.279532308132728,-21.282919658444264,0.7749402184628331,0.6084667521950075,22,3,57,0,0,set()
statement_20030318.txt,2003-03-18,statement,-0.6931471805599453,0.5773502691896258,0.0,0.0,-0.6931471805599453,0.0,-1.0986122886681098,0.0,0.0,0.0,0.0,0.0,-1.3862943611198906,0.5477225575051661,0.3,3,0,0,0,0,set()
speeches_aggregated,2003-05-06,speech,-2.302585092994046,3.915737217659218,0.0,3.7861940963122906,-2.890371757896165,1.243878982492721,-5.662960480135945,3.5759998874601173,-8.881836305004146,3.7667291125140956,-1.791759469228055,4.22472580045315,-13.96530892305267,0.7347722004005316,0.5577231217800702,13,5,34,0,0,set()
statement_20030506.txt,2003-05-06,statement,0.0,0.0,-0.6931471805599453,0.0,0.0,0.0,0.0,0.0,0.0,0.0,0.0,1.4142135623730951,-0.6931471805599453,0.9574271077563381,0.9166666666666666,1,0,2,0,0,set()
statement_20030625.txt,2003-06-25,statement,-1.3862943611198906,0.9759000729485332,-0.6931471805599453,1.1547005383792517,0.6931471805599453,0.0,-0.6931471805599453,0.9574271077563381,0.6931471805599453,0.0,0.0,0.0,-1.6094379124341003,0.9244162777371755,0.8545454545454547,0,0,1,0,0,set()
speeches_aggregated,2003-06-25,speech,-4.6443908991413725,1.8176820338109505,-0.6931471805599453,1.0690449676496976,0.4054651081081645,0.5773502691896257,1.5040773967762744,3.2468976332704793,-9.660141293904399,3.3870597236299185,-2.3025850929940455,0.8432740427115678,-8.496990484098717,0.586158177365503,0.4086763255905357,2,1,23,0,0,set()
statement_20030812.txt,2003-08-12,statement,-1.0986122886681098,0.5773502691896258,-1.3862943611198906,0.0,0.0,0.0,-0.6931471805599453,0.5773502691896258,0.0,0.0,0.0,0.0,-1.6094379124341003,0.5345224838248488,0.2857142857142857,0,0,2,0,0,set()
speeches_aggregated,2003-08-12,speech,-3.8066624897703196,1.2986859769235717,-3.4011973816621555,0.7319602594950816,-1.3862943611198906,0.8320502943378437,-2.302585092994046,1.8255779474818965,-4.2484952420493585,2.9607998419269688,-0.6931471805599453,0.7071067811865476,-9.035986984831405,0.6878554695870043,0.48722059000128676,10,7,32,1,0,set()
statement_20030916.txt,2003-09-16,statement,-1.0986122886681098,0.5773502691896258,-1.3862943611198906,0.0,0.0,0.0,-0.6931471805599453,0.5773502691896258,0.0,0.0,0.0,0.0,-1.6094379124341003,0.5345224838248488,0.2857142857142857,0,0,2,0,0,set()
speeches_aggregated,2003-09-16,speech,-3.401197381662155,1.3963196155516986,-2.8903717578961645,1.9319009012461277,-2.0794415416798357,0.7608859102526822,1.7047480922384253,1.5774585659324298,1.6094379124341003,0.7867957924694431,0.6931471805599453,1.4511305903293925,-2.8903717578961645,0.7423287368974676,0.5648459383753501,10,9,16,0,0,set()
speeches_aggregated,2003-10-28,speech,-9.554780778246572,3.2193127869133473,-7.234177179749849,1.9455608834724296,-4.564348191467836,1.412997944482606,0.9162907318741551,4.2137066407837125,-6.356686197015181,4.057976262333932,-1.791759469228055,1.9511237170428402,-11.216015763416408,0.712461487930013,0.5181960566235562,15,5,38,0,0,set()
statement_20031028.txt,2003-10-28,statement,-1.0986122886681098,0.5773502691896258,-1.3862943611198906,0.0,0.6931471805599453,0.0,0.0,1.0,0.0,0.0,0.0,0.0,-1.3862943611198906,0.7867957924694431,0.619047619047619,0,0,2,0,0,set()
speeches_aggregated,2003-12-09,speech,-0.8109302162163288,1.5051496652615044,-2.4849066497880004,0.8498365855987975,-3.295836866004329,0.7790000297032511,-2.4849066497880004,2.9155277082750617,-7.16703787691222,2.8457715253095217,-2.4849066497880004,1.0075605122043734,-11.99089726386514,0.6951214622786631,0.48720606091589014,14,1,30,0,0,set()
statement_20031209.txt,2003-12-09,statement,-1.0986122886681098,0.5773502691896258,-1.0986122886681098,0.0,0.0,1.4142135623730951,0.0,1.0,0.0,0.0,0.0,0.0,-1.0986122886681098,0.816496580927726,0.6666666666666667,0,0,0,0,0,set()
minutes_20040128.html,2004-01-28,minutes,-2.302585092994046,0.6377042156569663,-2.5649493574615367,0.7799835794659097,-1.9459101490553132,0.8725195256156996,3.6888794541139363,0.6525574319904996,-1.6094379124341003,0.9473309334313417,0.0,1.1547005383792515,2.5649493574615367,0.8590841098484177,0.7380255077940481,3,4,7,0,0,set()
statement_20040128.txt,2004-01-28,statement,-1.0986122886681098,0.5773502691896258,-1.0986122886681098,0.5773502691896258,-0.6931471805599453,0.7071067811865476,0.0,1.0,0.0,0.0,0.0,0.0,-1.0986122886681098,0.7071067811865476,0.5,0,0,0,0,0,set()
speeches_aggregated,2004-01-28,speech,-6.040254711277414,1.9759411593760587,-4.564348191467836,1.286795792469443,-1.6739764335716716,2.1935847150402816,1.2119409739751128,2.48624825756266,-2.6548056865833978,2.062832082163914,-3.58351893845611,2.409724383841664,-4.14621639292894,0.7304301954009323,0.5468235595285508,12,1,20,0,0,set()
speeches_aggregated,2004-03-16,speech,-2.4277482359480516,1.523946355862201,-3.9889840465642745,1.6283355297603204,-5.393627546352362,1.393910006229294,-1.9459101490553132,2.912283183290969,-11.764175891203047,6.088021186063402,-2.7568403652716422,2.330405237317671,-15.427185965338566,0.7871117150060674,0.6269221745350351,11,1,35,0,0,set()
statement_20040316.txt,2004-03-16,statement,-1.0986122886681098,0.5773502691896258,-1.0986122886681098,0.5773502691896258,-1.0986122886681098,0.0,0.0,1.0,0.0,0.0,0.0,0.0,-1.3862943611198906,0.7440238091428449,0.5535714285714286,0,0,0,0,0,set()
minutes_20040316.html,2004-03-16,minutes,-2.0794415416798357,0.7274384280931732,-2.1972245773362196,0.8544932592822077,-2.70805020110221,0.642732769590452,2.3978952727983707,0.8492434074221487,-0.6931471805599453,0.9003366373785199,-0.6931471805599453,0.8366600265340756,-1.791759469228055,0.8455752712621619,0.7149975393700787,4,3,9,1,0,set()
speeches_aggregated,2004-05-04,speech,-3.1090609588609937,4.332017572754638,-3.198673117550681,3.833690573901462,-9.96716632919931,3.2555155796970547,8.451053388911692,3.4911162135608627,-6.62155359170079,5.740283706270086,3.9889840465642745,2.173776335240625,-9.421411342056123,0.5956703014831498,0.4440570200314204,42,22,70,0,0,set()
statement_20040504.txt,2004-05-04,statement,0.0,1.0,0.6931471805599453,0.7071067811865476,1.0986122886681098,0.0,0.0,1.0,0.0,0.0,0.0,0.0,0.6931471805599453,0.752772652709081,0.5666666666666667,0,0,0,0,0,set()
minutes_20040504.html,2004-05-04,minutes,0.0,0.8401680504168059,-1.0986122886681098,0.8143105085150717,1.9459101490553132,0.8469895538599198,3.4339872044851463,0.7749311753605761,-2.0794415416798357,0.6602252917735247,-1.6094379124341003,0.7264831572567789,3.367295829986474,0.8358575485780962,0.6986578415149844,3,1,5,1,0,set()
minutes_20040630.html,2004-06-30,minutes,1.9459101490553132,0.6887004431501818,2.3978952727983707,0.7699370300894939,2.302585092994046,0.8411910241920599,3.258096538021482,0.7521942641083493,0.0,0.8528028654224418,-1.0986122886681098,0.8338093878327919,3.6375861597263857,0.8037544908225799,0.6460212815174646,3,3,7,1,0,set()
statement_20040630.txt,2004-06-30,statement,0.6931471805599453,0.8366600265340756,0.0,0.0,0.6931471805599453,0.0,0.0,1.0,0.0,0.0,0.0,0.0,1.0986122886681098,0.7559289460184544,0.5714285714285714,0,0,0,0,0,set()
speeches_aggregated,2004-06-30,speech,5.662960480135946,3.0965782103180843,-3.1780538303479453,2.2069467177318423,-2.1972245773362196,2.478475482715872,2.1972245773362196,3.5827107399763225,-10.718262221217772,9.456543424796902,-3.58351893845611,3.292681823067684,-14.205200331668102,0.8137544482173796,0.7017377760421578,11,7,34,0,0,set()
statement_20040810.txt,2004-08-10,statement,0.6931471805599453,0.8366600265340756,0.0,1.0,0.0,0.0,0.0,0.816496580927726,0.0,0.0,0.0,0.0,1.0986122886681098,0.8333333333333335,0.6944444444444446,0,0,0,0,0,set()
minutes_20040810.html,2004-08-10,minutes,1.9459101490553132,0.7367883976130073,-2.302585092994046,0.8458041235325207,-1.0986122886681098,0.936585811581694,-1.0986122886681098,0.8553431437637905,0.0,1.0,1.0986122886681098,0.816496580927726,-2.1972245773362196,0.8767140075192094,0.7686274509803922,4,1,4,1,0,set()
speeches_aggregated,2004-08-10,speech,-0.4054651081081645,1.5163977794943224,-1.0986122886681098,2.7152428878190524,0.4700036292457356,2.2781949846880836,1.791759469228055,2.244261222673922,0.9903987040278768,3.8131693963442133,-3.9889840465642745,1.2276603919762925,-1.814748987452754,0.7272052708938734,0.535982221088604,10,1,27,0,0,set()
minutes_20040921.html,2004-09-21,minutes,1.791759469228055,0.8264420947336313,-2.833213344056216,0.7,0.0,0.8528028654224418,2.1972245773362196,0.802661568509025,1.0986122886681098,0.8333333333333334,0.6931471805599453,0.7817359599705717,-1.3862943611198906,0.8461570724981164,0.7159817913385826,2,0,11,1,0,set()
statement_20040921.txt,2004-09-21,statement,0.6931471805599453,0.8366600265340756,-0.6931471805599453,0.7071067811865476,0.6931471805599453,0.0,0.0,1.0,0.0,0.0,0.0,0.0,0.6931471805599453,0.8997354108424372,0.8095238095238094,0,0,0,0,0,set()
speeches_aggregated,2004-09-21,speech,-1.6094379124341003,1.7165817622725863,-0.6931471805599453,0.9418819117146114,-2.302585092994046,2.047537256149746,-3.58351893845611,1.3954308044495654,-4.189654742026426,1.7294878274681105,-0.6931471805599453,0.6685579234215214,-7.843848638152473,0.8047706345467271,0.6496936952267506,3,11,26,0,0,set()
statement_20041110.txt,2004-11-10,statement,0.6931471805599453,0.8366600265340756,-0.6931471805599453,0.7071067811865476,0.6931471805599453,0.0,0.0,1.0,0.0,0.0,0.0,0.0,0.6931471805599453,0.8997354108424372,0.8095238095238094,0,0,0,0,0,set()
speeches_aggregated,2004-11-10,speech,-4.477336814478206,6.388197299298863,-3.465735902799727,6.714935643886449,-0.9808292530117261,4.230710143300821,-4.68213122712422,7.026182892240711,-1.6993733836556435,8.667806506858867,-0.04879016416943216,2.264082170926242,-6.380648769612009,0.7304777889448875,0.5482816987753801,42,11,46,0,0,set()
minutes_20041110.html,2004-11-10,minutes,1.6094379124341003,0.6306035352846115,-2.0794415416798357,0.7952062255644572,1.0986122886681098,0.8522416262267904,1.6094379124341003,0.7974452569334963,-1.6094379124341003,0.7264831572567789,0.0,0.6666666666666666,-1.3862943611198906,0.802546569916497,0.6440809968847349,5,1,9,1,0,set()
statement_20041214.txt,2004-12-14,statement,0.6931471805599453,0.8366600265340756,-0.6931471805599453,0.7071067811865476,0.0,0.0,-0.6931471805599453,0.5773502691896258,0.0,0.0,0.0,0.0,0.0,0.816496580927726,0.6666666666666666,0,0,0,0,0,set()
speeches_aggregated,2004-12-14,speech,-1.0986122886681098,2.177847960767957,0.6931471805599453,1.5993547182007484,1.9459101490553135,1.463035727205002,2.8903717578961645,2.2194827122732996,-6.20010341221931,2.7433440879464253,-0.5108256237659905,1.4535186381983323,-5.514161615380634,0.6287267555359329,0.4126976111072178,17,3,22,0,0,set()
minutes_20041214.html,2004-12-14,minutes,1.9459101490553132,0.646206172658864,-1.6094379124341003,0.8482786803738024,1.6094379124341003,0.7132825035177587,2.995732273553991,0.6611381051492481,-1.0986122886681098,0.9870962335856491,0.0,0.8660254037844386,2.70805020110221,0.8211936278119639,0.6743589743589744,4,6,5,1,0,set()
speeches_aggregated,2005-02-02,speech,-6.915723448631314,4.5828172962502425,-2.4849066497880004,5.068471939011431,-6.016157159698354,2.1807171365148044,-7.822444729489318,4.946435673231141,-5.777652323222656,2.812052496840246,-1.3862943611198908,1.2548293386917138,-14.635519438113807,0.7000860700232359,0.505493068713155,27,5,37,0,0,set()
minutes_20050202.html,2005-02-02,minutes,1.6094379124341003,0.6370220572706061,0.0,0.7637626158259734,1.9459101490553132,0.7859052479933757,3.091042453358316,0.6686245759238975,1.6094379124341003,0.7037315505489969,0.6931471805599453,0.6009252125773316,3.258096538021482,0.7192315898193571,0.5172940797940799,5,2,1,1,0,set()
statement_20050202.txt,2005-02-02,statement,0.6931471805599453,0.8366600265340756,-0.6931471805599453,0.7071067811865476,0.0,0.0,-0.6931471805599453,0.5773502691896258,0.0,0.0,0.0,0.0,0.0,0.816496580927726,0.6666666666666666,0,0,0,0,0,set()
statement_20050322.txt,2005-03-22,statement,0.6931471805599453,0.8366600265340756,0.0,1.0,0.6931471805599453,0.0,0.0,1.0,0.0,0.0,0.0,0.0,1.0986122886681098,0.8864052604279183,0.7857142857142857,0,0,0,0,0,set()
minutes_20050322.html,2005-03-22,minutes,2.0794415416798357,0.6349504353380415,1.6094379124341003,0.8207528908152864,1.9459101490553132,0.7492686492653552,3.332204510175204,0.751816583086044,0.0,0.816496580927726,1.0986122886681098,0.48795003647426666,3.871201010907891,0.7578344218447254,0.5743130109327292,4,4,5,1,0,set()
speeches_aggregated,2005-03-22,speech,-3.6888794541139363,3.242476252536601,-7.249925536717988,3.2191347357922124,-2.772588722239781,1.6645338889428856,-3.109060958860994,5.278274029528069,-8.476371196895983,6.719561340881773,-7.773173680482536,3.4013787426211963,-18.303187726236715,0.7110590681388295,0.5150855061379267,49,12,54,0,0,set()
statement_20050503.txt,2005-05-03,statement,0.6931471805599453,0.8366600265340756,0.0,1.0,0.6931471805599453,0.0,-1.0986122886681098,0.5773502691896258,0.0,0.0,0.0,0.0,0.6931471805599453,0.927960727138337,0.8611111111111112,0,0,0,0,0,set()
speeches_aggregated,2005-05-03,speech,-1.4271163556401456,4.6232937171193145,4.0943445622221,4.502062225264168,-1.3862943611198906,2.3915247913633086,-6.9957661563048505,3.3265097922806937,-7.619023000655278,5.19843952561169,-7.994463663147423,2.2115334222602208,-15.646840679109898,0.6804224381472693,0.4919160652171262,9,7,41,0,0,set()
minutes_20050503.html,2005-05-03,minutes,1.6094379124341003,0.749603069567329,1.6094379124341003,0.8667528507029444,0.0,0.7844645405527362,-2.5649493574615367,0.7826796359861502,-1.791759469228055,0.8201995322647243,-1.0986122886681098,0.5477225575051662,-2.833213344056216,0.8228196996089219,0.6770322580645165,9,5,10,1,0,set()
speeches_aggregated,2005-06-30,speech,-3.8712010109078907,7.453576719502525,-6.3561076606958915,3.9498679924262996,-3.8066624897703196,3.141014187951804,-1.8971199848858813,2.986281377743154,-25.250061682761615,9.464182570006828,-5.480638923341991,3.742069593693245,-31.42945294656234,0.7191003119258965,0.5266739223687804,53,10,71,0,0,set()
minutes_20050630.html,2005-06-30,minutes,1.6094379124341003,0.6467616667635546,-1.3862943611198906,0.8868791472623198,1.9459101490553132,0.7859052479933758,2.833213344056216,0.7060812450686403,0.6931471805599453,0.8406346808612327,-1.0986122886681098,0.8944271909999157,3.091042453358316,0.8099854396285421,0.6560764124102426,7,6,4,1,0,set()
statement_20050630.txt,2005-06-30,statement,0.6931471805599453,0.8366600265340756,0.0,0.0,0.0,0.0,-0.6931471805599453,0.5773502691896258,0.0,0.0,0.0,0.0,0.6931471805599453,0.6900655593423541,0.4761904761904761,0,0,0,0,0,set()
speeches_aggregated,2005-08-09,speech,-0.6931471805599453,0.5676462121975466,0.0,0.816496580927726,0.0,0.0,0.0,1.0,-1.3862943611198906,0.7121306936069975,0.0,0.0,-1.0986122886681098,0.6967653820886336,0.4854819976771195,4,1,7,0,0,set()
statement_20050809.txt,2005-08-09,statement,0.6931471805599453,0.8366600265340756,-0.6931471805599453,0.7071067811865476,0.6931471805599453,0.0,0.0,1.0,0.0,0.0,0.0,0.0,0.6931471805599453,0.8997354108424372,0.8095238095238094,0,0,0,0,0,set()
minutes_20050809.html,2005-08-09,minutes,1.6094379124341003,0.6642111641550714,1.0986122886681098,0.7593857166596345,1.9459101490553132,0.5163977794943222,2.6390573296152584,0.7774894185250159,-1.0986122886681098,0.8338093878327919,-1.3862943611198906,0.5,2.772588722239781,0.7922895760245919,0.6277227722772277,2,2,5,1,0,set()
speeches_aggregated,2005-09-20,speech,-2.0794415416798357,1.0393048839805814,0.0,1.4760673034625427,-2.0794415416798357,0.0,-0.4054651081081645,3.0805206381518033,-0.13353139262452274,2.2315601145691484,-0.6931471805599453,0.6666666666666666,-1.0986122886681098,0.7459998674257822,0.5577345886283415,3,3,11,0,0,set()
statement_20050920.txt,2005-09-20,statement,0.0,0.816496580927726,0.0,1.0,0.0,0.0,-0.6931471805599453,0.7071067811865476,0.0,0.0,0.0,0.0,0.0,0.816496580927726,0.6666666666666666,1,1,0,0,0,set()
minutes_20050920.html,2005-09-20,minutes,1.791759469228055,0.7932002689527196,2.5649493574615367,0.7702813338860894,1.6094379124341003,0.7510676161988107,1.0986122886681098,0.8540010842846519,1.6094379124341003,0.6741998624632421,-1.3862943611198906,0.599144689515278,2.9444389791664403,0.8263251344111862,0.6828132277596648,9,9,9,1,0,set()
statement_20051101.txt,2005-11-01,statement,1.3862943611198906,0.5477225575051662,0.0,0.0,-0.6931471805599453,0.0,0.0,1.0,0.0,0.0,0.0,0.0,1.0986122886681098,0.7559289460184544,0.5714285714285714,0,0,0,0,0,set()
speeches_aggregated,2005-11-01,speech,0.5108256237659904,3.571842578035559,-5.717027701406222,3.4840138966327463,0.7827593392496324,2.88451272580724,-2.0949457282158015,4.046757383973824,-5.021106593963551,3.421830718071399,3.378724525810097,3.6712707328520215,-4.4980223597561695,0.7165589011825276,0.5189359279139916,22,10,37,0,0,set()
minutes_20051101.html,2005-11-01,minutes,1.9459101490553132,0.7367883976130073,-0.6931471805599453,0.9056473068115288,-1.791759469228055,0.7929614610987591,1.0986122886681098,0.8360066410173644,-1.6094379124341003,0.8090398349558905,0.0,0.0,-1.791759469228055,0.8345261136506568,0.6964338343648689,1,4,5,0,0,set()
minutes_20051213.html,2005-12-13,minutes,2.302585092994046,0.6183469424008423,-1.3862943611198906,0.9469631093315001,1.0986122886681098,0.9189365834726815,2.995732273553991,0.8862533199992275,0.6931471805599453,0.6685579234215214,1.3862943611198906,0.5477225575051662,3.091042453358316,0.8704552301481725,0.7576923076923079,2,5,2,0,0,set()
statement_20051213.txt,2005-12-13,statement,1.3862943611198906,0.5,0.6931471805599453,1.1547005383792517,0.0,0.0,1.0986122886681098,0.0,0.0,0.0,0.0,0.0,1.6094379124341003,0.7867957924694431,0.619047619047619,0,1,0,0,0,set()
speeches_aggregated,2005-12-13,speech,1.6094379124341005,5.119859658534585,0.4054651081081645,3.2604409775070566,3.8712010109078907,2.732469685515201,-0.4054651081081646,3.511893492054826,-12.946408708892577,4.932930972373955,-1.163150809805681,2.9247274038114117,-7.992099595852542,0.7433339755211437,0.5561032919581778,18,8,39,0,0,set()
speeches_aggregated,2006-01-31,speech,0.0,0.0,0.6931471805599453,0.9540735874430286,1.6094379124341003,0.5163977794943223,2.5649493574615367,0.6868732574462859,0.5108256237659905,0.0,-1.791759469228055,0.5773502691896258,1.3862943611198906,0.3771168279121486,0.2844342037890423,4,3,0,0,0,set()
statement_20060131.txt,2006-01-31,statement,1.3862943611198906,0.5,0.6931471805599453,1.1547005383792517,0.0,0.0,1.0986122886681098,0.0,0.0,0.0,0.0,0.0,1.6094379124341003,0.7867957924694431,0.619047619047619,0,1,0,0,0,set()
minutes_20060328.html,2006-03-28,minutes,2.1972245773362196,0.646206172658864,-1.9459101490553132,0.9310937030562325,2.5649493574615367,0.48507125007266594,2.1972245773362196,0.8323303988044006,-0.6931471805599453,0.7719024117939607,0.6931471805599453,0.6408699444616557,2.6390573296152584,0.8484342322137288,0.7198406463920994,3,8,3,1,0,set()
statement_20060328.txt,2006-03-28,statement,1.3862943611198906,0.5,0.6931471805599453,1.1547005383792517,0.0,0.0,1.0986122886681098,0.5773502691896258,0.0,0.0,0.0,0.0,1.6094379124341003,0.7559289460184544,0.5714285714285714,0,1,0,0,0,set()
speeches_aggregated,2006-03-28,speech,-3.58351893845611,2.8027170817182405,-5.7430031878094825,2.6985176081724926,1.252762968495368,0.0,-5.0875963352323845,4.147438564182284,-3.8597723150842684,5.060236746042958,-0.780158557549575,2.616660805658801,-6.674182532177388,0.7294332216426209,0.5372055541015281,34,15,79,0,0,set()
statement_20060510.txt,2006-05-10,statement,1.0986122886681098,0.5773502691896258,0.6931471805599453,0.0,0.0,0.0,0.0,0.0,0.0,0.0,0.6931471805599453,0.7071067811865476,1.0986122886681098,0.5773502691896258,0.33333333333333337,0,1,0,0,0,set()
speeches_aggregated,2006-05-10,speech,-4.394449154672439,2.5572805526481828,-3.58351893845611,2.3099722314302564,1.0986122886681098,2.0,0.35139788683788886,5.088061600738696,-14.290891039331164,6.1043843679477705,2.1972245773362196,3.6783327331493076,-13.957961764786296,0.7434104123030978,0.5693252331108976,11,3,74,0,0,set()
minutes_20060510.html,2006-05-10,minutes,2.4849066497880004,0.6063390625908324,2.8903717578961645,0.8054691103977099,1.6094379124341003,0.7510676161988108,2.1972245773362196,0.8771306505041482,0.0,0.816496580927726,1.6094379124341003,0.8090398349558906,3.4657359027997265,0.8459132065815932,0.7155691530691531,3,8,7,1,0,set()
minutes_20060629.html,2006-06-29,minutes,2.1972245773362196,0.646206172658864,1.9459101490553132,0.8820707344016152,-1.0986122886681098,0.6324555320336759,-2.4849066497880004,0.8245388125453313,-2.0794415416798357,0.6504436355879909,0.6931471805599453,0.5,-2.772588722239781,0.8120985976046289,0.6595041322314049,3,10,5,1,0,set()
speeches_aggregated,2006-06-29,speech,-4.341204640153626,4.31939402978726,-4.2484952420493585,2.8826730328746333,-0.5596157879354227,2.6769335062463453,5.229324495061085,5.28332701158105,-8.411832675758411,7.125770622812968,1.791759469228055,4.133827542422432,-11.703046199287446,0.7278952796613196,0.5445568216354346,19,9,64,0,0,set()
statement_20060629.txt,2006-06-29,statement,1.0986122886681098,0.5773502691896258,0.6931471805599453,0.0,0.0,0.0,0.6931471805599453,0.0,0.0,0.0,0.0,0.0,1.0986122886681098,0.5773502691896258,0.33333333333333337,0,0,0,0,0,set()
speeches_aggregated,2006-08-08,speech,-2.70805020110221,0.5773502691896257,-1.9459101490553132,0.7924373724448588,-1.6094379124341003,0.5163977794943222,0.810930216216329,1.7828066935137303,-2.5649493574615367,2.454800048876903,-4.382026634673881,1.1922713052241316,-4.584967478670571,0.763658761162379,0.5953890577838798,15,7,30,0,0,set()
minutes_20060808.html,2006-08-08,minutes,1.6094379124341003,0.8563488385776752,2.6390573296152584,0.9087061127950059,-1.3862943611198906,0.5345224838248487,-2.995732273553991,0.7974242579122829,0.6931471805599453,0.7929614610987591,1.0986122886681098,0.5773502691896257,-1.3862943611198906,0.8608407703843509,0.7410468319559228,3,9,7,1,0,set()
statement_20060808.txt,2006-08-08,statement,0.6931471805599453,0.0,0.6931471805599453,0.0,0.0,0.0,0.6931471805599453,0.0,0.0,0.0,0.0,0.0,0.6931471805599453,,,0,0,0,0,0,set()
speeches_aggregated,2006-09-20,speech,0.0,0.0,-2.4849066497880004,1.6817468150739816,-0.4054651081081645,0.802365782965103,4.31748811353631,1.143329256721079,1.0986122886681098,1.6118428945046546,-2.995732273553991,0.8677096322754874,1.6094379124341003,0.6071123232983175,0.3709605364633297,9,0,4,0,0,set()
statement_20060920.txt,2006-09-20,statement,0.6931471805599453,0.0,0.6931471805599453,0.0,0.0,0.0,0.6931471805599453,0.0,0.0,0.0,0.0,0.0,0.6931471805599453,,,0,0,0,0,0,set()
minutes_20060920.html,2006-09-20,minutes,1.0986122886681098,0.7559289460184544,1.9459101490553132,0.9504783484693857,1.0986122886681098,0.8574929257125442,-2.302585092994046,0.8324195903684773,1.0986122886681098,0.6887372317211945,0.6931471805599453,0.5773502691896258,-1.0986122886681098,0.8405608101689998,0.7065424755919651,5,11,5,1,0,set()
minutes_20061025.html,2006-10-25,minutes,1.3862943611198906,0.5789342235218394,-1.0986122886681098,0.8988692121757423,1.791759469228055,0.6504436355879909,0.0,0.8827348295047496,-1.3862943611198906,0.7537783614444091,1.0986122886681098,0.5163977794943223,0.6931471805599453,0.8516471488521149,0.7253028661479364,3,9,5,1,0,set()
statement_20061025.txt,2006-10-25,statement,0.6931471805599453,0.0,0.6931471805599453,0.0,0.0,0.0,0.6931471805599453,0.0,0.0,0.0,0.0,0.0,0.6931471805599453,,,0,0,0,0,0,set()
speeches_aggregated,2006-10-25,speech,1.5040773967762742,2.1788842413760894,0.6931471805599452,1.4231137032760148,-2.1972245773362196,1.543950010460013,1.4469189829363256,4.941020798410165,-7.8119734296220225,3.9686674662476453,-0.2876820724517808,1.276657049353648,-5.18338739987406,0.7503704467132447,0.5659176296174884,12,7,26,0,0,set()
statement_20061212.txt,2006-12-12,statement,0.6931471805599453,0.0,0.6931471805599453,0.0,0.0,0.0,0.6931471805599453,0.0,0.0,0.0,0.0,0.0,0.6931471805599453,,,0,0,0,0,0,set()
minutes_20061212.html,2006-12-12,minutes,0.6931471805599453,0.7817359599705717,2.1972245773362196,0.7883771061734742,-1.0986122886681098,0.8338093878327919,-2.5649493574615367,0.8173555991357718,0.0,0.6666666666666666,1.0986122886681098,0.48795003647426666,-1.3862943611198906,0.8014329124517254,0.6422947131608551,2,10,8,1,0,set()
speeches_aggregated,2006-12-12,speech,0.04879016416943205,3.6408398454703574,-2.2335922215070942,3.6997918587360923,0.0,0.4472135954999579,-1.09861228866811,5.356901110978656,-0.5345421503833067,4.2221465828089055,0.810930216216329,3.0121372826325423,-2.533696813957433,0.6331356818872443,0.4150574860784487,36,4,13,1,0,set()
minutes_20070131.html,2007-01-31,minutes,-0.6931471805599453,0.5737304826019501,0.0,0.9211323729436766,2.0794415416798357,0.6504436355879909,2.70805020110221,0.8521317920200325,1.3862943611198906,0.8660254037844386,-0.6931471805599453,0.8366600265340756,2.833213344056216,0.8368994612428047,0.7004007082284968,0,10,3,1,0,set()
speeches_aggregated,2007-01-31,speech,-6.725033642166842,4.156070821349223,-4.430816798843313,3.783205270925216,1.3862943611198904,2.3953811912787644,-1.9095425048844388,2.6927166659683923,-9.764225485202621,4.388545465971593,2.1972245773362196,1.9153830625600439,-11.10537819065774,0.8360219663812878,0.7014842561493939,9,11,33,0,0,set()
statement_20070131.txt,2007-01-31,statement,0.6931471805599453,0.0,0.6931471805599453,0.0,0.0,0.0,0.6931471805599453,0.0,0.0,0.0,0.0,0.0,0.6931471805599453,,,0,0,0,0,0,set()
minutes_20070321.html,2007-03-21,minutes,-0.6931471805599453,0.7817359599705717,1.6094379124341003,0.931517508007696,1.6094379124341003,0.8548504142651104,-1.6094379124341003,0.8642660816956539,-1.9459101490553132,0.8200698871944031,0.0,0.7071067811865476,-1.3862943611198906,0.858797303441825,0.7375328083989502,4,9,13,0,0,set()
statement_20070321.txt,2007-03-21,statement,0.0,0.0,0.0,0.0,0.0,0.0,0.0,0.0,0.0,0.0,0.0,0.0,0.0,,,0,0,0,0,0,set()
speeches_aggregated,2007-03-21,speech,-1.5686159179138457,3.3466381144769697,-5.123963979403259,2.223261647559019,-3.7841896339182615,1.8844836380452885,-0.4054651081081646,2.4711971193069777,-5.135798437050262,4.205858010709624,-0.2876820724517808,1.4211306666284886,-13.127661318497626,0.6510258672543007,0.44114997624537794,24,13,14,0,0,set()
speeches_aggregated,2007-05-09,speech,-3.555348061489414,3.3567887368479172,-6.993015122932961,2.176894076789981,-4.564348191467836,1.8163510639034919,-0.2876820724517808,1.7486055643739458,-4.174387269895637,2.5004374880152387,1.3862943611198906,0.7656068482934607,-9.588886390733084,0.6572562632193842,0.4489134058923085,21,9,19,0,0,set()
minutes_20070509.html,2007-05-09,minutes,-0.6931471805599453,0.6900655593423543,2.0794415416798357,0.8199685877205815,-0.6931471805599453,0.7719024117939607,-2.0794415416798357,0.8644557259994751,0.6931471805599453,0.75955452531275,1.3862943611198906,0.7071067811865476,1.3862943611198906,0.8390666298310089,0.7040328092959673,3,8,12,0,0,set()
statement_20070509.txt,2007-05-09,statement,0.0,0.0,0.0,0.0,0.0,0.0,0.0,0.0,0.0,0.0,0.0,0.0,0.0,,,0,0,0,0,0,set()
statement_20070618.txt,2007-06-18,statement,0.0,0.0,0.0,0.0,0.0,0.0,0.0,0.0,0.0,0.0,0.0,0.0,0.0,,,0,0,0,0,0,set()
speeches_aggregated,2007-06-28,speech,-2.4849066497880004,5.4093260687448685,-2.6855773452501515,1.3844797868795453,-2.70805020110221,0.6399404734221844,-0.6443570163905132,5.016018101738121,-13.233268074592894,5.968935524503037,2.1972245773362196,1.5820575879498553,-11.971879258029379,0.6565773130911083,0.45313158222510114,26,0,33,0,0,set()
minutes_20070628.html,2007-06-28,minutes,1.0986122886681098,0.5477225575051662,1.791759469228055,0.6172133998483676,0.6931471805599453,0.5773502691896258,1.6094379124341003,0.6304251719561151,-0.6931471805599453,0.5,0.0,0.0,1.791759469228055,0.622466374565235,0.3874643874643875,4,5,3,0,0,set()
minutes_20070807.html,2007-08-07,minutes,1.0986122886681098,0.7507571935295483,0.6931471805599453,0.889917986664224,1.0986122886681098,0.9189365834726815,0.6931471805599453,0.8365397735652139,-2.70805020110221,0.8116794499134278,1.3862943611198906,0.894427190999916,-1.6094379124341003,0.8655294693679436,0.749141262344354,3,9,12,1,0,set()
speeches_aggregated,2007-08-07,speech,0.5108256237659905,1.1043965458843557,-2.4849066497880004,0.6162438387501855,1.0986122886681098,0.7071067811865476,0.6931471805599453,0.5773502691896258,-3.401197381662155,1.7383305059663186,0.0,0.0,-6.040254711277414,0.769481809293412,0.6094360562653246,7,3,7,0,0,set()
statement_20070807.txt,2007-08-07,statement,0.0,0.0,0.0,0.0,0.0,0.0,0.0,0.0,0.0,0.0,0.0,0.0,0.0,,,0,0,0,0,0,set()
statement_20070810.txt,2007-08-10,statement,-1.0986122886681098,0.0,0.0,0.0,0.0,0.0,0.0,0.0,-1.0986122886681098,0.0,0.0,0.0,-1.3862943611198906,0.0,0.0,0,0,1,1,0,set()
statement_20070918.txt,2007-09-18,statement,-0.6931471805599453,0.0,0.6931471805599453,0.0,0.0,0.0,0.0,0.0,0.0,0.0,0.0,0.0,0.0,1.0,1.0,1,1,0,0,0,set()
minutes_20070918.html,2007-09-18,minutes,-2.6390573296152584,0.5897678246195884,-2.1972245773362196,0.8234456132997965,-2.1972245773362196,0.7559289460184544,-3.367295829986474,0.8180588281034745,-3.4965075614664802,0.7626944360291792,-1.0986122886681098,0.8333333333333335,-4.174387269895637,0.8023862610863527,0.6438237119801365,6,6,31,1,0,set()
speeches_aggregated,2007-09-18,speech,-2.3978952727983707,2.456541388043104,-0.6931471805599453,2.2508735889071705,-0.6931471805599453,0.0,-2.970414465569701,2.0695939451364898,-5.301645156640711,2.0238704797673037,-1.791759469228055,1.1208453517450292,-7.957177323459475,0.6930808715430361,0.48186270455901786,6,1,27,0,0,set()
minutes_20071031.html,2007-10-31,minutes,-2.70805020110221,0.6579516949597689,-1.6094379124341003,0.879555875612471,-1.791759469228055,0.7071067811865476,-2.995732273553991,0.8109437915109545,-2.833213344056216,0.8540400673864839,0.6931471805599453,1.0954451150103324,-3.713572066704308,0.8446114158802386,0.7133684438352212,4,9,22,1,0,set()
statement_20071031.txt,2007-10-31,statement,-0.6931471805599453,0.0,0.6931471805599453,0.7071067811865476,0.0,0.0,0.0,0.0,0.0,0.0,0.0,0.0,0.0,1.0,1.0,0,1,0,0,0,set()
speeches_aggregated,2007-10-31,speech,-16.837331542280637,7.078045634521982,-3.2917131488204667,5.272487368575278,-2.5902671654458262,3.145769571666123,-9.064157861798101,5.8213436587675504,-27.994754708827884,6.055786353804618,-2.890371757896165,3.716757474716819,-33.76814172570671,0.6650164776581025,0.4663588081843147,40,12,93,1,0,set()
speeches_aggregated,2007-12-11,speech,-6.473890696352275,3.571602999385968,-1.6094379124341005,1.998037415833494,-1.3862943611198906,0.45226701686664544,-3.332204510175204,2.4742956334999198,-10.375863365926918,5.112365109513043,-0.4054651081081645,1.6071801201615499,-12.846926031368985,0.6993656922054131,0.522984441846814,32,3,27,0,0,set()
statement_20071211.txt,2007-12-11,statement,-0.6931471805599453,0.0,0.0,1.4142135623730951,0.0,0.0,0.0,0.0,0.0,0.0,-0.6931471805599453,0.0,-0.6931471805599453,1.1547005383792517,1.3333333333333335,1,1,1,0,0,set()
minutes_20071211.html,2007-12-11,minutes,-2.6390573296152584,0.7277666307098061,1.3862943611198906,0.9560445408144769,-1.0986122886681098,0.8006407690254357,-3.4965075614664802,0.7765064424305622,-3.4011973816621555,0.7625572152261798,-1.6094379124341003,0.8819171036881969,-4.02535169073515,0.8276850136595898,0.6850624818366754,5,8,21,1,0,set()
statement_20080130.txt,2008-01-30,statement,-1.0986122886681098,0.0,-0.6931471805599453,0.0,0.0,0.0,-1.0986122886681098,0.0,0.0,0.0,0.0,0.0,-1.6094379124341003,0.0,0.0,0,0,1,1,0,set()
speeches_aggregated,2008-01-30,speech,-5.966146739123692,2.05315660344489,2.0794415416798357,2.837340229592615,-0.6931471805599453,2.059662203703115,-3.555348061489413,1.7781022854128945,-6.804614520062624,1.2782862519966247,-2.772588722239781,1.1634447125194667,-7.142827401161621,0.5387670038440386,0.32130973308370914,28,3,37,1,0,set()
statement_20080311.txt,2008-03-11,statement,-3.2188758248682006,0.6261353324525414,0.0,0.0,0.0,0.0,0.0,0.0,-2.70805020110221,0.0,0.0,0.0,-3.295836866004329,0.6108266887567037,0.37310924369747894,0,0,0,1,0,set()
speeches_aggregated,2008-03-18,speech,-13.507625778194974,3.881558988283108,-3.178053830347946,4.060840031130511,-6.96979066990159,2.3531826739241186,-13.298264366395362,2.3825766090831904,-25.8146875460973,5.833501784685694,-7.154615356913663,2.4927300756648885,-29.568941292396204,0.6019752935790826,0.41215502228059914,49,16,138,0,0,set()
minutes_20080318.html,2008-03-18,minutes,-2.8903717578961645,0.6894814104706634,1.0986122886681098,0.9034166348709859,-2.6390573296152584,0.35186577527449836,-4.110873864173311,0.6003661886212118,-3.58351893845611,0.6416041413446179,-1.3862943611198906,0.7867957924694431,-4.51085950651685,0.7706440783849274,0.5938922955497542,10,5,21,1,0,set()
statement_20080318.txt,2008-03-18,statement,-1.0986122886681098,0.0,0.6931471805599453,0.9574271077563381,-0.6931471805599453,0.0,-1.791759469228055,0.0,-0.6931471805599453,0.0,0.0,0.0,-1.791759469228055,0.8498365855987975,0.7222222222222222,1,0,3,1,0,set()
minutes_20080430.html,2008-04-30,minutes,-2.9444389791664403,0.7156093726283553,-1.9459101490553132,0.8715399483288767,-2.5649493574615367,0.6831300510639732,-3.912023005428146,0.7368489106347519,-2.772588722239781,0.9092187667883993,0.0,1.0,-4.343805421853684,0.8272892644336206,0.684407527047121,8,6,24,0,0,set()
speeches_aggregated,2008-04-30,speech,-5.4116460518550396,3.4589727390478404,-0.5108256237659905,3.2435995797118964,-2.772588722239781,0.9574271077563381,-5.123963979403259,3.7020864999180754,-18.13936555978279,4.574307388485021,-4.382026634673881,2.7464006604309974,-20.362920164118215,0.7616537149928891,0.582343127096701,9,4,66,0,0,set()
statement_20080430.txt,2008-04-30,statement,-0.6931471805599453,0.0,0.6931471805599453,0.7071067811865476,0.0,0.0,0.0,0.0,0.0,0.0,0.0,0.0,0.0,1.0,1.0,1,0,0,0,0,set()
statement_20080625.txt,2008-06-25,statement,0.0,0.0,0.0,0.0,0.0,0.0,0.0,0.0,0.0,0.0,0.0,0.0,0.0,,,1,0,0,0,0,set()
minutes_20080625.pdf,2008-06-25,minutes,-0.6931471805599453,0.9500512631418383,-0.6931471805599453,0.8919137873593124,-2.0794415416798357,0.6504436355879909,-3.7376696182833684,0.6663812174278619,-3.4011973816621555,0.7625572152261798,-0.6931471805599453,0.7071067811865476,-4.174387269895637,0.8062607981620136,0.6500564746528471,6,11,22,0,0,set()
speeches_aggregated,2008-06-25,speech,-13.158502424020202,6.5592988727246455,4.446565155811452,5.508301588571255,-7.860185057472165,3.6067493416875545,-12.291001856315479,6.272842570782678,-26.56635409430059,7.99626318633754,0.0,3.5610944398942177,-27.861334310154305,0.7292719878099015,0.5500315335137925,36,22,68,2,0,set()
minutes_20080805.html,2008-08-05,minutes,-1.9459101490553132,0.8645047258706176,1.3862943611198906,0.8998425413316951,-2.4849066497880004,0.28867513459481287,-3.367295829986474,0.8329377592200173,-3.332204510175204,0.7443900581965788,-1.3862943611198906,0.0,-4.060443010546419,0.844244244499695,0.7127483443708609,5,6,23,1,0,set()
statement_20080805.txt,2008-08-05,statement,0.0,0.0,0.6931471805599453,0.7071067811865476,0.0,0.0,0.6931471805599453,0.0,0.0,0.0,0.0,0.0,0.6931471805599453,0.7071067811865476,0.5,1,0,0,0,0,set()
speeches_aggregated,2008-08-05,speech,-4.584967478670572,3.76634135329909,-1.3862943611198906,2.550972088824711,-2.995732273553991,0.674199862463242,-3.2580965380214817,1.8763476288352618,-11.654425027243928,2.7563061676968594,-0.4054651081081645,1.3193038483139228,-12.532494546297885,0.6647202475080289,0.4463020422332321,17,5,22,2,0,set()
speeches_aggregated,2008-09-16,speech,-2.70805020110221,0.778498944161523,-2.0794415416798357,0.8366600265340756,0.0,0.0,-0.4054651081081645,0.0,-6.761572768804056,1.9651352850484947,-0.6931471805599453,0.0,-6.4457198193855785,0.6524121683452441,0.4256512695342482,2,0,18,1,0,set()
statement_20080916.txt,2008-09-16,statement,0.0,0.0,-0.6931471805599453,0.7071067811865476,0.0,0.0,-0.6931471805599453,0.0,0.0,0.0,0.0,0.0,-0.6931471805599453,0.7071067811865476,0.5,1,0,0,0,0,set()
minutes_20080916.html,2008-09-16,minutes,-2.5649493574615367,0.5982430416161189,-2.4849066497880004,0.816496580927726,-2.4849066497880004,0.6063390625908325,-3.713572066704308,0.6930593502290828,-3.5553480614894135,0.7305930698865367,-1.0986122886681098,0.5773502691896258,-4.442651256490317,0.7242234841086262,0.5244996549344376,5,4,19,1,0,set()
statement_20081008.txt,2008-10-08,statement,-0.6931471805599453,0.0,0.0,0.0,0.0,0.0,0.0,0.0,0.0,0.0,0.0,0.0,-0.6931471805599453,,,0,0,0,0,0,set()
speeches_aggregated,2008-10-29,speech,-6.163314804034641,1.7087056366352527,-1.3862943611198906,0.7440238091428449,0.0,1.4142135623730951,-2.70805020110221,0.5,-7.402451520818245,2.450199353401585,-0.1823215567939548,0.0,-7.7025561132685825,0.8002113687587885,0.6693602339293174,13,0,20,2,0,set()
statement_20081029.txt,2008-10-29,statement,-0.6931471805599453,0.0,0.0,0.0,0.0,0.0,0.0,0.0,0.0,0.0,0.0,0.0,-0.6931471805599453,,,0,0,0,0,0,set()
minutes_20081029.html,2008-10-29,minutes,-3.6888794541139363,0.6287178980164277,-3.1780538303479458,0.5854938345559502,-2.5649493574615367,0.2773500981126146,-4.30406509320417,0.4411193858399795,-4.2626798770413155,0.619535484797922,-2.5649493574615367,0.0,-5.204006687076795,0.5542186502610239,0.30715831229715107,7,0,35,1,0,set()
speeches_aggregated,2008-12-16,speech,-16.414745393392362,4.514907413882325,-3.7376696182833684,1.3975498014543501,-1.7917594692280552,1.7320508075688774,-8.958797346140276,2.430584865235209,-24.213941928394345,6.450499839721253,-6.068425588244111,2.8265237435939747,-26.5493862910672,0.6962967571263966,0.4920734713432253,29,1,51,1,0,set()
minutes_20081216.html,2008-12-16,minutes,-3.713572066704308,0.5740280452393519,-3.332204510175204,0.4785971776630355,-2.70805020110221,0.0,-4.356708826689592,0.41960502388362325,-3.8066624897703196,0.802295557085754,-2.1972245773362196,0.650443635587991,-5.093750200806762,0.6218678220258943,0.38671958807122936,8,0,25,1,0,set()
speeches_aggregated,2009-01-28,speech,-3.5553480614894135,0.7374684055082,-1.6094379124341003,0.8819171036881968,-1.0986122886681098,1.0,-1.791759469228055,0.9341987329938275,-3.6635616461296463,0.8228976205015789,-1.3862943611198906,0.7440238091428449,-4.007333185232471,0.7920205729187276,0.6272965879265096,2,2,9,1,0,set()
minutes_20090128.html,2009-01-28,minutes,-3.295836866004329,0.6567443424294808,-2.5649493574615367,0.7608859102526822,-2.302585092994046,0.31622776601683794,-3.912023005428146,0.6154574548966637,-3.6109179126442243,0.8585328483438437,-1.9459101490553132,0.4629100498862757,-4.7535901911063645,0.7467102382174685,0.5575761798587886,4,4,24,0,0,set()
statement_20090128.txt,2009-01-28,statement,-1.791759469228055,0.0,-1.0986122886681098,0.0,0.0,0.0,-1.3862943611198906,0.0,-1.6094379124341003,0.0,-0.6931471805599453,0.0,-2.1972245773362196,0.0,0.0,0,0,2,1,0,set()
minutes_20090318.html,2009-03-18,minutes,-3.367295829986474,0.4947168328900329,-2.6390573296152584,0.26726124191242434,-2.5649493574615367,0.5345224838248487,-4.07753744390572,0.5556748401291983,-3.871201010907891,0.7529384799283431,-1.6094379124341003,0.7867957924694431,-4.8283137373023015,0.6771972485313628,0.45859611341844836,7,0,21,1,0,set()
statement_20090318.txt,2009-03-18,statement,-1.9459101490553132,0.0,-1.0986122886681098,0.0,0.0,0.0,-1.0986122886681098,0.0,-1.6094379124341003,0.0,-0.6931471805599453,0.0,-2.0794415416798357,0.0,0.0,0,0,1,0,0,set()
speeches_aggregated,2009-03-18,speech,-7.878534196140362,2.5993833378162776,-0.4054651081081645,0.8944271909999159,0.0,1.4142135623730951,-4.624972813284272,1.8856180831641267,-12.427134030640058,3.6581410610629974,-2.995732273553991,0.5773502691896258,-13.731363438705646,0.7404146220815517,0.5700619911111977,2,2,18,1,0,set()
statement_20090429.txt,2009-04-29,statement,-1.9459101490553132,0.4629100498862757,-1.0986122886681098,0.0,0.0,0.0,-1.0986122886681098,0.0,-1.3862943611198906,0.5477225575051662,-0.6931471805599453,0.5773502691896258,-2.0794415416798357,0.44095855184409843,0.19444444444444445,0,0,1,1,0,set()
speeches_aggregated,2009-04-29,speech,-16.089659138713696,3.6578387143503903,0.6931471805599453,2.5171456306730966,-2.3025850929940455,0.0,-11.87856807889122,3.6562710008047383,-23.461687372232586,5.190797256948741,-5.857933154483459,3.0134165511031172,-24.596425887682088,0.7518661230469822,0.5711028446120181,24,9,57,3,0,set()
minutes_20090429.html,2009-04-29,minutes,-1.9459101490553132,0.6710382982072027,-1.6094379124341003,0.883715101688537,-2.70805020110221,0.5483188805533162,-2.8903717578961645,0.83435834397089,-2.6390573296152584,0.8729901495677004,-1.791759469228055,0.633323693776651,-3.9889840465642745,0.8198281689482165,0.6721182266009854,6,1,20,1,0,set()
speeches_aggregated,2009-06-24,speech,-6.590301048196686,3.698173114284174,0.0,1.1547005383792515,-6.473890696352274,0.6924826089821247,-8.237479288613633,3.428934823953805,-20.839789413149933,5.810500100884311,-6.70808408385307,2.3439780314908,-25.835685031029303,0.7363889979173192,0.55544145748917,18,4,55,0,0,set()
minutes_20090624.html,2009-06-24,minutes,-3.044522437723423,0.7196349047505031,-2.1972245773362196,0.8544932592822077,-2.8903717578961645,0.629294363562392,-2.9444389791664403,0.8076824754308493,-2.302585092994046,0.9050984856033463,-1.0986122886681098,0.9511897312113418,-4.007333185232471,0.8288513099581648,0.6869944940193657,5,4,28,1,0,set()
statement_20090624.txt,2009-06-24,statement,0.0,0.0,0.0,0.0,0.0,0.0,0.0,0.0,0.0,0.0,0.0,0.0,0.0,,,0,0,0,0,0,set()
statement_20090812.txt,2009-08-12,statement,0.0,0.0,0.0,0.0,0.0,0.0,0.0,0.0,0.0,0.0,0.0,0.0,0.0,,,0,0,0,0,0,set()
speeches_aggregated,2009-08-12,speech,-2.3025850929940455,0.0,0.0,0.0,0.0,0.0,-0.6931471805599453,0.7071067811865476,-5.14166355650266,1.6171931417910765,0.0,0.0,-5.241747015059643,0.7977233490440481,0.6367149758454106,4,0,2,0,0,set()
minutes_20090812.html,2009-08-12,minutes,1.0986122886681098,0.7172815023567723,-1.0986122886681098,0.7684244858645451,-2.70805020110221,0.7605665904189709,0.0,0.8583950752789521,-1.3862943611198906,0.9049420453021151,1.6094379124341003,0.7264831572567789,-1.6094379124341003,0.8541674250694364,0.7296019900497512,4,3,12,1,0,set()
minutes_20090923.html,2009-09-23,minutes,-2.1972245773362196,0.7512615652314042,-1.9459101490553132,0.7372097807744856,-2.70805020110221,0.7302967433402214,2.995732273553991,0.8655099263738899,-2.0794415416798357,0.8906355101238576,0.0,0.8660254037844386,-2.302585092994046,0.8740340901888318,0.763935590812219,4,4,15,0,0,set()
statement_20090923.txt,2009-09-23,statement,0.0,0.0,0.0,0.0,0.0,0.0,0.0,0.0,0.0,0.0,0.0,0.0,0.0,,,0,0,0,0,0,set()
speeches_aggregated,2009-09-23,speech,-3.2386784521643808,2.10982662930829,-1.3862943611198906,0.9161253813129043,0.0,0.0,-2.3025850929940455,0.7867957924694431,-9.208739090609209,2.5942530833865605,-1.791759469228055,0.0,-10.294684688846587,0.6682568970774146,0.459520962477233,9,1,22,0,0,set()
speeches_aggregated,2009-11-04,speech,-2.014903020542265,3.7663983076175622,3.295836866004329,3.1446040436469005,0.0,0.0,-3.871201010907891,3.4463261653057486,-10.38591370178042,4.183035573098777,-0.4054651081081644,2.3272885746099536,-9.700734690869652,0.7115980318560826,0.5331711299303633,11,4,11,2,0,set()
minutes_20091104.html,2009-11-04,minutes,-1.0986122886681098,0.7987058497862393,-2.0794415416798357,0.8426149773176359,-3.044522437723423,0.5943705521611524,2.70805020110221,0.8502544626883167,-2.995732273553991,0.7993295558952759,0.6931471805599453,0.6900655593423541,-3.044522437723423,0.8392512834278046,0.7043427167352173,5,3,19,0,0,set()
statement_20091104.txt,2009-11-04,statement,0.0,0.0,0.0,0.0,0.0,0.0,0.0,0.0,0.0,0.0,0.0,0.0,0.0,,,0,0,0,0,0,set()
statement_20091216.txt,2009-12-16,statement,1.0986122886681098,0.816496580927726,0.0,0.0,0.0,0.0,-0.6931471805599453,0.0,0.6931471805599453,0.9574271077563381,0.0,0.0,1.0986122886681098,0.816496580927726,0.6666666666666667,0,0,0,1,0,set()
speeches_aggregated,2009-12-16,speech,-1.5581446180465497,2.9919589645761677,-3.4657359027997265,1.8460415054944193,-3.2188758248682006,0.5163977794943223,-3.737669618283368,2.30400582033548,-13.70256579894814,4.79881419215902,-0.2876820724517808,0.7559289460184544,-12.43288944221068,0.7622195560842595,0.6012367398392243,10,5,23,1,0,set()
minutes_20091216.html,2009-12-16,minutes,1.6094379124341003,0.8462440736915469,-1.3862943611198906,0.8048150549829897,-2.4849066497880004,0.7575263387144726,3.332204510175204,0.8581758452727516,0.6931471805599453,0.8930167924494135,0.0,0.8660254037844386,2.9444389791664403,0.86878753462725,0.7547917803236952,5,5,20,1,0,set()
statement_20100127.txt,2010-01-27,statement,0.6931471805599453,0.7527726527090811,0.0,0.0,0.0,0.0,-0.6931471805599453,0.0,0.6931471805599453,0.8366600265340756,0.0,0.0,0.6931471805599453,0.7527726527090811,0.5666666666666668,0,0,0,1,0,set()
speeches_aggregated,2010-01-27,speech,-1.791759469228055,0.8372419160398181,-1.0986122886681098,0.9154754164341268,-1.0986122886681098,0.816496580927726,-1.9459101490553132,0.9701425001453319,-2.833213344056216,0.8377963645268319,0.0,1.0,-2.9444389791664403,0.8645193722456259,0.7473937449879711,4,0,11,0,0,set()
minutes_20100127.html,2010-01-27,minutes,2.6390573296152584,0.7166874304854753,-1.0986122886681098,0.9167637866189089,-2.70805020110221,0.7605665904189709,1.791759469228055,0.8036551505997344,0.6931471805599453,0.8255858766966615,0.6931471805599453,0.6009252125773316,-1.3862943611198906,0.817310656466181,0.6679967091731797,5,5,7,1,0,set()
statement_20100316.txt,2010-03-16,statement,0.6931471805599453,0.7071067811865476,0.0,0.0,0.0,0.0,0.0,0.0,0.6931471805599453,0.0,0.0,0.0,0.6931471805599453,0.7071067811865476,0.5,0,0,0,0,0,set()
minutes_20100316.html,2010-03-16,minutes,-0.6931471805599453,0.9156754547663373,-2.4849066497880004,0.749603069567329,-1.791759469228055,0.8506963092234007,-1.791759469228055,0.8913443335576375,-2.0794415416798357,0.8727235036855143,0.0,0.8944271909999159,-3.4339872044851463,0.8545207380421806,0.7302056917441532,1,2,14,0,0,set()
speeches_aggregated,2010-03-16,speech,-4.969813299576,1.6030619285573522,0.6931471805599453,0.0,-1.3862943611198906,0.0,0.0,1.7071067811865475,-10.685103381083682,2.2833232827950014,-3.1780538303479458,0.5,-11.405061819094282,0.7690317320471788,0.600902493574264,14,1,27,0,0,set()
speeches_aggregated,2010-04-28,speech,-6.733401891837359,3.6561483968688515,-3.1780538303479458,2.2633769544679225,-6.376726947898627,0.5256931389634797,-6.104793232414985,1.4438798074485388,-18.3055607592261,4.416848182664808,-4.941642422609304,2.038345924122311,-20.872035780828973,0.7228598896932792,0.5386764582699676,16,8,48,0,0,set()
minutes_20100428.html,2010-04-28,minutes,-1.0986122886681098,0.8320125587749163,-2.6390573296152584,0.8024179982245189,1.0986122886681098,0.9286112429750729,-0.6931471805599453,0.9170724210207313,-2.302585092994046,0.9217505411717294,-1.0986122886681098,0.7071067811865476,-2.995732273553991,0.8849319380687733,0.7831045350141553,2,3,15,1,0,set()
statement_20100428.txt,2010-04-28,statement,0.6931471805599453,0.7071067811865476,0.0,0.0,0.0,0.0,0.0,0.0,0.6931471805599453,0.0,0.0,0.0,0.6931471805599453,0.7071067811865476,0.5,0,0,0,0,0,set()
statement_20100509.txt,2010-05-09,statement,-1.6094379124341003,0.5163977794943223,0.0,0.0,0.0,0.0,0.0,0.0,-1.3862943611198906,0.0,0.0,0.0,-1.6094379124341003,0.5163977794943223,0.2666666666666667,0,0,0,0,0,set()
speeches_aggregated,2010-06-23,speech,-8.253227645581772,3.1125707065864856,0.0,1.7526530550779422,-0.6931471805599453,1.6981379901516624,-2.367123614131617,4.054017999942331,-12.71481610309184,4.10083752070254,-2.70805020110221,3.207775441145741,-13.650909462262176,0.6816560737960612,0.5535978166750909,10,7,21,0,0,set()
minutes_20100623.html,2010-06-23,minutes,-2.70805020110221,0.833589704154145,-3.258096538021482,0.5672273623252055,-2.4849066497880004,0.7472647177570733,1.9459101490553132,0.8417340686450933,-3.6375861597263857,0.7651955177997904,-1.0986122886681098,1.0298573010888745,-4.110873864173311,0.8299859488347859,0.68887667526318,5,2,26,0,0,set()
statement_20100623.txt,2010-06-23,statement,-0.6931471805599453,0.0,-1.3862943611198906,0.0,-0.6931471805599453,0.7071067811865476,0.0,0.0,-1.0986122886681098,0.0,0.0,0.0,-1.791759469228055,0.408248290463863,0.16666666666666669,0,0,0,1,0,set()
minutes_20100810.html,2010-08-10,minutes,-1.791759469228055,0.8494342008292705,-2.6390573296152584,0.7790276362049131,-2.302585092994046,0.8387832331734849,-3.258096538021482,0.822473066636437,1.9459101490553132,0.8179328117315273,-1.791759469228055,0.869718492622904,-3.6635616461296463,0.8371171866127403,0.7007651841224294,7,4,19,1,0,set()
speeches_aggregated,2010-08-10,speech,-5.780743515792329,1.4207145590443697,-2.4849066497880004,1.0773502691896257,-2.890371757896165,1.7784989441615229,-6.269096283706261,2.5709698932652003,-10.298902324790792,3.1019061809853583,-3.5553480614894135,1.639101395112101,-12.823871084500265,0.7361967825173336,0.5480760426069521,10,0,18,0,0,set()
statement_20100810.txt,2010-08-10,statement,1.0986122886681098,0.0,0.0,0.0,0.0,0.0,0.0,0.0,0.6931471805599453,0.0,0.6931471805599453,0.0,1.0986122886681098,0.0,0.0,0,0,0,0,0,set()
statement_20100921.txt,2010-09-21,statement,0.6931471805599453,1.1547005383792517,-0.6931471805599453,0.0,0.0,0.0,0.0,0.0,0.6931471805599453,0.0,0.6931471805599453,1.1547005383792517,0.6931471805599453,1.1547005383792517,1.3333333333333335,0,0,0,0,0,set()
minutes_20100921.html,2010-09-21,minutes,-2.1972245773362196,0.842423539174232,-2.70805020110221,0.6506407098647712,-2.9444389791664403,0.39477101697586137,-2.9444389791664403,0.8198264356651257,-1.0986122886681098,0.8229934967782846,-2.1972245773362196,0.646206172658864,-3.9889840465642745,0.7855298011500835,0.6170570684948898,6,0,11,1,0,set()
speeches_aggregated,2010-09-21,speech,-5.7430031878094825,1.4849761794993264,-2.302585092994046,0.8139410298049853,-0.6931471805599453,2.121320343559643,-2.9957322735539913,0.9831920802501751,-7.688913336864796,1.8988822516085428,-2.3025850929940455,0.4472135954999579,-9.721665870783823,0.6228963888060848,0.4060997242773588,4,3,20,0,0,set()
statement_20101103.txt,2010-11-03,statement,-1.0986122886681098,0.8944271909999159,-1.0986122886681098,0.5773502691896258,-0.6931471805599453,0.7071067811865476,0.0,0.0,-1.0986122886681098,0.0,-0.6931471805599453,0.0,-1.0986122886681098,0.8944271909999159,0.7999999999999999,0,0,2,1,0,set()
minutes_20101103.html,2010-11-03,minutes,-2.6390573296152584,0.8431633114337337,-2.70805020110221,0.8569730754521467,-2.772588722239781,0.6979824404521128,-2.5649493574615367,0.8265811411266338,1.3862943611198906,0.8696142571444858,-1.6094379124341003,0.8090398349558906,-3.7376696182833684,0.84671203433941,0.7169212690951822,4,3,16,0,0,set()
speeches_aggregated,2010-11-03,speech,-6.302618975744905,2.5055830787313824,-2.772588722239781,0.6297235299224025,-3.258096538021482,1.2178606996417969,-2.7080502011022105,0.8753881126826472,-5.0238805208462765,1.5688973282068048,-3.912023005428146,1.9612535045140755,-11.510843298765904,0.6363549645015789,0.414267574687511,22,1,40,0,0,set()
speeches_aggregated,2010-12-14,speech,-3.58351893845611,2.437671377103145,0.8754687373539001,1.9244162777371754,-3.1780538303479453,1.4142135623730951,-3.9889840465642745,2.9204594124056245,-8.014335737299424,4.14848087708361,-3.4657359027997265,2.2382451177429328,-10.834863921828324,0.801164192010883,0.6558924647725957,6,4,27,0,0,set()
statement_20101214.txt,2010-12-14,statement,-0.6931471805599453,0.9574271077563381,0.0,1.0,-0.6931471805599453,0.7071067811865476,0.6931471805599453,0.0,-0.6931471805599453,0.0,-0.6931471805599453,0.0,-0.6931471805599453,0.9574271077563381,0.9166666666666666,0,1,0,1,0,set()
minutes_20101214.html,2010-12-14,minutes,-1.3862943611198906,0.8998792189486611,-2.4849066497880004,0.7752323662456806,-1.3862943611198906,0.812727700887249,0.6931471805599453,0.902857416844717,-2.772588722239781,0.859750357677647,-1.9459101490553132,0.7559289460184544,-3.4011973816621555,0.8614513206285446,0.7420983778126635,1,6,12,1,0,set()
minutes_20110126.html,2011-01-26,minutes,-2.302585092994046,0.7,-2.1972245773362196,0.8938234601238358,-1.6094379124341003,0.8334154310955474,2.8903717578961645,0.8117844741035435,1.791759469228055,0.8773582127556725,-0.6931471805599453,0.8312094145936334,1.3862943611198906,0.8578572718245877,0.7359190988223246,5,8,6,0,0,set()
statement_20110126.txt,2011-01-26,statement,-1.0986122886681098,0.5773502691896258,-0.6931471805599453,0.7071067811865476,-0.6931471805599453,0.7071067811865476,0.0,0.0,-0.6931471805599453,0.0,-0.6931471805599453,0.0,-1.0986122886681098,0.5773502691896258,0.33333333333333337,0,0,0,1,0,set()
speeches_aggregated,2011-01-26,speech,-6.688354713946762,1.662631954026142,-6.416732282512326,1.6039307282906095,0.4418327522790393,1.2047442738340135,-5.480638923341992,1.5556872267108712,-6.416732282512326,1.6690200149040517,4.330733340286331,1.7974798584024092,-8.39773375137891,0.8471078535822558,0.71905614059338,9,18,69,1,0,set()
minutes_20110315.html,2011-03-15,minutes,-1.3862943611198906,0.8161824833662176,0.0,0.8819171036881969,1.791759469228055,0.8494342008292706,2.3978952727983707,0.8483963579328584,-2.302585092994046,0.7649445322985123,1.3862943611198906,0.6749485577105528,1.3862943611198906,0.8323887712813509,0.6928710665552771,6,7,4,0,0,set()
speeches_aggregated,2011-03-15,speech,-4.430816798843313,3.719436034580296,-2.70805020110221,2.943425043386351,-4.605170185988091,1.3567623924610568,-4.356708826689592,5.266607883125975,-14.622701792893748,4.316225004305112,-9.100525505968976,3.5468088983883437,-18.48090528574746,0.751578067993898,0.5677549424654473,3,4,22,0,0,set()
statement_20110315.txt,2011-03-15,statement,-1.0986122886681098,0.5773502691896258,-0.6931471805599453,0.7071067811865476,-0.6931471805599453,0.7071067811865476,0.0,0.0,-0.6931471805599453,0.0,-0.6931471805599453,0.0,-1.0986122886681098,0.5773502691896258,0.33333333333333337,0,0,0,1,0,set()
speeches_aggregated,2011-04-27,speech,-0.2876820724517808,4.648295667568004,-2.302585092994046,0.9312828703885243,-2.302585092994046,0.7274384280931732,-4.564348191467836,2.3119428159163635,-11.394742349292505,4.804841054233357,0.0,2.621320343559643,-12.396362371973305,0.7524729381059928,0.5807977230490808,17,9,37,0,0,set()
statement_20110427.txt,2011-04-27,statement,-1.0986122886681098,0.5773502691896258,-0.6931471805599453,0.0,-0.6931471805599453,0.0,0.0,0.0,-0.6931471805599453,0.0,-0.6931471805599453,0.0,-1.0986122886681098,0.5773502691896258,0.33333333333333337,0,0,0,1,0,set()
FOMCpresconf20110427.pdf,2011-04-27,press_conference_prepared,-0.6931471805599453,0.7817359599705717,1.0986122886681098,0.8864052604279183,-1.3862943611198906,0.7867957924694431,-1.0986122886681098,0.5773502691896258,0.0,0.0,1.0986122886681098,0.5773502691896258,0.0,0.8944271909999159,0.8,0,1,1,0,0,set()
minutes_20110427.html,2011-04-27,minutes,2.772588722239781,0.7975205082246858,-1.0986122886681098,0.8716019289105665,-1.0986122886681098,0.8678978933300582,-2.1972245773362196,0.8601849664490586,2.5649493574615367,0.7896387856258745,-0.6931471805599453,0.8312094145936334,2.4849066497880004,0.846756440609613,0.716996469713861,2,7,11,1,0,set()
FOMCpresconf20110427.pdf,2011-04-27,press_conference_qa,-1.6094379124341003,0.8432740427115678,0.6931471805599453,0.9540735874430285,-1.3862943611198906,0.8660254037844386,-3.1354942159291497,0.0,-2.9444389791664403,0.45825756949558405,-3.295836866004329,0.0,-4.174387269895637,0.6213761129531157,0.38610827374872314,0,2,0,0,0,set()
speeches_aggregated,2011-06-22,speech,-11.443703995928276,5.28887612622287,-0.6931471805599453,0.9336995618478525,-6.761572768804056,2.2056659538468417,-11.159103590013903,4.55896740284762,-20.931570880111625,5.299252745410001,-5.598421958998375,3.7052363772037276,-27.61101243778615,0.6160569367914785,0.4256663030850855,18,5,60,0,0,set()
minutes_20110622.html,2011-06-22,minutes,-1.3862943611198906,0.5477225575051661,0.0,0.0,0.0,0.0,0.0,0.0,-0.6931471805599453,0.0,0.0,0.0,-1.3862943611198906,0.5477225575051661,0.3,0,0,0,0,0,set()
FOMCpresconf20110622.pdf,2011-06-22,press_conference_prepared,-0.6931471805599453,0.7071067811865476,-1.6094379124341003,0.8090398349558905,-1.6094379124341003,0.7867957924694431,-0.6931471805599453,0.9831920802501751,0.0,0.0,0.0,0.0,-2.0794415416798357,0.8563488385776753,0.7333333333333334,0,0,3,0,0,set()
statement_20110622.txt,2011-06-22,statement,0.0,1.0,-0.6931471805599453,0.0,-0.6931471805599453,0.0,0.0,0.0,0.0,0.0,0.0,0.0,0.0,1.0,1.0,0,0,0,1,0,set()
FOMCpresconf20110622.pdf,2011-06-22,press_conference_qa,-3.6109179126442243,0.0,0.0,0.0,-3.295836866004329,0.0,-3.295836866004329,0.5012062743707415,-3.58351893845611,0.5273033097637495,0.0,0.0,-4.127134385045092,0.5307945454744989,0.2817428495054799,14,0,0,0,0,set()
speeches_aggregated,2011-08-09,speech,0.0,0.0,0.0,0.0,-0.6931471805599453,0.0,0.0,0.0,-1.0986122886681098,0.4879500364742666,0.0,0.0,-1.0986122886681098,0.4629100498862757,0.21428571428571427,0,0,2,0,0,set()
statement_20110809.txt,2011-08-09,statement,-1.0986122886681098,0.5477225575051662,-1.0986122886681098,0.5477225575051662,-0.6931471805599453,0.0,0.0,0.0,0.0,0.0,-0.6931471805599453,0.0,-1.6094379124341003,0.5345224838248488,0.2857142857142857,0,0,1,1,0,set()
minutes_20110809.html,2011-08-09,minutes,-2.5649493574615367,0.7559289460184544,-2.70805020110221,0.7847060257179306,-2.772588722239781,0.6454972243679028,-3.4965075614664802,0.7492031508912395,-2.3978952727983707,0.8655343204425493,-2.4849066497880004,0.45773770821706344,-4.343805421853684,0.7647349554144015,0.5848195520326667,10,1,13,0,0,set()
statement_20110921.txt,2011-09-21,statement,-1.9459101490553132,0.4629100498862757,-1.3862943611198906,0.5477225575051662,-0.6931471805599453,0.0,-0.6931471805599453,0.7071067811865476,-1.3862943611198906,0.0,-0.6931471805599453,0.0,-2.1972245773362196,0.4216370213557839,0.17777777777777778,0,0,1,1,0,set()
minutes_20110921.html,2011-09-21,minutes,-3.4339872044851463,0.7056217810570319,-2.6390573296152584,0.7790711595597376,-3.1354942159291497,0.5681120688308978,-3.2188758248682006,0.8819171036881969,-3.713572066704308,0.7484987583398564,-1.9459101490553132,0.674199862463242,-4.653960350157523,0.7663523788277209,0.5872959685349066,14,2,23,0,0,set()
speeches_aggregated,2011-09-21,speech,-6.646390514847729,2.1237751066408657,-2.9444389791664403,1.8041301654262312,-4.882801922586371,1.1392087646572238,-6.173786103901937,2.7246552648432374,-7.313220387090301,3.4595097014101324,-2.772588722239781,1.704595497044376,-9.824444345195676,0.8293535019549291,0.6948986302795488,9,0,38,0,0,set()
statement_20111102.txt,2011-11-02,statement,-1.6094379124341003,0.44721359549995804,-1.3862943611198906,0.5,-0.6931471805599453,0.0,-0.6931471805599453,0.0,-0.6931471805599453,0.0,-1.0986122886681098,0.0,-1.9459101490553132,0.37796447300922725,0.14285714285714288,0,0,1,0,0,set()
speeches_aggregated,2011-11-02,speech,-13.326263760895719,3.803936954104696,-6.222576268071369,4.362220118889777,-8.961879012677683,3.3205650546364076,-12.155200315156417,3.6556604959385623,-16.545431833884653,4.625585456011912,-3.2650652073375754,2.5143459171655596,-19.06792447875914,0.636313365234069,0.41316677435189203,7,1,42,0,0,set()
minutes_20111102.html,2011-11-02,minutes,-3.1354942159291497,0.5522619418008753,-2.995732273553991,0.6672040844618538,-2.9444389791664403,0.6768515929047769,-2.302585092994046,0.8898781472106824,-3.091042453358316,0.8068760444138561,-2.302585092994046,0.621581560508061,-4.219507705176107,0.7847358967029424,0.6158104275741711,5,3,17,0,0,set()
FOMCpresconf20111102.pdf,2011-11-02,press_conference_prepared,-1.0986122886681098,0.5773502691896258,-1.0986122886681098,0.9718253158075502,-1.791759469228055,0.0,-0.6931471805599453,1.0954451150103324,0.0,1.4142135623730951,-1.3862943611198906,0.5477225575051662,-2.1972245773362196,0.8646496675642961,0.7476190476190477,0,0,3,0,0,set()
FOMCpresconf20111102.pdf,2011-11-02,press_conference_qa,-4.110873864173311,0.0,0.0,0.0,-4.30406509320417,0.0,-3.6375861597263857,0.0,-2.3978952727983707,0.0,-3.4339872044851463,0.0,-4.836281906951478,0.0,0.0,0,0,13,0,0,set()
statement_20111213.txt,2011-12-13,statement,-1.6094379124341003,0.5163977794943223,-1.3862943611198906,0.5,-0.6931471805599453,0.0,-0.6931471805599453,0.0,0.0,0.0,-1.0986122886681098,0.0,-1.9459101490553132,0.4629100498862757,0.21428571428571427,0,0,1,0,0,set()
speeches_aggregated,2011-12-13,speech,-6.298949246855942,1.8735144249903928,-1.3862943611198906,0.0,-2.890371757896165,0.0,-3.6375861597263857,0.8516806393281597,-10.014313107625012,2.668309980683004,-2.302585092994046,1.5083841704503747,-11.168292016068309,0.7328190144451056,0.5467382331880746,2,0,35,0,0,set()
minutes_20111213.html,2011-12-13,minutes,-2.70805020110221,0.7014118687516404,-3.1354942159291497,0.6396838299494921,-2.3978952727983707,0.6538625481582945,-3.091042453358316,0.7583548251421143,-3.367295829986474,0.8057762482965358,-2.1972245773362196,0.5135525910130955,-4.442651256490317,0.7415015994122224,0.5498246219308839,7,2,19,0,0,set()
speeches_aggregated,2012-01-25,speech,-4.68213122712422,1.998839337976072,-1.0986122886681098,1.5610938576665825,-2.8903717578961645,1.3213740783324708,-5.049856007249537,0.8572642304355839,-6.416732282512326,2.733091953247114,-2.4849066497880004,1.5260335672401395,-9.672563813902956,0.8215220743557481,0.6941437937881683,5,4,25,1,0,set()
minutes_20120125.html,2012-01-25,minutes,-1.6094379124341003,0.5980174172288312,-2.302585092994046,0.7190587281616534,-2.302585092994046,0.7096231833787505,-2.9444389791664403,0.735767207381959,1.6094379124341003,0.8618333970172094,-1.9459101490553132,0.6602252917735248,-3.4011973816621555,0.7679629007332941,0.5897670169026954,7,1,15,0,0,set()
statement_20120125.txt,2012-01-25,statement,-1.791759469228055,0.0,-1.3862943611198906,0.0,-0.6931471805599453,0.0,-0.6931471805599453,0.0,0.0,0.0,-1.0986122886681098,0.0,-2.0794415416798357,0.0,0.0,0,0,1,0,0,set()
FOMCpresconf20120125.pdf,2012-01-25,press_conference_prepared,-1.0986122886681098,0.6763995415945232,-1.9459101490553132,0.5163977794943223,-1.9459101490553132,0.6324555320336759,0.0,1.0,-0.6931471805599453,1.1547005383792517,-1.3862943611198906,0.5,-2.3978952727983707,0.6839612783652524,0.46780303030303033,1,0,1,0,0,set()
FOMCpresconf20120125.pdf,2012-01-25,press_conference_qa,-3.044522437723423,0.408248290463863,-2.1972245773362196,0.5769394898639181,0.0,0.0,-2.833213344056216,0.0,0.0,0.0,0.0,0.0,-3.2188758248682006,0.590693457690623,0.3489187609585038,0,0,0,0,0,set()
minutes_20120313.html,2012-03-13,minutes,-1.791759469228055,0.7516216235148275,-2.302585092994046,0.8243602928775247,-2.0794415416798357,0.9026709338484401,-1.0986122886681098,0.8360066410173644,2.833213344056216,0.8171744528426825,0.0,0.7071067811865476,1.0986122886681098,0.8455799645517033,0.7150054764512597,4,5,13,0,0,set()
statement_20120313.txt,2012-03-13,statement,-1.791759469228055,0.0,-1.3862943611198906,0.0,-0.6931471805599453,0.0,-0.6931471805599453,0.0,-0.6931471805599453,0.0,-1.0986122886681098,0.0,-2.0794415416798357,0.0,0.0,0,0,1,0,0,set()
speeches_aggregated,2012-03-13,speech,-2.3978952727983707,0.783823376129674,-1.6094379124341003,0.9138735334633753,-1.9459101490553132,0.7071067811865476,-2.6390573296152584,0.8274835732746656,-3.332204510175204,1.4743474434217716,-1.0986122886681098,0.5773502691896258,-4.787491742782046,0.7932506597150777,0.6292882744495649,2,2,2,0,0,set()
minutes_20120425.html,2012-04-25,minutes,-1.791759469228055,0.6814598039411162,-1.0986122886681098,0.916763786618909,-1.791759469228055,0.848063572298739,-1.791759469228055,0.762648446573665,-1.3862943611198906,0.8445285620610532,-0.6931471805599453,0.5557189302262113,-2.833213344056216,0.7824847795410877,0.6122824302134646,9,4,15,0,0,set()
speeches_aggregated,2012-04-25,speech,-4.765018886929987,0.6666666666666666,0.0,0.0,-6.897704943128636,2.632804501806228,-9.290629203204986,1.8479367637396293,-13.046949938114455,4.707754332959661,-4.1588830833596715,1.9446823421496982,-19.709957192922754,0.7353956933727149,0.549922453774081,13,0,43,0,0,set()
FOMCpresconf20120425.pdf,2012-04-25,press_conference_qa,1.0986122886681098,0.9154754164341269,0.0,0.0,-2.302585092994046,0.8495144947835149,-2.3978952727983707,0.0,-2.5649493574615367,0.0,0.0,0.0,-2.4849066497880004,0.8385855987623523,0.7032258064516128,3,0,18,0,0,set()
FOMCpresconf20120425.pdf,2012-04-25,press_conference_prepared,-1.3862943611198906,0.5,-1.0986122886681098,0.5773502691896258,0.0,0.0,-0.6931471805599453,0.0,0.0,0.0,-1.0986122886681098,0.5773502691896258,-1.6094379124341003,0.5163977794943223,0.2666666666666667,0,0,1,0,0,set()
statement_20120425.txt,2012-04-25,statement,-1.791759469228055,0.0,-1.3862943611198906,0.0,-0.6931471805599453,0.0,-0.6931471805599453,0.0,0.0,0.0,-1.0986122886681098,0.0,-2.0794415416798357,0.0,0.0,0,0,1,0,0,set()
speeches_aggregated,2012-06-20,speech,-6.030685260261263,2.396125993362431,-3.4657359027997265,1.4581743973853585,-3.044522437723423,2.063768734719465,-4.816241156068031,1.4274079589957047,-9.818950384891867,3.9643422667667565,-1.8718021769015913,1.12114611679196,-12.720167918163787,0.7399000128105502,0.5583409634095013,31,2,65,0,0,set()
FOMCpresconf20120620.pdf,2012-06-20,press_conference_prepared,-1.0986122886681098,0.5773502691896257,-1.6094379124341003,0.0,-0.6931471805599453,0.0,-0.6931471805599453,0.0,0.0,0.0,-0.6931471805599453,0.7071067811865476,-1.791759469228055,0.48795003647426666,0.23809523809523814,2,0,0,0,0,set()
FOMCpresconf20120620.pdf,2012-06-20,press_conference_qa,0.0,0.0,0.0,0.0,-1.0986122886681098,0.0,1.0986122886681098,1.027105182026191,2.302585092994046,0.0,-1.0986122886681098,0.0,2.0794415416798357,0.9842057552468227,0.9686609686609688,0,0,0,0,0,set()
statement_20120620.txt,2012-06-20,statement,-2.0794415416798357,0.0,-1.6094379124341003,0.0,-1.0986122886681098,0.0,-1.0986122886681098,0.0,-0.6931471805599453,0.0,-0.6931471805599453,0.0,-2.302585092994046,0.0,0.0,0,0,1,1,0,set()
minutes_20120620.html,2012-06-20,minutes,-2.4849066497880004,0.8086075400626399,-3.091042453358316,0.7652356405615107,-3.258096538021482,0.6217351701880307,-3.258096538021482,0.8155513644999478,-2.70805020110221,0.8231378735440825,-2.1972245773362196,0.646206172658864,-4.3694478524670215,0.7846002806328672,0.6155976003691741,6,5,25,1,0,set()
speeches_aggregated,2012-08-01,speech,-1.9459101490553132,0.674199862463242,0.0,0.0,0.0,0.0,0.0,1.4142135623730951,-2.3025850929940455,0.7862453931068966,-1.791759469228055,0.408248290463863,-3.1780538303479458,0.6570935504035694,0.44026539908892853,0,0,1,0,0,set()
statement_20120801.txt,2012-08-01,statement,-1.6094379124341003,0.0,-1.6094379124341003,0.0,-1.0986122886681098,0.0,-1.0986122886681098,0.0,0.0,0.0,-0.6931471805599453,0.0,-1.9459101490553132,0.0,0.0,0,0,1,0,0,set()
minutes_20120801.html,2012-08-01,minutes,-2.70805020110221,0.7066294900210021,-2.772588722239781,0.802591568487018,-2.70805020110221,0.5712405705774793,-3.2188758248682006,0.7617666713229594,1.3862943611198906,0.9043640838375141,-1.9459101490553132,0.5163977794943222,-3.970291913552122,0.7983350922832313,0.6373389195708754,9,6,17,0,0,set()
speeches_aggregated,2012-09-13,speech,-3.6375861597263857,0.6762536892733091,-1.791759469228055,0.7264831572567789,-2.3978952727983707,0.7237468644557458,-2.995732273553991,0.6038339048243189,-3.044522437723423,0.7161148740394329,-2.302585092994046,0.4972451580988469,-4.060443010546419,0.6944788585376463,0.4823008849557522,8,1,12,0,0,set()
FOMCpresconf20120913.pdf,2012-09-13,press_conference_qa,0.0,0.0,0.0,0.0,-4.700480365792417,0.0,0.0,0.0,1.3862943611198906,0.0,0.0,0.0,-4.672828834461906,0.3243645406211277,0.10521235521235518,0,8,0,0,0,set()
FOMCpresconf20120913.pdf,2012-09-13,press_conference_prepared,0.0,0.8660254037844386,0.0,1.0,0.0,1.4142135623730951,-0.6931471805599453,0.7071067811865476,-0.6931471805599453,0.7071067811865476,-1.0986122886681098,0.5773502691896258,-1.6094379124341003,0.8313702367707394,0.6911764705882353,1,1,2,1,0,set()
statement_20120913.txt,2012-09-13,statement,-1.791759469228055,0.408248290463863,-1.3862943611198906,0.0,-1.0986122886681098,0.0,-1.0986122886681098,0.0,-0.6931471805599453,0.0,-0.6931471805599453,0.0,-2.0794415416798357,0.3535533905932738,0.125,0,0,2,1,0,set()
minutes_20120913.html,2012-09-13,minutes,-2.0794415416798357,0.6684499957554019,-1.791759469228055,0.7952427724875442,-3.044522437723423,0.42966892442365967,-2.8903717578961645,0.761169186891749,2.772588722239781,0.7446551404479047,-1.791759469228055,0.48795003647426666,-3.4339872044851463,0.7762174364125407,0.6025135085908566,11,4,20,0,0,set()
statement_20121024.txt,2012-10-24,statement,-1.791759469228055,0.408248290463863,-1.3862943611198906,0.0,-1.0986122886681098,0.0,-1.0986122886681098,0.0,-0.6931471805599453,0.0,-0.6931471805599453,0.0,-2.0794415416798357,0.3535533905932738,0.125,0,0,2,1,0,set()
speeches_aggregated,2012-10-24,speech,-7.272398392570047,4.057073761136693,-2.1972245773362196,2.3676761516186877,-2.6390573296152584,3.002918306098665,-8.594154232552366,2.620512513600023,-8.325548307161398,4.091218657968954,-6.684611727667928,2.3507264643533823,-15.258563252902775,0.7357191757169714,0.5538508766167468,6,3,40,2,0,set()
minutes_20121024.html,2012-10-24,minutes,0.0,0.5163977794943222,0.0,0.0,0.0,0.0,0.0,0.0,-0.6931471805599453,0.7071067811865476,-0.6931471805599453,0.5,0.0,0.5163977794943222,0.26666666666666666,1,0,0,0,0,set()
minutes_20121212.html,2012-12-12,minutes,-2.4849066497880004,0.7431350060085298,-2.4849066497880004,0.7472647177570733,-2.833213344056216,0.5606119105813882,-2.772588722239781,0.7564258137379175,-1.3862943611198906,0.7837140105122684,-2.302585092994046,0.45226701686664544,-3.8066624897703196,0.7428598764369364,0.5518407960199004,12,1,12,1,0,set()
statement_20121212.txt,2012-12-12,statement,-1.9459101490553132,0.5163977794943222,-1.6094379124341003,0.5163977794943223,-1.3862943611198906,0.5477225575051662,-1.0986122886681098,0.0,-0.6931471805599453,0.7071067811865476,-0.6931471805599453,0.0,-2.1972245773362196,0.49236596391733095,0.24242424242424246,0,0,2,1,0,set()
speeches_aggregated,2012-12-12,speech,-13.533126426605792,3.0214254523631956,-4.094344562222101,0.9983629353572491,-6.135564891081739,2.165691812833078,-8.865593998902725,2.004700321552179,-15.18078555186009,4.242815795242385,-5.455321115357702,2.0130793711759662,-20.143504482918022,0.7008716309259014,0.5008228581725491,14,1,40,3,0,set()
FOMCpresconf20121212.pdf,2012-12-12,press_conference_prepared,-2.302585092994046,0.6287961636211018,-1.6094379124341003,0.6513389472789296,-1.3862943611198906,0.7537783614444091,-1.6094379124341003,0.0,-0.6931471805599453,0.7071067811865476,-0.6931471805599453,0.5773502691896258,-2.3978952727983707,0.5992827253861374,0.35913978494623655,0,0,1,0,0,set()
FOMCpresconf20121212.pdf,2012-12-12,press_conference_qa,-1.3862943611198906,0.9197009309398037,-0.6931471805599453,1.0540925533894598,0.0,0.0,0.0,0.0,-3.6375861597263857,0.49725254236131383,-1.0986122886681098,0.0,-3.6109179126442243,0.6154640905207834,0.3787960467205751,0,0,12,0,0,set()
minutes_20130130.html,2013-01-30,minutes,-2.5649493574615367,0.737244472183214,-2.4849066497880004,0.7277064313624728,-2.3978952727983707,0.7111590022187596,1.0986122886681098,0.8629210672834347,2.0794415416798357,0.8830617078086784,-1.3862943611198906,0.7537783614444091,-2.995732273553991,0.82883249810449,0.6869633099141295,5,4,15,0,0,set()
statement_20130130.txt,2013-01-30,statement,-1.791759469228055,0.5175491695067657,-1.6094379124341003,0.5163977794943223,-1.3862943611198906,0.5477225575051662,-1.0986122886681098,0.0,-0.6931471805599453,0.7071067811865476,-0.6931471805599453,0.0,-2.0794415416798357,0.48304589153964794,0.23333333333333334,0,0,2,1,0,set()
speeches_aggregated,2013-01-30,speech,-0.6931471805599453,2.309401076758503,0.0,0.0,0.0,0.0,-0.6931471805599453,0.0,-6.828712071641684,1.4060104044151036,-0.6931471805599453,0.0,-6.897704943128636,0.6986936925372523,0.48819032629774317,2,0,19,0,0,set()
statement_20130320.txt,2013-03-20,statement,-1.791759469228055,0.48795003647426655,-1.6094379124341003,0.5163977794943223,-1.3862943611198906,0.5477225575051662,-1.0986122886681098,0.0,-0.6931471805599453,0.7071067811865476,-0.6931471805599453,0.0,-2.0794415416798357,0.44095855184409843,0.19444444444444445,0,0,1,1,0,set()
FOMCpresconf20130320.pdf,2013-03-20,press_conference_qa,0.6931471805599453,0.6340796763799721,1.0986122886681098,0.0,0.0,0.0,-2.9444389791664403,0.0,1.9459101490553132,0.7807319363122016,0.0,0.0,2.1972245773362196,0.6858864713437108,0.4704402515723271,8,0,0,0,0,set()
minutes_20130320.html,2013-03-20,minutes,-2.4849066497880004,0.8628773548210602,-2.3978952727983707,0.7755316082290384,-2.3978952727983707,0.6608945522512666,1.0986122886681098,0.8557104867643436,-1.9459101490553132,0.8699601146563537,-1.9459101490553132,0.7559289460184544,-3.2188758248682006,0.8450554004963837,0.7141186299081035,6,4,27,0,0,set()
speeches_aggregated,2013-03-20,speech,-16.36345209900481,5.276154367228352,-8.812843433517195,4.391478218271162,-10.566381689925052,2.8843002362467494,-9.055789612127585,6.0389557779872325,-23.92426235942273,6.586039932271639,-7.321188556739479,2.696027141830365,-29.56570797525508,0.7001764292662676,0.4973173777495263,28,4,112,1,0,set()
FOMCpresconf20130320.pdf,2013-03-20,press_conference_prepared,-2.302585092994046,0.6048053188292994,-1.6094379124341003,0.5163977794943223,-1.791759469228055,0.48795003647426655,-1.3862943611198906,0.894427190999916,-1.3862943611198906,0.0,-0.6931471805599453,0.5773502691896258,-2.3978952727983707,0.6538625481582945,0.427536231884058,1,0,3,0,0,set()
statement_20130501.txt,2013-05-01,statement,-1.9459101490553132,0.4629100498862757,-1.791759469228055,0.48795003647426655,-1.6094379124341003,0.5163977794943223,-1.0986122886681098,0.0,-0.6931471805599453,0.7071067811865476,-0.6931471805599453,0.0,-2.1972245773362196,0.4216370213557839,0.17777777777777778,0,0,1,1,0,set()
speeches_aggregated,2013-05-01,speech,-6.866933284461882,4.08530302117204,-1.3862943611198906,0.7071067811865476,-4.025351690735149,2.698606167448609,-3.4657359027997265,3.9410807729671267,-12.388394202324129,4.16975629073986,-4.276666119016055,2.3765620074065272,-14.465332613785845,0.7456278620613017,0.5792499901524122,8,0,22,0,0,set()
minutes_20130501.html,2013-05-01,minutes,-2.5649493574615367,0.7578647467450734,-2.833213344056216,0.6373020054525532,-2.302585092994046,0.5757792451369143,-2.3978952727983707,0.8477450555432305,2.833213344056216,0.7949113522720723,-1.0986122886681098,0.5163977794943223,-3.091042453358316,0.8103249385426172,0.6566265060240964,9,3,11,0,0,set()
statement_20130619.txt,2013-06-19,statement,-1.9459101490553132,0.4629100498862757,-1.791759469228055,0.48795003647426655,-1.6094379124341003,0.5345224838248488,-1.0986122886681098,0.0,-0.6931471805599453,0.7071067811865476,0.0,0.0,-2.0794415416798357,0.48304589153964794,0.23333333333333334,0,0,0,1,0,set()
speeches_aggregated,2013-06-19,speech,-5.442417710521793,1.057668197020405,-2.3978952727983707,0.3892494720807615,-3.6888794541139367,0.8320502943378437,-3.4011973816621555,2.4410451747415833,-10.804029927442144,3.352457935554097,-1.6094379124341003,2.358552238923693,-15.302238316405436,0.5954741632144867,0.4307255815583379,13,3,51,1,0,set()
minutes_20130619.html,2013-06-19,minutes,-1.791759469228055,0.7862783338192769,-2.70805020110221,0.7847060257179306,0.6931471805599453,0.823687767580373,2.70805020110221,0.7446901987158768,-2.6390573296152584,0.8603464874289733,-1.0986122886681098,0.9189365834726815,-3.1780538303479458,0.8192148976504292,0.6711130485324032,6,2,15,0,0,set()
FOMCpresconf20130619.pdf,2013-06-19,press_conference_prepared,-2.6390573296152584,0.7560241931612779,-2.0794415416798357,0.0,-1.6094379124341003,0.9244162777371755,0.0,1.1547005383792515,0.0,1.4142135623730951,1.0986122886681098,0.5773502691896258,-2.6390573296152584,0.7790711595597375,0.6069518716577539,0,1,1,0,0,set()
FOMCpresconf20130619.pdf,2013-06-19,press_conference_qa,-3.091042453358316,0.48099473199130766,0.0,0.0,0.0,0.0,-1.9459101490553132,0.0,0.0,0.0,0.0,0.0,-3.091042453358316,0.43561340216363675,0.1897590361445783,0,0,0,0,0,set()
statement_20130731.txt,2013-07-31,statement,-1.9459101490553132,0.4629100498862757,-1.791759469228055,0.48795003647426655,-1.3862943611198906,0.7867957924694431,-1.0986122886681098,0.0,-0.6931471805599453,0.7071067811865476,0.6931471805599453,0.0,-1.9459101490553132,0.6992058987801011,0.48888888888888904,0,0,1,1,0,set()
speeches_aggregated,2013-07-31,speech,-3.526360524616161,3.4579728902306868,-0.6931471805599454,1.7544993975888015,-1.3862943611198906,2.4941808447831035,0.6931471805599453,2.379290009614249,-8.903815211722922,3.522660663646753,-1.791759469228055,2.1522133417312053,-10.223067921487123,0.76727545112824,0.604477981281909,8,8,39,0,0,set()
minutes_20130731.html,2013-07-31,minutes,-2.4849066497880004,0.7669872581230491,-2.3978952727983707,0.8297022339981069,-0.6931471805599453,0.7784030640030016,2.1972245773362196,0.8260724207253997,-2.6390573296152584,0.7362811481207531,0.6931471805599453,0.8755950357709132,-2.833213344056216,0.7943120147806164,0.6309315768248421,7,2,13,1,0,set()
minutes_20130918.html,2013-09-18,minutes,-3.2188758248682006,0.618852747755276,-2.5649493574615367,0.6805570473787206,-2.833213344056216,0.7652356405615106,-2.3978952727983707,0.7476112351500335,-2.995732273553991,0.7867738318025638,-2.0794415416798357,0.6685579234215214,-4.060443010546419,0.7444595575588525,0.5542200328407225,7,0,27,0,0,set()
FOMCpresconf20130918.pdf,2013-09-18,press_conference_qa,2.302585092994046,0.8387832331734848,-1.791759469228055,0.0,1.9459101490553132,0.0,1.6094379124341003,0.9944903161976936,-1.0986122886681098,0.21308263231644636,2.1972245773362196,0.4305615452020461,3.091042453358316,0.5419508204845708,0.2937106918238994,19,0,0,0,0,set()
FOMCpresconf20130918.pdf,2013-09-18,press_conference_prepared,-2.70805020110221,0.6876819060735033,-2.3978952727983707,0.599144689515278,-2.70805020110221,0.7267314002700914,-1.0986122886681098,1.0,-1.0986122886681098,0.5773502691896258,-0.6931471805599453,0.5,-2.8903717578961645,0.7738090771016312,0.5987804878048781,2,0,3,0,0,set()
statement_20130918.txt,2013-09-18,statement,-1.791759469228055,0.5270462766947299,-1.6094379124341003,0.5345224838248488,-1.6094379124341003,0.5345224838248488,-1.0986122886681098,0.5773502691896258,-1.0986122886681098,0.5773502691896258,-0.6931471805599453,0.7071067811865476,-2.0794415416798357,0.5149286505444373,0.26515151515151514,0,0,2,1,0,set()
statement_20131030.txt,2013-10-30,statement,-1.791759469228055,0.5270462766947299,-1.6094379124341003,0.5345224838248488,-1.3862943611198906,0.5175491695067657,-1.0986122886681098,0.5773502691896258,-0.6931471805599453,0.7071067811865476,0.0,0.0,-1.9459101490553132,0.5222329678670935,0.2727272727272727,0,0,1,1,0,set()
speeches_aggregated,2013-10-30,speech,-7.996317231796745,1.967747908782533,-1.3862943611198906,0.0,-2.1972245773362196,1.0954451150103321,-1.3862943611198906,1.1547005383792517,-8.348537825386098,4.7075356124054455,-1.0986122886681098,2.230710143300821,-9.980448593672257,0.7335828416561468,0.5434698293187055,11,1,31,0,0,set()
minutes_20131030.html,2013-10-30,minutes,-2.833213344056216,0.7244464749279004,-2.3978952727983707,0.5072996561958923,-2.0794415416798357,0.700528900717694,-1.0986122886681098,0.7790028969224094,0.0,0.8553989227683015,0.6931471805599453,0.792961461098759,-3.332204510175204,0.7719128371521403,0.5958494281602666,8,1,9,0,0,set()
minutes_20131218.html,2013-12-18,minutes,-2.6390573296152584,0.8174222093634088,-2.70805020110221,0.8106910465827576,1.6094379124341003,0.7838958818766614,2.6390573296152584,0.8324779674964388,-2.4849066497880004,0.8402498862958697,1.3862943611198906,0.5477225575051661,-2.302585092994046,0.8222716781961047,0.6761307127634384,2,0,18,1,0,set()
FOMCpresconf20131218.pdf,2013-12-18,press_conference_prepared,-2.4849066497880004,0.7496030695673289,-1.9459101490553132,0.7071067811865476,-2.302585092994046,0.6030226891555273,0.0,0.0,-0.6931471805599453,0.0,0.0,0.0,-2.5649493574615367,0.7385489458759964,0.5454545454545455,1,0,1,1,0,set()
FOMCpresconf20131218.pdf,2013-12-18,press_conference_qa,-1.0986122886681098,0.42876378559573314,-1.3862943611198906,0.0,-3.044522437723423,0.4284757973243222,-1.0986122886681098,0.0,-2.3978952727983707,0.5036101551853348,0.0,0.0,-3.367295829986474,0.47611565641215425,0.22668611828077653,22,0,24,0,0,set()
speeches_aggregated,2013-12-18,speech,-8.250097752572845,3.851795699468619,-2.890371757896165,1.3575504167745385,-1.6094379124341003,0.7844645405527361,-0.916290731874155,1.8470663442737791,-17.734825949195567,4.012628226535627,0.0,1.5366734240906021,-19.65944376897068,0.5756771849552217,0.3900341697706397,19,2,57,2,0,set()
statement_20131218.txt,2013-12-18,statement,-1.0986122886681098,0.9374368665610923,-1.6094379124341003,0.7559289460184544,-0.6931471805599453,0.8755950357709131,-0.6931471805599453,1.1547005383792517,-0.6931471805599453,0.0,0.0,0.0,-1.3862943611198906,0.8925823753039809,0.7967032967032966,0,0,1,1,0,set()
minutes_20140129.html,2014-01-29,minutes,-2.302585092994046,0.6936368469679924,-2.70805020110221,0.5713464637233658,1.0986122886681098,0.7252933338781401,2.8903717578961645,0.7598027052002135,2.1972245773362196,0.8769732753076712,-0.6931471805599453,0.6900655593423541,2.70805020110221,0.785576195929051,0.6171299596103588,6,0,11,1,0,set()
speeches_aggregated,2014-01-29,speech,-2.833213344056216,0.5905234531480936,-1.3862943611198906,0.5,-1.9459101490553132,0.7762500258061849,-2.3978952727983707,0.8135752957807667,-2.6390573296152584,0.8475137579369867,-0.6931471805599453,0.8481145238787242,-3.4965075614664802,0.7991331937706873,0.6386138613861387,2,0,2,0,0,set()
statement_20140129.txt,2014-01-29,statement,-1.6094379124341003,0.8876253645985945,-1.6094379124341003,0.7559289460184544,-1.3862943611198906,0.8232726023485646,-0.6931471805599453,1.1547005383792517,-0.6931471805599453,0.0,0.0,0.0,-1.791759469228055,0.8418973861410954,0.7087912087912088,0,0,1,1,0,set()
minutes_20140319.html,2014-03-19,minutes,-2.5649493574615367,0.7965874057607308,-2.8903717578961645,0.7071067811865476,-2.0794415416798357,0.7758920393067706,-2.833213344056216,0.7782350014707153,1.6094379124341003,0.8412444993533733,-0.6931471805599453,0.7929614610987591,-3.4657359027997265,0.7905646677185573,0.6249924938449529,5,0,11,1,0,set()
FOMCpresconf20140319.pdf,2014-03-19,press_conference_prepared,-2.302585092994046,0.6863327411532597,-2.1972245773362196,0.7559289460184544,-2.0794415416798357,0.7762500258061849,0.0,0.0,-0.6931471805599453,0.7071067811865476,0.0,0.0,-2.1972245773362196,0.7400128699009549,0.5476190476190477,0,0,0,1,0,set()
FOMCpresconf20140319.pdf,2014-03-19,press_conference_qa,0.0,0.0,0.0,1.044465935734187,-2.3978952727983707,0.7916947813271392,0.0,0.0,0.0,0.0,0.0,0.0,-2.3978952727983707,0.8058527811597277,0.6493987049028679,5,0,0,0,0,set()
speeches_aggregated,2014-03-19,speech,-2.995732273553991,1.288300845269258,0.0,0.0,0.0,0.0,0.0,0.0,-4.7535901911063645,1.0595448314063638,-0.6931471805599453,0.7071067811865476,-4.976733742420574,0.5704301587817617,0.32727272727272727,2,0,14,0,0,set()
statement_20140319.txt,2014-03-19,statement,-1.3862943611198906,0.8320502943378437,-1.791759469228055,0.7264831572567789,-0.6931471805599453,0.8312094145936334,-0.6931471805599453,0.0,-1.0986122886681098,0.0,0.6931471805599453,0.7071067811865476,-1.3862943611198906,0.8341662504161466,0.6958333333333333,0,0,1,1,0,set()
speeches_aggregated,2014-04-30,speech,-5.90808293816893,2.4961740326247943,-1.791759469228055,2.2884938583713312,-5.229324495061085,3.0193507523663667,-4.317488113536311,1.7463298565340186,-4.962844630259907,1.2276915975715517,-3.295836866004329,2.000078100423467,-11.362044434010592,0.6401428363571833,0.4134725722398712,16,2,23,0,0,set()
minutes_20140430.html,2014-04-30,minutes,0.6931471805599453,0.7444681351359534,-2.0794415416798357,0.7775701798650618,-1.6094379124341003,0.7461009761866464,-1.0986122886681098,0.8155724192496482,1.791759469228055,0.7715167498104596,1.3862943611198906,0.6749485577105528,0.0,0.7745966692414834,0.6,2,1,6,0,0,set()
statement_20140430.txt,2014-04-30,statement,-1.3862943611198906,0.904534033733291,-1.791759469228055,0.7264831572567789,-0.6931471805599453,0.8755950357709131,-0.6931471805599453,0.0,-1.0986122886681098,0.0,0.6931471805599453,0.7071067811865476,-1.3862943611198906,0.8925823753039809,0.7967032967032966,0,0,1,1,0,set()
speeches_aggregated,2014-06-18,speech,-5.662960480135946,2.0677405683197168,-0.6931471805599453,0.9574271077563381,0.4054651081081645,3.1881372510571593,-2.4849066497880004,0.0,-6.628041376179533,3.0134926018382653,-0.6931471805599453,1.6547005383792517,-7.927324360309794,0.7718011268023537,0.6123773051554717,5,0,14,1,0,set()
minutes_20140618.html,2014-06-18,minutes,-1.9459101490553132,0.7523972985831716,-1.791759469228055,0.8703882797784892,1.3862943611198906,0.8504872672472202,1.791759469228055,0.8349343594650926,2.772588722239781,0.7741827783921407,-1.3862943611198906,0.6992932067530679,2.772588722239781,0.8038654704590348,0.6461996945963253,7,3,11,0,0,set()
FOMCpresconf20140618.pdf,2014-06-18,press_conference_prepared,-1.6094379124341003,0.8335087534664906,-1.6094379124341003,0.9244162777371755,-0.6931471805599453,0.9944289260117534,0.6931471805599453,1.0954451150103324,-1.0986122886681098,0.0,0.6931471805599453,0.5773502691896258,-1.791759469228055,0.8742813140471173,0.7643678160919541,0,1,3,1,0,set()
FOMCpresconf20140618.pdf,2014-06-18,press_conference_qa,0.0,0.0,1.6094379124341003,0.7760791522613609,-2.302585092994046,0.7960110763259728,1.791759469228055,0.0,0.0,0.0,0.0,0.0,-0.6931471805599453,0.8657337636334566,0.7494949494949495,0,0,5,0,0,set()
statement_20140618.txt,2014-06-18,statement,-1.3862943611198906,0.904534033733291,-1.791759469228055,0.7264831572567789,-0.6931471805599453,0.8755950357709131,-0.6931471805599453,0.0,-1.0986122886681098,0.0,0.6931471805599453,0.7071067811865476,-1.3862943611198906,0.8925823753039809,0.7967032967032966,0,0,1,1,0,set()
statement_20140730.txt,2014-07-30,statement,-1.3862943611198906,0.904534033733291,-1.6094379124341003,0.7264831572567789,-0.6931471805599453,0.8755950357709131,-0.6931471805599453,0.0,-1.0986122886681098,0.0,0.6931471805599453,0.7071067811865476,-1.0986122886681098,0.898717034272917,0.8076923076923076,0,0,0,1,0,set()
minutes_20140730.html,2014-07-30,minutes,0.6931471805599453,0.7718749908187069,1.0986122886681098,0.771815343674368,2.1972245773362196,0.8433490104000934,2.1972245773362196,0.8675085491680257,2.6390573296152584,0.847135580248464,0.6931471805599453,0.8366600265340756,3.5263605246161616,0.8268884238687507,0.6837444655281467,6,3,8,0,0,set()
speeches_aggregated,2014-07-30,speech,-3.4011973816621555,1.859231842119012,0.0,0.0,-1.0986122886681098,0.0,1.3862943611198906,0.7071067811865476,-6.733401891837359,2.298097093585056,-1.0986122886681098,0.0,-6.715383386334681,0.7555420679290847,0.5748164878599662,5,0,19,0,0,set()
speeches_aggregated,2014-09-17,speech,-4.787491742782046,2.0558549447271823,-3.091042453358316,1.465204824765451,-5.2574953720277815,1.0467534452596547,-4.1588830833596715,0.5094249130852176,-3.931825632724326,1.4969864826109789,-3.4011973816621555,0.7453559924999299,-10.20861653859163,0.7015494519049877,0.4922300814826463,28,7,24,2,0,set()
FOMCpresconf20140917.pdf,2014-09-17,press_conference_qa,1.0986122886681098,0.79901900637533,-1.6094379124341003,0.0,0.0,0.0,-3.295836866004329,0.0,-2.5649493574615367,0.4472135954999579,-1.791759469228055,0.0,-3.295836866004329,0.7952252456391161,0.6323831913017925,8,0,4,0,0,set()
FOMCpresconf20140917.pdf,2014-09-17,press_conference_prepared,-1.3862943611198906,0.7392960871352164,-1.0986122886681098,0.898717034272917,0.6931471805599453,0.90033663737852,-0.6931471805599453,1.0954451150103324,-1.3862943611198906,0.5477225575051662,-0.6931471805599453,0.5,-1.0986122886681098,0.7790028969224094,0.6068455134135061,0,1,1,1,0,set()
statement_20140917.txt,2014-09-17,statement,-0.6931471805599453,0.9540735874430285,-1.6094379124341003,0.7264831572567789,0.0,0.8944271909999159,0.0,1.4142135623730951,-0.6931471805599453,1.1547005383792517,0.6931471805599453,0.7071067811865476,0.0,0.9258200997725514,0.8571428571428571,0,0,0,1,0,set()
minutes_20140917.html,2014-09-17,minutes,-0.6931471805599453,0.7226494462892932,-3.091042453358316,0.6680495071209637,1.6094379124341003,0.7468713652716374,2.772588722239781,0.7743870638610414,1.6094379124341003,0.8101914936669333,-1.791759469228055,0.5270462766947299,-1.3862943611198906,0.7845645107190017,0.6155414714797466,7,2,15,0,0,set()
minutes_20141029.html,2014-10-29,minutes,-2.3978952727983707,0.7216538739073534,-3.2188758248682006,0.6717752982077053,1.3862943611198906,0.7810249675906654,1.9459101490553132,0.743948331201069,-1.0986122886681098,0.854001084284652,-1.6094379124341003,0.674199862463242,-2.995732273553991,0.7844743027868075,0.6153999317328477,7,1,20,1,0,set()
statement_20141029.txt,2014-10-29,statement,0.6931471805599453,0.8755950357709131,-1.0986122886681098,0.7559289460184544,0.6931471805599453,0.6900655593423543,0.0,0.0,-0.6931471805599453,0.7071067811865476,0.6931471805599453,0.7071067811865476,0.6931471805599453,0.8623164985025763,0.7435897435897436,0,1,1,0,0,set()
speeches_aggregated,2014-10-29,speech,-0.6931471805599453,1.3116700213403916,0.6931471805599453,0.0,-0.6931471805599453,0.9910312089651149,-2.833213344056216,0.6522245206957689,-3.6888794541139363,2.657490745648683,-1.9459101490553132,0.5,-4.74493212836325,0.6764505311563208,0.46715367965367965,0,0,5,0,0,set()
FOMCpresconf20141217.pdf,2014-12-17,press_conference_prepared,-1.0986122886681098,0.8111773283374345,-2.0794415416798357,0.7762500258061849,1.3862943611198906,0.9486832980505138,1.3862943611198906,0.894427190999916,-1.0986122886681098,0.5773502691896258,1.0986122886681098,0.5477225575051662,-0.6931471805599453,0.8570027896760926,0.734453781512605,1,0,1,1,0,set()
speeches_aggregated,2014-12-17,speech,-5.662960480135946,2.2146396265352744,0.0,0.0,-0.6931471805599453,0.0,-3.871201010907891,0.0,-14.062889251391532,3.1762917526717906,0.6931471805599453,0.5773502691896258,-14.232788288186931,0.633102936659421,0.40556647890442965,9,1,45,0,0,set()
minutes_20141217.html,2014-12-17,minutes,-1.9459101490553132,0.8337836621061817,-2.6390573296152584,0.7804968785767566,2.1972245773362196,0.8407714027749387,1.791759469228055,0.8954723604329279,1.6094379124341003,0.863352162158219,-2.1972245773362196,0.7302967433402214,-1.6094379124341003,0.8603108844158776,0.7401348178444294,3,1,16,0,0,set()
FOMCpresconf20141217.pdf,2014-12-17,press_conference_qa,-1.6094379124341003,0.0,-2.1972245773362196,0.5144957554275266,-1.0986122886681098,0.0,0.0,0.9883036912035246,-3.091042453358316,0.0,-1.9459101490553132,0.5222329678670935,-2.70805020110221,0.8662512547215901,0.7503912363067293,0,0,8,0,0,set()
statement_20141217.txt,2014-12-17,statement,-1.0986122886681098,0.8333333333333334,0.0,0.7559289460184544,0.0,0.6324555320336759,0.0,0.0,-0.6931471805599453,0.7071067811865476,0.0,0.0,-0.6931471805599453,0.7929614610987591,0.6287878787878788,0,1,1,0,0,set()
speeches_aggregated,2015-01-28,speech,0.0,0.0,0.0,0.0,0.0,0.0,0.0,0.0,-2.1972245773362196,0.5135525910130955,0.0,0.0,-2.1972245773362196,0.5163977794943222,0.2666666666666666,1,0,4,0,0,set()
minutes_20150128.html,2015-01-28,minutes,-1.0986122886681098,0.791193850150671,-3.044522437723423,0.7841903960255623,1.3862943611198906,0.870051290046643,1.0986122886681098,0.8779065458272262,0.0,0.8660254037844386,0.0,0.7071067811865476,-1.791759469228055,0.8425542596687265,0.7098976804859158,7,5,22,1,0,set()
statement_20150128.txt,2015-01-28,statement,-0.6931471805599453,0.8345229603962802,-0.6931471805599453,0.6900655593423541,0.0,0.6324555320336759,0.0,0.0,-0.6931471805599453,0.7071067811865476,0.0,0.0,-1.0986122886681098,0.7507571935295484,0.5636363636363637,0,2,1,1,0,set()
statement_20150318.txt,2015-03-18,statement,-1.0986122886681098,0.7559289460184544,-0.6931471805599453,0.6900655593423541,0.0,0.6324555320336759,0.0,0.0,-0.6931471805599453,0.7071067811865476,0.0,0.0,-1.3862943611198906,0.674948557710553,0.4555555555555556,0,0,0,0,0,set()
FOMCpresconf20150318.pdf,2015-03-18,press_conference_qa,2.9444389791664403,0.8458041235325207,-1.6094379124341003,0.5163977794943223,0.0,0.0,0.0,0.0,0.0,0.0,0.0,0.0,2.70805020110221,0.9091966111910385,0.8266384778012683,2,0,0,0,0,set()
minutes_20150318.html,2015-03-18,minutes,0.6931471805599453,0.8464002851033018,-2.6390573296152584,0.7298577311314224,2.3978952727983707,0.7599605956573483,-2.3978952727983707,0.8489901729263362,1.6094379124341003,0.8750804338835179,0.0,0.8528028654224418,-2.1972245773362196,0.84769692421662,0.718590075326318,5,1,10,1,0,set()
speeches_aggregated,2015-03-18,speech,-6.761572768804056,4.137868014722244,-2.4849066497880004,0.7071067811865476,-1.3862943611198906,0.7071067811865476,-2.995732273553991,0.0,-6.4457198193855785,4.136929211460328,0.6931471805599453,0.0,-8.760575004971438,0.7598410106190161,0.5846598481633029,7,1,33,1,0,set()
FOMCpresconf20150318.pdf,2015-03-18,press_conference_prepared,-1.0986122886681098,0.9574271077563381,-1.791759469228055,0.8997354108424372,1.0986122886681098,0.9816498172140428,-0.6931471805599453,1.0540925533894598,0.0,1.4142135623730951,0.0,1.1547005383792515,-1.791759469228055,0.9254762227411248,0.8565062388591801,0,1,0,1,0,set()
minutes_20150429.html,2015-04-29,minutes,-0.6931471805599453,0.8619447302169194,-2.0794415416798357,0.8335940796430428,-1.791759469228055,0.6772513232461859,-3.258096538021482,0.828408064081296,-0.6931471805599453,0.9145089013302412,0.6931471805599453,0.7037315505489968,-3.4965075614664802,0.841798649057629,0.7086249655552493,7,2,15,0,0,set()
speeches_aggregated,2015-04-29,speech,-1.3682758556172125,2.46428834815197,0.6931471805599452,2.6511587042590126,1.3862943611198906,2.538501512323006,-6.040254711277414,2.6438198792748318,-9.267098705794792,1.8288129100334456,-0.6931471805599452,2.3122685837457917,-9.72913416539135,0.7676506358956194,0.6102904386346633,16,9,34,2,0,set()
statement_20150429.txt,2015-04-29,statement,-0.6931471805599453,0.7527726527090811,-0.6931471805599453,0.6900655593423541,0.0,0.6324555320336759,0.0,0.0,-0.6931471805599453,0.7071067811865476,0.0,0.0,-1.0986122886681098,0.6666666666666666,0.4444444444444444,0,1,0,0,0,set()
statement_20150617.txt,2015-06-17,statement,-0.6931471805599453,0.7527726527090811,-0.6931471805599453,0.6900655593423541,0.0,0.6324555320336759,0.0,0.0,-0.6931471805599453,0.7071067811865476,0.0,0.0,-1.0986122886681098,0.6666666666666666,0.4444444444444444,0,1,0,0,0,set()
FOMCpresconf20150617.pdf,2015-06-17,press_conference_qa,3.1354942159291497,0.502356122102941,0.0,0.0,0.0,0.0,0.0,0.0,0.0,0.0,2.772588722239781,0.5085476277156078,3.1354942159291497,0.4959655541340459,0.2459818308874912,0,0,0,0,0,set()
speeches_aggregated,2015-06-17,speech,-3.1354942159291497,3.0625655792873423,-5.634789603169249,1.724526921781501,-4.499809670330265,1.8530805713556124,-8.725832056527565,1.8338367043709467,-11.869536406860874,6.389179845880118,-2.169053700369523,2.0948191272853616,-15.901919768959704,0.8845096941710678,0.8321584582502837,12,5,52,0,0,set()
minutes_20150617.html,2015-06-17,minutes,1.6094379124341003,0.7634105703517151,-1.6094379124341003,0.8647693836836049,2.995732273553991,0.7767764430723149,2.1972245773362196,0.8666404350414099,-2.0794415416798357,0.8218253010201289,1.6094379124341003,0.7264831572567789,2.3978952727983707,0.8452535619675324,0.7144535840188012,6,4,11,1,0,set()
FOMCpresconf20150617.pdf,2015-06-17,press_conference_prepared,-1.9459101490553132,0.828078671210825,-1.3862943611198906,0.9045340337332909,-1.6094379124341003,0.881917103688197,-1.3862943611198906,0.9759000729485331,-1.0986122886681098,0.0,-1.0986122886681098,0.5773502691896258,-2.4849066497880004,0.8317445171439015,0.6917989417989419,0,0,0,1,0,set()
statement_20150729.txt,2015-07-29,statement,-0.6931471805599453,0.7527726527090811,-0.6931471805599453,0.6900655593423541,0.0,0.6324555320336759,0.0,0.0,-0.6931471805599453,0.7071067811865476,0.0,0.0,-1.0986122886681098,0.6666666666666666,0.4444444444444444,0,1,0,0,0,set()
minutes_20150729.html,2015-07-29,minutes,-1.3862943611198906,0.7893985721473311,-2.772588722239781,0.8336856196874053,2.4849066497880004,0.7591102114254679,-0.6931471805599453,0.8856535916385618,1.6094379124341003,0.8117494675499535,-1.0986122886681098,0.7583952786593614,-1.791759469228055,0.8410179101548255,0.7073111252011901,5,4,14,1,0,set()
speeches_aggregated,2015-07-29,speech,-2.772588722239781,4.22099816704434,-2.772588722239781,1.7245312068045568,0.0,1.5896168138640336,-4.430816798843313,1.7986496462269563,-5.934894195619588,3.536407427823825,2.4849066497880004,1.1221439710799488,-9.469622969906267,0.7686448929659555,0.6064970159453681,14,2,25,0,0,set()
fomcpresconf20150917.pdf,2015-09-17,press_conference_qa,-3.4965075614664802,0.4996193375923262,0.0,0.0,-2.4849066497880004,0.8017837257372732,1.6094379124341003,0.5345224838248488,-1.6094379124341003,0.3110117477759048,-1.6094379124341003,0.36794648440311994,-3.4965075614664802,0.550107277632037,0.30261801690373114,6,0,4,0,0,set()
speeches_aggregated,2015-09-17,speech,2.0794415416798357,0.6504436355879909,-2.9444389791664403,0.7387766471133708,1.0986122886681098,0.8333333333333334,-1.3862943611198906,0.0,-2.5649493574615367,0.5912527648415465,0.6931471805599453,0.6900655593423543,-5.398162701517753,0.6818875226199177,0.4742534301856336,4,3,5,0,0,set()
minutes_20150917.html,2015-09-17,minutes,0.6931471805599453,0.865591849112068,-3.367295829986474,0.7911944770819447,2.4849066497880004,0.8469401940560456,1.6094379124341003,0.8506788201182269,-2.70805020110221,0.8022404524765275,-1.0986122886681098,0.806225774829855,-3.4011973816621555,0.8685379194462453,0.7543581175160123,4,3,20,1,0,set()
fomcpresconf20150917.pdf,2015-09-17,press_conference_prepared,-1.791759469228055,0.8488746876271654,-1.9459101490553132,0.8201995322647243,0.0,1.0,0.6931471805599453,1.0690449676496976,-1.3862943611198906,0.0,0.0,0.816496580927726,-1.9459101490553132,0.8861186483143606,0.7852062588904695,5,1,4,1,0,set()
statement_20150917.txt,2015-09-17,statement,-1.0986122886681098,0.7559289460184544,-1.0986122886681098,0.7071067811865476,-0.6931471805599453,0.6900655593423541,-0.6931471805599453,0.0,-0.6931471805599453,0.7071067811865476,-0.6931471805599453,0.5773502691896258,-1.6094379124341003,0.6741998624632421,0.4545454545454547,0,0,1,0,0,set()
speeches_aggregated,2015-10-28,speech,-5.0875963352323845,3.6226947023654867,-7.1340937211928654,2.9507046575720395,-2.3513752571634776,3.3245414787564176,-1.5040773967762742,2.760943786278937,-10.044987114809828,3.592318460238826,-0.8472978603872033,1.843071894630854,-13.961064390566014,0.728310021924845,0.5464300387605959,14,14,46,1,0,set()
minutes_20151028.html,2015-10-28,minutes,-2.995732273553991,0.7677021009721832,-2.995732273553991,0.8108480750860961,-2.1972245773362196,0.8035923987456072,0.0,0.8838834764831844,-1.9459101490553132,0.8636448071639038,-1.3862943611198906,0.7859052479933759,-3.6635616461296463,0.8446958330388257,0.7135110503531557,7,3,25,1,0,set()
statement_20151028.txt,2015-10-28,statement,-0.6931471805599453,0.7527726527090811,-0.6931471805599453,0.6900655593423541,0.0,0.6324555320336759,0.0,0.0,-0.6931471805599453,0.7071067811865476,0.0,0.0,-1.0986122886681098,0.6666666666666666,0.4444444444444444,0,0,0,0,0,set()
FOMCpresconf20151216.pdf,2015-12-16,press_conference_qa,0.0,0.0,0.0,0.0,3.091042453358316,0.5022472023339227,0.0,0.0,2.4849066497880004,0.0,1.3862943611198906,0.967863055024125,3.58351893845611,0.6393065550165496,0.40871287128712863,0,0,9,0,0,set()
speeches_aggregated,2015-12-16,speech,-11.074606531990986,4.290358252228424,-8.060855752934316,3.3511957482696735,-3.332204510175204,3.946878573761574,-8.525161361065415,3.0966609917552845,-17.72307821304254,3.1086511067334217,-8.147867129923945,2.0969999248266173,-25.469934585207703,0.6719249328144499,0.461235705270307,26,2,98,0,0,set()
minutes_20151216.html,2015-12-16,minutes,-1.6094379124341003,0.8462440736915469,-3.044522437723423,0.8618916073713346,2.70805020110221,0.7745966692414834,2.0794415416798357,0.7991500941724734,-2.70805020110221,0.8106910465827574,-0.6931471805599453,0.747545001596402,-3.044522437723423,0.8493439492134834,0.7213851440655563,6,5,19,0,0,set()
statement_20151216.txt,2015-12-16,statement,-0.6931471805599453,0.8997354108424372,1.0986122886681098,0.816496580927726,0.0,0.816496580927726,0.0,0.0,-0.6931471805599453,0.7071067811865476,0.0,0.7071067811865476,0.6931471805599453,0.8312094145936334,0.6909090909090907,0,0,0,0,0,set()
FOMCpresconf20151216.pdf,2015-12-16,press_conference_prepared,-1.0986122886681098,0.916763786618909,0.0,0.8944271909999159,1.0986122886681098,0.816496580927726,0.6931471805599453,0.9438798074485388,-0.6931471805599453,0.7071067811865476,-1.3862943611198906,0.5477225575051662,-1.0986122886681098,0.8586502757364035,0.7372802960222018,1,3,2,1,0,set()
statement_20160127.txt,2016-01-27,statement,-1.0986122886681098,0.7559289460184544,0.0,0.816496580927726,-0.6931471805599453,0.5773502691896258,0.0,0.0,-0.6931471805599453,0.5773502691896258,-0.6931471805599453,0.447213595499958,-1.0986122886681098,0.7071067811865476,0.5,0,0,0,0,0,set()
speeches_aggregated,2016-01-27,speech,-2.6390573296152584,0.573884981186305,0.6931471805599453,0.7817359599705717,0.0,0.0,-1.3862943611198906,0.5477225575051662,-1.6094379124341003,0.7559289460184545,-0.6931471805599453,0.0,-2.70805020110221,0.6983112011663133,0.4876385336743393,5,1,5,0,0,set()
minutes_20160127.html,2016-01-27,minutes,-1.791759469228055,0.6181709363549142,-2.6390573296152584,0.7846312882516229,2.5649493574615367,0.71542152399075,-2.995732273553991,0.8088134235898624,-3.091042453358316,0.765443934075479,-1.9459101490553132,0.6324555320336759,-4.04305126783455,0.7882504853261142,0.6213388276168545,17,5,28,0,0,set()
statement_20160316.txt,2016-03-16,statement,-0.6931471805599453,0.8345229603962802,-1.3862943611198906,0.7867957924694432,0.6931471805599453,0.9574271077563381,0.6931471805599453,0.7071067811865476,-1.0986122886681098,0.5773502691896258,-1.0986122886681098,0.5773502691896257,-1.6094379124341003,0.7988086367179803,0.6380952380952382,0,0,1,0,0,set()
minutes_20160316.html,2016-03-16,minutes,-1.6094379124341003,0.8001524245036219,-2.5649493574615367,0.8009656008342724,2.70805020110221,0.7917663414126288,1.0986122886681098,0.8387150168556763,1.3862943611198906,0.8268454930564447,-2.0794415416798357,0.7648400075533118,-2.0794415416798357,0.8327052593053094,0.6933980488747225,3,6,27,0,0,set()
FOMCpresconf20160316.pdf,2016-03-16,press_conference_prepared,-2.0794415416798357,0.7371114795831993,0.6931471805599453,0.9438798074485388,1.0986122886681098,1.0327955589886446,0.0,1.0954451150103321,-1.0986122886681098,0.5773502691896257,-1.3862943611198906,0.5,-2.3978952727983707,0.803007033582575,0.6448202959830868,5,3,1,1,0,set()
speeches_aggregated,2016-03-16,speech,-1.9740810260220094,3.4186997201912246,-7.757906208351747,3.4020016775405724,3.1780538303479458,3.701454983674929,-2.1972245773362196,3.5679841150970013,-9.798127036878302,3.0434556225941387,-6.946975992135418,2.5045833444427497,-11.545586247209776,0.7766630668553918,0.6086830405120363,8,7,49,1,0,set()
FOMCpresconf20160316.pdf,2016-03-16,press_conference_qa,-2.9444389791664403,0.0,1.791759469228055,0.6547113367438263,0.0,0.0,1.3862943611198906,0.0,0.0,0.0,0.0,0.0,-2.3978952727983707,0.7638366345900979,0.5834464043419266,10,3,0,0,0,set()
minutes_20160427.html,2016-04-27,minutes,0.0,0.8366600265340756,-3.091042453358316,0.8290515963986873,2.1972245773362196,0.7909747313543117,-2.5649493574615367,0.851433999587501,2.4849066497880004,0.9110547206034044,1.3862943611198906,0.812727700887249,-2.8903717578961645,0.884320688267033,0.7820230796970791,5,4,22,0,0,set()
statement_20160427.txt,2016-04-27,statement,-1.0986122886681098,0.7559289460184544,0.0,0.816496580927726,-0.6931471805599453,0.7071067811865476,0.0,0.0,-0.6931471805599453,0.5773502691896258,-0.6931471805599453,0.5,-1.0986122886681098,0.7071067811865476,0.5,0,0,0,0,0,set()
speeches_aggregated,2016-04-27,speech,-2.4849066497880004,0.6922186552431729,-2.302585092994046,0.8521581672219165,0.0,1.0,-1.791759469228055,0.9334586382051249,-2.0794415416798357,1.0664764660585293,-2.1972245773362196,0.6688000054526371,-3.091042453358316,0.6835537709272992,0.48569587628865973,10,8,20,0,0,set()
FOMCpresconf20160615.pdf,2016-06-15,press_conference_qa,1.6094379124341003,0.0,-3.58351893845611,0.5953812681625569,0.0,0.0,2.3978952727983707,0.511766315719159,0.0,0.0,0.0,0.0,-3.4011973816621555,0.6704015231539909,0.44943820224719105,5,4,0,0,0,set()
statement_20160615.txt,2016-06-15,statement,-1.0986122886681098,0.7559289460184544,0.0,0.816496580927726,-0.6931471805599453,0.7071067811865476,0.0,0.0,-0.6931471805599453,0.5773502691896258,-0.6931471805599453,0.5,-1.0986122886681098,0.7071067811865476,0.5,0,0,0,0,0,set()
minutes_20160615.html,2016-06-15,minutes,-2.0794415416798357,0.6955140813803657,-3.044522437723423,0.7554515674132067,-1.791759469228055,0.7985186133505404,2.0794415416798357,0.8189854839837084,-1.9459101490553132,0.8594892695730867,-1.791759469228055,0.6386663736585051,-3.58351893845611,0.8371528456720463,0.7008248870168049,13,6,22,0,0,set()
speeches_aggregated,2016-06-15,speech,-5.926926025970411,2.6478076212723605,-2.3513752571634776,2.4876188381308673,1.3862943611198904,1.7130872138601783,-3.8712010109078907,1.7724214646236494,-3.1780538303479453,2.3443426416094497,-3.9512437185814275,2.6569116706931815,-11.19238956764737,0.6281067081669907,0.4316835698848919,28,6,32,0,0,set()
FOMCpresconf20160615.pdf,2016-06-15,press_conference_prepared,-2.0794415416798357,0.7274384280931732,0.6931471805599453,0.9540735874430286,1.0986122886681098,0.7703288865196432,-1.0986122886681098,0.5477225575051662,-1.3862943611198906,0.0,-1.3862943611198906,0.5,-2.302585092994046,0.83166499665831,0.6916666666666667,1,2,4,1,0,set()
speeches_aggregated,2016-07-27,speech,-1.0986122886681096,0.7932002689527196,-1.3862943611198906,0.9102589898327995,-1.0986122886681098,0.8249872416568828,-2.8903717578961645,0.6852566815265063,1.3862943611198906,2.0,-2.4849066497880004,0.7183954022841381,-2.1400661634962708,0.9031128874149275,0.825,8,1,7,1,0,set()
minutes_20160727.html,2016-07-27,minutes,0.6931471805599453,0.5242650104380328,0.0,0.0,0.0,0.0,-0.6931471805599453,0.7071067811865476,0.6931471805599453,0.5393598899705937,0.0,0.0,1.0986122886681098,0.5263613559678152,0.277056277056277,1,0,1,0,0,set()
statement_20160727.txt,2016-07-27,statement,-1.0986122886681098,0.7559289460184544,0.0,0.816496580927726,-0.6931471805599453,0.7071067811865476,0.0,0.0,-0.6931471805599453,0.5773502691896258,0.0,0.7071067811865476,-0.6931471805599453,0.7817359599705717,0.6111111111111112,0,0,1,0,0,set()
speeches_aggregated,2016-09-21,speech,-7.171656822768515,1.802826675955532,-3.9120230054281464,1.7794687451226725,-2.772588722239781,2.5096546262401467,-6.29156913955832,2.3502709044455634,-2.995732273553991,1.7849399079044237,-4.8828019225863715,1.9782786844421771,-10.051390182459624,0.7234323230577816,0.5286235558435631,14,8,26,0,0,set()
minutes_20160921.html,2016-09-21,minutes,2.772588722239781,0.8361534203559066,-2.772588722239781,0.7741827783921407,2.833213344056216,0.8511696634152133,2.1972245773362196,0.8198264356651258,0.0,0.816496580927726,-1.3862943611198906,0.7276068751089989,1.6094379124341003,0.8476766988276985,0.7185557857354247,6,5,18,0,0,set()
statement_20160921.txt,2016-09-21,statement,-0.6931471805599453,0.8345229603962802,0.6931471805599453,0.8366600265340756,0.0,1.0,0.0,0.0,-0.6931471805599453,0.5773502691896258,-0.6931471805599453,0.447213595499958,-0.6931471805599453,0.7378647873726218,0.5444444444444445,0,0,0,0,0,set()
FOMCpresconf20160921.pdf,2016-09-21,press_conference_prepared,-1.0986122886681098,0.8323523637957304,1.0986122886681098,0.9816498172140428,0.0,1.0,0.0,1.0,-0.6931471805599453,0.0,-0.6931471805599453,0.5773502691896258,-1.791759469228055,0.8838834764831844,0.78125,1,1,0,1,0,set()
FOMCpresconf20160921.pdf,2016-09-21,press_conference_qa,-1.3862943611198906,0.4031128874149275,2.1972245773362196,0.916996561902623,3.9512437185814275,0.0,0.0,0.0,0.0,0.0,-1.3862943611198906,0.0,4.04305126783455,0.7529531845547628,0.5669384981311587,0,0,4,0,0,set()
minutes_20161102.html,2016-11-02,minutes,0.0,0.7859052479933758,-1.0986122886681098,0.8329477985760191,2.6390573296152584,0.7995141910689447,2.1972245773362196,0.8259266808590714,-2.4849066497880004,0.7628656541356288,-1.791759469228055,0.6691131580686884,1.0986122886681098,0.7974418653364977,0.635913528591353,8,6,7,0,0,set()
statement_20161102.txt,2016-11-02,statement,-0.6931471805599453,0.8345229603962802,0.6931471805599453,0.8366600265340756,0.0,1.0,0.0,0.0,-0.6931471805599453,0.5773502691896258,-0.6931471805599453,0.447213595499958,-0.6931471805599453,0.7378647873726218,0.5444444444444445,0,0,0,0,0,set()
speeches_aggregated,2016-11-02,speech,-7.175234644116398,3.359897824827174,-2.4849066497880004,1.301567831000392,-2.8134107167600364,3.449489742783178,-8.032035314398826,2.390407549629654,-6.873163834212518,4.545298296082738,-3.5835189384561104,2.4593226485852298,-15.157821683101242,0.6638216311281833,0.5109749411562733,20,7,49,0,0,set()
minutes_20161214.html,2016-12-14,minutes,1.0986122886681098,0.8255370803211417,0.0,0.848528137423857,2.995732273553991,0.8048764420434492,3.1780538303479458,0.7660230741222277,-1.9459101490553132,0.8090398349558904,-1.6094379124341003,0.5762081310400609,3.295836866004329,0.8264915402452331,0.6830882660969377,15,9,8,0,0,set()
FOMCpresconf20161214.pdf,2016-12-14,press_conference_qa,-2.772588722239781,0.7751067757631795,-2.995732273553991,0.0,-3.8918202981106265,0.6675100150957771,-2.995732273553991,0.0,0.0,0.0,0.0,0.0,-3.8066624897703196,0.7359313495384643,0.5415949512335053,0,0,4,0,0,set()
statement_20161214.txt,2016-12-14,statement,-0.6931471805599453,0.8997354108424372,0.6931471805599453,0.8366600265340756,0.0,1.0,0.0,0.0,-0.6931471805599453,0.5773502691896258,-0.6931471805599453,0.447213595499958,-0.6931471805599453,0.7817359599705717,0.6111111111111112,0,0,0,0,0,set()
FOMCpresconf20161214.pdf,2016-12-14,press_conference_prepared,1.0986122886681098,0.8006407690254357,-1.6094379124341003,0.8432740427115678,0.6931471805599453,0.8366600265340756,0.0,0.0,0.0,0.0,-0.6931471805599453,0.44721359549995804,-1.3862943611198906,0.8161824833662176,0.6661538461538461,2,0,0,1,0,set()
speeches_aggregated,2016-12-14,speech,-6.0196354240746786,3.4738175788788297,-3.7376696182833684,3.185255794752217,-2.977383134885794,4.918320118049516,-6.6152999277776985,3.534159124270028,-6.089044875446846,5.654473125060329,-8.9126079636709,4.346324761570895,-18.63763615008027,0.7276855237097908,0.5386315938626868,25,7,65,0,0,set()
minutes_20170201.html,2017-02-01,minutes,1.0986122886681098,0.7348237791433793,-1.9459101490553132,0.7947194142390263,2.3978952727983707,0.8086075400626399,2.5649493574615367,0.8461815810522644,1.9459101490553132,0.7120466294652271,1.6094379124341003,0.543492976389406,3.4339872044851463,0.7755763360371427,0.601518653020799,13,7,15,0,0,set()
statement_20170201.txt,2017-02-01,statement,-1.0986122886681098,0.7559289460184544,0.0,0.7071067811865476,-0.6931471805599453,0.5773502691896258,0.0,0.0,-0.6931471805599453,0.5773502691896258,-0.6931471805599453,0.447213595499958,-1.0986122886681098,0.6666666666666666,0.4444444444444444,0,0,0,0,0,set()
speeches_aggregated,2017-02-01,speech,-6.915723448631313,2.353769539489322,-5.2574953720277815,2.2843277554050467,1.9459101490553132,1.4791871742156124,-4.499809670330265,1.709639275601032,-5.575949103146316,1.1144673310231776,-3.688879454113936,1.1852115263304568,-8.99516499031115,0.7366480343811187,0.5463164361706119,23,10,16,0,0,set()
speeches_aggregated,2017-03-15,speech,-5.966146739123692,2.131479961633771,-4.382026634673881,2.9310164479313046,-0.40546510810816416,2.117106835031176,-0.8266785731844679,2.3709910581552935,-1.3862943611198906,2.0384156400677886,1.3862943611198906,2.2202168261938486,-4.3079186625201595,0.6665477485747764,0.4765030219849551,16,5,22,0,0,set()
FOMCpresconf20170315.pdf,2017-03-15,press_conference_qa,-2.995732273553991,0.6085806194501846,-3.58351893845611,0.3073547406047282,2.5649493574615367,0.9841511363197714,-2.70805020110221,0.0,0.0,0.0,0.0,0.0,0.0,0.8918825850158447,0.7954545454545454,6,0,14,0,0,set()
FOMCpresconf20170315.pdf,2017-03-15,press_conference_prepared,1.0986122886681098,0.7432233529572065,-1.6094379124341003,0.7867957924694432,1.0986122886681098,1.0,1.0986122886681098,1.0,0.0,1.4142135623730951,0.0,0.0,0.0,0.7483314773547883,0.56,2,0,1,0,0,set()
statement_20170315.txt,2017-03-15,statement,-1.0986122886681098,0.7559289460184544,0.0,0.7071067811865476,0.0,1.0,0.0,0.0,-0.6931471805599453,0.5773502691896258,-0.6931471805599453,0.447213595499958,-1.0986122886681098,0.6666666666666667,0.44444444444444453,0,0,0,0,0,set()
minutes_20170315.html,2017-03-15,minutes,2.0794415416798357,0.8252294130903182,-1.6094379124341003,0.8131909131805773,2.302585092994046,0.8607344464905626,2.1972245773362196,0.8332080106266567,1.0986122886681098,0.7619182899231915,-0.6931471805599453,0.6804808499819215,2.833213344056216,0.8153726415945477,0.6648325446608707,10,9,10,0,0,set()
statement_20170503.txt,2017-05-03,statement,-1.3862943611198906,0.5345224838248487,-0.6931471805599453,0.44721359549995804,-0.6931471805599453,0.5773502691896258,0.0,0.0,-0.6931471805599453,0.5773502691896258,-0.6931471805599453,0.447213595499958,-1.3862943611198906,0.5,0.25,0,0,0,0,0,set()
minutes_20170503.html,2017-05-03,minutes,1.791759469228055,0.7931042784251368,-2.6390573296152584,0.777489418525016,2.5649493574615367,0.7747802882245634,3.295836866004329,0.7414163399432258,-1.3862943611198906,0.7685557664227722,2.0794415416798357,0.6978023391872253,3.295836866004329,0.8156916141141305,0.6653528093361156,9,6,9,1,0,set()
speeches_aggregated,2017-05-03,speech,-4.718498871295094,2.0513858660317164,-1.0986122886681098,0.5773502691896258,-1.9459101490553132,0.7859052479933758,-0.4054651081081645,1.0327955589886446,-7.421775793644647,4.453209898176265,0.5596157879354227,1.5734484241470827,-8.451395210825805,0.7294184448340152,0.5463699122701614,9,2,20,0,0,set()
minutes_20170614.html,2017-06-14,minutes,2.1972245773362196,0.8501700510170059,-2.995732273553991,0.8187601637400568,2.1972245773362196,0.8328608647145149,2.8903717578961645,0.706306433696128,1.6094379124341003,0.8065338092761842,0.6931471805599453,0.7037315505489968,2.3978952727983707,0.8209346193754405,0.6739336492890995,5,4,9,0,0,set()
statement_20170614.txt,2017-06-14,statement,0.0,0.8660254037844386,0.0,0.7071067811865476,0.0,1.0,0.0,0.0,0.0,0.0,0.0,0.7071067811865476,0.0,0.816496580927726,0.6666666666666666,0,0,0,0,0,set()
FOMCpresconf20170614.pdf,2017-06-14,press_conference_prepared,-1.6094379124341003,0.803431792688493,0.0,1.0,1.791759469228055,0.408248290463863,0.6931471805599453,0.9574271077563381,-0.6931471805599453,0.0,-0.6931471805599453,0.9574271077563381,-1.6094379124341003,0.820375446375544,0.6730158730158731,2,0,1,1,0,set()
speeches_aggregated,2017-06-14,speech,0.916290731874155,2.2874875152220326,-2.1972245773362196,1.6515375258348277,0.0,3.053809994659609,0.6061358035703157,2.1031899268707575,-2.3671236141316165,2.032124299184404,1.3217558399823197,3.0028403554660135,-1.5198257537444133,0.7281375381831551,0.5518305562907649,5,7,15,0,0,set()
FOMCpresconf20170614.pdf,2017-06-14,press_conference_qa,1.3862943611198906,0.7276068751089989,1.0986122886681098,0.5163977794943223,3.091042453358316,0.8099984944279894,0.0,0.0,-2.302585092994046,0.0,0.0,0.0,2.6390573296152584,0.9149636440566123,0.8371584699453553,0,2,0,0,0,set()
statement_20170726.txt,2017-07-26,statement,-1.0986122886681098,0.7071067811865476,-0.6931471805599453,0.44721359549995804,-0.6931471805599453,0.5773502691896258,0.0,0.0,0.0,0.0,0.0,0.7071067811865476,-1.0986122886681098,0.6666666666666667,0.44444444444444453,0,0,0,0,0,set()
speeches_aggregated,2017-07-26,speech,-1.6094379124341003,3.080520638151803,-0.4054651081081645,0.0,-1.0986122886681098,1.0,-0.6931471805599453,0.0,-4.762173934797756,2.1923046869122738,1.0986122886681098,0.0,-5.5731041510140855,0.7556994655172647,0.587727633629273,3,0,29,0,0,set()
minutes_20170726.html,2017-07-26,minutes,-1.0986122886681098,0.7044232543095956,-2.8903717578961645,0.7851852247107508,1.9459101490553132,0.7997747430618447,2.302585092994046,0.8265749715049509,-1.9459101490553132,0.8061633806979014,-0.6931471805599453,0.7378647873726218,-2.302585092994046,0.8281828362894355,0.6858868103244138,8,2,17,0,0,set()
FOMCpresconf20170920.pdf,2017-09-20,press_conference_qa,1.0986122886681098,0.30079260375911915,1.0986122886681098,0.30079260375911915,0.0,0.0,0.0,0.0,-1.6094379124341003,0.4577377082170635,0.0,0.0,-1.0986122886681098,0.410187723187772,0.16825396825396827,0,2,4,0,0,set()
speeches_aggregated,2017-09-20,speech,-1.9095425048844388,2.8019012279097826,-2.1972245773362196,1.4372304581659385,-2.079441541679836,0.6793662204867574,-2.19722457733622,2.222256405869408,-0.810930216216329,3.152400774711996,-0.916290731874155,1.4118732295859058,-5.159055299214529,0.8422560162443686,0.7245969658108905,15,6,19,0,0,set()
FOMCpresconf20170920.pdf,2017-09-20,press_conference_prepared,1.3862943611198906,0.8574929257125442,-1.6094379124341003,0.8432740427115678,0.6931471805599453,0.9574271077563381,0.6931471805599453,0.8366600265340756,-0.6931471805599453,0.0,-0.6931471805599453,0.5773502691896258,-0.6931471805599453,0.8502873077655143,0.7229885057471265,2,0,1,1,0,set()
minutes_20170920.html,2017-09-20,minutes,-1.3862943611198906,0.8751417118804337,-2.9444389791664403,0.7828039057690106,2.70805020110221,0.7940326220490244,2.1972245773362196,0.8198264356651257,2.0794415416798357,0.8177327611676498,0.0,0.6793662204867574,1.3862943611198906,0.8286858742614063,0.6867202782003913,4,6,13,0,0,set()
statement_20170920.txt,2017-09-20,statement,-0.6931471805599453,0.6900655593423543,-0.6931471805599453,0.44721359549995804,-0.6931471805599453,0.5773502691896258,0.0,0.0,0.0,0.0,-0.6931471805599453,0.5,-0.6931471805599453,0.6408699444616557,0.4107142857142857,0,0,0,1,0,set()
minutes_20171101.html,2017-11-01,minutes,1.6094379124341003,0.820375446375544,-2.833213344056216,0.7901388607312956,2.995732273553991,0.7392277101362051,3.044522437723423,0.7960943623504904,1.9459101490553132,0.8959316953281664,-0.6931471805599453,0.5676462121975467,3.258096538021482,0.836023517601641,0.6989353219830213,3,7,13,0,0,set()
speeches_aggregated,2017-11-01,speech,-3.843030133941194,4.163897962405312,-5.703782474656201,2.800240000798813,0.06062462181643502,3.3384667500713268,0.7537718023763804,4.000290261172849,-11.84939770159144,4.262358505330797,-1.3862943611198906,3.537594863515414,-12.235654291599888,0.7406776688186796,0.5682103762982937,35,20,51,1,0,set()
statement_20171101.txt,2017-11-01,statement,-0.6931471805599453,0.6900655593423543,-0.6931471805599453,0.44721359549995804,-0.6931471805599453,0.5773502691896258,0.0,0.0,0.0,0.0,-0.6931471805599453,0.5,-0.6931471805599453,0.6408699444616557,0.4107142857142857,0,0,0,0,0,set()
speeches_aggregated,2017-12-13,speech,-0.6931471805599453,1.4142135623730951,0.0,0.0,1.791759469228055,1.5210007290931806,0.6931471805599453,0.0,-4.969813299576001,1.743756093787462,-1.3862943611198906,0.5477225575051662,-4.4744918623459755,0.7171350549290058,0.5332128740824393,0,1,12,0,0,set()
minutes_20171213.html,2017-12-13,minutes,0.6931471805599453,0.89746506805953,-2.833213344056216,0.7796102922564631,2.6390573296152584,0.7702449681266148,3.4965075614664802,0.6551320439327241,1.0986122886681098,0.7978250577006437,0.6931471805599453,0.6009252125773316,3.295836866004329,0.8220664112398929,0.6757931844888366,5,6,9,0,0,set()
FOMCpresconf20171213.pdf,2017-12-13,press_conference_prepared,1.791759469228055,0.7449463436684921,-1.3862943611198906,0.7862453931068965,1.0986122886681098,0.5773502691896257,1.0986122886681098,0.5773502691896258,0.0,0.0,0.0,1.0,1.3862943611198906,0.8326663997864531,0.6933333333333334,3,0,1,1,0,set()
FOMCpresconf20171213.pdf,2017-12-13,press_conference_qa,-3.4011973816621555,0.6803189796363367,3.258096538021482,0.0,1.6094379124341003,0.0,-3.5553480614894135,0.0,2.995732273553991,0.8971499589146108,0.0,0.0,2.70805020110221,0.9817592233499478,0.9638511726326926,0,11,23,0,0,set()
statement_20171213.txt,2017-12-13,statement,0.0,0.816496580927726,-0.6931471805599453,0.7527726527090811,0.6931471805599453,0.9574271077563381,0.6931471805599453,0.0,0.0,0.0,-0.6931471805599453,0.5,-0.6931471805599453,0.7817359599705717,0.6111111111111112,0,0,0,0,0,set()
statement_20180131.txt,2018-01-31,statement,-1.0986122886681098,0.5163977794943223,-0.6931471805599453,0.44721359549995804,-0.6931471805599453,0.5773502691896258,0.0,0.0,0.0,0.0,-0.6931471805599453,0.5,-1.0986122886681098,0.4879500364742666,0.2380952380952381,0,0,0,0,0,set()
minutes_20180131.html,2018-01-31,minutes,1.791759469228055,0.6582070910784908,-2.1972245773362196,0.6759263694193747,2.6390573296152584,0.7411343853763324,3.6888794541139363,0.5756606247435958,1.6094379124341003,0.8463522060806532,2.1972245773362196,0.5135525910130955,3.871201010907891,0.7553737195626379,0.5705894562058946,13,5,7,0,0,set()
speeches_aggregated,2018-01-31,speech,-1.0986122886681098,0.816496580927726,0.0,0.0,0.0,0.0,-0.6931471805599453,0.0,-1.6094379124341003,0.8090398349558905,0.6931471805599453,0.0,-1.3862943611198906,0.8017837257372732,0.6428571428571429,1,0,2,0,0,set()
FOMCpresconf20180321.pdf,2018-03-21,press_conference_prepared,0.6931471805599453,0.8755950357709131,0.0,1.4142135623730951,0.0,0.0,0.0,1.4142135623730951,0.0,0.0,0.0,1.4142135623730951,1.3862943611198906,0.8660254037844386,0.75,0,0,2,0,0,set()
FOMCpresconf20180321.pdf,2018-03-21,press_conference_qa,2.70805020110221,0.3415650255319866,0.0,0.0,0.0,0.0,0.0,0.0,-3.912023005428146,0.0,3.091042453358316,0.5057805388588732,-2.70805020110221,0.8570374987923709,0.7345132743362832,5,0,2,0,0,set()
speeches_aggregated,2018-03-21,speech,1.0986122886681098,3.365403293584437,-3.1780538303479453,1.968376446393953,1.791759469228055,2.213165831426509,3.1780538303479453,1.8329285951062104,0.6931471805599453,2.0550371757577715,2.3025850929940455,2.39740564262327,3.6888794541139367,0.9218714188775324,0.8520504792826221,4,4,6,1,0,set()
statement_20180321.txt,2018-03-21,statement,0.0,0.816496580927726,0.6931471805599453,0.7527726527090811,0.6931471805599453,0.9574271077563381,0.6931471805599453,0.0,0.0,0.0,0.0,0.7071067811865476,1.0986122886681098,0.7888106377466155,0.6222222222222222,0,0,0,0,0,set()
minutes_20180321.html,2018-03-21,minutes,2.4849066497880004,0.816496580927726,-1.3862943611198906,0.8794486634766248,2.5649493574615367,0.7833494518006403,2.70805020110221,0.8941146181471066,-3.332204510175204,0.7203248742951349,1.791759469228055,0.6859943405700354,0.6931471805599453,0.8791722878102955,0.7729439116535891,5,8,8,0,0,set()
speeches_aggregated,2018-05-02,speech,-2.330755969960742,2.138552497935004,-0.6931471805599452,2.1779761781990685,-1.0986122886681098,1.3713080930148647,-2.0794415416798357,1.8708969735057863,-6.761572768804056,4.883047063355171,-0.916290731874155,1.240175056598717,-8.689464412356692,0.8544788617785659,0.7420989318627194,16,2,33,0,0,set()
statement_20180502.txt,2018-05-02,statement,-1.0986122886681098,0.5163977794943223,-0.6931471805599453,0.5,-0.6931471805599453,0.5773502691896258,0.0,0.0,0.0,0.0,-0.6931471805599453,0.5,-1.0986122886681098,0.4879500364742666,0.2380952380952381,0,0,0,0,0,set()
minutes_20180502.html,2018-05-02,minutes,1.6094379124341003,0.755015436384412,-2.3978952727983707,0.8174196977640124,2.772588722239781,0.6921662203943878,2.6390573296152584,0.7571622216529319,-2.6390573296152584,0.7690092921254537,1.6094379124341003,0.6015852075182383,1.6094379124341003,0.7917977295943095,0.6269436445907033,11,8,10,0,0,set()
statement_20180613.txt,2018-06-13,statement,0.0,1.0,0.0,1.0,0.0,1.0,0.0,0.0,0.0,0.0,0.0,0.0,0.0,0.816496580927726,0.6666666666666666,0,0,0,0,0,set()
FOMCpresconf20180613.pdf,2018-06-13,press_conference_prepared,2.1972245773362196,0.7685331969757722,-1.0986122886681098,0.9718253158075502,-0.6931471805599453,0.0,-1.0986122886681098,1.0,-0.6931471805599453,0.7071067811865476,1.0986122886681098,0.0,2.0794415416798357,0.8221248859286776,0.6758893280632411,0,0,3,1,0,set()
speeches_aggregated,2018-06-13,speech,-3.9889840465642745,2.0548058010810064,-1.791759469228055,0.9195587176978519,1.3862943611198904,0.7952062255644574,0.916290731874155,1.532454485339828,-5.170483995038152,4.197060677169301,-1.0986122886681098,1.5236033621142737,-4.382026634673882,0.6952395377399896,0.4988074516059934,13,3,35,1,0,set()
minutes_20180613.html,2018-06-13,minutes,2.0794415416798357,0.8724011370019897,-1.6094379124341003,0.8101914936669333,3.044522437723423,0.6909974511367444,3.091042453358316,0.7927465071972501,-2.6390573296152584,0.7960687722779223,1.0986122886681098,0.7507571935295483,2.833213344056216,0.837077665862199,0.7006990186853073,4,3,12,1,0,set()
FOMCpresconf20180613.pdf,2018-06-13,press_conference_qa,0.0,0.0,0.0,0.0,2.833213344056216,0.4533362818715847,0.0,0.0,0.0,0.0,0.0,0.0,2.833213344056216,0.3475971786810162,0.12082379862700231,0,0,0,0,0,set()
minutes_20180801.html,2018-08-01,minutes,-2.1972245773362196,0.7362368960396777,-2.1972245773362196,0.8130040650304877,2.772588722239781,0.7622867446578623,2.833213344056216,0.8483581428038152,2.4849066497880004,0.821543761929688,0.6931471805599453,0.7475450015964021,3.044522437723423,0.8189823968708609,0.6707321663843403,11,7,19,0,0,set()
speeches_aggregated,2018-08-01,speech,-0.4700036292457357,1.0245638646895838,0.6931471805599453,0.8837151016885368,2.0149030205422647,0.6538625481582946,1.3862943611198906,0.8944271909999161,-4.867534450455583,2.0612265320951493,-0.6931471805599453,0.0,-2.1465808445174646,0.6777641699115992,0.46582312558890826,7,3,4,0,0,set()
statement_20180801.txt,2018-08-01,statement,-0.6931471805599453,0.5773502691896258,-0.6931471805599453,0.5773502691896258,-0.6931471805599453,0.5773502691896258,0.0,0.0,0.0,0.0,0.0,0.0,-0.6931471805599453,0.5,0.25,0,0,0,0,0,set()
FOMCpresconf20180926.pdf,2018-09-26,press_conference_qa,0.0,0.0,-2.3978952727983707,0.0,0.0,0.0,0.0,0.0,-3.4011973816621555,0.4679011380933327,0.0,0.0,-3.6888794541139363,0.4734320764739994,0.2241379310344828,0,0,0,0,0,set()
speeches_aggregated,2018-09-26,speech,1.6094379124341005,1.5669412851393918,0.5108256237659905,1.6166642073425743,0.2876820724517808,1.467317326279935,3.1780538303479453,1.6384919824742168,0.0,2.352296714337781,-0.2231435513142097,1.02704627669473,1.6739764335716714,0.8186714809590019,0.67044208987943,9,10,12,0,0,set()
minutes_20180926.html,2018-09-26,minutes,2.302585092994046,0.7109393663377318,1.0986122886681098,0.7762058642344918,2.995732273553991,0.6138788892284814,2.0794415416798357,0.8847419745789847,-2.1972245773362196,0.8329377592200172,-1.0986122886681098,0.6030226891555273,1.9459101490553132,0.8406754997999193,0.7067352959638441,7,5,12,0,0,set()
FOMCpresconf20180926.pdf,2018-09-26,press_conference_prepared,0.6931471805599453,0.8366600265340756,0.6931471805599453,0.7071067811865476,0.0,0.0,0.0,0.0,0.0,0.0,-0.6931471805599453,0.5,0.6931471805599453,0.6900655593423541,0.4761904761904761,1,1,1,1,0,set()
statement_20180926.txt,2018-09-26,statement,0.6931471805599453,0.7071067811865476,0.6931471805599453,0.7071067811865476,0.6931471805599453,0.7071067811865476,0.0,0.0,0.0,0.0,0.0,0.0,0.6931471805599453,0.5773502691896258,0.33333333333333337,0,0,0,0,0,set()
speeches_aggregated,2018-11-08,speech,-1.2809338454620647,3.1934020735087665,1.0116009116784803,2.1502103935885963,2.9957322735539913,2.712816451371303,1.3217558399823197,3.9989449429608763,-10.468801361586188,5.428767062290507,3.332204510175204,2.0790186212625192,-5.233045976194813,0.7819703839954483,0.6229432191752338,17,26,16,0,0,set()
statement_20181108.txt,2018-11-08,statement,0.0,0.0,0.0,0.0,0.0,0.0,0.0,0.0,0.0,0.0,0.0,0.0,0.0,0.0,0.0,0,0,0,0,0,set()
minutes_20181108.html,2018-11-08,minutes,1.9459101490553132,0.7182910475465409,-1.791759469228055,0.7134486730024865,3.044522437723423,0.6089059766610502,1.0986122886681098,0.8598801889763129,-3.2188758248682006,0.7918091756375032,-1.3862943611198906,0.6551081335677849,-2.5649493574615367,0.8183926991567593,0.6697666100330859,11,5,18,0,0,set()
speeches_aggregated,2018-12-19,speech,-4.969813299576001,2.5786081568291137,-2.525728644308255,2.424119647901917,3.58351893845611,2.3935598380651024,2.0794415416798357,3.399380019081917,-12.903610174391412,4.369782318207765,-0.15415067982725816,2.040440114519881,-11.65620914903743,0.7293091787310662,0.5446007235854036,10,4,48,1,0,set()
FOMCpresconf20181219.pdf,2018-12-19,press_conference_prepared,1.6094379124341003,0.749603069567329,-0.6931471805599453,0.8997354108424372,0.6931471805599453,0.8366600265340756,1.3862943611198906,0.9105858919765157,0.0,0.0,0.0,0.8944271909999159,1.791759469228055,0.7983117106128328,0.6373015873015874,1,0,2,0,0,set()
FOMCpresconf20181219.pdf,2018-12-19,press_conference_qa,-2.4849066497880004,0.4380187953915666,0.0,0.0,1.9459101490553132,0.0,-1.791759469228055,0.9851843661437779,0.0,0.0,0.0,0.0,-1.791759469228055,0.3958726137803607,0.1567151263412946,35,0,11,0,0,set()
statement_20181219.txt,2018-12-19,statement,0.6931471805599453,0.7071067811865476,0.6931471805599453,0.7071067811865476,0.6931471805599453,0.7071067811865476,0.0,0.0,0.0,0.0,0.0,0.0,0.6931471805599453,0.5773502691896258,0.33333333333333337,0,0,0,0,0,set()
minutes_20181219.html,2018-12-19,minutes,-1.9459101490553132,0.8485281374238571,-2.833213344056216,0.7027819284987272,3.1354942159291497,0.5970814340265321,2.70805020110221,0.7672682483797642,-2.772588722239781,0.8267416062480969,-2.1972245773362196,0.6271629240742259,-2.772588722239781,0.8260292093459382,0.6823242546926758,10,3,22,0,0,set()
FOMCpresconf20190130.pdf,2019-01-30,press_conference_prepared,-1.0986122886681098,0.6538625481582945,-1.0986122886681098,1.0327955589886446,1.0986122886681098,0.0,0.6931471805599453,0.7071067811865476,-0.6931471805599453,0.8997354108424372,-0.6931471805599453,0.7378647873726218,-1.6094379124341003,0.718308002568969,0.5159663865546219,4,0,4,0,0,set()
FOMCpresconf20190130.pdf,2019-01-30,press_conference_qa,0.0,0.0,0.0,0.0,0.0,0.0,0.0,0.0,0.0,0.0,0.0,0.0,0.0,0.0,0.0,0,0,0,0,0,set()
statement_20190130.txt,2019-01-30,statement,-0.6931471805599453,0.7071067811865476,-0.6931471805599453,0.7071067811865476,0.0,0.0,0.0,0.0,-0.6931471805599453,0.7071067811865476,-0.6931471805599453,0.7071067811865476,-0.6931471805599453,0.7071067811865476,0.5,0,0,0,0,0,set()
speeches_aggregated,2019-01-30,speech,-1.3862943611198906,0.5388159060803247,-2.0794415416798357,0.6708203932499369,1.6094379124341003,0.7873265148181361,1.0986122886681096,0.5270462766947299,-1.0986122886681098,1.7071067811865475,-0.6931471805599453,0.752772652709081,-1.3862943611198906,0.8380161570634754,0.7165300546448088,1,1,3,0,0,set()
minutes_20190130.html,2019-01-30,minutes,-2.772588722239781,0.645819570068078,-2.9444389791664403,0.6953428532038591,2.9444389791664403,0.6584933146039914,0.0,0.8528028654224418,-3.4965075614664802,0.7905316420701894,-2.772588722239781,0.682288239221013,-3.9512437185814275,0.7943712465850271,0.6310256774010499,13,3,22,0,0,set()
FOMCpresconf20190320.pdf,2019-03-20,press_conference_prepared,0.0,0.6324555320336759,-1.3862943611198906,0.5477225575051662,0.6931471805599453,0.7071067811865476,0.0,1.0,0.0,0.0,-0.6931471805599453,0.0,-1.6094379124341003,0.716822148161496,0.5138339920948617,1,0,1,0,0,set()
FOMCpresconf20190320.pdf,2019-03-20,press_conference_qa,-1.3862943611198906,0.22340379562211246,0.0,0.0,0.0,0.0,0.0,1.1547005383792515,0.0,0.0,0.0,0.0,-1.3862943611198906,0.3352229184836249,0.11237440507667903,29,0,0,0,0,set()
speeches_aggregated,2019-03-20,speech,-8.958797346140276,3.097780142983733,-5.3471075307174685,2.320360580587204,-0.22314355131421015,2.392623950493826,-6.040254711277415,2.7688214497202734,-3.58351893845611,5.6651207876355505,-4.6443908991413725,3.2078443124894083,-11.833268319661558,0.7512700167113043,0.5753216514111223,11,3,35,2,0,set()
minutes_20190320.html,2019-03-20,minutes,-2.995732273553991,0.6052653582075831,-3.044522437723423,0.7404051375510322,2.3978952727983707,0.7282190812544191,-2.995732273553991,0.8326912640353736,2.772588722239781,0.8336477394314215,-1.6094379124341003,0.7132825035177586,-3.4965075614664802,0.8190836004123626,0.6708979444644789,13,4,16,1,0,set()
statement_20190320.txt,2019-03-20,statement,-0.6931471805599453,0.7071067811865476,-0.6931471805599453,0.7071067811865476,0.0,0.0,0.0,0.0,-0.6931471805599453,0.7071067811865476,-0.6931471805599453,0.7071067811865476,-0.6931471805599453,0.7071067811865476,0.5,0,0,0,0,0,set()
minutes_20190501.html,2019-05-01,minutes,-3.091042453358316,0.6679674809117249,-3.1354942159291497,0.7268306737355188,2.772588722239781,0.6712710620231424,-1.0986122886681098,0.858795166223668,0.0,0.9168313422570846,-1.791759469228055,0.704154339142587,-3.4965075614664802,0.8311318438394547,0.6907801418439717,9,3,19,1,0,set()
FOMCpresconf20190501.pdf,2019-05-01,press_conference_qa,0.0,0.9258200997725514,-2.70805020110221,0.9421382417521512,3.58351893845611,0.0,3.4657359027997265,0.8932127611241382,0.0,0.0,0.0,0.0,3.58351893845611,0.9345524628650209,0.8733883058470764,26,0,0,1,0,set()
FOMCpresconf20190501.pdf,2019-05-01,press_conference_prepared,-1.0986122886681098,0.6966305460192359,-1.791759469228055,0.0,-0.6931471805599453,0.0,0.0,0.0,0.6931471805599453,0.0,-1.0986122886681098,0.5773502691896257,-1.9459101490553132,0.7234178138070235,0.5233333333333333,1,0,1,0,0,set()
speeches_aggregated,2019-05-01,speech,-1.3862943611198906,3.4038998271125416,-1.6094379124341003,0.8660254037844386,2.302585092994046,0.7264831572567789,0.8472978603872034,1.753739510711894,-1.2163953243244934,2.830579914321757,-0.6931471805599453,0.0,1.268511325463507,0.7760096180332534,0.608317987695618,3,1,12,0,0,set()
statement_20190501.txt,2019-05-01,statement,-0.6931471805599453,0.7071067811865476,-0.6931471805599453,0.7071067811865476,0.0,0.0,0.0,0.0,-0.6931471805599453,0.7071067811865476,-0.6931471805599453,0.7071067811865476,-0.6931471805599453,0.7071067811865476,0.5,0,0,0,0,0,set()
speeches_aggregated,2019-06-19,speech,-6.374456799364088,3.977854858173893,-3.912023005428146,4.043147168781829,-5.2574953720277815,2.779429978770631,-7.3777589082278725,3.411890887583191,-12.119730135708108,3.840488625452367,-2.890371757896165,2.2320508075688776,-16.010332250684183,0.6855043034399034,0.4980894336607593,9,3,85,0,0,set()
FOMCpresconf20190619.pdf,2019-06-19,press_conference_qa,-2.833213344056216,0.5022472023339227,-1.0986122886681098,0.3631365196012815,-2.772588722239781,0.8317239361004065,0.0,0.0,0.0,0.0,-1.9459101490553132,0.0,-3.6888794541139363,0.6947857747012907,0.48272727272727267,4,0,8,0,0,set()
statement_20190619.txt,2019-06-19,statement,-0.6931471805599453,0.7071067811865476,-0.6931471805599453,0.5773502691896258,-0.6931471805599453,0.5773502691896258,0.0,0.0,0.0,0.0,0.0,0.0,-0.6931471805599453,0.5773502691896258,0.33333333333333337,2,0,0,0,0,set()
minutes_20190619.html,2019-06-19,minutes,-3.5263605246161616,0.561120942324857,-3.5263605246161616,0.6254250255506524,1.0986122886681098,0.8575836609041332,-3.091042453358316,0.7880305422451542,-2.0794415416798357,0.8966396734266803,-2.9444389791664403,0.4423258684646914,-4.382026634673881,0.799998933264351,0.6399982932240996,17,2,33,0,0,set()
FOMCpresconf20190619.pdf,2019-06-19,press_conference_prepared,-1.3862943611198906,0.7867957924694431,-1.9459101490553132,0.8201995322647243,1.0986122886681098,1.0,-1.0986122886681098,0.7507571935295484,0.0,0.0,-0.6931471805599453,0.7071067811865476,-2.1972245773362196,0.8151785872017603,0.664516129032258,3,0,5,0,0,set()
speeches_aggregated,2019-07-31,speech,-10.044987114809828,3.4543038272078332,-7.293017679772782,4.312337503462838,6.80239476332431,3.118621071071516,-0.6931471805599452,5.251449794955074,0.08004270767353638,2.9346841178451615,-3.1780538303479453,3.0858897594509536,-5.164785973923514,0.8147538156757704,0.6682366630862872,25,1,28,0,0,set()
statement_20190731.txt,2019-07-31,statement,-0.6931471805599453,0.9574271077563381,-1.0986122886681098,0.5773502691896258,-1.0986122886681098,0.5773502691896258,0.0,0.0,0.0,0.0,-0.6931471805599453,0.7071067811865476,-0.6931471805599453,0.9574271077563381,0.9166666666666666,1,0,0,1,0,set()
minutes_20190731.html,2019-07-31,minutes,-3.6888794541139363,0.6229832326059089,-3.4339872044851463,0.7443778346080286,2.6390573296152584,0.7391520892561242,-1.9459101490553132,0.8544412970297783,0.0,0.8618916073713346,-2.5649493574615367,0.6979824404521128,-3.871201010907891,0.8221709515237156,0.6759650735294118,13,2,28,1,0,set()
FOMCpresconf20190731.pdf,2019-07-31,press_conference_qa,0.0,0.0,-2.4849066497880004,0.0,0.0,0.0,-2.4849066497880004,0.4671765921511567,-2.4849066497880004,0.0,2.772588722239781,0.7593448194762537,1.6094379124341003,0.7061450578157011,0.4986408426775399,0,0,54,0,0,set()
FOMCpresconf20190731.pdf,2019-07-31,press_conference_prepared,-1.0986122886681098,0.0,-1.6094379124341003,0.816496580927726,-1.0986122886681098,0.0,-0.6931471805599453,0.5773502691896258,0.0,0.0,-1.0986122886681098,0.5773502691896258,-2.1972245773362196,0.6504436355879909,0.42307692307692313,1,0,2,0,0,set()
FOMCpresconf20190918.pdf,2019-09-18,press_conference_qa,-2.8903717578961645,0.5012300141587652,0.0,0.0,0.0,0.0,0.0,0.0,2.302585092994046,0.9375443251932827,-3.1780538303479458,0.0,-2.70805020110221,0.8914892519934006,0.794753086419753,0,0,0,0,0,set()
minutes_20190918.html,2019-09-18,minutes,-3.6888794541139363,0.7508114311537725,-3.6375861597263857,0.7560658772660261,2.1972245773362196,0.8748094691970764,-2.8903717578961645,0.8710073743395323,-2.0794415416798357,0.8686577059150872,-2.772588722239781,0.6454972243679028,-4.477336814478207,0.8183042008301177,0.6696217650962175,14,2,41,0,0,set()
statement_20190918.txt,2019-09-18,statement,-1.0986122886681098,0.5773502691896258,-1.0986122886681098,0.5773502691896258,-1.0986122886681098,0.5773502691896258,0.0,0.0,0.0,0.0,-0.6931471805599453,0.7071067811865476,-1.0986122886681098,0.5773502691896258,0.33333333333333337,1,0,0,0,0,set()
FOMCpresconf20190918.pdf,2019-09-18,press_conference_prepared,-2.1972245773362196,0.6399404734221844,-1.6094379124341003,0.8432740427115678,1.6094379124341003,0.8090398349558905,0.6931471805599453,0.0,-0.6931471805599453,0.8366600265340756,-0.6931471805599453,0.9574271077563381,-1.791759469228055,0.8742813140471172,0.7643678160919539,1,1,3,1,0,set()
speeches_aggregated,2019-09-18,speech,0.6931471805599453,1.9013873718362753,0.6931471805599453,0.927960727138337,0.0,0.7071067811865476,0.6931471805599453,0.816496580927726,-3.4657359027997265,2.234720252533813,-1.6094379124341003,0.7264831572567789,-3.58351893845611,0.6807477300791362,0.47312526259894677,4,3,13,0,0,set()
speeches_aggregated,2019-10-30,speech,-4.68213122712422,2.6280305933084307,-1.0986122886681098,0.6030226891555273,0.6931471805599453,0.7253576985527025,-1.3862943611198906,0.8660254037844386,-7.44716835960004,3.63997073220298,-1.3862943611198906,2.39740564262327,-9.806095206527479,0.6425116837565417,0.4378305042214817,11,1,18,1,0,set()
statement_20191030.txt,2019-10-30,statement,-0.6931471805599453,0.7071067811865476,-0.6931471805599453,0.7071067811865476,-0.6931471805599453,0.7071067811865476,-0.6931471805599453,0.0,0.0,0.0,0.0,0.0,-0.6931471805599453,0.7071067811865476,0.5,1,0,0,0,0,set()
FOMCpresconf20191030.pdf,2019-10-30,press_conference_qa,2.9444389791664403,0.7636477556680449,-3.6635616461296463,0.6892845001680697,0.0,0.0,1.0986122886681098,0.0,-1.3862943611198906,0.0,-2.9444389791664403,0.0,-3.5263605246161616,0.8534411020224281,0.7283617146212564,0,0,44,1,0,set()
FOMCpresconf20191030.pdf,2019-10-30,press_conference_prepared,-2.0794415416798357,0.6291528696058958,-0.6931471805599453,0.927960727138337,0.6931471805599453,0.5773502691896258,0.0,0.816496580927726,-1.0986122886681098,0.5773502691896258,-0.6931471805599453,0.0,-2.0794415416798357,0.7798878818298873,0.6082251082251082,0,1,1,1,0,set()
minutes_20191030.html,2019-10-30,minutes,-3.7612001156935624,0.6926633632785888,-3.1780538303479458,0.7392277101362051,2.1972245773362196,0.8979694907674796,-2.8903717578961645,0.8743338407865708,-2.8903717578961645,0.7815544605926823,-1.6094379124341003,0.8549819600709617,-4.30406509320417,0.7980451280954496,0.6368760264768826,9,2,36,0,0,set()
minutes_20191211.html,2019-12-11,minutes,-2.70805020110221,0.7071067811865475,-3.295836866004329,0.6904836542364176,1.3862943611198906,0.8794486634766248,-1.9459101490553132,0.9117104644358797,2.833213344056216,0.6575129141874191,-1.791759469228055,0.7334928056269079,-3.044522437723423,0.8188532930339517,0.6705207155125468,5,4,25,1,0,set()
FOMCpresconf20191211.pdf,2019-12-11,press_conference_prepared,-2.1972245773362196,0.6324555320336759,-0.6931471805599453,0.8345229603962802,-0.6931471805599453,0.5773502691896258,-1.3862943611198906,0.0,-0.6931471805599453,1.1547005383792517,-0.6931471805599453,0.5773502691896258,-1.9459101490553132,0.7837638128197257,0.6142857142857141,0,0,3,1,0,set()
FOMCpresconf20191211.pdf,2019-12-11,press_conference_qa,0.0,0.0,-0.6931471805599453,1.0444659357341868,4.204692619390966,0.5019047688023744,0.0,0.0,0.0,0.0,0.0,0.0,4.189654742026425,0.5788621687833008,0.3350814104485066,0,0,0,0,0,set()
statement_20191211.txt,2019-12-11,statement,0.0,0.0,0.0,0.0,0.0,0.0,0.0,0.0,0.0,0.0,0.0,0.0,0.0,0.0,0.0,0,0,0,0,0,set()
speeches_aggregated,2019-12-11,speech,-12.153346746507093,3.0661302327472,-11.040839669520167,3.317671659554579,3.58351893845611,3.198314993522482,-5.3471075307174685,2.4259020696148084,-4.68213122712422,2.8585139707507836,-6.4457198193855785,2.840947490245913,-14.853871655082187,0.725476997656149,0.5333509070287253,13,4,27,2,0,set()
FOMCpresconf20200129.pdf,2020-01-29,press_conference_qa,-4.477336814478207,0.20613306986226757,0.0,0.0,-3.258096538021482,0.0,0.0,0.0,-2.772588722239781,0.7199114009717927,0.0,0.0,-4.634728988229636,0.5228479627430334,0.27336999214454044,0,0,0,0,0,set()
statement_20200129.txt,2020-01-29,statement,0.0,0.0,0.0,0.0,0.0,0.0,0.0,0.0,0.0,0.0,0.0,0.0,0.0,0.0,0.0,0,0,0,0,0,set()
speeches_aggregated,2020-01-29,speech,-2.4849066497880004,1.7573430658420328,-0.6931471805599453,0.0,2.0794415416798357,0.8702602720890289,3.1780538303479453,1.7319468306021695,-2.159484249353372,3.468729209396159,0.6931471805599453,0.7071067811865476,-0.9162907318741553,0.7772443482996975,0.6112416505063564,3,1,9,0,0,set()
minutes_20200129.html,2020-01-29,minutes,-2.995732273553991,0.7199570833615748,-3.2188758248682006,0.6704268017695296,1.0986122886681098,0.9191951838952687,-1.3862943611198906,0.9065534073951574,-2.302585092994046,0.8607504271284837,-2.0794415416798357,0.7302967433402214,-3.2188758248682006,0.8389378651237266,0.703816741538356,10,3,27,1,0,set()
FOMCpresconf20200129.pdf,2020-01-29,press_conference_prepared,-0.6931471805599453,0.927960727138337,0.0,0.0,0.0,0.0,0.0,0.0,0.0,0.0,0.0,0.0,-0.6931471805599453,0.927960727138337,0.8611111111111112,0,0,0,1,0,set()
FOMCpresconf20200303.pdf,2020-03-03,press_conference_qa,-2.772588722239781,0.3321055820775357,-2.4849066497880004,0.0,0.0,0.0,-3.295836866004329,0.0,-1.6094379124341003,0.49236596391733095,0.0,0.0,-3.6375861597263857,0.4136880894317002,0.1711378353376504,0,0,0,1,0,set()
FOMCpresconf20200303.pdf,2020-03-03,press_conference_prepared,-1.3862943611198906,0.0,0.0,0.0,0.0,0.0,-1.0986122886681098,0.0,0.0,0.0,-1.3862943611198906,0.5,-1.791759469228055,0.408248290463863,0.16666666666666669,1,0,1,0,0,set()
speeches_aggregated,2020-03-03,speech,-6.674561391814427,1.7432188483617692,-2.772588722239781,0.7920824002467883,1.3862943611198906,0.8660254037844386,-2.0794415416798357,0.9161253813129043,-4.813809051099419,4.172722070229247,0.4054651081081645,0.7378647873726218,-7.2236082284006145,0.7476851595002386,0.6125252362017068,7,0,12,1,0,set()
statement_20200303.txt,2020-03-03,statement,-0.6931471805599453,0.0,0.0,0.0,0.0,0.0,0.0,0.0,0.0,0.0,-0.6931471805599453,0.0,-0.6931471805599453,,,0,0,0,0,0,set()
minutes_20200315.html,2020-03-15,minutes,-3.871201010907891,0.3752115997105226,-2.8903717578961645,0.42893202722888857,-1.0986122886681098,0.8522416262267904,-3.091042453358316,0.7735737130957593,-4.248495242049359,0.6918192403989201,-2.995732273553991,0.6672040844618538,-4.9344739331306915,0.7039025394672175,0.49547878506839765,14,0,40,1,0,set()
FOMCpresconf20200315.pdf,2020-03-15,press_conference_qa,-3.4965075614664802,0.49379311463208475,0.0,0.0,0.0,0.0,-1.0986122886681098,0.0,-0.6931471805599453,1.0084389681792214,0.0,0.0,-1.3862943611198906,0.8514281954391665,0.7249299719887954,3,0,0,0,0,set()
FOMCpresconf20200315.pdf,2020-03-15,press_conference_prepared,-2.5649493574615367,0.0,-1.0986122886681098,0.0,-1.0986122886681098,0.0,-1.0986122886681098,0.0,-2.1972245773362196,0.6324555320336759,0.0,0.0,-2.70805020110221,0.5,0.25,1,0,2,1,0,set()
statement_20200315.txt,2020-03-15,statement,-2.3978952727983707,0.30151134457776363,-1.3862943611198906,0.5,-1.0986122886681098,0.5773502691896258,-1.0986122886681098,0.0,-1.9459101490553132,0.37796447300922725,-0.6931471805599453,0.7071067811865476,-2.3978952727983707,0.30151134457776363,0.0909090909090909,0,0,1,1,0,set()
FOMCpresconf20200429.pdf,2020-04-29,press_conference_prepared,-2.4849066497880004,0.8255779474818966,0.0,0.0,0.0,1.0,-1.3862943611198906,0.0,-2.3978952727983707,0.5991446895152781,-1.3862943611198906,0.0,-2.833213344056216,0.7901510136288028,0.6243386243386245,0,0,4,1,0,set()
minutes_20200429.html,2020-04-29,minutes,-3.091042453358316,0.7462518119793855,-3.044522437723423,0.5256931389634797,-3.091042453358316,0.5063696835418333,-4.060443010546419,0.4148679122508568,-3.58351893845611,0.8992810236815948,-2.5649493574615367,0.6761234037828133,-4.859812404361672,0.7712203726334893,0.5947808631649381,11,0,43,1,0,set()
speeches_aggregated,2020-04-29,speech,-2.0794415416798357,0.8090398349558904,0.0,0.0,0.0,1.4142135623730951,-1.3862943611198906,0.0,-1.0986122886681098,1.0,0.0,1.1547005383792515,-1.791759469228055,0.985184366143778,0.9705882352941176,0,0,1,1,0,set()
statement_20200429.txt,2020-04-29,statement,-1.791759469228055,0.408248290463863,-1.3862943611198906,0.5,-1.0986122886681098,0.5773502691896258,-0.6931471805599453,0.0,-1.0986122886681098,0.5773502691896258,-1.0986122886681098,0.5773502691896258,-1.791759469228055,0.408248290463863,0.16666666666666669,0,0,1,1,0,set()
FOMCpresconf20200429.pdf,2020-04-29,press_conference_qa,-4.07753744390572,0.21803894974650143,0.0,0.0,-3.4339872044851463,0.0,0.0,0.0,-1.9459101490553132,1.0,1.3862943611198906,0.0,-3.912023005428146,0.8144944775248603,0.6634012539184951,3,0,2,0,0,set()
minutes_20200610.html,2020-06-10,minutes,-3.7376696182833684,0.5771808340372787,-3.332204510175204,0.4646601886422926,-3.044522437723423,0.6064784348631227,-3.332204510175204,0.8184200148791065,-2.1972245773362196,0.8661762136077471,-2.6390573296152584,0.6929348671835833,-4.48863636973214,0.7767588508902048,0.6033543124362715,13,2,29,1,0,set()
statement_20200610.txt,2020-06-10,statement,-1.6094379124341003,0.5163977794943223,-1.0986122886681098,0.5773502691896257,-0.6931471805599453,0.5773502691896258,-0.6931471805599453,0.0,-1.0986122886681098,0.5773502691896258,-0.6931471805599453,0.5773502691896258,-1.6094379124341003,0.5163977794943223,0.2666666666666667,0,0,1,1,0,set()
FOMCpresconf20200610.pdf,2020-06-10,press_conference_prepared,-0.6931471805599453,0.7071067811865476,0.0,0.0,0.0,0.0,0.0,0.0,0.0,0.0,0.0,1.0,0.0,0.816496580927726,0.6666666666666666,2,0,0,1,0,set()
speeches_aggregated,2020-06-10,speech,-2.1972245773362196,0.7559289460184544,-1.0986122886681098,0.0,-1.6094379124341003,0.816496580927726,-2.1972245773362196,0.0,-2.0794415416798357,0.3535533905932738,-3.091042453358316,0.48795003647426666,-4.060443010546419,0.6115420998078532,0.37398373983739835,4,0,7,1,0,set()
FOMCpresconf20200610.pdf,2020-06-10,press_conference_qa,-1.3862943611198906,0.6977122711211273,-2.0794415416798357,0.0,1.9459101490553132,0.0,0.0,0.0,-3.828641396489095,0.8937844117641814,-2.833213344056216,0.0,-4.143134726391533,0.8635795752136595,0.7457696827262046,0,0,0,0,0,set()
FOMCpresconf20200729.pdf,2020-07-29,press_conference_qa,-2.0794415416798357,0.34459195570214224,0.0,0.0,0.0,0.0,0.0,0.0,2.5649493574615367,0.0,0.0,0.0,1.791759469228055,0.47699554764719504,0.2275247524752475,0,0,0,0,0,set()
minutes_20200729.html,2020-07-29,minutes,-3.1780538303479458,0.7101068234288922,-2.833213344056216,0.6349504353380415,-2.6390573296152584,0.721060008759246,-2.8903717578961645,0.8721893634494093,-3.1780538303479458,0.877896146186583,-2.6390573296152584,0.5882299658752715,-4.31748811353631,0.8318679085388152,0.6920042172567425,15,0,27,1,0,set()
speeches_aggregated,2020-07-29,speech,-4.007333185232471,1.5697286241230497,-3.465735902799726,1.5693757487104687,-3.091042453358316,1.471777460189542,-2.8903717578961645,1.7947880328634738,-2.484906649788,2.516939690744523,-3.58351893845611,2.1347036623954483,-5.9168756901169095,0.8308693863418639,0.6935964196833762,6,1,24,1,0,set()
statement_20200729.txt,2020-07-29,statement,-1.791759469228055,0.408248290463863,-1.3862943611198906,0.5,-1.0986122886681098,0.5773502691896258,-0.6931471805599453,0.0,-1.0986122886681098,0.5773502691896258,-1.0986122886681098,0.5773502691896258,-1.791759469228055,0.408248290463863,0.16666666666666669,0,0,1,1,0,set()
speeches_aggregated,2020-09-16,speech,-9.336091577281744,2.456445371237519,-6.269096283706261,2.3441771569785237,-1.897119984885881,2.221318276294292,0.6931471805599453,3.4670857851397656,-2.890371757896165,3.292499423609174,-4.0943445622221,2.818979534201022,-10.019669306825538,0.6681258018997651,0.5485844186364534,6,2,22,3,0,set()
FOMCpresconf20200916.pdf,2020-09-16,press_conference_prepared,-2.6390573296152584,0.4608885989624768,-1.3862943611198906,0.5477225575051662,-1.3862943611198906,0.5477225575051662,-0.6931471805599453,0.0,-1.3862943611198906,0.9161253813129043,-1.9459101490553132,0.4629100498862757,-2.833213344056216,0.6360490582953524,0.4045584045584046,1,0,0,1,0,set()
statement_20200916.txt,2020-09-16,statement,-1.6094379124341003,0.5345224838248488,-1.3862943611198906,0.5,-1.0986122886681098,0.5773502691896258,0.0,0.0,-0.6931471805599453,0.0,-0.6931471805599453,0.7071067811865476,-1.791759469228055,0.5175491695067657,0.26785714285714285,0,0,1,1,0,set()
minutes_20200916.html,2020-09-16,minutes,-3.091042453358316,0.7276731386558881,-3.044522437723423,0.8532465073003033,-2.3978952727983707,0.8801300357856434,1.0986122886681098,0.8703170586535027,-2.0794415416798357,0.8015602320114714,-2.302585092994046,0.7109393663377318,-3.6109179126442243,0.8250489369939411,0.6807057484348321,8,4,27,1,0,set()
FOMCpresconf20200916.pdf,2020-09-16,press_conference_qa,-2.1972245773362196,0.869614257144486,2.5649493574615367,0.937611582221273,-2.5649493574615367,0.0,0.0,0.0,-1.0986122886681098,0.0,0.0,0.0,1.3862943611198906,0.9479079131248488,0.8985294117647059,0,0,2,0,0,set()
FOMCpresconf20201105.pdf,2020-11-05,press_conference_prepared,-1.0986122886681098,0.5773502691896257,0.0,0.0,-0.6931471805599453,0.0,-0.6931471805599453,0.0,0.0,1.0,-1.0986122886681098,0.0,-1.3862943611198906,0.7867957924694431,0.619047619047619,0,0,0,1,0,set()
speeches_aggregated,2020-11-05,speech,-15.650789181105825,5.908397713481787,-8.438149984075785,2.638078575697757,-8.237479288613633,2.411636268902373,-3.5710964184575524,5.477694567698508,-6.7821920560067905,7.748601177048329,-6.579251212010101,3.9937510251947304,-15.84449634915557,0.8306425956927299,0.7129082638766311,14,0,54,1,0,set()
minutes_20201105.html,2020-11-05,minutes,-3.258096538021482,0.6608811942346259,-2.9444389791664403,0.6214848238238695,-2.833213344056216,0.7690239589651063,-1.3862943611198906,0.9075557694163321,-3.044522437723423,0.8554186617564957,-2.833213344056216,0.5723943812052383,-4.23410650459726,0.8196983584421068,0.6719053988326846,18,2,36,1,0,set()
FOMCpresconf20201105.pdf,2020-11-05,press_conference_qa,-3.784189633918261,0.8485132382879698,0.0,0.0,-1.0986122886681098,0.0,-1.3862943611198906,0.5477225575051661,-2.8903717578961645,0.9817194451757727,0.0,0.0,-3.5553480614894135,0.8975540447254924,0.8056032632030913,0,0,3,0,0,set()
statement_20201105.txt,2020-11-05,statement,-1.6094379124341003,0.5345224838248488,-1.3862943611198906,0.5,-1.0986122886681098,0.5773502691896258,0.0,0.0,-0.6931471805599453,0.0,-0.6931471805599453,0.7071067811865476,-1.791759469228055,0.5175491695067657,0.26785714285714285,0,0,1,1,0,set()
speeches_aggregated,2020-12-16,speech,-7.426549072397304,1.7375755609631507,-2.0794415416798357,0.7440238091428449,-2.1972245773362196,2.230710143300821,-3.6888794541139363,1.1547005383792517,-6.553933404025811,3.325552918801575,-0.2876820724517808,0.0,-11.39306026310952,0.6610123471033056,0.5317926996445789,7,0,19,1,0,set()
FOMCpresconf20201216.pdf,2020-12-16,press_conference_prepared,-2.6390573296152584,0.5622957145383871,-1.6094379124341003,0.7867957924694431,-1.791759469228055,0.0,-1.0986122886681098,0.5773502691896258,-1.3862943611198906,0.8660254037844387,-1.3862943611198906,0.5477225575051662,-2.70805020110221,0.7060180864974626,0.4984615384615385,1,0,1,1,0,set()
minutes_20201216.html,2020-12-16,minutes,-2.8903717578961645,0.6495551723463697,-2.3978952727983707,0.895778630487862,-2.1972245773362196,0.867118180753892,-0.6931471805599453,0.8883530851366185,2.5649493574615367,0.8335616125687708,-2.4849066497880004,0.6015852075182383,-2.772588722239781,0.856164340280031,0.7330173775671406,9,5,20,1,0,set()
FOMCpresconf20201216.pdf,2020-12-16,press_conference_qa,3.8501476017100584,0.4630898556999651,0.0,0.0,-1.6094379124341003,0.38069349381344053,2.1972245773362196,0.0,2.5649493574615367,0.7371045649386624,2.9444389791664403,0.506009406240056,4.343805421853684,0.7185529959301534,0.516318407960199,0,0,10,0,0,set()
statement_20201216.txt,2020-12-16,statement,-1.791759469228055,0.5175491695067657,-1.6094379124341003,0.44721359549995804,-1.3862943611198906,0.5,0.0,0.0,-0.6931471805599453,0.0,-0.6931471805599453,0.7071067811865476,-1.9459101490553132,0.5,0.25,0,0,1,1,0,set()
FOMCpresconf20210127.json,2021-01-27,press_conference_qa,-1.0986122886681098,0.0,0.0,0.0,-3.367295829986474,0.455880752454893,-3.7612001156935624,0.7417321652464086,0.0,0.0,-1.0986122886681098,0.0,-4.290459441148391,0.6441470120510754,0.4149253731343283,0,0,0,0,0,set()
FOMCpresconf20210127.json,2021-01-27,press_conference_prepared,-2.4849066497880004,0.5789342235218394,-2.0794415416798357,0.6749485577105528,-1.3862943611198906,0.894427190999916,-1.0986122886681098,1.0,-1.0986122886681098,0.0,0.0,1.1547005383792515,-2.4849066497880004,0.8135752957807666,0.6619047619047618,0,0,1,1,0,set()
speeches_aggregated,2021-01-27,speech,-3.295836866004329,0.657951694959769,-3.044522437723423,0.7051064751106303,-2.1972245773362196,0.7302967433402214,0.0,0.0,-2.8903717578961645,1.3314252314721633,-1.0986122886681098,0.0,-6.4457198193855785,0.6611253162505514,0.45410979625118264,3,0,11,0,0,set()
minutes_20210127.html,2021-01-27,minutes,-2.6390573296152584,0.6437781874294353,-2.0794415416798357,0.8516175933202209,-2.70805020110221,0.6877614942811738,-2.0794415416798357,0.9128709291752769,2.302585092994046,0.8455233446018767,-2.6390573296152584,0.7444681351359536,-3.1780538303479458,0.8447909860950752,0.7136718101874895,6,5,14,1,0,set()
statement_20210127.txt,2021-01-27,statement,-1.791759469228055,0.5175491695067657,-1.6094379124341003,0.44721359549995804,-1.3862943611198906,0.5,0.0,0.0,-0.6931471805599453,0.0,-0.6931471805599453,0.7071067811865476,-1.9459101490553132,0.5,0.25,0,0,1,1,0,set()
statement_20210317.txt,2021-03-17,statement,-1.791759469228055,0.5175491695067657,-1.6094379124341003,0.44721359549995804,-1.3862943611198906,0.5,0.0,0.0,-0.6931471805599453,0.0,-0.6931471805599453,0.7071067811865476,-1.9459101490553132,0.5,0.25,0,0,1,1,0,set()
speeches_aggregated,2021-03-17,speech,-8.55333223803211,2.9642181747997807,-3.332204510175204,2.30186804449247,-7.544332108053688,2.411143431668535,-0.6931471805599453,1.7071067811865475,-6.309918278226517,2.585669580870584,-1.0986122886681098,2.3086407533730107,-14.19063191583981,0.724016975914087,0.5398674583040041,15,7,24,2,0,set()
minutes_20210317.html,2021-03-17,minutes,-2.6390573296152584,0.7067932778321059,-1.9459101490553132,0.9043305618976868,-2.3978952727983707,0.8472325715546059,2.995732273553991,0.8408409924953906,-1.3862943611198906,0.8454347752144938,-1.791759469228055,0.7863975156570492,1.791759469228055,0.8541162629562705,0.729514590646385,10,3,16,1,0,set()
FOMCpresconf20210317.json,2021-03-17,press_conference_prepared,-2.1972245773362196,0.6466697906828633,-2.1972245773362196,0.7679476477883045,-1.0986122886681098,0.8944271909999159,-1.0986122886681098,0.0,-0.6931471805599453,0.0,-0.6931471805599453,0.0,-2.5649493574615367,0.6859943405700354,0.47058823529411764,0,1,0,1,0,set()
FOMCpresconf20210317.json,2021-03-17,press_conference_qa,-3.258096538021482,0.2668802563418119,-2.1972245773362196,0.9888264649460884,-1.6094379124341003,0.0,4.276666119016055,0.0,1.6094379124341003,0.0,0.0,0.0,3.8918202981106265,0.8646577427798476,0.7476330121491411,27,27,0,0,0,set()
FOMCpresconf20210428.json,2021-04-28,press_conference_qa,-3.7376696182833684,0.730157147287462,0.0,0.9428090415820634,2.1972245773362196,0.8516306272526403,-3.4339872044851463,0.0,2.5649493574615367,0.9236745114890867,0.0,0.0,-2.302585092994046,0.8612305311210101,0.7417180277349771,2,2,0,0,0,set()
speeches_aggregated,2021-04-28,speech,-6.269096283706261,2.006259254131339,0.13353139262452263,2.4222165562359583,-1.791759469228055,1.3340457504344916,-6.011267174404162,0.7725447539304094,-9.323669057283185,2.26394848791063,-3.149882953381249,1.0641203369994885,-14.295433576990447,0.676325145576772,0.4840443975013781,13,7,42,1,0,set()
minutes_20210428.html,2021-04-28,minutes,-2.8903717578961645,0.6630428721735391,-1.9459101490553132,0.8929926637077694,-0.6931471805599453,0.9040412338962589,2.5649493574615367,0.7661883152417266,0.0,0.8734337971123766,-2.0794415416798357,0.8221248859286776,-2.4849066497880004,0.8467391472913698,0.716967183555716,6,8,24,1,0,set()
statement_20210428.txt,2021-04-28,statement,-1.791759469228055,0.5175491695067657,-1.6094379124341003,0.44721359549995804,-1.3862943611198906,0.5,0.0,0.0,-0.6931471805599453,0.0,-0.6931471805599453,0.7071067811865476,-1.9459101490553132,0.5,0.25,0,0,1,1,0,set()
FOMCpresconf20210428.json,2021-04-28,press_conference_prepared,-1.9459101490553132,0.0,-1.3862943611198906,0.8944271909999161,-1.6094379124341003,0.0,0.0,0.0,-0.6931471805599453,0.0,-1.0986122886681098,0.0,-1.9459101490553132,0.7071067811865476,0.5,0,0,0,1,0,set()
statement_20210616.txt,2021-06-16,statement,-1.791759469228055,0.5175491695067657,-1.6094379124341003,0.44721359549995804,-1.3862943611198906,0.5,0.0,0.0,-0.6931471805599453,0.0,0.0,0.0,-1.791759469228055,0.5270462766947299,0.2777777777777778,0,0,1,1,0,set()
FOMCpresconf20210616.json,2021-06-16,press_conference_prepared,-1.6094379124341003,0.8313702367707394,-1.3862943611198906,0.7867957924694431,-1.6094379124341003,0.0,0.6931471805599453,0.0,-0.6931471805599453,0.0,0.0,1.0954451150103321,-1.6094379124341003,0.8528028654224418,0.7272727272727273,1,0,2,1,0,set()
speeches_aggregated,2021-06-16,speech,-6.51025834052315,3.113533345505397,-1.7917594692280552,3.8254143301409202,-9.931588982647003,4.322603030951211,2.3978952727983707,5.481502831131002,0.06453852113757108,3.087019090150849,0.3772942311414682,3.650295855624404,-4.3521736715242,0.8354346897841356,0.735305494588076,27,15,53,0,0,set()
minutes_20210616.html,2021-06-16,minutes,-2.4849066497880004,0.7195751951939849,-2.0794415416798357,0.8862533199992274,1.9459101490553132,0.8461141122266492,3.1354942159291497,0.7574545357560238,2.995732273553991,0.8556291440228249,0.0,0.6859943405700354,3.6635616461296463,0.831682233984576,0.6916953383255751,9,4,10,1,0,set()
FOMCpresconf20210616.json,2021-06-16,press_conference_qa,-3.6109179126442243,0.5295033822136559,-2.1972245773362196,0.572622654147994,2.302585092994046,0.4080324573583921,-3.2188758248682006,0.5050469916434668,0.0,0.0,2.9444389791664403,0.6261202584752307,-3.332204510175204,0.6998468185254355,0.4897855694001739,17,0,0,1,0,set()
FOMCpresconf20210728.json,2021-07-28,press_conference_prepared,-2.1972245773362196,0.6324555320336759,-1.0986122886681098,0.8864052604279183,-1.3862943611198906,0.0,0.0,0.0,-1.0986122886681098,0.0,-1.0986122886681098,0.7559289460184544,-2.0794415416798357,0.7162311170195086,0.512987012987013,0,1,2,1,0,set()
FOMCpresconf20210728.json,2021-07-28,press_conference_qa,0.0,0.0,-1.6094379124341003,1.0056905690281348,3.1354942159291497,0.884977875829653,-1.0986122886681098,0.28232985128663995,0.0,0.0,0.0,0.0,3.4011973816621555,0.8519343834254202,0.7257921936624508,2,40,2,0,0,set()
statement_20210728.txt,2021-07-28,statement,-1.791759469228055,0.5270462766947299,-1.6094379124341003,0.44721359549995804,-1.3862943611198906,0.5,0.0,0.0,-0.6931471805599453,0.0,0.0,0.0,-1.791759469228055,0.5270462766947299,0.2777777777777778,0,0,1,1,0,set()
speeches_aggregated,2021-07-28,speech,-1.0986122886681098,0.0,1.791759469228055,0.7559289460184546,-1.9459101490553132,0.7762500258061849,0.0,0.8944271909999159,-2.6390573296152584,2.1513475728866123,-1.791759469228055,0.5773502691896257,-5.19295685089021,0.7991592224302569,0.6415770609318997,1,2,8,0,0,set()
minutes_20210728.html,2021-07-28,minutes,-2.3978952727983707,0.7593263966019992,-1.3862943611198906,0.9035876206739965,0.6931471805599453,0.8115330298797815,1.3862943611198906,0.8393172471095459,-1.791759469228055,0.8584279966482646,-1.791759469228055,0.6580053301400783,-2.5649493574615367,0.833613446346834,0.6949113779302458,10,8,30,1,0,set()
speeches_aggregated,2021-09-22,speech,-5.375278407684165,2.6406357414391453,-3.871201010907891,2.4253360825545514,-1.6094379124341003,2.244232356751179,0.6931471805599453,3.304980182180647,-3.8712010109078907,0.7451598203705947,-2.772588722239781,3.242403916648119,-7.2640301428995295,0.6900781003679167,0.5815279585900869,6,9,13,1,0,set()
FOMCpresconf20210922.json,2021-09-22,press_conference_qa,2.8903717578961645,0.824501640789771,0.0,0.0,0.0,0.0,0.0,0.0,0.0,0.0,0.0,0.0,2.8903717578961645,0.824501640789771,0.6798029556650246,0,0,0,0,0,set()
statement_20210922.txt,2021-09-22,statement,-1.6094379124341003,0.7264831572567789,-1.6094379124341003,0.44721359549995804,-1.3862943611198906,0.5,0.0,0.0,-0.6931471805599453,0.0,0.0,0.0,-1.6094379124341003,0.674199862463242,0.4545454545454545,0,0,1,1,0,set()
minutes_20210922.html,2021-09-22,minutes,-0.6931471805599453,0.8658158899544016,-1.3862943611198906,0.925456961849277,1.9459101490553132,0.8324825589070041,-2.6390573296152584,0.8360499936228303,1.6094379124341003,0.8268336266467676,-1.3862943611198906,0.6882472016116853,1.3862943611198906,0.8461328413666609,0.7159407852392189,7,12,19,1,0,set()
FOMCpresconf20210922.json,2021-09-22,press_conference_prepared,-1.3862943611198906,0.8925823753039809,0.6931471805599453,0.9438798074485388,-1.6094379124341003,0.816496580927726,0.0,0.0,-1.0986122886681098,0.0,-1.0986122886681098,0.9189365834726815,-1.791759469228055,0.8980265101338747,0.8064516129032261,2,2,3,0,0,set()
statement_20211103.txt,2021-11-03,statement,-1.6094379124341003,0.8090398349558905,-1.3862943611198906,0.5,-1.0986122886681098,0.5773502691896258,0.0,0.0,-0.6931471805599453,0.0,0.0,1.0,-1.791759469228055,0.792961461098759,0.6287878787878787,0,0,1,1,0,set()
FOMCpresconf20211103.json,2021-11-03,press_conference_prepared,0.6931471805599453,0.8623164985025763,-1.0986122886681098,0.816496580927726,-1.0986122886681098,0.0,0.0,0.0,-0.6931471805599453,0.0,1.3862943611198906,0.0,0.0,0.816496580927726,0.6666666666666666,2,0,0,1,0,set()
FOMCpresconf20211103.json,2021-11-03,press_conference_qa,2.6390573296152584,0.6708203932499369,-1.791759469228055,0.0,3.4657359027997265,0.7303084707759819,0.0,0.0,0.0,0.0,0.0,0.0,3.7376696182833684,0.7228865298682325,0.5225649350649351,50,0,0,0,0,set()
minutes_20211103.html,2021-11-03,minutes,-1.0986122886681098,0.8249872416568828,1.3862943611198906,0.9764514564526547,1.3862943611198906,0.8847364696279086,-2.302585092994046,0.9042418243786352,2.0794415416798357,0.8746785682804151,0.6931471805599453,0.75955452531275,2.3978952727983707,0.8833380660776434,0.7802861389817912,10,11,18,1,0,set()
speeches_aggregated,2021-11-03,speech,-1.021651247531981,3.213029348926131,0.7801585575495749,2.7021199497720163,-0.916290731874155,2.568241839418038,-5.2574953720277815,3.5549685195508167,-8.604135121550046,4.000709231254015,0.6931471805599453,2.9579803700937184,-9.422112850327613,0.7331499980450913,0.5538248583620787,10,30,23,1,0,set()
FOMCpresconf20211215.json,2021-12-15,press_conference_prepared,1.6094379124341003,0.7988086367179803,-0.6931471805599453,1.0444659357341868,0.0,1.1547005383792515,0.0,0.0,-0.6931471805599453,0.0,1.0986122886681098,0.5477225575051662,1.3862943611198906,0.8888437939499212,0.7900432900432899,1,2,0,1,0,set()
statement_20211215.txt,2021-12-15,statement,0.6931471805599453,0.8345229603962802,1.0986122886681098,0.5773502691896258,1.0986122886681098,0.5773502691896258,0.0,0.0,-0.6931471805599453,0.0,0.0,1.0,0.0,0.8660254037844386,0.75,0,0,1,1,0,set()
speeches_aggregated,2021-12-15,speech,-7.485491608030755,1.7058377827272142,-0.6931471805599453,0.7071067811865476,0.0,0.0,-1.7917594692280552,2.121320343559643,-7.89655270164304,2.9869094034385304,-2.4849066497880004,1.2071067811865475,-10.722385938401633,0.6965801563186688,0.5142630714439226,2,1,15,0,0,set()
minutes_20211215.html,2021-12-15,minutes,3.091042453358316,0.6889082628293803,2.9444389791664403,0.8830617078086783,3.1780538303479458,0.7392277101362051,2.0794415416798357,0.8936166541854965,1.6094379124341003,0.8618333970172094,-0.6931471805599453,0.6863327411532596,4.02535169073515,0.8332931717229901,0.6943775100401607,11,11,16,1,0,set()
FOMCpresconf20211215.json,2021-12-15,press_conference_qa,3.332204510175204,0.7943777416872578,2.4849066497880004,0.957427107756338,-1.6094379124341003,0.0,0.0,0.0,-2.8903717578961645,0.0,0.0,0.0,1.9459101490553132,0.9145012650842281,0.8363125638406538,0,0,8,0,0,set()
FOMCpresconf20220126.json,2022-01-26,press_conference_qa,0.0,0.0,2.1972245773362196,0.0,2.302585092994046,0.9521904571390467,2.1972245773362196,0.0,3.7612001156935624,0.8885915292412578,0.0,0.0,3.9512437185814275,0.893764018207654,0.7988141202426917,1,0,6,0,0,set()
statement_20220126.txt,2022-01-26,statement,0.0,0.816496580927726,0.6931471805599453,0.7071067811865476,0.6931471805599453,0.7071067811865476,0.0,0.0,-0.6931471805599453,0.0,-0.6931471805599453,0.7071067811865476,-0.6931471805599453,0.8345229603962802,0.6964285714285714,0,0,1,1,0,set()
speeches_aggregated,2022-01-26,speech,1.3862943611198906,0.9486832980505138,1.6094379124341003,0.9579921282290986,-1.3862943611198906,0.8501917942185291,0.0,0.9607689228305228,-1.791759469228055,0.9607689228305227,-1.9459101490553132,0.5,-2.3978952727983707,0.8648116324748792,0.7478991596638656,10,3,6,1,0,set()
minutes_20220126.html,2022-01-26,minutes,2.772588722239781,0.7266437947727845,1.9459101490553132,0.8902545655537868,2.772588722239781,0.8293400255919042,-2.6390573296152584,0.9167249398727055,-1.3862943611198906,0.8670244553661395,0.0,0.6793662204867574,2.6390573296152584,0.8603819082898303,0.7402570281124499,7,6,23,1,0,set()
speeches_aggregated,2022-03-16,speech,5.170483995038152,1.3842036779647415,5.170483995038152,1.7373518956374596,4.890349128221754,1.3752127580649325,1.0986122886681098,1.8944271909999157,-1.791759469228055,1.7320385117814934,0.0,0.0,5.2848943462158955,0.7637631703204715,0.5884705120780082,7,8,9,2,0,set()
minutes_20220316.html,2022-03-16,minutes,3.091042453358316,0.7134083029020732,3.4657359027997265,0.8149974383997678,3.1780538303479458,0.4755948656056709,-2.1972245773362196,0.8431633114337336,-3.5553480614894135,0.752076187586325,-1.6094379124341003,0.7037315505489968,2.8903717578961645,0.8685140283855283,0.7543166175024582,16,13,15,1,0,set()
statement_20220316.txt,2022-03-16,statement,0.0,0.0,0.0,0.0,0.0,0.0,0.0,0.0,0.0,0.0,0.0,0.0,0.0,0.0,0.0,0,0,0,0,0,set()
FOMCpresconf20220316.json,2022-03-16,press_conference_prepared,1.791759469228055,0.6685579234215214,1.0986122886681098,0.5773502691896258,0.0,0.0,0.0,1.4142135623730951,-0.6931471805599453,0.7071067811865476,-0.6931471805599453,0.447213595499958,1.791759469228055,0.704154339142587,0.49583333333333335,3,1,2,1,0,set()
FOMCpresconf20220316.json,2022-03-16,press_conference_qa,4.060443010546419,0.8060485628758889,1.791759469228055,1.0050378152592119,2.5649493574615367,0.0,-3.1780538303479458,0.5337605126836238,1.0986122886681098,0.0,-1.0986122886681098,0.0,4.0943445622221,0.8131964443417001,0.6612884570899837,0,0,2,1,0,set()
speeches_aggregated,2022-05-04,speech,2.813410716760037,1.885946258639742,6.476972362889683,2.3704061301638624,0.6931471805599453,2.495049972287084,0.810930216216329,2.137287812083591,-3.332204510175204,0.9230930832457442,-2.0794415416798357,1.3479767256482034,6.674561391814426,0.8370567522364346,0.7015756027646601,8,7,13,2,0,set()
minutes_20220504.html,2022-05-04,minutes,3.295836866004329,0.6549698521660189,2.8903717578961645,0.8783493522175917,2.833213344056216,0.6972473349922867,-1.6094379124341003,0.9238425536915799,-3.295836866004329,0.838549078445636,-1.0986122886681098,0.7880689256524124,2.772588722239781,0.9076912451291141,0.8239033964840417,14,9,19,1,0,set()
FOMCpresconf20220504.json,2022-05-04,press_conference_qa,2.9444389791664403,0.6385078759829887,4.02535169073515,0.5152651888739461,3.9512437185814275,0.7107500002911765,0.0,0.0,-1.3862943611198906,0.0,2.4849066497880004,0.0,3.9512437185814275,0.7083314450562462,0.5017334360554699,6,2,0,0,0,set()
FOMCpresconf20220504.json,2022-05-04,press_conference_prepared,1.9459101490553132,0.7859052479933758,1.6094379124341003,0.5163977794943223,0.0,0.0,0.6931471805599453,0.0,0.6931471805599453,0.0,0.6931471805599453,0.5773502691896258,2.1972245773362196,0.7685331969757723,0.5906432748538012,2,2,0,1,0,set()
statement_20220504.txt,2022-05-04,statement,0.0,0.0,0.0,0.0,0.0,0.0,0.0,0.0,0.0,0.0,0.0,0.0,0.0,0.0,0.0,0,0,0,0,0,set()
minutes_20220615.html,2022-06-15,minutes,3.1354942159291497,0.8152585262641934,3.367295829986474,0.875799685776225,2.3978952727983707,0.8388704928078611,-2.70805020110221,0.8652258233316383,-3.295836866004329,0.837031133239632,-1.3862943611198906,0.9045340337332909,2.0794415416798357,0.9248475024085451,0.8553429027113238,7,14,16,1,0,set()
FOMCpresconf20220615.json,2022-06-15,press_conference_qa,3.2188758248682006,0.7505332386027355,-1.3862943611198906,0.5477225575051662,0.0,0.0,-3.091042453358316,0.7134837277801999,-0.6931471805599453,0.7817359599705717,0.0,0.0,1.9459101490553132,0.8387099280647292,0.7034343434343433,8,8,0,0,0,set()
FOMCpresconf20220615.json,2022-06-15,press_conference_prepared,2.70805020110221,0.3929526239966879,2.0794415416798357,0.8090398349558904,0.0,0.0,0.6931471805599453,0.0,0.6931471805599453,0.0,0.6931471805599453,0.5,2.70805020110221,0.6579516949597689,0.4329004329004328,3,4,0,1,0,set()
statement_20220615.txt,2022-06-15,statement,0.0,0.0,0.0,0.0,0.0,0.0,0.0,0.0,0.0,0.0,0.0,0.0,0.0,0.0,0.0,0,0,0,0,0,set()
speeches_aggregated,2022-06-15,speech,6.073044534100405,1.4863830890636005,3.7841896339182615,1.7327391568664465,-1.0986122886681098,1.492134708345656,1.7917594692280552,1.6260433646592292,-4.605170185988092,0.8602325267042628,1.791759469228055,1.0245638646895838,3.332204510175204,0.8483886816769274,0.7204804463657052,5,3,13,1,0,set()
speeches_aggregated,2022-07-27,speech,7.731930721948486,1.8569056885020971,5.966146739123692,2.0599868985926904,0.6931471805599453,2.796839158952385,2.0794415416798357,0.894427190999916,-7.55171221535131,1.6820674888043325,-1.0986122886681098,0.9636113749942803,2.2856355346802726,0.5773485479450692,0.42591828879307636,5,5,25,2,0,set()
statement_20220727.txt,2022-07-27,statement,0.0,0.0,0.0,0.0,0.0,0.0,0.0,0.0,0.0,0.0,0.0,0.0,0.0,0.0,0.0,0,0,0,0,0,set()
minutes_20220727.html,2022-07-27,minutes,2.6390573296152584,0.8781467127129874,3.044522437723423,0.9259914686032228,-0.6931471805599453,0.961562881252794,-3.295836866004329,0.7706955502698025,-3.1354942159291497,0.8422434812408015,-1.791759469228055,0.8498365855987975,-3.2188758248682006,0.9116322265469614,0.8310733164789703,11,18,24,1,0,set()
FOMCpresconf20220727.json,2022-07-27,press_conference_prepared,1.791759469228055,0.792961461098759,1.3862943611198906,0.9161253813129043,-0.6931471805599453,0.7071067811865476,-0.6931471805599453,0.0,0.0,0.0,0.6931471805599453,0.5773502691896258,1.9459101490553132,0.7762500258061849,0.6025641025641026,2,2,0,0,0,set()
FOMCpresconf20220727.json,2022-07-27,press_conference_qa,3.332204510175204,0.0,3.1354942159291497,0.9274300956290349,-2.4849066497880004,0.49259218307188896,1.791759469228055,0.9607689228305227,0.0,0.0,0.0,0.0,3.2188758248682006,0.9532171361357855,0.9086229086229086,0,0,11,0,0,set()
FOMCpresconf20220921.json,2022-09-21,press_conference_prepared,2.3978952727983707,0.6172133998483675,2.1972245773362196,0.8555852638929973,-1.0986122886681098,0.816496580927726,0.0,0.0,0.0,0.0,0.6931471805599453,0.7071067811865476,2.5649493574615367,0.8357108940373451,0.6984126984126986,1,2,1,1,0,set()
speeches_aggregated,2022-09-21,speech,5.817111159963204,2.2431201596192683,8.101677747454572,2.449046136385906,1.1631508098056806,1.7015663944035797,1.0986122886681098,1.8790124551272864,-2.9957322735539913,3.362896860423609,0.0,1.4142135623730951,4.619073091157082,0.7034388613692055,0.5248505162230652,11,7,12,2,0,set()
statement_20220921.txt,2022-09-21,statement,0.0,0.0,0.0,0.0,0.0,0.0,0.0,0.0,0.0,0.0,0.0,0.0,0.0,0.0,0.0,0,0,0,0,0,set()
FOMCpresconf20220921.json,2022-09-21,press_conference_qa,3.5263605246161616,0.0,3.367295829986474,0.0,0.0,0.0,-2.9444389791664403,0.951661902861773,0.0,0.0,0.0,0.0,3.7376696182833684,0.9360054458657094,0.8761061946902656,21,21,0,0,0,set()
minutes_20220921.html,2022-09-21,minutes,2.995732273553991,0.8252654863276351,3.1354942159291497,0.9123273918069488,1.6094379124341003,0.9900987660342087,-2.772588722239781,0.8589556903873333,-3.58351893845611,0.7040620012992116,-2.302585092994046,0.6304251719561151,-2.772588722239781,0.9116724529479742,0.8311466614641762,5,15,21,1,0,set()
statement_20221102.txt,2022-11-02,statement,1.0986122886681098,0.5477225575051662,0.6931471805599453,0.0,0.0,0.0,0.0,0.0,0.0,0.0,0.0,0.0,1.0986122886681098,0.5477225575051662,0.30000000000000004,0,0,0,1,0,set()
minutes_20221102.html,2022-11-02,minutes,2.9444389791664403,0.7447075748108625,3.2188758248682006,0.8261595987094035,1.9459101490553132,0.8469895538599198,-2.70805020110221,0.7207770248277336,-3.9512437185814275,0.6701374852104971,-2.1972245773362196,0.6513389472789296,-3.4965075614664802,0.8675742885194844,0.7526851461000895,11,12,23,1,0,set()
FOMCpresconf20221102.json,2022-11-02,press_conference_prepared,2.3978952727983707,0.6191391873668903,1.6094379124341003,0.8090398349558905,-0.6931471805599453,0.5773502691896258,0.0,1.0,-0.6931471805599453,0.0,0.0,0.0,2.1972245773362196,0.783823376129674,0.6143790849673204,1,0,0,1,0,set()
FOMCpresconf20221102.json,2022-11-02,press_conference_qa,2.9444389791664403,0.6201736729460422,4.290459441148391,0.7885120794764072,-2.70805020110221,0.8897565210026093,0.0,0.0,0.0,0.0,0.0,0.0,4.04305126783455,0.924030337905919,0.8538320653705269,5,0,20,0,0,set()
speeches_aggregated,2022-11-02,speech,2.4849066497880004,3.8910121077288804,5.717027701406222,3.639350128892744,1.6094379124341005,2.449512222375696,-1.5040773967762746,2.415934400554539,-5.3471075307174685,2.7321006034103306,-0.4054651081081645,1.77240708685044,-1.548813290617665,0.7397559829450082,0.5675225934698919,14,8,21,2,0,set()
FOMCpresconf20221214.json,2022-12-14,press_conference_qa,3.912023005428146,0.46156633137705094,3.9889840465642745,0.40236007438171373,-2.772588722239781,0.9065662403697468,0.0,0.0,0.0,0.0,0.0,0.0,3.828641396489095,0.8296799012426991,0.6883687385260948,21,2,20,0,0,set()
FOMCpresconf20221214.json,2022-12-14,press_conference_prepared,2.6390573296152584,0.43723731609760313,2.1972245773362196,0.6513389472789296,-0.6931471805599453,0.7071067811865476,0.0,1.0,0.0,1.4142135623730951,0.0,0.0,2.6390573296152584,0.7277666307098063,0.5296442687747036,1,1,1,1,0,set()
minutes_20221214.html,2022-12-14,minutes,2.8903717578961645,0.7240041966823505,2.302585092994046,0.9467171129357839,1.9459101490553132,0.9740215340114143,-3.1354942159291497,0.671296351920824,1.0986122886681098,0.8911917049558689,-1.791759469228055,0.7440238091428449,-1.9459101490553132,0.9088976607263907,0.8260949576739051,5,9,25,1,0,set()
speeches_aggregated,2022-12-14,speech,7.7142311448490855,2.895833965016603,5.19295685089021,3.53837567190723,-3.015534900850171,2.5975440250578274,-6.173786103901937,2.675134270824639,-5.2574953720277815,2.6098713533403037,-0.6931471805599453,0.447213595499958,-3.4169457386302944,0.8633148001659136,0.747610291278351,17,9,19,1,0,set()
statement_20221214.txt,2022-12-14,statement,1.0986122886681098,0.5477225575051662,0.6931471805599453,0.0,0.0,0.0,0.0,0.0,0.0,0.0,0.0,0.0,1.0986122886681098,0.5477225575051662,0.30000000000000004,0,0,0,1,0,set()
FOMCpresconf20230201.json,2023-02-01,press_conference_prepared,2.3978952727983707,0.4385290096535146,1.6094379124341003,0.7264831572567789,-0.6931471805599453,0.5773502691896258,-0.6931471805599453,1.1547005383792517,0.0,0.0,0.0,0.0,2.1972245773362196,0.7432233529572065,0.5523809523809524,0,0,1,1,0,set()
minutes_20230201.html,2023-02-01,minutes,2.302585092994046,0.8520859229960716,-1.0986122886681098,0.927847001636236,2.1972245773362196,0.8683449709106092,-2.70805020110221,0.7941225539113158,-3.4965075614664802,0.7328220719943568,-1.0986122886681098,0.8006407690254357,-3.784189633918261,0.8382963480989184,0.702740767235983,8,11,29,1,0,set()
FOMCpresconf20230201.json,2023-02-01,press_conference_qa,3.6888794541139363,0.738114760685104,3.713572066704308,0.8078561622884166,-0.6931471805599453,0.8993461677306268,3.4011973816621555,0.0,3.4011973816621555,0.49658699082414787,0.0,0.0,3.970291913552122,0.7296328801806944,0.5323641398407755,0,2,4,0,0,set()
speeches_aggregated,2023-02-01,speech,5.2574953720277815,0.3535533905932738,2.0794415416798357,1.6054414833026989,1.3862943611198906,1.543766807720623,0.6931471805599453,0.0,0.0,0.0,-0.6931471805599453,1.4142135623730951,4.276666119016055,0.7567856175650035,0.6207010582010581,1,5,1,1,0,set()
statement_20230201.txt,2023-02-01,statement,1.0986122886681098,0.5163977794943223,0.6931471805599453,0.7071067811865476,0.0,0.0,0.0,0.0,0.0,0.0,0.0,0.0,1.0986122886681098,0.5163977794943223,0.2666666666666667,0,0,0,1,0,set()
statement_20230322.txt,2023-03-22,statement,1.6094379124341003,0.5345224838248488,1.3862943611198906,0.8944271909999161,0.0,1.4142135623730951,-0.6931471805599453,0.0,-0.6931471805599453,0.7071067811865476,0.0,0.0,1.6094379124341003,0.7264831572567789,0.5277777777777778,1,1,1,1,0,set()
minutes_20230322.html,2023-03-22,minutes,2.4849066497880004,0.7156671622894872,0.6931471805599453,0.9342204542520235,0.0,0.9534625892455924,-2.0794415416798357,0.8431864889509921,-3.1354942159291497,0.846908400717019,-1.0986122886681098,0.5773502691896258,-3.1780538303479458,0.8602355682383609,0.7400052328623756,16,6,28,1,0,set()
FOMCpresconf20230322.json,2023-03-22,press_conference_prepared,1.791759469228055,0.5270462766947299,0.6931471805599453,0.9375953110592339,1.3862943611198906,0.8660254037844386,-1.791759469228055,0.7264831572567789,0.0,1.4142135623730951,0.0,0.0,0.0,0.9013878188659973,0.8125,1,0,4,1,0,set()
speeches_aggregated,2023-03-22,speech,5.2574953720277815,4.509565348720866,6.274448098778208,3.7820944854038596,2.9957322735539913,3.88764942163741,-3.5835189384561104,2.9119416959380584,-11.863469654178637,3.828594479034381,-0.4054651081081645,0.5477225575051662,-3.796024091565264,0.7492015236924725,0.5796662711204299,14,9,33,1,0,set()
FOMCpresconf20230322.json,2023-03-22,press_conference_qa,3.091042453358316,0.3741657386773941,-2.8903717578961645,0.0,1.9459101490553132,0.0,0.0,0.0,-3.5553480614894135,0.0,0.0,0.0,-3.2188758248682006,0.8170411843439076,0.6675562969140952,28,0,0,0,0,set()
minutes_20230503.html,2023-05-03,minutes,2.4849066497880004,0.7769193031477617,-0.6931471805599453,0.9541493606905921,-1.3862943611198906,0.978258272294095,-2.9444389791664403,0.802170967356439,-3.7376696182833684,0.7792326570473279,-1.6094379124341003,0.6992058987801011,-3.828641396489095,0.8542011530058924,0.729659609796596,16,11,40,1,0,set()
statement_20230503.txt,2023-05-03,statement,1.3862943611198906,0.5477225575051661,1.0986122886681098,0.5773502691896258,0.0,0.0,0.6931471805599453,0.0,0.6931471805599453,0.7071067811865476,0.0,0.0,1.3862943611198906,0.5477225575051661,0.3,0,0,0,1,0,set()
FOMCpresconf20230503.json,2023-05-03,press_conference_prepared,1.9459101490553132,0.6875516509523286,0.6931471805599453,0.9611501047232549,1.6094379124341003,0.8432740427115678,-1.6094379124341003,0.9258200997725514,-1.3862943611198906,0.894427190999916,-0.6931471805599453,0.0,1.3862943611198906,0.9595257449242379,0.9206896551724137,2,1,4,1,0,set()
speeches_aggregated,2023-05-03,speech,2.367123614131617,3.086628071004702,2.302585092994046,3.639303071805998,4.394449154672439,2.6849369345608016,-2.890371757896165,3.292134909961555,-9.261983605128021,3.276241048644194,1.791759469228055,0.6900655593423541,-6.340359303727753,0.7905750837427685,0.6372611429198646,12,4,23,2,0,set()
FOMCpresconf20230503.json,2023-05-03,press_conference_qa,0.0,0.0,0.0,0.0,-3.332204510175204,0.0,0.0,0.0,0.0,0.0,0.0,0.0,-3.332204510175204,0.0,0.0,0,0,27,0,0,set()
statement_20230614.txt,2023-06-14,statement,1.3862943611198906,0.5477225575051661,1.0986122886681098,0.5773502691896258,0.0,0.0,0.6931471805599453,0.0,0.6931471805599453,0.7071067811865476,0.0,0.0,1.3862943611198906,0.5477225575051661,0.3,0,0,0,1,0,set()
speeches_aggregated,2023-06-14,speech,4.564348191467836,3.549555971718993,3.58351893845611,2.714451271169582,0.0,2.701018991017985,-7.426549072397305,3.323790464047284,-9.943909467035043,4.894937970790917,-1.6094379124341003,0.7559289460184544,-10.183389437668946,0.7290438576617783,0.6317213235982653,31,2,51,0,0,set()
FOMCpresconf20230614.json,2023-06-14,press_conference_qa,0.0,0.3429971702850177,0.0,1.0690449676496976,-1.9459101490553132,0.0,1.6094379124341003,0.0,-4.430816798843313,0.32316921825641187,0.0,0.0,-4.454347296253507,0.570087712549569,0.325,3,0,35,0,0,set()
FOMCpresconf20230614.json,2023-06-14,press_conference_prepared,2.0794415416798357,0.5188745216627708,0.6931471805599453,0.927960727138337,-1.0986122886681098,0.5773502691896258,-1.0986122886681098,1.0,0.0,1.0,0.6931471805599453,0.5773502691896258,1.3862943611198906,0.7859052479933758,0.6176470588235295,2,0,2,1,0,set()
minutes_20230614.html,2023-06-14,minutes,2.772588722239781,0.6921662203943878,2.1972245773362196,0.9369247858278927,-0.6931471805599453,0.8833476270999036,-1.9459101490553132,0.874746926965061,-2.70805020110221,0.8385991077770892,0.0,0.6666666666666666,-0.6931471805599453,0.8569410795480199,0.7343480138169257,12,9,22,1,0,set()
statement_20230726.txt,2023-07-26,statement,1.3862943611198906,0.5477225575051661,1.0986122886681098,0.5773502691896258,0.0,0.0,0.6931471805599453,0.0,0.6931471805599453,0.7071067811865476,0.0,0.0,1.3862943611198906,0.5477225575051661,0.3,0,0,0,1,0,set()
speeches_aggregated,2023-07-26,speech,-1.678430783921052,3.147012751165596,3.4965075614664807,2.8583222240913617,2.995732273553991,1.721030614661017,-1.7917594692280552,1.6654019566988203,-12.732338453784042,4.468845911816997,-0.6931471805599453,0.0,-7.542061959519149,0.7757263965708675,0.6135993928764771,12,3,40,1,0,set()
FOMCpresconf20230726.json,2023-07-26,press_conference_qa,2.0794415416798357,0.8770580193070292,-3.367295829986474,0.9180656842115262,1.791759469228055,0.0,-2.3978952727983707,0.726273039202563,-3.6109179126442243,0.0,0.0,0.0,-4.276666119016055,0.7549407154677563,0.5699354838709678,0,27,36,1,0,set()
FOMCpresconf20230726.json,2023-07-26,press_conference_prepared,2.0794415416798357,0.48304589153964794,1.0986122886681098,0.873862897505303,-1.0986122886681098,0.5773502691896257,-1.0986122886681098,1.0,0.0,1.4142135623730951,0.0,0.0,1.6094379124341003,0.883715101688537,0.7809523809523812,0,0,2,1,0,set()
minutes_20230726.html,2023-07-26,minutes,2.833213344056216,0.672021505032247,-1.0986122886681098,0.9467452300446224,-0.6931471805599453,0.9222413461394477,-2.0794415416798357,0.8439072740411041,-3.1354942159291497,0.8231448308209021,1.0986122886681098,0.816496580927726,-2.5649493574615367,0.869850129587618,0.7566392479435957,9,5,27,1,0,set()
speeches_aggregated,2023-09-20,speech,1.2039728043259361,0.7571877794400365,-1.9459101490553132,0.823437174584561,-0.6931471805599453,0.8870412083230169,-1.6094379124341003,0.9763280054720371,-2.3025850929940455,0.0,0.0,0.0,-3.4965075614664807,0.4338785175569349,0.37650113599480695,8,2,6,1,0,set()
FOMCpresconf20230920.json,2023-09-20,press_conference_qa,0.0,0.0,1.0986122886681098,1.0076387255179335,3.6888794541139363,0.0,3.1354942159291497,0.0,3.2188758248682006,0.0,1.0986122886681098,0.5163977794943223,4.290459441148391,0.833921361161415,0.6954248366013072,2,4,2,0,0,set()
FOMCpresconf20230920.json,2023-09-20,press_conference_prepared,1.791759469228055,0.7932002689527196,1.0986122886681098,0.873862897505303,-1.0986122886681098,0.5773502691896257,-1.0986122886681098,1.0,0.0,1.4142135623730951,0.0,1.0,1.0986122886681098,0.8752610304046612,0.7660818713450293,1,0,2,1,0,set()
statement_20230920.txt,2023-09-20,statement,1.3862943611198906,0.5477225575051662,1.0986122886681098,0.0,0.0,0.0,0.6931471805599453,0.0,0.6931471805599453,0.0,0.0,0.0,1.3862943611198906,0.5477225575051662,0.30000000000000004,0,0,0,1,0,set()
minutes_20230920.html,2023-09-20,minutes,2.70805020110221,0.6746792083200744,1.791759469228055,0.9608429848019436,-1.0986122886681098,0.8124038404635961,1.6094379124341003,0.9571462961627466,-3.258096538021482,0.7844645405527362,-0.6931471805599453,0.7006490497453706,-1.791759469228055,0.8556588273150687,0.7321520287621985,11,5,10,1,0,set()
minutes_20231101.html,2023-11-01,minutes,2.302585092994046,0.7844645405527362,1.9459101490553132,0.9298889428790917,-0.6931471805599453,0.8586727202955211,0.0,0.9299811099505543,-3.9512437185814275,0.6712390019604112,0.0,0.5773502691896257,-3.4657359027997265,0.861764537385851,0.7426381178958498,11,7,22,1,0,set()
statement_20231101.txt,2023-11-01,statement,1.3862943611198906,0.5477225575051661,1.0986122886681098,0.5773502691896258,0.0,0.0,0.6931471805599453,0.0,0.6931471805599453,0.7071067811865476,0.0,0.0,1.3862943611198906,0.5477225575051661,0.3,0,0,0,1,0,set()
FOMCpresconf20231101.json,2023-11-01,press_conference_qa,-1.6094379124341003,0.5163977794943223,2.5649493574615367,0.45385026875081025,3.367295829986474,0.0,3.1780538303479458,0.6580247966426743,-1.0986122886681098,0.5773502691896257,-4.060443010546419,0.49117119426199274,-3.6635616461296463,0.6827470709697381,0.46614356291775655,69,0,34,0,0,set()
FOMCpresconf20231101.json,2023-11-01,press_conference_prepared,2.1972245773362196,0.5135525910130955,1.791759469228055,0.8418973861410954,0.6931471805599453,0.8366600265340756,1.3862943611198906,0.894427190999916,0.0,1.0,0.0,0.0,2.0794415416798357,0.7958224257542215,0.6333333333333334,1,1,1,1,0,set()
speeches_aggregated,2023-11-01,speech,-0.13353139262452274,5.8069380557399395,6.068425588244111,4.656409259936851,4.276666119016055,4.099386082798296,1.791759469228055,2.6748598491509408,-16.008378436433052,3.402558132561664,0.6931471805599453,1.0773502691896257,-10.883916725526515,0.7113463600855529,0.5251698372590836,4,4,40,1,0,set()
minutes_20231213.html,2023-12-13,minutes,0.6931471805599453,0.8619447302169193,-2.0794415416798357,0.9037892546578637,-0.6931471805599453,0.8653140891643936,-2.8903717578961645,0.8025859107560662,-1.3862943611198906,0.9145852422893854,-1.3862943611198906,0.4830458915396479,-3.295836866004329,0.8772138971870787,0.7695042214181426,9,6,14,1,0,set()
FOMCpresconf20231213.json,2023-12-13,press_conference_qa,3.7376696182833684,0.5283152447095336,0.0,0.0,0.0,0.0,0.0,0.0,0.0,0.0,0.0,0.0,3.7376696182833684,0.5097444040200136,0.25983935742971886,0,0,0,1,0,set()
FOMCpresconf20231213.json,2023-12-13,press_conference_prepared,2.302585092994046,0.7071067811865476,1.3862943611198906,0.9105858919765157,0.0,0.816496580927726,1.0986122886681098,0.5773502691896258,0.6931471805599453,0.0,0.6931471805599453,0.0,1.9459101490553132,0.879393730551528,0.7733333333333334,1,1,1,1,0,set()
statement_20231213.txt,2023-12-13,statement,1.3862943611198906,0.5477225575051662,1.0986122886681098,0.0,0.0,0.0,0.6931471805599453,0.0,0.6931471805599453,0.0,0.0,0.0,1.3862943611198906,0.5477225575051662,0.30000000000000004,0,0,0,1,0,set()
speeches_aggregated,2023-12-13,speech,-4.787491742782046,2.735235122410334,3.7376696182833684,2.8613117350009234,0.6931471805599453,0.44721359549995804,-1.7917594692280552,2.913927208694624,-9.38429367909962,4.195628303046716,-3.1780538303479458,1.4923519476284386,-10.454533389788484,0.7108900621765741,0.5147026975096989,43,4,54,0,0,set()
FOMCpresconf20240131.json,2024-01-31,press_conference_qa,-2.4849066497880004,0.8135752957807666,-3.4965075614664802,0.7708881090154509,3.58351893845611,0.0,-2.4849066497880004,0.8377078165833911,0.0,0.0,0.0,0.0,-1.6094379124341003,0.960165614185266,0.9219180066637692,0,0,0,0,0,set()
minutes_20240131.html,2024-01-31,minutes,2.0794415416798357,0.8053074472315503,-2.3978952727983707,0.8760893034003254,1.6094379124341003,0.7698003589195009,1.6094379124341003,0.8444006618414981,-2.772588722239781,0.8219949365267865,-0.6931471805599453,0.6009252125773316,-2.70805020110221,0.8418094891841039,0.7086432160804019,9,8,18,1,0,set()
FOMCpresconf20240131.json,2024-01-31,press_conference_prepared,1.0986122886681098,0.8348471099367218,1.0986122886681098,0.8864052604279183,-0.6931471805599453,0.5773502691896258,-0.6931471805599453,1.1547005383792517,0.0,0.0,-0.6931471805599453,0.0,0.6931471805599453,0.8287419301647448,0.6868131868131868,1,1,3,1,0,set()
statement_20240131.txt,2024-01-31,statement,1.3862943611198906,0.5175491695067657,0.6931471805599453,0.9574271077563381,0.0,0.0,0.0,0.0,0.0,0.0,-0.6931471805599453,0.5773502691896258,1.0986122886681098,0.6666666666666666,0.4444444444444444,1,1,0,1,0,set()
speeches_aggregated,2024-01-31,speech,-1.9459101490553132,1.7355376949271912,-1.791759469228055,1.7397097780313775,0.4054651081081645,1.3448877667099386,-0.6931471805599453,2.097509579961315,-3.931825632724326,1.510385247416437,0.6931471805599453,0.7071067811865476,-5.342334251964811,0.8243257875966647,0.6806544737430649,1,5,15,0,0,set()
statement_20240320.txt,2024-03-20,statement,1.3862943611198906,0.5175491695067657,0.6931471805599453,0.9574271077563381,0.0,0.0,0.0,0.0,0.0,0.0,-0.6931471805599453,0.5773502691896258,1.0986122886681098,0.6666666666666666,0.4444444444444444,1,1,0,1,0,set()
minutes_20240320.html,2024-03-20,minutes,0.6931471805599453,0.706925727085209,-2.302585092994046,0.8418887074576312,0.0,0.8017837257372732,-1.0986122886681098,0.8143105085150718,-2.0794415416798357,0.8551861104941366,0.0,0.6324555320336759,-2.6390573296152584,0.8108817335187644,0.6575291857543965,13,5,5,1,0,set()
FOMCpresconf20240320.json,2024-03-20,press_conference_prepared,1.0986122886681098,0.8111773283374344,1.0986122886681098,0.898717034272917,-1.0986122886681098,0.5477225575051662,-0.6931471805599453,0.0,-0.6931471805599453,0.0,-0.6931471805599453,1.1547005383792517,0.0,0.8606629658238704,0.7407407407407407,1,1,4,1,0,set()
FOMCpresconf20240320.json,2024-03-20,press_conference_qa,-1.0986122886681098,0.5298944964234876,1.791759469228055,1.0050851100436087,-2.995732273553991,0.7240279857964913,0.0,0.0,-1.791759469228055,0.0,0.0,0.0,-2.833213344056216,0.8881158593226003,0.7887497795803208,0,0,11,0,0,set()
speeches_aggregated,2024-03-20,speech,-4.564348191467836,5.781622489300664,2.2155737160044158,4.098419686384537,3.624340932976365,4.960775850332891,-1.3862943611198906,4.182002471698485,-22.99478122686288,5.356939180627606,-0.810930216216329,2.2320508075688776,-23.091104820140554,0.7267069227381663,0.5481249293207108,21,23,79,0,0,set()
speeches_aggregated,2024-05-01,speech,0.2876820724517808,4.47984042111474,1.1856236656577392,4.30289085005749,1.3217558399823193,5.327008192425481,-1.2321436812926323,3.910640595609917,-6.761572768804056,1.3401783720676828,-2.079441541679836,2.8398256093500214,-0.9074979799261764,0.8055638459669269,0.6611320712071821,34,18,41,1,0,set()
FOMCpresconf20240501.json,2024-05-01,press_conference_prepared,1.0986122886681098,0.8323523637957303,1.791759469228055,0.7264831572567789,-0.6931471805599453,0.8366600265340756,-0.6931471805599453,0.0,-0.6931471805599453,0.0,-1.0986122886681098,0.0,1.0986122886681098,0.8678978933300582,0.753246753246753,2,1,4,1,0,set()
minutes_20240501.html,2024-05-01,minutes,1.3862943611198906,0.6476976108663296,0.0,0.9225312080288851,1.791759469228055,0.685344416842342,1.9459101490553132,0.917010954628728,-3.332204510175204,0.7753613675051723,0.0,0.6030226891555273,-2.995732273553991,0.8200529083460241,0.6724867724867726,10,9,17,1,0,set()
FOMCpresconf20240501.json,2024-05-01,press_conference_qa,1.6094379124341003,0.0,1.791759469228055,0.0,0.0,0.0,-1.791759469228055,0.0,1.0986122886681098,0.0,0.0,0.0,1.6094379124341003,0.9944903161976937,0.9890109890109888,0,0,5,0,0,set()
statement_20240501.txt,2024-05-01,statement,0.6931471805599453,0.7378647873726218,0.6931471805599453,0.9574271077563381,0.0,0.0,0.0,0.0,0.0,0.0,-0.6931471805599453,0.5773502691896258,0.0,0.7745966692414834,0.6,1,1,0,1,0,set()
FOMCpresconf20240612.json,2024-06-12,press_conference_qa,2.302585092994046,0.0,0.6931471805599453,0.7102842762778903,-1.791759469228055,1.0050378152592123,2.995732273553991,0.5039947372613783,0.0,0.0,0.0,0.0,2.772588722239781,0.775445454667715,0.6013156531648193,0,28,25,0,0,set()
FOMCpresconf20240612.json,2024-06-12,press_conference_prepared,1.3862943611198906,0.6761234037828133,0.6931471805599453,0.9540735874430286,-0.6931471805599453,0.8366600265340756,0.0,1.4142135623730951,0.0,0.0,-0.6931471805599453,0.7071067811865476,0.0,0.7947194142390263,0.631578947368421,2,1,3,1,0,set()
statement_20240612.txt,2024-06-12,statement,1.3862943611198906,0.5345224838248487,0.6931471805599453,1.1547005383792517,0.0,0.0,0.0,0.0,0.0,0.0,-0.6931471805599453,0.7071067811865476,1.0986122886681098,0.7071067811865476,0.5,1,1,0,1,0,set()
minutes_20240612.html,2024-06-12,minutes,1.0986122886681098,0.704980139434436,-2.3978952727983707,0.8999274281335754,-1.3862943611198906,0.7810787627463989,2.0794415416798357,0.9124211282466753,-1.0986122886681098,0.8311776666259886,-0.6931471805599453,0.31622776601683794,-2.3978952727983707,0.8306453824662058,0.6899717514124293,10,8,9,1,0,set()
speeches_aggregated,2024-06-12,speech,-3.9889840465642745,3.704904813976884,2.4203681286504297,4.0489234992587955,-3.737669618283368,2.7575143397766975,1.3862943611198906,3.2500066427160763,-4.3254562831854875,4.946506869524331,-3.4011973816621555,1.6118727530144745,-7.324033508871709,0.7944792317589957,0.7012945646716955,15,19,25,2,0,set()
speeches_aggregated,2024-07-31,speech,-4.927253685157204,7.035443070771703,-0.5653138090500605,5.240829163981099,-2.8622008809294686,5.139236144496378,-4.499809670330265,4.707392179331363,-12.22978917214749,4.342148807040223,-3.5835189384561104,2.389013417243465,-19.32978539770402,0.8270574260107951,0.6897474486055379,16,20,35,0,0,set()
statement_20240731.txt,2024-07-31,statement,1.3862943611198906,0.5345224838248487,1.0986122886681098,0.0,0.0,0.0,0.0,0.0,0.0,0.0,0.0,0.0,1.3862943611198906,0.5175491695067657,0.26785714285714285,1,0,0,1,0,set()
fomcpresconf20240731.json,2024-07-31,press_conference_qa,3.258096538021482,0.45834924851410563,0.0,0.0,1.0986122886681098,0.0,0.0,0.0,0.0,0.0,0.0,0.0,3.332204510175204,0.44335513307557556,0.19656377402446132,0,0,0,0,0,set()
fomcpresconf20240731.json,2024-07-31,press_conference_prepared,1.0986122886681098,0.6629935441317958,0.6931471805599453,0.8623164985025763,-1.0986122886681098,0.5163977794943223,0.0,1.4142135623730951,0.0,0.0,0.0,0.0,0.0,0.7453559924999299,0.5555555555555556,1,0,3,1,0,set()
minutes_20240731.html,2024-07-31,minutes,-1.6094379124341003,0.7894002212817057,-2.70805020110221,0.8660254037844386,-2.302585092994046,0.7603144599953876,0.0,0.8304547985373997,-3.4965075614664802,0.7814925422595573,-1.0986122886681098,0.5163977794943223,-4.174387269895637,0.7982855480385354,0.6372598162071847,5,6,16,1,0,set()
speeches_aggregated,2024-09-18,speech,0.8362480242006186,4.446465862130712,0.7672551527136675,3.640793307134911,-9.19299073364107,3.310229301015558,-2.890371757896165,3.926110092056501,-6.942156705699469,3.1501726270322665,0.2876820724517808,1.9717774601895417,-12.068188938166788,0.8057530731371697,0.6597916748537868,13,9,24,2,0,set()
minutes_20240918.html,2024-09-18,minutes,-2.4849066497880004,0.7930194777165229,-2.9444389791664403,0.8223294454953985,-2.4849066497880004,0.7358980185595059,-1.9459101490553132,0.8725195256156996,1.0986122886681098,0.8240618994859532,-0.6931471805599453,0.408248290463863,-3.367295829986474,0.8170659933074198,0.6675968374194406,5,1,15,0,0,set()
FOMCpresconf20240918.json,2024-09-18,press_conference_prepared,-1.3862943611198906,0.7451598203705947,-1.791759469228055,0.8997354108424374,-1.791759469228055,0.7264831572567789,-1.3862943611198906,0.0,0.0,0.0,0.6931471805599453,0.7071067811865476,-1.791759469228055,0.7790276362049131,0.6068840579710144,1,0,5,1,0,set()
FOMCpresconf20240918.json,2024-09-18,press_conference_qa,3.4011973816621555,0.0,2.995732273553991,0.8168395746756534,3.871201010907891,0.2715243823233531,3.2188758248682006,0.0,0.0,0.0,0.0,0.0,3.9889840465642745,0.6220902964974915,0.3869963369963369,0,0,0,0,0,set()
statement_20240918.txt,2024-09-18,statement,0.0,0.6324555320336759,-0.6931471805599453,0.7071067811865476,0.0,0.0,0.0,0.0,0.0,0.0,0.0,0.0,0.0,0.5773502691896257,0.3333333333333333,1,0,0,1,0,set()
FOMCpresconf20241107.json,2024-11-07,press_conference_prepared,-1.0986122886681098,0.6030226891555273,-0.6931471805599453,0.8366600265340756,-1.0986122886681098,0.5773502691896257,-1.0986122886681098,0.0,0.0,0.0,0.0,0.0,-1.0986122886681098,0.6030226891555273,0.36363636363636365,1,0,2,0,0,set()
statement_20241107.txt,2024-11-07,statement,0.0,0.6324555320336759,0.0,0.0,0.0,0.0,0.0,0.0,0.0,0.0,0.0,0.0,0.0,0.5773502691896257,0.3333333333333333,1,0,0,1,0,set()
speeches_aggregated,2024-11-07,speech,-2.5257286443082556,4.645131345666966,-2.6754249737861335,5.58456094611311,0.06899287148695155,5.258760574727171,2.3025850929940455,5.5203483839947225,-12.893704645402009,4.231483152866254,0.4054651081081645,2.1524839254171524,-12.04047204949499,0.7315725703937868,0.5446867595245768,11,10,34,0,0,set()
FOMCpresconf20241107.json,2024-11-07,press_conference_qa,-3.7612001156935624,0.5029325764658602,2.0794415416798357,0.8090398349558905,-2.302585092994046,0.9804817886198224,-3.1780538303479458,0.5337605126836238,0.0,0.0,0.0,0.0,-3.4339872044851463,0.7089216882158733,0.5025699600228439,0,9,2,0,0,set()
minutes_20241107.html,2024-11-07,minutes,-2.302585092994046,0.6342063874918668,-2.8903717578961645,0.7240041966823505,-1.791759469228055,0.6950761858843502,1.3862943611198906,0.8473185457363234,-3.4657359027997265,0.7763398076322554,0.6931471805599453,0.6408699444616557,-3.8501476017100584,0.7901285377427028,0.6243031061554216,9,1,16,0,0,set()
minutes_20241218.html,2024-12-18,minutes,-1.791759469228055,0.7840238810704653,-2.302585092994046,0.9053882543729307,-1.791759469228055,0.7347005827114602,2.0794415416798357,0.8744228866031497,0.0,0.848528137423857,0.0,0.6324555320336759,-2.833213344056216,0.8324965198704168,0.6930504555963553,11,7,12,1,0,set()
speeches_aggregated,2024-12-18,speech,1.3862943611198906,3.324505620243225,-1.2809338454620645,2.5292405613961595,1.6094379124341003,2.4252648489429207,4.653960350157523,2.6967220309816886,-4.787491742782047,0.9225668286076705,-0.6931471805599453,1.3395623132202235,-1.0116009116784799,0.7911498181486614,0.6281996900948514,15,3,17,0,0,set()
FOMCpresconf20241218.json,2024-12-18,press_conference_qa,-1.6094379124341003,0.8724697418548942,-3.58351893845611,0.931751973285473,3.295836866004329,0.4305615452020462,-1.3862943611198906,0.0,0.0,0.0,0.0,0.0,-4.02535169073515,0.82326929605281,0.6777723338232893,0,0,0,0,0,set()
FOMCpresconf20241218.json,2024-12-18,press_conference_prepared,-2.0794415416798357,0.6463349888014092,-1.0986122886681098,0.7507571935295484,-1.3862943611198906,0.6749485577105528,-1.0986122886681098,0.5773502691896258,0.0,0.0,0.0,0.0,-1.9459101490553132,0.6633249580710799,0.43999999999999995,2,0,4,0,0,set()
statement_20241218.txt,2024-12-18,statement,0.0,0.6324555320336759,0.0,0.0,0.0,0.0,0.0,0.0,0.0,0.0,0.0,0.0,0.0,0.5773502691896257,0.3333333333333333,1,0,0,1,0,set()
minutes_20250129.html,2025-01-29,minutes,-1.791759469228055,0.6401219396028975,-2.3978952727983707,0.8240618994859531,1.0986122886681098,0.7163989902474133,2.1972245773362196,0.7400128699009549,-3.4657359027997265,0.723554642718624,0.0,0.6546536707079771,-3.5553480614894135,0.7839880775238115,0.6146373056994818,14,4,12,0,0,set()
speeches_aggregated,2025-01-29,speech,-1.5040773967762742,2.198998221850925,-1.7609878105613008,2.424568047308416,2.3513752571634776,2.207429098404841,2.0541237336955462,2.1478350042791137,-3.258096538021482,2.146745689145999,-1.0986122886681098,2.1420099717629055,-2.533696813957432,0.8033892734291045,0.6490582064539328,12,8,23,0,0,set()
FOMCpresconf20250129.json,2025-01-29,press_conference_qa,-2.70805020110221,0.8116794499134278,-1.9459101490553132,0.9607689228305227,-1.9459101490553132,0.0,0.0,0.0,0.0,0.0,1.3862943611198906,0.0,0.0,0.9074852129730301,0.8235294117647058,0,0,0,0,0,set()
FOMCpresconf20250129.json,2025-01-29,press_conference_prepared,0.0,0.6324555320336759,0.6931471805599453,0.752772652709081,-1.0986122886681098,0.5773502691896257,0.0,1.4142135623730951,0.0,0.0,0.0,0.0,0.0,0.6324555320336759,0.4,1,0,3,0,0,set()
statement_20250129.txt,2025-01-29,statement,0.6931471805599453,0.408248290463863,0.0,0.0,0.0,0.0,0.0,0.0,0.0,0.0,0.0,0.0,0.6931471805599453,0.37796447300922725,0.14285714285714288,1,0,0,1,0,set()
speeches_aggregated,2025-03-19,speech,1.2840155119994723,5.650531809532804,2.3978952727983707,6.793547192201716,8.037866234709618,5.366853921553978,6.4897113886671125,5.128070406359744,-15.335854927204421,5.404879078451905,2.8033603809065353,3.211659788791845,-5.589194329896337,0.6700057005257141,0.46804894130636043,36,12,45,0,0,set()
minutes_20250319.html,2025-03-19,minutes,-2.0794415416798357,0.6981687571974057,1.3862943611198906,0.8366600265340756,-1.6094379124341003,0.6498834394323991,-2.0794415416798357,0.8129997914936147,-3.091042453358316,0.8255136721524232,-0.6931471805599453,0.6405126152203485,-3.295836866004329,0.8080475278293874,0.6529408072311845,18,7,18,1,0,set()
statement_20250319.txt,2025-03-19,statement,0.0,0.5345224838248488,0.0,0.0,0.0,0.0,0.0,0.0,0.0,0.0,0.0,0.0,0.0,0.5,0.25,1,0,0,1,0,set()
FOMCpresconf20250319.json,2025-03-19,press_conference_prepared,0.0,0.6123724356957945,0.0,0.816496580927726,-1.0986122886681098,0.5773502691896257,1.0986122886681098,0.5773502691896257,-0.6931471805599453,0.0,0.0,0.0,0.6931471805599453,0.6529984122545218,0.42640692640692646,5,0,1,1,0,set()
FOMCpresconf20250319.json,2025-03-19,press_conference_qa,2.995732273553991,0.8500700251267819,-1.0986122886681098,0.0,0.0,0.0,0.0,0.0,1.3862943611198906,0.0,0.0,0.0,3.044522437723423,0.8557207865397036,0.7322580645161291,0,0,0,0,0,set()
statement_20250507.txt,2025-05-07,statement,0.6931471805599453,0.3779644730092273,-0.6931471805599453,0.5773502691896258,-0.6931471805599453,0.5773502691896258,0.0,0.0,0.0,0.0,0.0,0.0,0.0,0.5,0.25,1,0,1,1,0,set()
FOMCpresconf20250507.json,2025-05-07,press_conference_prepared,1.0986122886681098,0.38924947208076144,0.0,0.6666666666666666,-0.6931471805599453,0.408248290463863,-0.6931471805599453,0.0,0.0,0.0,-1.0986122886681098,0.5773502691896258,-0.6931471805599453,0.639137490706142,0.4084967320261437,1,1,1,0,0,set()
FOMCpresconf20250507.json,2025-05-07,press_conference_qa,-2.3978952727983707,0.31603030875998483,-3.5553480614894135,0.0,-2.5649493574615367,0.0,0.0,0.0,0.0,0.0,0.0,0.0,-4.04305126783455,0.49105473398904287,0.24113475177304963,69,0,0,0,0,set()
minutes_20250507.html,2025-05-07,minutes,-1.791759469228055,0.6096373955153138,0.6931471805599453,0.8041652501960813,-1.0986122886681098,0.7526635789342986,-2.1972245773362196,0.854242196177249,-3.6109179126442243,0.724568837309472,-1.3862943611198906,0.4385290096535146,-3.7376696182833684,0.7902104350319243,0.6244325316333431,18,11,30,1,0,set()
speeches_aggregated,2025-05-07,speech,-4.276666119016055,4.563333485621599,3.180654612048003,4.206126632814561,0.4010107577587838,3.8184128402703905,0.6931471805599455,4.588845840885808,-6.659293919683638,1.7478098505017998,0.0,1.1482017875008017,-0.7677360375510176,0.820374096750588,0.6810727016904615,33,29,36,0,0,set()
FOMCpresconf20250618.json,2025-06-18,press_conference_prepared,1.6094379124341003,0.6015852075182383,0.0,0.8819171036881969,0.6931471805599453,0.6408699444616557,-0.6931471805599453,1.1547005383792517,0.0,0.0,-0.6931471805599453,0.5,0.6931471805599453,0.7469827262241817,0.5579831932773108,3,1,2,1,0,set()
FOMCpresconf20250618.json,2025-06-18,press_conference_qa,-3.332204510175204,0.5967019603377811,0.0,0.0,0.0,0.0,0.0,0.0,0.0,0.0,1.791759469228055,0.5175491695067657,-3.1354942159291497,0.6509097534095394,0.4236835070836674,22,0,0,0,0,set()
minutes_20250618.html,2025-06-18,minutes,-1.791759469228055,0.6071159226949525,0.6931471805599453,0.8204030865920703,-0.6931471805599453,0.7926581093427849,1.0986122886681098,0.8381652631810517,0.0,0.8075728530872482,0.0,0.6793662204867574,0.6931471805599453,0.7864247512906508,0.618463889442562,15,11,19,1,0,set()
statement_20250618.txt,2025-06-18,statement,0.6931471805599453,0.3779644730092273,0.0,0.0,0.0,0.0,0.0,0.0,0.0,0.0,0.0,0.0,0.6931471805599453,0.3535533905932738,0.125,1,0,0,1,0,set()
speeches_aggregated,2025-06-18,speech,-4.718498871295094,4.322350739490024,-1.4842747694800942,3.7969666588572615,-3.1135153092103747,2.6108519429520216,-6.733401891837359,2.161700457196821,-6.993015122932961,2.721997164675943,-5.19295685089021,2.905037640798056,-12.338002756787724,0.6686923109452382,0.4739966406168564,28,33,27,1,0,set()
FOMCpresconf20250730.json,2025-07-30,press_conference_prepared,1.0986122886681098,0.6324555320336759,1.0986122886681098,0.7888106377466155,-1.0986122886681098,0.5773502691896258,0.0,0.0,0.0,0.0,0.0,0.0,1.0986122886681098,0.6763995415945232,0.4575163398692811,2,2,1,1,0,set()
speeches_aggregated,2025-07-30,speech,-4.787491742782047,2.227471748210962,-1.791759469228055,1.8407714027749387,-4.718498871295094,1.1661253213344647,-4.718498871295094,2.6606072140268537,-3.8066624897703196,2.124111833194394,0.0,1.2071067811865475,-9.492507263739853,0.741823291428295,0.5565511058596797,4,5,21,0,0,set()
minutes_20250730.html,2025-07-30,minutes,-1.3862943611198906,0.7229988054812212,1.791759469228055,0.8656247443117874,-1.6094379124341003,0.7760791522613608,-2.3978952727983707,0.8139788549800785,-3.2188758248682006,0.7611968072848042,0.0,0.6030226891555273,-3.58351893845611,0.7912464573328175,0.6260709562417343,14,8,21,0,0,set()
statement_20250730.txt,2025-07-30,statement,0.6931471805599453,0.3779644730092273,0.0,0.0,0.0,0.0,0.0,0.0,0.0,0.0,0.0,0.0,0.6931471805599453,0.3535533905932738,0.125,1,0,0,1,0,set()
FOMCpresconf20250730.json,2025-07-30,press_conference_qa,1.9459101490553132,0.0,2.833213344056216,0.6557855173825838,3.5553480614894135,0.503354134397826,-3.9318256327243257,0.4499692136859278,0.0,0.0,0.0,0.0,1.9459101490553132,0.8419062453745644,0.7088061260006963,50,0,0,0,0,set()
statement_20250917.txt,2025-09-17,statement,0.0,0.5773502691896257,0.0,0.0,-0.6931471805599453,0.5773502691896258,0.0,0.0,0.0,0.0,0.0,0.0,-0.6931471805599453,0.6009252125773316,0.36111111111111116,1,0,1,1,0,set()
FOMCpresconf20250917.json,2025-09-17,press_conference_qa,2.0794415416798357,0.33113308926626095,2.0794415416798357,0.0,-1.3862943611198906,0.5,0.0,0.0,3.1354942159291497,0.48945319317801955,0.0,0.0,3.295836866004329,0.4738565764538144,0.22454005504852967,0,0,0,0,0,set()
FOMCpresconf20250917.json,2025-09-17,press_conference_prepared,0.0,0.6324555320336759,-0.6931471805599453,0.90033663737852,-1.0986122886681098,0.5773502691896258,0.0,0.0,0.0,0.0,0.0,0.0,-1.3862943611198906,0.7570485649179112,0.5731225296442687,2,2,1,0,0,set()
speeches_aggregated,2025-09-17,speech,-2.4849066497880004,3.4917371600914358,-3.737669618283368,3.099130365204739,-9.392661928770139,2.9632552915495127,-7.745002803515839,2.4417607480816805,-1.1786549963416462,2.175565496120728,-0.5108256237659906,2.7689304348272414,-7.957177323459476,0.7820630760144897,0.6227673641916327,12,8,41,2,0,set()
minutes_20250917.html,2025-09-17,minutes,-2.4849066497880004,0.8022904622237814,0.0,0.8744746321952062,-3.258096538021482,0.5799451149344533,-1.6094379124341003,0.9283882603225666,-2.1972245773362196,0.8588298157855662,-0.6931471805599453,0.5,-3.7376696182833684,0.8355965957340395,0.698221670802316,7,6,15,0,0,set()
minutes_20251029.html,2025-10-29,minutes,-2.70805020110221,0.6833956709499996,1.6094379124341003,0.9133589649915751,-2.833213344056216,0.6377042156569663,-1.0986122886681098,0.8836221915162051,-3.044522437723423,0.8355965618808433,-1.6094379124341003,0.7262730392025629,-3.7612001156935624,0.8187941556259647,0.6704238692872364,12,8,26,1,0,set()
statement_20251029.txt,2025-10-29,statement,0.0,0.5773502691896257,0.6931471805599453,0.5773502691896258,-1.0986122886681098,0.5773502691896257,0.0,0.0,0.0,0.0,0.0,0.0,-0.6931471805599453,0.7006490497453706,0.49090909090909074,1,0,1,0,0,set()
FOMCpresconf20251029.json,2025-10-29,press_conference_qa,0.6931471805599453,0.5374001492164546,1.3862943611198906,1.0127393670836666,-1.791759469228055,0.5175491695067657,-3.4339872044851463,0.5034443575988877,3.1780538303479458,0.5052577681363806,0.0,0.0,-1.6094379124341003,0.6627922738188757,0.4392935982339956,0,0,30,0,0,set()
FOMCpresconf20251029.json,2025-10-29,press_conference_prepared,1.0986122886681098,0.6683115412781179,0.0,0.9534625892455924,-1.6094379124341003,0.4472135954999579,0.0,0.0,-0.6931471805599453,0.0,0.0,0.0,-0.6931471805599453,0.7853704366024198,0.6168067226890755,0,2,2,1,0,set()
speeches_aggregated,2025-10-29,speech,-5.626592835965072,4.6154926920504415,-4.877103901471733,5.979822096514596,-11.962726386898444,5.281600397263864,0.6241543090729936,5.9785598004447555,-8.268731832117737,5.205652627211768,-3.5835189384561104,4.206812691626251,-14.315885765855423,0.745315475345874,0.5696927632003528,16,9,58,1,0,set()
statement_20251210.txt,2025-12-10,statement,-1.0986122886681098,0.48795003647426655,0.6931471805599453,0.5773502691896258,-0.6931471805599453,0.5773502691896258,0.0,0.0,0.0,0.0,0.0,0.0,-1.0986122886681098,0.6324555320336759,0.4000000000000001,1,0,1,1,0,set()
minutes_20251210.html,2025-12-10,minutes,-3.1780538303479458,0.6333328694553302,0.0,0.8660254037844386,-2.8903717578961645,0.6789105539243626,1.3862943611198906,0.6396021490668313,-3.258096538021482,0.6776309271789385,0.6931471805599453,0.6900655593423541,-3.9318256327243257,0.7571142714023308,0.5732220199610822,9,7,10,0,0,set()
FOMCpresconf20251210.json,2025-12-10,press_conference_qa,-3.2188758248682006,0.5432386766639288,2.3978952727983707,0.8312216619457133,2.772588722239781,0.4794949774542018,-2.8903717578961645,0.911761504909786,0.0,0.0,3.1780538303479458,0.0,3.8066624897703196,0.7538200438879555,0.5682446585672392,4,0,0,0,0,set()
FOMCpresconf20251210.json,2025-12-10,press_conference_prepared,-1.6094379124341003,0.749603069567329,-1.3862943611198906,0.9045340337332909,-1.0986122886681098,0.8944271909999159,-0.6931471805599453,0.0,0.0,1.0,0.0,0.0,-2.302585092994046,0.7608007189732063,0.5788177339901477,0,1,1,1,0,set()
speeches_aggregated,2025-12-10,speech,-3.3603753871419,4.46207677237152,-4.836281906951478,2.7190850646149776,-8.548691858475609,2.200559284318788,-0.45198512374305766,2.883641412203543,-14.663158357115766,4.3501342214389025,0.8472978603872034,1.3714765105005844,-17.98325426975614,0.7473789935505505,0.5632315179812151,24,35,107,1,0,set()
