{
  "prompt_name": "FOMC_annotation_instructions_v3_corrected",
  "n_sentences": 591,
  "parse_failure_rate": 0.001692047377326565,
  "summary_f1": 0.07706657083553572,
  "field_metrics": {
    "topic": {
      "accuracy": 0.0,
      "f1_macro": 0.0,
      "precision": 0.0,
      "recall": 0.0,
      "n": 591
    },
    "tense": {
      "accuracy": 0.030456852791878174,
      "f1_macro": 0.027636918012936076,
      "precision": 0.4066878283712785,
      "recall": 0.26383797653958946,
      "n": 591
    },
    "sentiment": {
      "accuracy": 0.13028764805414553,
      "f1_macro": 0.02620384549940446,
      "precision": 0.014853395061728395,
      "recall": 0.1111111111111111,
      "n": 591
    },
    "horizon": {
      "accuracy": 0.032148900169204735,
      "f1_macro": 0.03131878878147535,
      "precision": 0.4450282156061491,
      "recall": 0.34894660189783533,
      "n": 591
    },
    "commitment": {
      "accuracy": 0.030456852791878174,
      "f1_macro": 0.04459961607020431,
      "precision": 0.5254378283712784,
      "recall": 0.2729173382763808,
      "n": 591
    },
    "risk": {
      "accuracy": 0.8392554991539763,
      "f1_macro": 0.24788880432024935,
      "precision": 0.46039182282793867,
      "recall": 0.25969903112760256,
      "n": 591
    },
    "width": {
      "accuracy": 0.028764805414551606,
      "f1_macro": 0.03417363352248909,
      "precision": 0.3441878283712785,
      "recall": 0.26775247733502006,
      "n": 591
    }
  },
  "timestamp": "2026-05-20T09:15:14.147491"
}