{
  "prompt_name": "P0_minimal",
  "n_sentences": 587,
  "parse_failure_rate": 0.005110732538330494,
  "summary_f1": 0.35292521449701963,
  "field_metrics": {
    "top": {
      "accuracy": 0.15843270868824533,
      "f1_macro": 0.3879492171655715,
      "precision": 0.3879492171655715,
      "recall": 0.3879492171655715,
      "n": 587
    },
    "ten": {
      "accuracy": 0.5638841567291312,
      "f1_macro": 0.21302165567629486,
      "precision": 0.253964552238806,
      "recall": 0.25113968124820524,
      "n": 587
    },
    "sen": {
      "accuracy": 0.3850085178875639,
      "f1_macro": 0.21332607116920843,
      "precision": 0.21995227809776993,
      "recall": 0.25659340659340657,
      "n": 587
    },
    "com": {
      "accuracy": 0.28960817717206133,
      "f1_macro": 0.14612854251012145,
      "precision": 0.25924089892210694,
      "recall": 0.3125,
      "n": 587
    },
    "hor": {
      "accuracy": 0.8415672913117547,
      "f1_macro": 0.402861084452975,
      "precision": 0.4115538688593717,
      "recall": 0.3966452436300652,
      "n": 587
    },
    "ris": {
      "accuracy": 0.7836456558773425,
      "f1_macro": 0.5582221078289382,
      "precision": 0.685614788437369,
      "recall": 0.619227816089216,
      "n": 587
    },
    "wid": {
      "accuracy": 0.797274275979557,
      "f1_macro": 0.2522034618243602,
      "precision": 0.26493487593684056,
      "recall": 0.24353645357053788,
      "n": 587
    }
  },
  "timestamp": "2026-05-17T13:59:20.272162"
}