{
  "prompt_name": "P0_minimal",
  "n_sentences": 30,
  "parse_failure_rate": 0.0,
  "summary_f1": 0.38631134829410696,
  "field_metrics": {
    "top": {
      "accuracy": 0.23333333333333334,
      "f1_macro": 0.478888888888889,
      "precision": 0.478888888888889,
      "recall": 0.478888888888889,
      "n": 30
    },
    "ten": {
      "accuracy": 0.5666666666666667,
      "f1_macro": 0.3617021276595745,
      "precision": 0.30357142857142855,
      "recall": 0.4473684210526316,
      "n": 30
    },
    "sen": {
      "accuracy": 0.3,
      "f1_macro": 0.15026455026455027,
      "precision": 0.12,
      "recall": 0.21666666666666665,
      "n": 30
    },
    "com": {
      "accuracy": 0.23333333333333334,
      "f1_macro": 0.16420361247947454,
      "precision": 0.3717948717948718,
      "recall": 0.3888888888888889,
      "n": 30
    },
    "hor": {
      "accuracy": 0.8,
      "f1_macro": 0.64,
      "precision": 0.625,
      "recall": 0.8928571428571428,
      "n": 30
    },
    "ris": {
      "accuracy": 0.6333333333333333,
      "f1_macro": 0.43333333333333335,
      "precision": 0.6666666666666666,
      "recall": 0.3333333333333333,
      "n": 30
    },
    "wid": {
      "accuracy": 0.9333333333333333,
      "f1_macro": 0.4827586206896552,
      "precision": 0.4827586206896552,
      "recall": 0.4827586206896552,
      "n": 30
    }
  },
  "timestamp": "2026-05-16T10:28:20.161341"
}