{
  "prompt_name": "p1_minimal",
  "n_sentences": 30,
  "parse_failure_rate": 0.0,
  "summary_f1": 0.30713120320022863,
  "field_metrics": {
    "top": {
      "accuracy": 0.1,
      "f1_macro": 0.2926190476190476,
      "precision": 0.2926190476190476,
      "recall": 0.2926190476190476,
      "n": 30
    },
    "ten": {
      "accuracy": 0.6333333333333333,
      "f1_macro": 0.3877551020408163,
      "precision": 0.31666666666666665,
      "recall": 0.5,
      "n": 30
    },
    "sen": {
      "accuracy": 0.23333333333333334,
      "f1_macro": 0.1329346092503987,
      "precision": 0.1341736694677871,
      "recall": 0.23611111111111108,
      "n": 30
    },
    "com": {
      "accuracy": 0.7666666666666667,
      "f1_macro": 0.4645390070921986,
      "precision": 0.43768115942028984,
      "recall": 0.5138888888888888,
      "n": 30
    },
    "hor": {
      "accuracy": 0.9,
      "f1_macro": 0.7574123989218329,
      "precision": 0.7,
      "recall": 0.9464285714285714,
      "n": 30
    },
    "ris": {
      "accuracy": 0.8666666666666667,
      "f1_macro": 0.4811320754716981,
      "precision": 0.6538461538461539,
      "recall": 0.4197530864197531,
      "n": 30
    },
    "wid": {
      "accuracy": 0.9333333333333333,
      "f1_macro": 0.3218390804597701,
      "precision": 0.3218390804597701,
      "recall": 0.3218390804597701,
      "n": 30
    }
  },
  "timestamp": "2026-05-16T10:30:55.469572"
}