{
  "prompt_name": "P1_medium_3shot",
  "n_sentences": 30,
  "parse_failure_rate": 0.0,
  "summary_f1": 0.49946963492196017,
  "field_metrics": {
    "top": {
      "accuracy": 0.6666666666666666,
      "f1_macro": 0.7055555555555555,
      "precision": 0.7055555555555555,
      "recall": 0.7055555555555555,
      "n": 30
    },
    "ten": {
      "accuracy": 0.8666666666666667,
      "f1_macro": 0.8642533936651584,
      "precision": 0.8666666666666667,
      "recall": 0.8947368421052632,
      "n": 30
    },
    "sen": {
      "accuracy": 0.36666666666666664,
      "f1_macro": 0.23481116584564857,
      "precision": 0.20343137254901963,
      "recall": 0.27777777777777773,
      "n": 30
    },
    "com": {
      "accuracy": 0.7,
      "f1_macro": 0.5415742793791574,
      "precision": 0.525,
      "recall": 0.6805555555555557,
      "n": 30
    },
    "hor": {
      "accuracy": 0.6333333333333333,
      "f1_macro": 0.5111111111111111,
      "precision": 0.5769230769230769,
      "recall": 0.8035714285714286,
      "n": 30
    },
    "ris": {
      "accuracy": 0.8,
      "f1_macro": 0.5659863945578231,
      "precision": 0.6666666666666666,
      "recall": 0.49382716049382713,
      "n": 30
    },
    "wid": {
      "accuracy": 0.9666666666666667,
      "f1_macro": 0.4915254237288136,
      "precision": 0.48333333333333334,
      "recall": 0.5,
      "n": 30
    }
  },
  "timestamp": "2026-05-16T10:29:31.997914"
}