{
  "prompt_name": "P1_medium_3shot",
  "n_sentences": 587,
  "parse_failure_rate": 0.0,
  "summary_f1": 0.4488652594845843,
  "field_metrics": {
    "top": {
      "accuracy": 0.38160136286201024,
      "f1_macro": 0.5075241340147643,
      "precision": 0.5075241340147643,
      "recall": 0.5075241340147643,
      "n": 587
    },
    "ten": {
      "accuracy": 0.7546848381601363,
      "f1_macro": 0.37793624161073824,
      "precision": 0.3837461154534325,
      "recall": 0.38613956159663065,
      "n": 587
    },
    "sen": {
      "accuracy": 0.32367972742759793,
      "f1_macro": 0.25407712717731173,
      "precision": 0.3538436935475778,
      "recall": 0.3730924936022611,
      "n": 587
    },
    "com": {
      "accuracy": 0.7614991482112436,
      "f1_macro": 0.43395257654966396,
      "precision": 0.4169323777061318,
      "recall": 0.49174018335928044,
      "n": 587
    },
    "hor": {
      "accuracy": 0.5792163543441227,
      "f1_macro": 0.3470333253797821,
      "precision": 0.40056286634835603,
      "recall": 0.4912530197365423,
      "n": 587
    },
    "ris": {
      "accuracy": 0.778534923339012,
      "f1_macro": 0.5678526330083268,
      "precision": 0.5658432783432783,
      "recall": 0.6523287399308408,
      "n": 587
    },
    "wid": {
      "accuracy": 0.919931856899489,
      "f1_macro": 0.46600714373793445,
      "precision": 0.48693725326450044,
      "recall": 0.44951294176328777,
      "n": 587
    }
  },
  "timestamp": "2026-05-17T13:59:36.409781"
}