{
  "prompt_name": "p2_full_schema",
  "n_sentences": 30,
  "parse_failure_rate": 0.0,
  "summary_f1": 0.3893615587164401,
  "field_metrics": {
    "top": {
      "accuracy": 0.4666666666666667,
      "f1_macro": 0.5111111111111112,
      "precision": 0.5111111111111112,
      "recall": 0.5111111111111112,
      "n": 30
    },
    "ten": {
      "accuracy": 0.8333333333333334,
      "f1_macro": 0.8285714285714285,
      "precision": 0.8258928571428572,
      "recall": 0.8492822966507176,
      "n": 30
    },
    "sen": {
      "accuracy": 0.3,
      "f1_macro": 0.2040993788819876,
      "precision": 0.32620320855614976,
      "recall": 0.3166666666666667,
      "n": 30
    },
    "com": {
      "accuracy": 0.7333333333333333,
      "f1_macro": 0.4481481481481482,
      "precision": 0.41269841269841273,
      "recall": 0.5972222222222222,
      "n": 30
    },
    "hor": {
      "accuracy": 0.9666666666666667,
      "f1_macro": 0.8245614035087718,
      "precision": 0.9827586206896552,
      "recall": 0.75,
      "n": 30
    },
    "ris": {
      "accuracy": 0.3,
      "f1_macro": 0.35947712418300654,
      "precision": 0.5555555555555555,
      "recall": 0.30864197530864196,
      "n": 30
    },
    "wid": {
      "accuracy": 0.9333333333333333,
      "f1_macro": 0.4827586206896552,
      "precision": 0.4827586206896552,
      "recall": 0.4827586206896552,
      "n": 30
    }
  },
  "timestamp": "2026-05-16T10:32:13.423943"
}