{
  "prompt_name": "P2_medium_3shot_cot",
  "n_sentences": 587,
  "parse_failure_rate": 0.1362862010221465,
  "summary_f1": 0.4228421660309316,
  "field_metrics": {
    "top": {
      "accuracy": 0.2879045996592845,
      "f1_macro": 0.40800681431005104,
      "precision": 0.40800681431005104,
      "recall": 0.40800681431005104,
      "n": 587
    },
    "ten": {
      "accuracy": 0.6882453151618398,
      "f1_macro": 0.36918372187584714,
      "precision": 0.3983886596649162,
      "recall": 0.3468250454675984,
      "n": 587
    },
    "sen": {
      "accuracy": 0.3730834752981261,
      "f1_macro": 0.28317971998544744,
      "precision": 0.2889585951858578,
      "recall": 0.32087336725091004,
      "n": 587
    },
    "com": {
      "accuracy": 0.6320272572402045,
      "f1_macro": 0.3370800724870101,
      "precision": 0.3507771092966624,
      "recall": 0.3472798823732918,
      "n": 587
    },
    "hor": {
      "accuracy": 0.7325383304940375,
      "f1_macro": 0.454074392946541,
      "precision": 0.4647739694233562,
      "recall": 0.4726013036145676,
      "n": 587
    },
    "ris": {
      "accuracy": 0.8347529812606473,
      "f1_macro": 0.5939473684210527,
      "precision": 0.571671859550335,
      "recall": 0.6415939741864278,
      "n": 587
    },
    "wid": {
      "accuracy": 0.7700170357751278,
      "f1_macro": 0.4062347614071752,
      "precision": 0.41482626817940904,
      "recall": 0.4037760461238282,
      "n": 587
    }
  },
  "timestamp": "2026-05-17T14:01:23.230365"
}