{
  "prompt_name": "P2_medium_3shot_final_v3",
  "n_sentences": 591,
  "parse_failure_rate": 0.0,
  "summary_f1": 0.4793005375404092,
  "field_metrics": {
    "topic": {
      "accuracy": 0.4213197969543147,
      "f1_macro": 0.5478567399887196,
      "precision": 0.5478567399887196,
      "recall": 0.5478567399887196,
      "n": 591
    },
    "tense": {
      "accuracy": 0.7698815566835872,
      "f1_macro": 0.38550864606328183,
      "precision": 0.3910669572475193,
      "recall": 0.3940615835777126,
      "n": 591
    },
    "sentiment": {
      "accuracy": 0.46362098138747887,
      "f1_macro": 0.332645870346255,
      "precision": 0.4260631508797645,
      "recall": 0.34560957063065884,
      "n": 591
    },
    "horizon": {
      "accuracy": 0.7038917089678511,
      "f1_macro": 0.40712069617858493,
      "precision": 0.4167490972842127,
      "recall": 0.52249269541462,
      "n": 591
    },
    "commitment": {
      "accuracy": 0.7935702199661591,
      "f1_macro": 0.4410961413655621,
      "precision": 0.41387313811780635,
      "recall": 0.5165786857941113,
      "n": 591
    },
    "risk": {
      "accuracy": 0.8274111675126904,
      "f1_macro": 0.6228710199129495,
      "precision": 0.5581182259438312,
      "recall": 0.7599450465991819,
      "n": 591
    },
    "width": {
      "accuracy": 0.8781725888324873,
      "f1_macro": 0.4138285199137126,
      "precision": 0.4029014537709617,
      "recall": 0.42872127345561883,
      "n": 591
    }
  },
  "timestamp": "2026-05-18T18:55:51.012905"
}