{
  "prompt_name": "P2_medium_3shot_final",
  "n_sentences": 591,
  "parse_failure_rate": 0.0,
  "summary_f1": 0.4691073865450816,
  "field_metrics": {
    "topic": {
      "accuracy": 0.42978003384094754,
      "f1_macro": 0.5771573604060914,
      "precision": 0.5771573604060914,
      "recall": 0.5771573604060914,
      "n": 591
    },
    "tense": {
      "accuracy": 0.8020304568527918,
      "f1_macro": 0.40061633281972264,
      "precision": 0.3995829700335001,
      "recall": 0.40441715542521994,
      "n": 591
    },
    "sentiment": {
      "accuracy": 0.45346869712351945,
      "f1_macro": 0.32568256918155636,
      "precision": 0.43837523499984066,
      "recall": 0.352944494252911,
      "n": 591
    },
    "horizon": {
      "accuracy": 0.8747884940778342,
      "f1_macro": 0.48758874071125263,
      "precision": 0.4763220508097321,
      "recall": 0.5022569585787041,
      "n": 591
    },
    "commitment": {
      "accuracy": 0.8392554991539763,
      "f1_macro": 0.4968034055727554,
      "precision": 0.46652221018418205,
      "recall": 0.5454330539436922,
      "n": 591
    },
    "risk": {
      "accuracy": 0.8798646362098139,
      "f1_macro": 0.5648890516209273,
      "precision": 0.5240739944382329,
      "recall": 0.6299871974308064,
      "n": 591
    },
    "width": {
      "accuracy": 0.9153976311336718,
      "f1_macro": 0.40870056497175145,
      "precision": 0.39146134239592184,
      "recall": 0.42940122285473326,
      "n": 591
    }
  },
  "timestamp": "2026-05-18T18:18:23.475627"
}