{
  "prompt_name": "P2_medium_3shot_cot",
  "n_sentences": 30,
  "parse_failure_rate": 0.5666666666666667,
  "summary_f1": 0.2718184593184593,
  "field_metrics": {
    "top": {
      "accuracy": 0.23333333333333334,
      "f1_macro": 0.25,
      "precision": 0.25,
      "recall": 0.25,
      "n": 30
    },
    "ten": {
      "accuracy": 0.3,
      "f1_macro": 0.2826086956521739,
      "precision": 0.5185185185185185,
      "recall": 0.22169059011164274,
      "n": 30
    },
    "sen": {
      "accuracy": 0.2,
      "f1_macro": 0.101010101010101,
      "precision": 0.10964912280701755,
      "recall": 0.20833333333333334,
      "n": 30
    },
    "com": {
      "accuracy": 0.26666666666666666,
      "f1_macro": 0.125,
      "precision": 0.25,
      "recall": 0.08333333333333333,
      "n": 30
    },
    "hor": {
      "accuracy": 0.3,
      "f1_macro": 0.16216216216216217,
      "precision": 0.3333333333333333,
      "recall": 0.10714285714285715,
      "n": 30
    },
    "ris": {
      "accuracy": 0.8666666666666667,
      "f1_macro": 0.5299145299145299,
      "precision": 0.5422222222222222,
      "recall": 0.5185185185185185,
      "n": 30
    },
    "wid": {
      "accuracy": 0.43333333333333335,
      "f1_macro": 0.20634920634920637,
      "precision": 0.3333333333333333,
      "recall": 0.14942528735632185,
      "n": 30
    }
  },
  "timestamp": "2026-05-16T10:39:55.529288"
}