{
  "prompt_name": "P3_medium_5shot",
  "n_sentences": 498,
  "parse_failure_rate": 0.0,
  "summary_f1": 0.42387379447867457,
  "field_metrics": {
    "top": {
      "accuracy": 0.4919678714859438,
      "f1_macro": 0.568607764390897,
      "precision": 0.568607764390897,
      "recall": 0.568607764390897,
      "n": 498
    },
    "ten": {
      "accuracy": 0.7449799196787149,
      "f1_macro": 0.7408322576679575,
      "precision": 0.7466124661246613,
      "recall": 0.7652094717668488,
      "n": 498
    },
    "sen": {
      "accuracy": 0.3273092369477912,
      "f1_macro": 0.250936312946353,
      "precision": 0.29970927765045413,
      "recall": 0.3433262941303877,
      "n": 498
    },
    "com": {
      "accuracy": 0.8413654618473896,
      "f1_macro": 0.5639447278787967,
      "precision": 0.6379879879879881,
      "recall": 0.5262955643390426,
      "n": 498
    },
    "hor": {
      "accuracy": 0.8654618473895582,
      "f1_macro": 0.7677675308856795,
      "precision": 0.734433635298898,
      "recall": 0.8354309165526675,
      "n": 498
    },
    "ris": {
      "accuracy": 0.7590361445783133,
      "f1_macro": 0.39377461416367365,
      "precision": 0.3701324792211967,
      "recall": 0.5575833696637533,
      "n": 498
    },
    "wid": {
      "accuracy": 0.9317269076305221,
      "f1_macro": 0.48217648641377453,
      "precision": 0.6943863319386332,
      "recall": 0.44983309489747264,
      "n": 498
    }
  },
  "timestamp": "2026-05-16T13:15:13.387104"
}