{
  "prompt_name": "P3_medium_5shot",
  "n_sentences": 587,
  "parse_failure_rate": 0.0,
  "summary_f1": 0.4193666592378458,
  "field_metrics": {
    "top": {
      "accuracy": 0.41056218057921634,
      "f1_macro": 0.4971607041453719,
      "precision": 0.4971607041453719,
      "recall": 0.4971607041453719,
      "n": 587
    },
    "ten": {
      "accuracy": 0.7700170357751278,
      "f1_macro": 0.38551751279024005,
      "precision": 0.38942825059654707,
      "recall": 0.39281611946013206,
      "n": 587
    },
    "sen": {
      "accuracy": 0.33049403747870526,
      "f1_macro": 0.25941543208428103,
      "precision": 0.3018785440924119,
      "recall": 0.3497296928217981,
      "n": 587
    },
    "com": {
      "accuracy": 0.8620102214650767,
      "f1_macro": 0.4424510776126839,
      "precision": 0.4999932245191102,
      "recall": 0.41106642449403213,
      "n": 587
    },
    "hor": {
      "accuracy": 0.8160136286201022,
      "f1_macro": 0.4674639086403792,
      "precision": 0.44855835240274605,
      "recall": 0.5407447923788687,
      "n": 587
    },
    "ris": {
      "accuracy": 0.7512776831345827,
      "f1_macro": 0.5235192174934484,
      "precision": 0.4752595436433047,
      "recall": 0.6794140533501666,
      "n": 587
    },
    "wid": {
      "accuracy": 0.9063032367972743,
      "f1_macro": 0.39737128322828175,
      "precision": 0.4922655453618756,
      "recall": 0.3670229543309551,
      "n": 587
    }
  },
  "timestamp": "2026-05-17T14:01:26.011134"
}