{
  "prompt_name": "P3_medium_5shot_final",
  "n_sentences": 591,
  "parse_failure_rate": 0.0,
  "summary_f1": 0.510755654412007,
  "field_metrics": {
    "topic": {
      "accuracy": 0.5076142131979695,
      "f1_macro": 0.6206147772137619,
      "precision": 0.6206147772137619,
      "recall": 0.6206147772137619,
      "n": 591
    },
    "tense": {
      "accuracy": 0.8003384094754653,
      "f1_macro": 0.40037962706544816,
      "precision": 0.4014504630478636,
      "recall": 0.406433284457478,
      "n": 591
    },
    "sentiment": {
      "accuracy": 0.46362098138747887,
      "f1_macro": 0.3383311478863984,
      "precision": 0.41369828307219375,
      "recall": 0.35967702868835394,
      "n": 591
    },
    "horizon": {
      "accuracy": 0.883248730964467,
      "f1_macro": 0.48036368520757194,
      "precision": 0.48392579089286397,
      "recall": 0.4771002379078582,
      "n": 591
    },
    "commitment": {
      "accuracy": 0.8595600676818951,
      "f1_macro": 0.49330473166680067,
      "precision": 0.4971700813806077,
      "recall": 0.49472181925639375,
      "n": 591
    },
    "risk": {
      "accuracy": 0.8730964467005076,
      "f1_macro": 0.669315289778875,
      "precision": 0.6164294258373205,
      "recall": 0.7505964586791655,
      "n": 591
    },
    "width": {
      "accuracy": 0.8984771573604061,
      "f1_macro": 0.41476140276899287,
      "precision": 0.40947520748279764,
      "recall": 0.42790955091714106,
      "n": 591
    }
  },
  "timestamp": "2026-05-18T18:18:36.516342"
}