{
  "prompt_name": "P3_medium_5shot_final_v3",
  "n_sentences": 591,
  "parse_failure_rate": 0.0,
  "summary_f1": 0.5001460874340269,
  "field_metrics": {
    "topic": {
      "accuracy": 0.43824027072758037,
      "f1_macro": 0.5776649746192893,
      "precision": 0.5776649746192893,
      "recall": 0.5776649746192893,
      "n": 591
    },
    "tense": {
      "accuracy": 0.7631133671742809,
      "f1_macro": 0.3821932213908906,
      "precision": 0.3938618850029638,
      "recall": 0.39360337243401755,
      "n": 591
    },
    "sentiment": {
      "accuracy": 0.494077834179357,
      "f1_macro": 0.3631211950764602,
      "precision": 0.4120328563153824,
      "recall": 0.3715236326991315,
      "n": 591
    },
    "horizon": {
      "accuracy": 0.8595600676818951,
      "f1_macro": 0.5017974855589534,
      "precision": 0.4764086043155811,
      "recall": 0.565370385446914,
      "n": 591
    },
    "commitment": {
      "accuracy": 0.8392554991539763,
      "f1_macro": 0.5063406934808139,
      "precision": 0.4972830763588145,
      "recall": 0.5508012303889963,
      "n": 591
    },
    "risk": {
      "accuracy": 0.8409475465313029,
      "f1_macro": 0.6292927618358652,
      "precision": 0.5714403572720442,
      "recall": 0.7383120951729973,
      "n": 591
    },
    "width": {
      "accuracy": 0.8781725888324873,
      "f1_macro": 0.43050541820449295,
      "precision": 0.4184183599942355,
      "recall": 0.44721695129664774,
      "n": 591
    }
  },
  "timestamp": "2026-05-18T18:56:04.616311"
}