{
  "prompt_name": "p3_schema_examples",
  "n_sentences": 30,
  "parse_failure_rate": 0.8333333333333334,
  "summary_f1": 0.22811147186147185,
  "field_metrics": {
    "top": {
      "accuracy": 0.06666666666666667,
      "f1_macro": 0.08333333333333333,
      "precision": 0.08333333333333333,
      "recall": 0.08333333333333333,
      "n": 30
    },
    "ten": {
      "accuracy": 0.13333333333333333,
      "f1_macro": 0.14219114219114218,
      "precision": 0.5,
      "recall": 0.08293460925039872,
      "n": 30
    },
    "sen": {
      "accuracy": 0.1,
      "f1_macro": 0.03636363636363636,
      "precision": 0.02,
      "recall": 0.2,
      "n": 30
    },
    "com": {
      "accuracy": 0.16666666666666666,
      "f1_macro": 0.08620689655172414,
      "precision": 0.25,
      "recall": 0.052083333333333336,
      "n": 30
    },
    "hor": {
      "accuracy": 0.16666666666666666,
      "f1_macro": 0.10101010101010101,
      "precision": 0.3333333333333333,
      "recall": 0.05952380952380953,
      "n": 30
    },
    "ris": {
      "accuracy": 0.9333333333333333,
      "f1_macro": 0.7321428571428572,
      "precision": 0.9655172413793103,
      "recall": 0.6666666666666666,
      "n": 30
    },
    "wid": {
      "accuracy": 0.13333333333333333,
      "f1_macro": 0.06060606060606061,
      "precision": 0.25,
      "recall": 0.034482758620689655,
      "n": 30
    }
  },
  "timestamp": "2026-05-16T10:42:22.774755"
}