{
  "prompt_name": "P4_medium_5shot_cot",
  "n_sentences": 587,
  "parse_failure_rate": 0.141396933560477,
  "summary_f1": 0.3865235575051723,
  "field_metrics": {
    "top": {
      "accuracy": 0.3270868824531516,
      "f1_macro": 0.4080352072685974,
      "precision": 0.4080352072685974,
      "recall": 0.4080352072685974,
      "n": 587
    },
    "ten": {
      "accuracy": 0.6490630323679727,
      "f1_macro": 0.3483058608058608,
      "precision": 0.378874747983871,
      "recall": 0.32656803388532596,
      "n": 587
    },
    "sen": {
      "accuracy": 0.32538330494037476,
      "f1_macro": 0.25749332204085135,
      "precision": 0.2532967762993922,
      "recall": 0.29466321044864796,
      "n": 587
    },
    "com": {
      "accuracy": 0.7223168654173765,
      "f1_macro": 0.4005874736371912,
      "precision": 0.43124747419082254,
      "recall": 0.3742107766822349,
      "n": 587
    },
    "hor": {
      "accuracy": 0.727427597955707,
      "f1_macro": 0.4206169806169806,
      "precision": 0.440079571008476,
      "recall": 0.41399334518437486,
      "n": 587
    },
    "ris": {
      "accuracy": 0.7189097103918228,
      "f1_macro": 0.4678616629105533,
      "precision": 0.4285426874712589,
      "recall": 0.5830892716062616,
      "n": 587
    },
    "wid": {
      "accuracy": 0.7700170357751278,
      "f1_macro": 0.4127040378006873,
      "precision": 0.42622156414053036,
      "recall": 0.4037760461238282,
      "n": 587
    }
  },
  "timestamp": "2026-05-17T14:03:16.745081"
}