{
  "prompt_name": "P4_medium_5shot_cot",
  "n_sentences": 30,
  "parse_failure_rate": 0.5333333333333333,
  "summary_f1": 0.28105212820635095,
  "field_metrics": {
    "top": {
      "accuracy": 0.26666666666666666,
      "f1_macro": 0.26666666666666666,
      "precision": 0.26666666666666666,
      "recall": 0.26666666666666666,
      "n": 30
    },
    "ten": {
      "accuracy": 0.3333333333333333,
      "f1_macro": 0.301994301994302,
      "precision": 0.4761904761904761,
      "recall": 0.22647527910685805,
      "n": 30
    },
    "sen": {
      "accuracy": 0.23333333333333334,
      "f1_macro": 0.15866940077466393,
      "precision": 0.1765079365079365,
      "recall": 0.2333333333333333,
      "n": 30
    },
    "com": {
      "accuracy": 0.43333333333333335,
      "f1_macro": 0.17567567567567569,
      "precision": 0.25,
      "recall": 0.13541666666666666,
      "n": 30
    },
    "hor": {
      "accuracy": 0.4,
      "f1_macro": 0.19999999999999998,
      "precision": 0.3333333333333333,
      "recall": 0.14285714285714285,
      "n": 30
    },
    "ris": {
      "accuracy": 0.9,
      "f1_macro": 0.48181818181818176,
      "precision": 0.6428571428571429,
      "recall": 0.43209876543209874,
      "n": 30
    },
    "wid": {
      "accuracy": 0.4666666666666667,
      "f1_macro": 0.2170542635658915,
      "precision": 0.3333333333333333,
      "recall": 0.16091954022988506,
      "n": 30
    }
  },
  "timestamp": "2026-05-16T10:49:00.471742"
}