{
  "prompt_name": "p4_schema_cot",
  "n_sentences": 30,
  "parse_failure_rate": 0.0,
  "summary_f1": 0.37503555783125675,
  "field_metrics": {
    "top": {
      "accuracy": 0.5333333333333333,
      "f1_macro": 0.6055555555555555,
      "precision": 0.6055555555555555,
      "recall": 0.6055555555555555,
      "n": 30
    },
    "ten": {
      "accuracy": 0.6333333333333333,
      "f1_macro": 0.5111111111111111,
      "precision": 0.5769230769230769,
      "recall": 0.5382775119617225,
      "n": 30
    },
    "sen": {
      "accuracy": 0.26666666666666666,
      "f1_macro": 0.13118279569892474,
      "precision": 0.10025062656641603,
      "recall": 0.19444444444444442,
      "n": 30
    },
    "com": {
      "accuracy": 0.7333333333333333,
      "f1_macro": 0.38690476190476186,
      "precision": 0.375,
      "recall": 0.40277777777777773,
      "n": 30
    },
    "hor": {
      "accuracy": 0.9333333333333333,
      "f1_macro": 0.7321428571428572,
      "precision": 0.7321428571428572,
      "recall": 0.7321428571428572,
      "n": 30
    },
    "ris": {
      "accuracy": 0.8666666666666667,
      "f1_macro": 0.4419753086419753,
      "precision": 0.4753086419753087,
      "recall": 0.4197530864197531,
      "n": 30
    },
    "wid": {
      "accuracy": 0.9,
      "f1_macro": 0.32142857142857145,
      "precision": 0.3333333333333333,
      "recall": 0.3103448275862069,
      "n": 30
    }
  },
  "timestamp": "2026-05-16T10:50:18.622105"
}