{
  "prompt_name": "P5_FINAL",
  "n_sentences": 591,
  "parse_failure_rate": 0.0,
  "summary_f1": 0.5283073626653567,
  "field_metrics": {
    "topic": {
      "accuracy": 0.42978003384094754,
      "f1_macro": 0.585279187817259,
      "precision": 0.585279187817259,
      "recall": 0.585279187817259,
      "n": 591
    },
    "tense": {
      "accuracy": 0.8155668358714044,
      "f1_macro": 0.4073274421659194,
      "precision": 0.40602598566308246,
      "recall": 0.41083211143695014,
      "n": 591
    },
    "sentiment": {
      "accuracy": 0.5363790186125211,
      "f1_macro": 0.3693629491424775,
      "precision": 0.38015364265364265,
      "recall": 0.38873695031799144,
      "n": 591
    },
    "horizon": {
      "accuracy": 0.6666666666666666,
      "f1_macro": 0.3862320944638018,
      "precision": 0.40658540595129056,
      "recall": 0.5043103838186472,
      "n": 591
    },
    "commitment": {
      "accuracy": 0.8358714043993232,
      "f1_macro": 0.5246884444045304,
      "precision": 0.5032028429087252,
      "recall": 0.5826032935740382,
      "n": 591
    },
    "risk": {
      "accuracy": 0.8274111675126904,
      "f1_macro": 0.6442246772788469,
      "precision": 0.5803471107544141,
      "recall": 0.7768272141392442,
      "n": 591
    },
    "width": {
      "accuracy": 0.9187817258883249,
      "f1_macro": 0.5143626364228434,
      "precision": 0.5761084284460053,
      "recall": 0.5252688172043011,
      "n": 591
    }
  },
  "timestamp": "2026-05-20T15:11:31.155672"
}