{
  "prompt_name": "P5_final_v6",
  "n_sentences": 591,
  "parse_failure_rate": 0.0,
  "summary_f1": 0.49107307286462887,
  "field_metrics": {
    "topic": {
      "accuracy": 0.428087986463621,
      "f1_macro": 0.568302312464749,
      "precision": 0.568302312464749,
      "recall": 0.568302312464749,
      "n": 591
    },
    "tense": {
      "accuracy": 0.8223350253807107,
      "f1_macro": 0.4088259289475636,
      "precision": 0.40946148895086887,
      "recall": 0.4085410557184751,
      "n": 591
    },
    "sentiment": {
      "accuracy": 0.5397631133671743,
      "f1_macro": 0.3268107945926108,
      "precision": 0.33394296526800815,
      "recall": 0.3568658801502489,
      "n": 591
    },
    "horizon": {
      "accuracy": 0.8900169204737732,
      "f1_macro": 0.5168061408194354,
      "precision": 0.4981677985285795,
      "recall": 0.5445104797054646,
      "n": 591
    },
    "commitment": {
      "accuracy": 0.8595600676818951,
      "f1_macro": 0.521296159185719,
      "precision": 0.49735088362742297,
      "recall": 0.5611218568665377,
      "n": 591
    },
    "risk": {
      "accuracy": 0.7952622673434856,
      "f1_macro": 0.5869014695855774,
      "precision": 0.523247243284008,
      "recall": 0.7430636927817379,
      "n": 591
    },
    "width": {
      "accuracy": 0.9052453468697124,
      "f1_macro": 0.482277714815578,
      "precision": 0.4925730519480519,
      "recall": 0.48488825637781996,
      "n": 591
    }
  },
  "timestamp": "2026-05-20T14:33:32.786520"
}