{
  "prompt_name": "P5_high_3shot",
  "n_sentences": 587,
  "parse_failure_rate": 0.0,
  "summary_f1": 0.457663478461758,
  "field_metrics": {
    "top": {
      "accuracy": 0.3185689948892675,
      "f1_macro": 0.4733106189664964,
      "precision": 0.4733106189664964,
      "recall": 0.4733106189664964,
      "n": 587
    },
    "ten": {
      "accuracy": 0.7768313458262351,
      "f1_macro": 0.3889052499599073,
      "precision": 0.3924319429839934,
      "recall": 0.39604970326409494,
      "n": 587
    },
    "sen": {
      "accuracy": 0.434412265758092,
      "f1_macro": 0.399122101795449,
      "precision": 0.3918899987489703,
      "recall": 0.45212652620224464,
      "n": 587
    },
    "com": {
      "accuracy": 0.6524701873935264,
      "f1_macro": 0.36727620014425777,
      "precision": 0.3670540483129704,
      "recall": 0.46403087701089774,
      "n": 587
    },
    "hor": {
      "accuracy": 0.5792163543441227,
      "f1_macro": 0.3478996595829065,
      "precision": 0.4023465423465424,
      "recall": 0.4953006062263549,
      "n": 587
    },
    "ris": {
      "accuracy": 0.6899488926746167,
      "f1_macro": 0.498208216210283,
      "precision": 0.4922510252945499,
      "recall": 0.635065407351826,
      "n": 587
    },
    "wid": {
      "accuracy": 0.8415672913117547,
      "f1_macro": 0.4600129768748036,
      "precision": 0.41598565421144423,
      "recall": 0.5766872215674864,
      "n": 587
    }
  },
  "timestamp": "2026-05-17T14:03:34.949001"
}