{
  "prompt_name": "P5_high_3shot_final",
  "n_sentences": 591,
  "parse_failure_rate": 0.0,
  "summary_f1": 0.5185240106938609,
  "field_metrics": {
    "topic": {
      "accuracy": 0.3840947546531303,
      "f1_macro": 0.5748166948674563,
      "precision": 0.5748166948674563,
      "recall": 0.5748166948674563,
      "n": 591
    },
    "tense": {
      "accuracy": 0.7986463620981388,
      "f1_macro": 0.3985128400793385,
      "precision": 0.39711624853134286,
      "recall": 0.4013013196480938,
      "n": 591
    },
    "sentiment": {
      "accuracy": 0.5363790186125211,
      "f1_macro": 0.41458206673394443,
      "precision": 0.48648316271122205,
      "recall": 0.41732378634684114,
      "n": 591
    },
    "horizon": {
      "accuracy": 0.8578680203045685,
      "f1_macro": 0.4771505220697508,
      "precision": 0.46099117447386284,
      "recall": 0.5039395008457941,
      "n": 591
    },
    "commitment": {
      "accuracy": 0.7868020304568528,
      "f1_macro": 0.4780244173140955,
      "precision": 0.45149436914677427,
      "recall": 0.5681784601332474,
      "n": 591
    },
    "risk": {
      "accuracy": 0.8392554991539763,
      "f1_macro": 0.6461612461612461,
      "precision": 0.5829690464574185,
      "recall": 0.7673069307467805,
      "n": 591
    },
    "width": {
      "accuracy": 0.9103214890016921,
      "f1_macro": 0.43853603501279664,
      "precision": 0.4487738325504283,
      "recall": 0.47696078431372546,
      "n": 591
    }
  },
  "timestamp": "2026-05-18T18:18:51.155661"
}