{
  "prompt_name": "P5_high_3shot",
  "n_sentences": 30,
  "parse_failure_rate": 0.0,
  "summary_f1": 0.403828925469392,
  "field_metrics": {
    "top": {
      "accuracy": 0.6,
      "f1_macro": 0.6333333333333332,
      "precision": 0.6333333333333332,
      "recall": 0.6333333333333332,
      "n": 30
    },
    "ten": {
      "accuracy": 0.7666666666666667,
      "f1_macro": 0.7643097643097643,
      "precision": 0.7767857142857143,
      "recall": 0.7966507177033493,
      "n": 30
    },
    "sen": {
      "accuracy": 0.43333333333333335,
      "f1_macro": 0.33514328808446453,
      "precision": 0.30606060606060603,
      "recall": 0.3833333333333333,
      "n": 30
    },
    "com": {
      "accuracy": 0.6,
      "f1_macro": 0.4102564102564103,
      "precision": 0.43333333333333335,
      "recall": 0.5416666666666666,
      "n": 30
    },
    "hor": {
      "accuracy": 0.6666666666666666,
      "f1_macro": 0.5341614906832298,
      "precision": 0.5833333333333334,
      "recall": 0.8214285714285714,
      "n": 30
    },
    "ris": {
      "accuracy": 0.6666666666666666,
      "f1_macro": 0.325,
      "precision": 0.35,
      "recall": 0.3333333333333333,
      "n": 30
    },
    "wid": {
      "accuracy": 0.9333333333333333,
      "f1_macro": 0.3218390804597701,
      "precision": 0.3218390804597701,
      "recall": 0.3218390804597701,
      "n": 30
    }
  },
  "timestamp": "2026-05-16T10:51:40.487803"
}