{
  "prompt_name": "P5_high_3shot_final_v3",
  "n_sentences": 591,
  "parse_failure_rate": 0.0,
  "summary_f1": 0.5111705705488616,
  "field_metrics": {
    "topic": {
      "accuracy": 0.34348561759729274,
      "f1_macro": 0.5539199097574732,
      "precision": 0.5539199097574732,
      "recall": 0.5539199097574732,
      "n": 591
    },
    "tense": {
      "accuracy": 0.754653130287648,
      "f1_macro": 0.37788914094148834,
      "precision": 0.39254454423206225,
      "recall": 0.3904875366568915,
      "n": 591
    },
    "sentiment": {
      "accuracy": 0.5194585448392555,
      "f1_macro": 0.4266204394348397,
      "precision": 0.4765795938476696,
      "recall": 0.4191913593223307,
      "n": 591
    },
    "horizon": {
      "accuracy": 0.739424703891709,
      "f1_macro": 0.4292905842324653,
      "precision": 0.42937803886427367,
      "recall": 0.5440853211756086,
      "n": 591
    },
    "commitment": {
      "accuracy": 0.7986463620981388,
      "f1_macro": 0.471945548201529,
      "precision": 0.44000096274533335,
      "recall": 0.5522357887384483,
      "n": 591
    },
    "risk": {
      "accuracy": 0.7969543147208121,
      "f1_macro": 0.579341822658493,
      "precision": 0.5229456233970381,
      "recall": 0.7358899141793879,
      "n": 591
    },
    "width": {
      "accuracy": 0.8917089678510999,
      "f1_macro": 0.4848001103446408,
      "precision": 0.456872162472752,
      "recall": 0.5249947290744255,
      "n": 591
    }
  },
  "timestamp": "2026-05-18T18:56:19.998076"
}