{
  "prompt_name": "P5_high_3shot_final_CoT",
  "n_sentences": 591,
  "parse_failure_rate": 0.0,
  "summary_f1": 0.5027419264052675,
  "field_metrics": {
    "topic": {
      "accuracy": 0.33671742808798644,
      "f1_macro": 0.5531584884376762,
      "precision": 0.5531584884376762,
      "recall": 0.5531584884376762,
      "n": 591
    },
    "tense": {
      "accuracy": 0.8257191201353637,
      "f1_macro": 0.4118657107169915,
      "precision": 0.41037976444403224,
      "recall": 0.41385630498533726,
      "n": 591
    },
    "sentiment": {
      "accuracy": 0.5414551607445008,
      "f1_macro": 0.4009098702599032,
      "precision": 0.4696621220343307,
      "recall": 0.39374198985252695,
      "n": 591
    },
    "horizon": {
      "accuracy": 0.9086294416243654,
      "f1_macro": 0.5166590139470815,
      "precision": 0.5282232656462792,
      "recall": 0.506997023890291,
      "n": 591
    },
    "commitment": {
      "accuracy": 0.7055837563451777,
      "f1_macro": 0.40250304718139446,
      "precision": 0.4382770155826558,
      "recall": 0.48793990436277673,
      "n": 591
    },
    "risk": {
      "accuracy": 0.868020304568528,
      "f1_macro": 0.658591980531018,
      "precision": 0.6206266847093604,
      "recall": 0.733740059022014,
      "n": 591
    },
    "width": {
      "accuracy": 0.8206429780033841,
      "f1_macro": 0.3983073663924728,
      "precision": 0.37706732218203737,
      "recall": 0.4546647691334599,
      "n": 591
    }
  },
  "timestamp": "2026-05-20T09:36:02.825798"
}