{
  "prompt_name": "P5_high_3shot_v4",
  "n_sentences": 591,
  "parse_failure_rate": 0.0,
  "summary_f1": 0.49058686072822677,
  "field_metrics": {
    "topic": {
      "accuracy": 0.42978003384094754,
      "f1_macro": 0.5991821771009589,
      "precision": 0.5991821771009589,
      "recall": 0.5991821771009589,
      "n": 591
    },
    "tense": {
      "accuracy": 0.8307952622673435,
      "f1_macro": 0.4145750809174934,
      "precision": 0.4130104106419896,
      "recall": 0.41688049853372433,
      "n": 591
    },
    "sentiment": {
      "accuracy": 0.544839255499154,
      "f1_macro": 0.35066407725062043,
      "precision": 0.35363751866753507,
      "recall": 0.37114058190679483,
      "n": 591
    },
    "horizon": {
      "accuracy": 0.7309644670050761,
      "f1_macro": 0.4185249806799079,
      "precision": 0.4195350241545894,
      "recall": 0.5206111427718527,
      "n": 591
    },
    "commitment": {
      "accuracy": 0.8358714043993232,
      "f1_macro": 0.5155321299205508,
      "precision": 0.4838489650210707,
      "recall": 0.5826032935740382,
      "n": 591
    },
    "risk": {
      "accuracy": 0.8206429780033841,
      "f1_macro": 0.4998640954606584,
      "precision": 0.4592442823249976,
      "recall": 0.5867397932059586,
      "n": 591
    },
    "width": {
      "accuracy": 0.9153976311336718,
      "f1_macro": 0.5126370931006693,
      "precision": 0.5550681341719077,
      "recall": 0.5261490617752478,
      "n": 591
    }
  },
  "timestamp": "2026-05-20T10:26:53.980971"
}