{
  "prompt_name": "p5_schema_examples_cot",
  "n_sentences": 30,
  "parse_failure_rate": 0.0,
  "summary_f1": 0.5731601731601732,
  "field_metrics": {
    "top": {
      "accuracy": 0.6333333333333333,
      "f1_macro": 0.6611111111111111,
      "precision": 0.6611111111111111,
      "recall": 0.6611111111111111,
      "n": 30
    },
    "ten": {
      "accuracy": 0.6333333333333333,
      "f1_macro": 0.6122209165687427,
      "precision": 0.6111111111111112,
      "recall": 0.6148325358851674,
      "n": 30
    },
    "sen": {
      "accuracy": 0.4,
      "f1_macro": 0.41919191919191917,
      "precision": 0.4486111111111111,
      "recall": 0.42361111111111116,
      "n": 30
    },
    "com": {
      "accuracy": 0.7666666666666667,
      "f1_macro": 0.5582010582010581,
      "precision": 0.5341269841269841,
      "recall": 0.6111111111111112,
      "n": 30
    },
    "hor": {
      "accuracy": 0.9666666666666667,
      "f1_macro": 0.8245614035087718,
      "precision": 0.9827586206896552,
      "recall": 0.75,
      "n": 30
    },
    "ris": {
      "accuracy": 0.9666666666666667,
      "f1_macro": 0.8909090909090909,
      "precision": 0.9821428571428572,
      "recall": 0.8333333333333333,
      "n": 30
    },
    "wid": {
      "accuracy": 0.9,
      "f1_macro": 0.32142857142857145,
      "precision": 0.3333333333333333,
      "recall": 0.3103448275862069,
      "n": 30
    }
  },
  "timestamp": "2026-05-16T10:53:00.362251"
}