{
  "prompt_name": "P5_v10",
  "n_sentences": 591,
  "parse_failure_rate": 0.0,
  "summary_f1": 0.5721785789087152,
  "field_metrics": {
    "topic": {
      "accuracy": 0.4890016920473773,
      "f1_macro": 0.6236322617033278,
      "precision": 0.6236322617033278,
      "recall": 0.6236322617033278,
      "n": 591
    },
    "tense": {
      "accuracy": 0.8223350253807107,
      "f1_macro": 0.41038769324126023,
      "precision": 0.4088411184742201,
      "recall": 0.41293988269794724,
      "n": 591
    },
    "sentiment": {
      "accuracy": 0.55668358714044,
      "f1_macro": 0.3762311693736475,
      "precision": 0.3843021822789127,
      "recall": 0.39229038845732717,
      "n": 591
    },
    "horizon": {
      "accuracy": 0.7597292724196277,
      "f1_macro": 0.43386181347135794,
      "precision": 0.4271905742393045,
      "recall": 0.52747700073272,
      "n": 591
    },
    "commitment": {
      "accuracy": 0.8375634517766497,
      "f1_macro": 0.5251630114298451,
      "precision": 0.495679050663687,
      "recall": 0.5975506393724479,
      "n": 591
    },
    "risk": {
      "accuracy": 0.8934010152284264,
      "f1_macro": 0.7510135089970856,
      "precision": 0.7247657760179584,
      "recall": 0.7961565168332086,
      "n": 591
    },
    "width": {
      "accuracy": 0.9323181049069373,
      "f1_macro": 0.5378373755607998,
      "precision": 0.5686512728136506,
      "recall": 0.5327219059666877,
      "n": 591
    }
  },
  "timestamp": "2026-05-20T15:39:30.739589"
}