{
  "prompt_name": "P5_v5_cot",
  "n_sentences": 591,
  "parse_failure_rate": 0.0,
  "summary_f1": 0.47388437309770326,
  "field_metrics": {
    "topic": {
      "accuracy": 0.505922165820643,
      "f1_macro": 0.5925831923293853,
      "precision": 0.5925831923293853,
      "recall": 0.5925831923293853,
      "n": 591
    },
    "tense": {
      "accuracy": 0.8003384094754653,
      "f1_macro": 0.39054636438880064,
      "precision": 0.41682435360392894,
      "recall": 0.3869134897360704,
      "n": 591
    },
    "sentiment": {
      "accuracy": 0.5465313028764806,
      "f1_macro": 0.3031742044315142,
      "precision": 0.2811963453519745,
      "recall": 0.33824383857575935,
      "n": 591
    },
    "horizon": {
      "accuracy": 0.8747884940778342,
      "f1_macro": 0.48758874071125263,
      "precision": 0.4763220508097321,
      "recall": 0.5022569585787041,
      "n": 591
    },
    "commitment": {
      "accuracy": 0.883248730964467,
      "f1_macro": 0.5354100838334719,
      "precision": 0.537182486631016,
      "recall": 0.5347155061250806,
      "n": 591
    },
    "risk": {
      "accuracy": 0.8510998307952623,
      "f1_macro": 0.5308194707635804,
      "precision": 0.4830675153048133,
      "recall": 0.6209958879883691,
      "n": 591
    },
    "width": {
      "accuracy": 0.9137055837563451,
      "f1_macro": 0.46896062486633305,
      "precision": 0.5398564593301436,
      "recall": 0.4382774615222433,
      "n": 591
    }
  },
  "timestamp": "2026-05-20T14:34:47.120534"
}