{
  "prompt_name": "P5_v7",
  "n_sentences": 591,
  "parse_failure_rate": 0.0,
  "summary_f1": 0.4288323002015635,
  "field_metrics": {
    "topic": {
      "accuracy": 0.4703891708967851,
      "f1_macro": 0.5820642978003384,
      "precision": 0.5820642978003384,
      "recall": 0.5820642978003384,
      "n": 591
    },
    "tense": {
      "accuracy": 0.8274111675126904,
      "f1_macro": 0.41091720779220775,
      "precision": 0.41303284036537624,
      "recall": 0.4099156891495601,
      "n": 591
    },
    "sentiment": {
      "accuracy": 0.5296108291032149,
      "f1_macro": 0.3124100107090788,
      "precision": 0.31695850836608136,
      "recall": 0.3467851377124695,
      "n": 591
    },
    "horizon": {
      "accuracy": 0.8900169204737732,
      "f1_macro": 0.507041481725026,
      "precision": 0.4963396894665275,
      "recall": 0.5201950301681638,
      "n": 591
    },
    "commitment": {
      "accuracy": 0.8595600676818951,
      "f1_macro": 0.5222303367055775,
      "precision": 0.5030526300455942,
      "recall": 0.5564185740382549,
      "n": 591
    },
    "risk": {
      "accuracy": 0.7445008460236887,
      "f1_macro": 0.35142847517013676,
      "precision": 0.3231684981684982,
      "recall": 0.49090702947845805,
      "n": 591
    },
    "width": {
      "accuracy": 0.8984771573604061,
      "f1_macro": 0.46942641712669986,
      "precision": 0.5053312265917603,
      "recall": 0.47425152856841657,
      "n": 591
    }
  },
  "timestamp": "2026-05-20T14:34:00.432004"
}