{
  "prompt_name": "P6_high_3shot_cot",
  "n_sentences": 587,
  "parse_failure_rate": 0.31175468483816016,
  "summary_f1": 0.343284302420258,
  "field_metrics": {
    "top": {
      "accuracy": 0.1635434412265758,
      "f1_macro": 0.29170925610448606,
      "precision": 0.29170925610448606,
      "recall": 0.29170925610448606,
      "n": 587
    },
    "ten": {
      "accuracy": 0.5110732538330494,
      "f1_macro": 0.3009901684813564,
      "precision": 0.37734375,
      "recall": 0.2542326744519958,
      "n": 587
    },
    "sen": {
      "accuracy": 0.3543441226575809,
      "f1_macro": 0.285556834117535,
      "precision": 0.3167818799628691,
      "recall": 0.32190491270649485,
      "n": 587
    },
    "com": {
      "accuracy": 0.4616695059625213,
      "f1_macro": 0.24103516091040064,
      "precision": 0.3253232850088834,
      "recall": 0.21949057256530013,
      "n": 587
    },
    "hor": {
      "accuracy": 0.58603066439523,
      "f1_macro": 0.38273790818112374,
      "precision": 0.4503238151309979,
      "recall": 0.3481289028670404,
      "n": 587
    },
    "ris": {
      "accuracy": 0.7325383304940375,
      "f1_macro": 0.4347856541081427,
      "precision": 0.4088638093919784,
      "recall": 0.4805404294851181,
      "n": 587
    },
    "wid": {
      "accuracy": 0.5877342419080068,
      "f1_macro": 0.36108546535086816,
      "precision": 0.40403044730500204,
      "recall": 0.34574471986816174,
      "n": 587
    }
  },
  "timestamp": "2026-05-17T14:05:32.584966"
}