{
  "prompt_name": "P6_high_3shot_cot",
  "n_sentences": 30,
  "parse_failure_rate": 0.4,
  "summary_f1": 0.2611628540305011,
  "field_metrics": {
    "top": {
      "accuracy": 0.23333333333333334,
      "f1_macro": 0.3,
      "precision": 0.3,
      "recall": 0.3,
      "n": 30
    },
    "ten": {
      "accuracy": 0.43333333333333335,
      "f1_macro": 0.35626102292768963,
      "precision": 0.5,
      "recall": 0.291866028708134,
      "n": 30
    },
    "sen": {
      "accuracy": 0.3,
      "f1_macro": 0.2103921568627451,
      "precision": 0.2119047619047619,
      "recall": 0.2833333333333333,
      "n": 30
    },
    "com": {
      "accuracy": 0.4,
      "f1_macro": 0.24047619047619045,
      "precision": 0.3333333333333333,
      "recall": 0.19791666666666666,
      "n": 30
    },
    "hor": {
      "accuracy": 0.5333333333333333,
      "f1_macro": 0.36589147286821705,
      "precision": 0.4444444444444444,
      "recall": 0.3452380952380952,
      "n": 30
    },
    "ris": {
      "accuracy": 0.8666666666666667,
      "f1_macro": 0.3564814814814815,
      "precision": 0.4814814814814815,
      "recall": 0.3148148148148148,
      "n": 30
    },
    "wid": {
      "accuracy": 0.5333333333333333,
      "f1_macro": 0.17777777777777778,
      "precision": 0.25,
      "recall": 0.13793103448275862,
      "n": 30
    }
  },
  "timestamp": "2026-05-16T11:01:00.397755"
}