{
  "prompt_name": "p6_persona_schema_examples",
  "n_sentences": 30,
  "parse_failure_rate": 0.06666666666666667,
  "summary_f1": 0.5192890442890442,
  "field_metrics": {
    "top": {
      "accuracy": 0.6666666666666666,
      "f1_macro": 0.711111111111111,
      "precision": 0.711111111111111,
      "recall": 0.711111111111111,
      "n": 30
    },
    "ten": {
      "accuracy": 0.8,
      "f1_macro": 0.5422565422565423,
      "precision": 0.562962962962963,
      "recall": 0.5231259968102073,
      "n": 30
    },
    "sen": {
      "accuracy": 0.23333333333333334,
      "f1_macro": 0.24786324786324787,
      "precision": 0.3627450980392157,
      "recall": 0.3958333333333333,
      "n": 30
    },
    "com": {
      "accuracy": 0.7666666666666667,
      "f1_macro": 0.4356060606060606,
      "precision": 0.4333333333333333,
      "recall": 0.4583333333333333,
      "n": 30
    },
    "hor": {
      "accuracy": 0.8,
      "f1_macro": 0.45999999999999996,
      "precision": 0.4444444444444444,
      "recall": 0.5952380952380952,
      "n": 30
    },
    "ris": {
      "accuracy": 0.9666666666666667,
      "f1_macro": 0.8909090909090909,
      "precision": 0.9821428571428572,
      "recall": 0.8333333333333333,
      "n": 30
    },
    "wid": {
      "accuracy": 0.8333333333333334,
      "f1_macro": 0.22727272727272727,
      "precision": 0.2403846153846154,
      "recall": 0.21551724137931033,
      "n": 30
    }
  },
  "timestamp": "2026-05-16T11:02:08.530290"
}