{
  "prompt_name": "P7_high_5shot_v4",
  "n_sentences": 591,
  "parse_failure_rate": 0.0,
  "summary_f1": 0.4995154438552782,
  "field_metrics": {
    "topic": {
      "accuracy": 0.4263959390862944,
      "f1_macro": 0.5798082346305696,
      "precision": 0.5798082346305696,
      "recall": 0.5798082346305696,
      "n": 591
    },
    "tense": {
      "accuracy": 0.8121827411167513,
      "f1_macro": 0.4061163777028023,
      "precision": 0.4060238204306001,
      "recall": 0.41129032258064513,
      "n": 591
    },
    "sentiment": {
      "accuracy": 0.5329949238578681,
      "f1_macro": 0.323294120785318,
      "precision": 0.32459326000036853,
      "recall": 0.3567068520986434,
      "n": 591
    },
    "horizon": {
      "accuracy": 0.9153976311336718,
      "f1_macro": 0.5261117169514117,
      "precision": 0.5416509730069051,
      "recall": 0.5136186418446452,
      "n": 591
    },
    "commitment": {
      "accuracy": 0.868020304568528,
      "f1_macro": 0.5173405163918271,
      "precision": 0.545413803627356,
      "recall": 0.531167392005158,
      "n": 591
    },
    "risk": {
      "accuracy": 0.7800338409475466,
      "f1_macro": 0.5892599502906447,
      "precision": 0.5308363897260912,
      "recall": 0.7423798945415487,
      "n": 591
    },
    "width": {
      "accuracy": 0.9052453468697124,
      "f1_macro": 0.5056994697145802,
      "precision": 0.5082536462861006,
      "recall": 0.5334651064726966,
      "n": 591
    }
  },
  "timestamp": "2026-05-20T10:27:14.225401"
}