{
  "prompt_name": "P7_high_5shot_final_v3_CoT",
  "n_sentences": 591,
  "parse_failure_rate": 0.0,
  "summary_f1": 0.4407177240288682,
  "field_metrics": {
    "topic": {
      "accuracy": 0.4602368866328257,
      "f1_macro": 0.5865482233502538,
      "precision": 0.5865482233502538,
      "recall": 0.5865482233502538,
      "n": 591
    },
    "tense": {
      "accuracy": 0.8223350253807107,
      "f1_macro": 0.41118140347527765,
      "precision": 0.4108390407036672,
      "recall": 0.41623900293255134,
      "n": 591
    },
    "sentiment": {
      "accuracy": 0.49746192893401014,
      "f1_macro": 0.2304676878821005,
      "precision": 0.27643789484255565,
      "recall": 0.23098783351766897,
      "n": 591
    },
    "horizon": {
      "accuracy": 0.8358714043993232,
      "f1_macro": 0.4900233865751107,
      "precision": 0.46667860447070764,
      "recall": 0.5766416094511837,
      "n": 591
    },
    "commitment": {
      "accuracy": 0.8781725888324873,
      "f1_macro": 0.5182576337554438,
      "precision": 0.5216939719708574,
      "recall": 0.5241262357618741,
      "n": 591
    },
    "risk": {
      "accuracy": 0.8883248730964467,
      "f1_macro": 0.5270954465588613,
      "precision": 0.5697506435006435,
      "recall": 0.5308408467055084,
      "n": 591
    },
    "width": {
      "accuracy": 0.8071065989847716,
      "f1_macro": 0.41875953832425716,
      "precision": 0.4647300894455685,
      "recall": 0.540707358212102,
      "n": 591
    }
  },
  "timestamp": "2026-05-20T09:50:38.126997"
}