{
  "prompt_name": "P7_high_5shot",
  "n_sentences": 587,
  "parse_failure_rate": 0.0,
  "summary_f1": 0.4785345071715306,
  "field_metrics": {
    "top": {
      "accuracy": 0.3969335604770017,
      "f1_macro": 0.49463373083475304,
      "precision": 0.49463373083475304,
      "recall": 0.49463373083475304,
      "n": 587
    },
    "ten": {
      "accuracy": 0.7597955706984668,
      "f1_macro": 0.38053922125429956,
      "precision": 0.39104084321475624,
      "recall": 0.391027328419642,
      "n": 587
    },
    "sen": {
      "accuracy": 0.42248722316865417,
      "f1_macro": 0.3860654874984275,
      "precision": 0.40111454664123514,
      "recall": 0.4469524127883024,
      "n": 587
    },
    "com": {
      "accuracy": 0.7632027257240205,
      "f1_macro": 0.4610349303086733,
      "precision": 0.4484782690427852,
      "recall": 0.5307364642795364,
      "n": 587
    },
    "hor": {
      "accuracy": 0.8398637137989778,
      "f1_macro": 0.4858378500003309,
      "precision": 0.4630364847271984,
      "recall": 0.5538538675418204,
      "n": 587
    },
    "ris": {
      "accuracy": 0.7461669505962522,
      "f1_macro": 0.5536042476760736,
      "precision": 0.5079179165922169,
      "recall": 0.7209157823275092,
      "n": 587
    },
    "wid": {
      "accuracy": 0.8807495741056218,
      "f1_macro": 0.47983456267686825,
      "precision": 0.46110912904341805,
      "recall": 0.538756216594211,
      "n": 587
    }
  },
  "timestamp": "2026-05-17T14:05:35.787619"
}