{
  "prompt_name": "P7_high_5shot",
  "n_sentences": 498,
  "parse_failure_rate": 0.0,
  "summary_f1": 0.5040337980812047,
  "field_metrics": {
    "top": {
      "accuracy": 0.5,
      "f1_macro": 0.5768072289156626,
      "precision": 0.5768072289156626,
      "recall": 0.5768072289156626,
      "n": 498
    },
    "ten": {
      "accuracy": 0.7389558232931727,
      "f1_macro": 0.7370857699805069,
      "precision": 0.7540903540903541,
      "recall": 0.770752016653656,
      "n": 498
    },
    "sen": {
      "accuracy": 0.40562248995983935,
      "f1_macro": 0.34612942072920316,
      "precision": 0.3711598247752445,
      "recall": 0.41517556923258675,
      "n": 498
    },
    "com": {
      "accuracy": 0.748995983935743,
      "f1_macro": 0.6099178859069972,
      "precision": 0.5958712311653489,
      "recall": 0.6936242217572142,
      "n": 498
    },
    "hor": {
      "accuracy": 0.891566265060241,
      "f1_macro": 0.8048192771084337,
      "precision": 0.7707142857142857,
      "recall": 0.8629274965800273,
      "n": 498
    },
    "ris": {
      "accuracy": 0.7530120481927711,
      "f1_macro": 0.42209450516370195,
      "precision": 0.3972027284173177,
      "recall": 0.5861719501477437,
      "n": 498
    },
    "wid": {
      "accuracy": 0.927710843373494,
      "f1_macro": 0.6711040375162513,
      "precision": 0.6295787139689578,
      "recall": 0.7543395326657129,
      "n": 498
    }
  },
  "timestamp": "2026-05-16T12:55:26.586846"
}