{
  "prompt_name": "P7_high_5shot_final_CoT",
  "n_sentences": 591,
  "parse_failure_rate": 0.001692047377326565,
  "summary_f1": 0.48988202069841236,
  "field_metrics": {
    "topic": {
      "accuracy": 0.45854483925549916,
      "f1_macro": 0.6017484489565708,
      "precision": 0.6017484489565708,
      "recall": 0.6017484489565708,
      "n": 591
    },
    "tense": {
      "accuracy": 0.8274111675126904,
      "f1_macro": 0.4134046340609315,
      "precision": 0.4122213743988161,
      "recall": 0.41596407624633436,
      "n": 591
    },
    "sentiment": {
      "accuracy": 0.5397631133671743,
      "f1_macro": 0.3998682269526362,
      "precision": 0.4523072725433004,
      "recall": 0.40953846240570907,
      "n": 591
    },
    "horizon": {
      "accuracy": 0.9018612521150592,
      "f1_macro": 0.5056624368945286,
      "precision": 0.5168010752688171,
      "recall": 0.49632283101305325,
      "n": 591
    },
    "commitment": {
      "accuracy": 0.8527918781725888,
      "f1_macro": 0.514027265277335,
      "precision": 0.5139113325253625,
      "recall": 0.5453242531699978,
      "n": 591
    },
    "risk": {
      "accuracy": 0.8578680203045685,
      "f1_macro": 0.5241131461383993,
      "precision": 0.5201924735892127,
      "recall": 0.5649677223361433,
      "n": 591
    },
    "width": {
      "accuracy": 0.8206429780033841,
      "f1_macro": 0.43379826074604333,
      "precision": 0.4070165678731275,
      "recall": 0.5434851359898798,
      "n": 591
    }
  },
  "timestamp": "2026-05-20T09:37:23.116612"
}