{
  "prompt_name": "P7_high_5shot_final",
  "n_sentences": 591,
  "parse_failure_rate": 0.0,
  "summary_f1": 0.5144896099814974,
  "field_metrics": {
    "topic": {
      "accuracy": 0.43824027072758037,
      "f1_macro": 0.6089114495205866,
      "precision": 0.6089114495205866,
      "recall": 0.6089114495205866,
      "n": 591
    },
    "tense": {
      "accuracy": 0.8020304568527918,
      "f1_macro": 0.4016097736255839,
      "precision": 0.4070840283569641,
      "recall": 0.41046554252199413,
      "n": 591
    },
    "sentiment": {
      "accuracy": 0.5296108291032149,
      "f1_macro": 0.3942571813231015,
      "precision": 0.43006054058300514,
      "recall": 0.39648556774921273,
      "n": 591
    },
    "horizon": {
      "accuracy": 0.8849407783417935,
      "f1_macro": 0.505728088336784,
      "precision": 0.4907740075404747,
      "recall": 0.5263733977403277,
      "n": 591
    },
    "commitment": {
      "accuracy": 0.7868020304568528,
      "f1_macro": 0.5042993986666306,
      "precision": 0.5155533392735988,
      "recall": 0.5780282882011606,
      "n": 591
    },
    "risk": {
      "accuracy": 0.8155668358714044,
      "f1_macro": 0.6107112337561447,
      "precision": 0.5445586968339602,
      "recall": 0.7633274202823075,
      "n": 591
    },
    "width": {
      "accuracy": 0.922165820642978,
      "f1_macro": 0.444078575326157,
      "precision": 0.4490101658640984,
      "recall": 0.4497944339025933,
      "n": 591
    }
  },
  "timestamp": "2026-05-18T18:19:05.376309"
}