{
  "prompt_name": "P7_high_5shot_final_v3",
  "n_sentences": 591,
  "parse_failure_rate": 0.0,
  "summary_f1": 0.5247657851603269,
  "field_metrics": {
    "topic": {
      "accuracy": 0.43824027072758037,
      "f1_macro": 0.601043429216018,
      "precision": 0.601043429216018,
      "recall": 0.601043429216018,
      "n": 591
    },
    "tense": {
      "accuracy": 0.7715736040609137,
      "f1_macro": 0.38641699642794536,
      "precision": 0.3992578617849406,
      "recall": 0.39836876832844575,
      "n": 591
    },
    "sentiment": {
      "accuracy": 0.49915397631133673,
      "f1_macro": 0.3798092535777265,
      "precision": 0.391770605422932,
      "recall": 0.3751599562659263,
      "n": 591
    },
    "horizon": {
      "accuracy": 0.856175972927242,
      "f1_macro": 0.5004114235253979,
      "precision": 0.4749756487288089,
      "recall": 0.5681384388540621,
      "n": 591
    },
    "commitment": {
      "accuracy": 0.8375634517766497,
      "f1_macro": 0.4941026281097942,
      "precision": 0.5350800537134593,
      "recall": 0.5268905813453686,
      "n": 591
    },
    "risk": {
      "accuracy": 0.871404399323181,
      "f1_macro": 0.6481311691542228,
      "precision": 0.622955380722969,
      "recall": 0.711362415779709,
      "n": 591
    },
    "width": {
      "accuracy": 0.8866328257191202,
      "f1_macro": 0.4700792886933407,
      "precision": 0.4488873106060606,
      "recall": 0.49816571790006325,
      "n": 591
    }
  },
  "timestamp": "2026-05-18T18:56:35.170729"
}