{
  "prompt_name": "P7v2_high_5shot",
  "n_sentences": 30,
  "parse_failure_rate": 0.0,
  "summary_f1": 0.5133190112634758,
  "field_metrics": {
    "top": {
      "accuracy": 0.7,
      "f1_macro": 0.7222222222222221,
      "precision": 0.7222222222222221,
      "recall": 0.7222222222222221,
      "n": 30
    },
    "ten": {
      "accuracy": 0.7,
      "f1_macro": 0.699666295884316,
      "precision": 0.775,
      "recall": 0.763157894736842,
      "n": 30
    },
    "sen": {
      "accuracy": 0.4666666666666667,
      "f1_macro": 0.4076923076923077,
      "precision": 0.4583333333333333,
      "recall": 0.55,
      "n": 30
    },
    "com": {
      "accuracy": 0.7333333333333333,
      "f1_macro": 0.4803312629399586,
      "precision": 0.4696969696969697,
      "recall": 0.5,
      "n": 30
    },
    "hor": {
      "accuracy": 0.9333333333333333,
      "f1_macro": 0.8148148148148148,
      "precision": 0.75,
      "recall": 0.9642857142857143,
      "n": 30
    },
    "ris": {
      "accuracy": 0.7333333333333333,
      "f1_macro": 0.4318360914105595,
      "precision": 0.4444444444444444,
      "recall": 0.46913580246913583,
      "n": 30
    },
    "wid": {
      "accuracy": 0.9666666666666667,
      "f1_macro": 0.4915254237288136,
      "precision": 0.48333333333333334,
      "recall": 0.5,
      "n": 30
    }
  },
  "timestamp": "2026-05-16T11:32:42.961894"
}