{
  "prompt_name": "P7v3_high_5shot",
  "n_sentences": 498,
  "parse_failure_rate": 0.0,
  "summary_f1": 0.502639350142789,
  "field_metrics": {
    "top": {
      "accuracy": 0.4959839357429719,
      "f1_macro": 0.5900267737617136,
      "precision": 0.5900267737617136,
      "recall": 0.5900267737617136,
      "n": 498
    },
    "ten": {
      "accuracy": 0.7690763052208835,
      "f1_macro": 0.7673417155857082,
      "precision": 0.7837389380530974,
      "recall": 0.802576112412178,
      "n": 498
    },
    "sen": {
      "accuracy": 0.41566265060240964,
      "f1_macro": 0.338322060037888,
      "precision": 0.3782809996686294,
      "recall": 0.4115369563834476,
      "n": 498
    },
    "com": {
      "accuracy": 0.7751004016064257,
      "f1_macro": 0.6390765237514464,
      "precision": 0.6214669571532316,
      "recall": 0.7171039034849777,
      "n": 498
    },
    "hor": {
      "accuracy": 0.8654618473895582,
      "f1_macro": 0.7492842812380244,
      "precision": 0.7257202257202258,
      "recall": 0.7859097127222983,
      "n": 498
    },
    "ris": {
      "accuracy": 0.7449799196787149,
      "f1_macro": 0.4013145035690437,
      "precision": 0.3747008807382964,
      "recall": 0.5900022144255987,
      "n": 498
    },
    "wid": {
      "accuracy": 0.9317269076305221,
      "f1_macro": 0.6808940632025108,
      "precision": 0.6434352990644382,
      "recall": 0.7557701478302338,
      "n": 498
    }
  },
  "timestamp": "2026-05-16T13:38:28.200659"
}