{
  "prompt_name": "P8_high_5shot_cot",
  "n_sentences": 30,
  "parse_failure_rate": 0.5,
  "summary_f1": 0.31875851538642236,
  "field_metrics": {
    "top": {
      "accuracy": 0.23333333333333334,
      "f1_macro": 0.24444444444444444,
      "precision": 0.24444444444444444,
      "recall": 0.24444444444444444,
      "n": 30
    },
    "ten": {
      "accuracy": 0.36666666666666664,
      "f1_macro": 0.3081232492997199,
      "precision": 0.46296296296296297,
      "recall": 0.23125996810207336,
      "n": 30
    },
    "sen": {
      "accuracy": 0.2,
      "f1_macro": 0.1408080808080808,
      "precision": 0.162719298245614,
      "recall": 0.21666666666666665,
      "n": 30
    },
    "com": {
      "accuracy": 0.4,
      "f1_macro": 0.24047619047619045,
      "precision": 0.3333333333333333,
      "recall": 0.19791666666666666,
      "n": 30
    },
    "hor": {
      "accuracy": 0.5,
      "f1_macro": 0.23255813953488372,
      "precision": 0.3333333333333333,
      "recall": 0.17857142857142858,
      "n": 30
    },
    "ris": {
      "accuracy": 0.9,
      "f1_macro": 0.6727272727272727,
      "precision": 0.7142857142857143,
      "recall": 0.6481481481481481,
      "n": 30
    },
    "wid": {
      "accuracy": 0.4666666666666667,
      "f1_macro": 0.2170542635658915,
      "precision": 0.3333333333333333,
      "recall": 0.16091954022988506,
      "n": 30
    }
  },
  "timestamp": "2026-05-16T11:11:08.956681"
}