{
  "prompt_name": "P8_high_12shot_final_v4",
  "n_sentences": 591,
  "parse_failure_rate": 0.0,
  "summary_f1": 0.4897518769538929,
  "field_metrics": {
    "topic": {
      "accuracy": 0.5363790186125211,
      "f1_macro": 0.6338973491257756,
      "precision": 0.6338973491257756,
      "recall": 0.6338973491257756,
      "n": 591
    },
    "tense": {
      "accuracy": 0.7377326565143824,
      "f1_macro": 0.368856696442754,
      "precision": 0.3942724750977178,
      "recall": 0.38535557184750735,
      "n": 591
    },
    "sentiment": {
      "accuracy": 0.5109983079526227,
      "f1_macro": 0.3435142973558096,
      "precision": 0.5462572331377108,
      "recall": 0.3469419441717782,
      "n": 591
    },
    "horizon": {
      "accuracy": 0.8663282571912013,
      "f1_macro": 0.5122624280008831,
      "precision": 0.4846778518348272,
      "recall": 0.5841497281699187,
      "n": 591
    },
    "commitment": {
      "accuracy": 0.8578680203045685,
      "f1_macro": 0.5162975206611571,
      "precision": 0.510777158887624,
      "recall": 0.5419144906511928,
      "n": 591
    },
    "risk": {
      "accuracy": 0.7191201353637902,
      "f1_macro": 0.5233548800930051,
      "precision": 0.47622933802558237,
      "recall": 0.7257483535679025,
      "n": 591
    },
    "width": {
      "accuracy": 0.8409475465313029,
      "f1_macro": 0.4582409812409812,
      "precision": 0.49148676868967034,
      "recall": 0.5042589078642209,
      "n": 591
    }
  },
  "timestamp": "2026-05-20T08:20:45.829255"
}