{
  "prompt_name": "P8_high_12shot_final_v4_CoT",
  "n_sentences": 591,
  "parse_failure_rate": 0.0,
  "summary_f1": 0.4674017872131558,
  "field_metrics": {
    "topic": {
      "accuracy": 0.5076142131979695,
      "f1_macro": 0.596644106034969,
      "precision": 0.596644106034969,
      "recall": 0.596644106034969,
      "n": 591
    },
    "tense": {
      "accuracy": 0.8375634517766497,
      "f1_macro": 0.4177020594307126,
      "precision": 0.41651785714285716,
      "recall": 0.4189882697947214,
      "n": 591
    },
    "sentiment": {
      "accuracy": 0.5262267343485617,
      "f1_macro": 0.33901479557786046,
      "precision": 0.48047421867297646,
      "recall": 0.3472958642195823,
      "n": 591
    },
    "horizon": {
      "accuracy": 0.8578680203045685,
      "f1_macro": 0.5030187924830067,
      "precision": 0.47705128623839227,
      "recall": 0.5728332745348133,
      "n": 591
    },
    "commitment": {
      "accuracy": 0.8646362098138748,
      "f1_macro": 0.5205010809754134,
      "precision": 0.5146545240761164,
      "recall": 0.5388989630346013,
      "n": 591
    },
    "risk": {
      "accuracy": 0.8071065989847716,
      "f1_macro": 0.6246432759904765,
      "precision": 0.5506238023095986,
      "recall": 0.7987607004524298,
      "n": 591
    },
    "width": {
      "accuracy": 0.7800338409475466,
      "f1_macro": 0.30930497124931716,
      "precision": 0.29634458408914227,
      "recall": 0.3863693864642631,
      "n": 591
    }
  },
  "timestamp": "2026-05-20T09:52:18.344479"
}