{
  "prompt_name": "P8_high_5shot_cot",
  "n_sentences": 587,
  "parse_failure_rate": 0.33560477001703576,
  "summary_f1": 0.33476350544669314,
  "field_metrics": {
    "top": {
      "accuracy": 0.17546848381601363,
      "f1_macro": 0.282992617830778,
      "precision": 0.282992617830778,
      "recall": 0.282992617830778,
      "n": 587
    },
    "ten": {
      "accuracy": 0.5059625212947189,
      "f1_macro": 0.3014327887209243,
      "precision": 0.3811803071744162,
      "recall": 0.2517409304106442,
      "n": 587
    },
    "sen": {
      "accuracy": 0.34582623509369675,
      "f1_macro": 0.2967670682062374,
      "precision": 0.3448983059743917,
      "recall": 0.31361264081235024,
      "n": 587
    },
    "com": {
      "accuracy": 0.43100511073253833,
      "f1_macro": 0.24341848211345357,
      "precision": 0.33885722177581357,
      "recall": 0.23439932537623248,
      "n": 587
    },
    "hor": {
      "accuracy": 0.5928449744463373,
      "f1_macro": 0.41753204778414865,
      "precision": 0.4937106918238994,
      "recall": 0.37095583207985783,
      "n": 587
    },
    "ris": {
      "accuracy": 0.6695059625212947,
      "f1_macro": 0.39057143142437756,
      "precision": 0.36835035152326745,
      "recall": 0.44869197206639594,
      "n": 587
    },
    "wid": {
      "accuracy": 0.5468483816013628,
      "f1_macro": 0.36872290432537974,
      "precision": 0.42802789802789803,
      "recall": 0.3676849574313057,
      "n": 587
    }
  },
  "timestamp": "2026-05-17T14:07:34.757993"
}