{
  "prompt_name": "P_final_v5",
  "n_sentences": 591,
  "parse_failure_rate": 0.0,
  "summary_f1": 0.509033618093913,
  "field_metrics": {
    "topic": {
      "accuracy": 0.467005076142132,
      "f1_macro": 0.5910885504794134,
      "precision": 0.5910885504794134,
      "recall": 0.5910885504794134,
      "n": 591
    },
    "tense": {
      "accuracy": 0.8375634517766497,
      "f1_macro": 0.4168601345588932,
      "precision": 0.41712962962962963,
      "recall": 0.4167888563049853,
      "n": 591
    },
    "sentiment": {
      "accuracy": 0.5431472081218274,
      "f1_macro": 0.3273306774450939,
      "precision": 0.32857684194696074,
      "recall": 0.3628363413251284,
      "n": 591
    },
    "horizon": {
      "accuracy": 0.8206429780033841,
      "f1_macro": 0.46584604042990724,
      "precision": 0.4467308677603856,
      "recall": 0.5303355134015396,
      "n": 591
    },
    "commitment": {
      "accuracy": 0.8375634517766497,
      "f1_macro": 0.5006637030226512,
      "precision": 0.4763777196177488,
      "recall": 0.5499637330754352,
      "n": 591
    },
    "risk": {
      "accuracy": 0.8071065989847716,
      "f1_macro": 0.6045729735644813,
      "precision": 0.540469311631505,
      "recall": 0.7538844405385758,
      "n": 591
    },
    "width": {
      "accuracy": 0.9153976311336718,
      "f1_macro": 0.5131422708866638,
      "precision": 0.5472230741349988,
      "recall": 0.5210678895213999,
      "n": 591
    }
  },
  "timestamp": "2026-05-20T11:00:25.167360"
}