model_label,n_obs,r2,adj_r2,aic,bic,f_stat,f_pvalue,oos_rmse_80,cw_tstat,cw_pval
Gardner_statements_wordcount__4a_total_sent_ev1.0,213,0.2421,0.22,63.84,87.37,8.9814,0.0,0.327028,0.8635,
Gardner_statements_wordcount__4b_sent_sd_ev1.0,215,0.2361,0.2178,62.08,82.31,10.6427,0.0,0.327102,,
Gardner_statements_wordcount__4b_sent_var_ev1.0,215,0.2361,0.2178,62.08,82.31,10.6427,0.0,0.327102,,
Gardner_statements_wordcount__4b_sd_var_joint_ev1.0,215,0.2361,0.2178,62.08,82.31,10.6427,0.0,0.327102,,
Gardner_statements_wordcount__4b_consensus_ev1.0,213,0.2882,0.253,58.47,95.44,7.3596,0.0,0.330355,0.6885,
Gardner_statements_wordcount__4b_consensus_matched_interactions_ev1.0,213,0.2425,0.205,71.73,108.7,5.7796,0.0,0.338129,-0.2041,
Gardner_statements_wordcount__4c_all_topics_ev1.0,213,0.2897,0.2546,58.02,95.0,7.1103,0.0,0.334366,0.818,
Gardner_statements_wordcount__4d_topic_pca_ev1.0,213,0.2782,0.2462,59.45,93.06,7.5159,0.0,0.3382,0.6428,,4d,1.0
Gardner_statements_wordcount__4e_total_interactions_ev1.0,213,0.3312,0.2981,45.22,82.19,8.5025,0.0,0.31227,1.2067,0.1138
Gardner_statements_wordcount__4f_matched_interactions_ev1.0,213,0.2691,0.2329,64.12,101.1,5.9848,0.0,0.34863,-0.324,
Gardner_statements_wordcount__4g_novelty_ev1.0,212,0.2446,0.2071,71.89,108.81,5.7172,0.0,0.323098,1.4575,
Gardner_statements_wordcount__4a_total_sent_ev1.5,213,0.2421,0.22,63.84,87.37,8.9814,0.0,0.327028,0.8635,
Gardner_statements_wordcount__4b_sent_sd_ev1.5,215,0.2361,0.2178,62.08,82.31,10.6427,0.0,0.327102,,
Gardner_statements_wordcount__4b_sent_var_ev1.5,215,0.2361,0.2178,62.08,82.31,10.6427,0.0,0.327102,,
Gardner_statements_wordcount__4b_sd_var_joint_ev1.5,215,0.2361,0.2178,62.08,82.31,10.6427,0.0,0.327102,,
Gardner_statements_wordcount__4b_consensus_ev1.5,213,0.2882,0.253,58.47,95.44,7.3596,0.0,0.330355,0.6885,
Gardner_statements_wordcount__4b_consensus_matched_interactions_ev1.5,213,0.2425,0.205,71.73,108.7,5.7796,0.0,0.338129,-0.2041,
Gardner_statements_wordcount__4c_all_topics_ev1.5,213,0.2897,0.2546,58.02,95.0,7.1103,0.0,0.334366,0.818,
Gardner_statements_wordcount__4d_topic_pca_ev1.5,213,0.2782,0.2462,59.45,93.06,7.5159,0.0,0.3382,0.6428,,4d,1.5
Gardner_statements_wordcount__4e_total_interactions_ev1.5,213,0.3312,0.2981,45.22,82.19,8.5025,0.0,0.31227,1.2067,0.1138
Gardner_statements_wordcount__4f_matched_interactions_ev1.5,213,0.2691,0.2329,64.12,101.1,5.9848,0.0,0.34863,-0.324,
Gardner_statements_wordcount__4g_novelty_ev1.5,212,0.2446,0.2071,71.89,108.81,5.7172,0.0,0.323098,1.4575,
Gardner_statements_wordcount__4a_total_sent_ev2.0,213,0.2421,0.22,63.84,87.37,8.9814,0.0,0.327028,0.8635,
Gardner_statements_wordcount__4b_sent_sd_ev2.0,215,0.2361,0.2178,62.08,82.31,10.6427,0.0,0.327102,,
Gardner_statements_wordcount__4b_sent_var_ev2.0,215,0.2361,0.2178,62.08,82.31,10.6427,0.0,0.327102,,
Gardner_statements_wordcount__4b_sd_var_joint_ev2.0,215,0.2361,0.2178,62.08,82.31,10.6427,0.0,0.327102,,
Gardner_statements_wordcount__4b_consensus_ev2.0,213,0.2882,0.253,58.47,95.44,7.3596,0.0,0.330355,0.6885,
Gardner_statements_wordcount__4b_consensus_matched_interactions_ev2.0,213,0.2425,0.205,71.73,108.7,5.7796,0.0,0.338129,-0.2041,
Gardner_statements_wordcount__4c_all_topics_ev2.0,213,0.2897,0.2546,58.02,95.0,7.1103,0.0,0.334366,0.818,
Gardner_statements_wordcount__4d_topic_pca_ev2.0,213,0.2782,0.2462,59.45,93.06,7.5159,0.0,0.3382,0.6428,,4d,2.0
Gardner_statements_wordcount__4e_total_interactions_ev2.0,213,0.3312,0.2981,45.22,82.19,8.5025,0.0,0.31227,1.2067,0.1138
Gardner_statements_wordcount__4f_matched_interactions_ev2.0,213,0.2691,0.2329,64.12,101.1,5.9848,0.0,0.34863,-0.324,
Gardner_statements_wordcount__4g_novelty_ev2.0,212,0.2446,0.2071,71.89,108.81,5.7172,0.0,0.323098,1.4575,
Gardner_statements_wordcount__4a_total_sent_ev2.5,213,0.2421,0.22,63.84,87.37,8.9814,0.0,0.327028,0.8635,
Gardner_statements_wordcount__4b_sent_sd_ev2.5,215,0.2361,0.2178,62.08,82.31,10.6427,0.0,0.327102,,
Gardner_statements_wordcount__4b_sent_var_ev2.5,215,0.2361,0.2178,62.08,82.31,10.6427,0.0,0.327102,,
Gardner_statements_wordcount__4b_sd_var_joint_ev2.5,215,0.2361,0.2178,62.08,82.31,10.6427,0.0,0.327102,,
Gardner_statements_wordcount__4b_consensus_ev2.5,213,0.2882,0.253,58.47,95.44,7.3596,0.0,0.330355,0.6885,
Gardner_statements_wordcount__4b_consensus_matched_interactions_ev2.5,213,0.2425,0.205,71.73,108.7,5.7796,0.0,0.338129,-0.2041,
Gardner_statements_wordcount__4c_all_topics_ev2.5,213,0.2897,0.2546,58.02,95.0,7.1103,0.0,0.334366,0.818,
Gardner_statements_wordcount__4d_topic_pca_ev2.5,213,0.2782,0.2462,59.45,93.06,7.5159,0.0,0.3382,0.6428,,4d,2.5
Gardner_statements_wordcount__4e_total_interactions_ev2.5,213,0.3312,0.2981,45.22,82.19,8.5025,0.0,0.31227,1.2067,0.1138
Gardner_statements_wordcount__4f_matched_interactions_ev2.5,213,0.2691,0.2329,64.12,101.1,5.9848,0.0,0.34863,-0.324,
Gardner_statements_wordcount__4g_novelty_ev2.5,212,0.2446,0.2071,71.89,108.81,5.7172,0.0,0.323098,1.4575,
Gardner_statements_wordcount__4a_total_sent_ev3.0,213,0.2421,0.22,63.84,87.37,8.9814,0.0,0.327028,0.8635,
Gardner_statements_wordcount__4b_sent_sd_ev3.0,215,0.2361,0.2178,62.08,82.31,10.6427,0.0,0.327102,,
Gardner_statements_wordcount__4b_sent_var_ev3.0,215,0.2361,0.2178,62.08,82.31,10.6427,0.0,0.327102,,
Gardner_statements_wordcount__4b_sd_var_joint_ev3.0,215,0.2361,0.2178,62.08,82.31,10.6427,0.0,0.327102,,
Gardner_statements_wordcount__4b_consensus_ev3.0,213,0.2882,0.253,58.47,95.44,7.3596,0.0,0.330355,0.6885,
Gardner_statements_wordcount__4b_consensus_matched_interactions_ev3.0,213,0.2425,0.205,71.73,108.7,5.7796,0.0,0.338129,-0.2041,
Gardner_statements_wordcount__4c_all_topics_ev3.0,213,0.2897,0.2546,58.02,95.0,7.1103,0.0,0.334366,0.818,
Gardner_statements_wordcount__4d_topic_pca_ev3.0,213,0.2782,0.2462,59.45,93.06,7.5159,0.0,0.3382,0.6428,,4d,3.0
Gardner_statements_wordcount__4e_total_interactions_ev3.0,213,0.3312,0.2981,45.22,82.19,8.5025,0.0,0.31227,1.2067,0.1138
Gardner_statements_wordcount__4f_matched_interactions_ev3.0,213,0.2691,0.2329,64.12,101.1,5.9848,0.0,0.34863,-0.324,
Gardner_statements_wordcount__4g_novelty_ev3.0,212,0.2446,0.2071,71.89,108.81,5.7172,0.0,0.323098,1.4575,
Gardner_statements_zscore__4a_total_sent_ev1.0,213,0.2408,0.2187,64.2,87.73,8.8422,0.0,0.327606,0.9653,
Gardner_statements_zscore__4b_sent_sd_ev1.0,215,0.2361,0.2178,62.08,82.31,10.6427,0.0,0.327102,,
Gardner_statements_zscore__4b_sent_var_ev1.0,215,0.2361,0.2178,62.08,82.31,10.6427,0.0,0.327102,,
Gardner_statements_zscore__4b_sd_var_joint_ev1.0,215,0.2361,0.2178,62.08,82.31,10.6427,0.0,0.327102,,
Gardner_statements_zscore__4b_consensus_ev1.0,213,0.271,0.235,63.55,100.52,7.3528,0.0,0.342839,0.3291,
Gardner_statements_zscore__4b_consensus_matched_interactions_ev1.0,213,0.2578,0.2211,67.39,104.36,5.7473,0.0,0.336932,0.1182,
Gardner_statements_zscore__4c_all_topics_ev1.0,213,0.2592,0.2225,66.99,103.96,5.0996,1e-06,0.319621,1.3498,0.0885
Gardner_statements_zscore__4d_topic_pca_ev1.0,213,0.2579,0.225,65.36,98.98,5.6183,1e-06,0.317512,1.2302,0.1093,4d,1.0
Gardner_statements_zscore__4e_total_interactions_ev1.0,213,0.2783,0.2426,61.43,98.4,7.698,0.0,0.347867,0.7923,
Gardner_statements_zscore__4f_matched_interactions_ev1.0,213,0.2621,0.2255,66.16,103.13,6.017,0.0,0.328886,1.3038,
Gardner_statements_zscore__4g_novelty_ev1.0,212,0.2518,0.2106,71.88,112.16,5.1421,0.0,0.323294,1.3804,
Gardner_statements_zscore__4a_total_sent_ev1.5,213,0.2408,0.2187,64.2,87.73,8.8422,0.0,0.327606,0.9653,
Gardner_statements_zscore__4b_sent_sd_ev1.5,215,0.2361,0.2178,62.08,82.31,10.6427,0.0,0.327102,,
Gardner_statements_zscore__4b_sent_var_ev1.5,215,0.2361,0.2178,62.08,82.31,10.6427,0.0,0.327102,,
Gardner_statements_zscore__4b_sd_var_joint_ev1.5,215,0.2361,0.2178,62.08,82.31,10.6427,0.0,0.327102,,
Gardner_statements_zscore__4b_consensus_ev1.5,213,0.271,0.235,63.55,100.52,7.3528,0.0,0.342839,0.3291,
Gardner_statements_zscore__4b_consensus_matched_interactions_ev1.5,213,0.2578,0.2211,67.39,104.36,5.7473,0.0,0.336932,0.1182,
Gardner_statements_zscore__4c_all_topics_ev1.5,213,0.2592,0.2225,66.99,103.96,5.0996,1e-06,0.319621,1.3498,0.0885
Gardner_statements_zscore__4d_topic_pca_ev1.5,213,0.2579,0.225,65.36,98.98,5.6183,1e-06,0.317512,1.2302,0.1093,4d,1.5
Gardner_statements_zscore__4e_total_interactions_ev1.5,213,0.2783,0.2426,61.43,98.4,7.698,0.0,0.347867,0.7923,
Gardner_statements_zscore__4f_matched_interactions_ev1.5,213,0.2621,0.2255,66.16,103.13,6.017,0.0,0.328886,1.3038,
Gardner_statements_zscore__4g_novelty_ev1.5,212,0.2518,0.2106,71.88,112.16,5.1421,0.0,0.323294,1.3804,
Gardner_statements_zscore__4a_total_sent_ev2.0,213,0.2408,0.2187,64.2,87.73,8.8422,0.0,0.327606,0.9653,
Gardner_statements_zscore__4b_sent_sd_ev2.0,215,0.2361,0.2178,62.08,82.31,10.6427,0.0,0.327102,,
Gardner_statements_zscore__4b_sent_var_ev2.0,215,0.2361,0.2178,62.08,82.31,10.6427,0.0,0.327102,,
Gardner_statements_zscore__4b_sd_var_joint_ev2.0,215,0.2361,0.2178,62.08,82.31,10.6427,0.0,0.327102,,
Gardner_statements_zscore__4b_consensus_ev2.0,213,0.271,0.235,63.55,100.52,7.3528,0.0,0.342839,0.3291,
Gardner_statements_zscore__4b_consensus_matched_interactions_ev2.0,213,0.2578,0.2211,67.39,104.36,5.7473,0.0,0.336932,0.1182,
Gardner_statements_zscore__4c_all_topics_ev2.0,213,0.2592,0.2225,66.99,103.96,5.0996,1e-06,0.319621,1.3498,0.0885
Gardner_statements_zscore__4d_topic_pca_ev2.0,213,0.2579,0.225,65.36,98.98,5.6183,1e-06,0.317512,1.2302,0.1093,4d,2.0
Gardner_statements_zscore__4e_total_interactions_ev2.0,213,0.2783,0.2426,61.43,98.4,7.698,0.0,0.347867,0.7923,
Gardner_statements_zscore__4f_matched_interactions_ev2.0,213,0.2621,0.2255,66.16,103.13,6.017,0.0,0.328886,1.3038,
Gardner_statements_zscore__4g_novelty_ev2.0,212,0.2518,0.2106,71.88,112.16,5.1421,0.0,0.323294,1.3804,
Gardner_statements_zscore__4a_total_sent_ev2.5,213,0.2408,0.2187,64.2,87.73,8.8422,0.0,0.327606,0.9653,
Gardner_statements_zscore__4b_sent_sd_ev2.5,215,0.2361,0.2178,62.08,82.31,10.6427,0.0,0.327102,,
Gardner_statements_zscore__4b_sent_var_ev2.5,215,0.2361,0.2178,62.08,82.31,10.6427,0.0,0.327102,,
Gardner_statements_zscore__4b_sd_var_joint_ev2.5,215,0.2361,0.2178,62.08,82.31,10.6427,0.0,0.327102,,
Gardner_statements_zscore__4b_consensus_ev2.5,213,0.271,0.235,63.55,100.52,7.3528,0.0,0.342839,0.3291,
Gardner_statements_zscore__4b_consensus_matched_interactions_ev2.5,213,0.2578,0.2211,67.39,104.36,5.7473,0.0,0.336932,0.1182,
Gardner_statements_zscore__4c_all_topics_ev2.5,213,0.2592,0.2225,66.99,103.96,5.0996,1e-06,0.319621,1.3498,0.0885
Gardner_statements_zscore__4d_topic_pca_ev2.5,213,0.2579,0.225,65.36,98.98,5.6183,1e-06,0.317512,1.2302,0.1093,4d,2.5
Gardner_statements_zscore__4e_total_interactions_ev2.5,213,0.2783,0.2426,61.43,98.4,7.698,0.0,0.347867,0.7923,
Gardner_statements_zscore__4f_matched_interactions_ev2.5,213,0.2621,0.2255,66.16,103.13,6.017,0.0,0.328886,1.3038,
Gardner_statements_zscore__4g_novelty_ev2.5,212,0.2518,0.2106,71.88,112.16,5.1421,0.0,0.323294,1.3804,
Gardner_statements_zscore__4a_total_sent_ev3.0,213,0.2408,0.2187,64.2,87.73,8.8422,0.0,0.327606,0.9653,
Gardner_statements_zscore__4b_sent_sd_ev3.0,215,0.2361,0.2178,62.08,82.31,10.6427,0.0,0.327102,,
Gardner_statements_zscore__4b_sent_var_ev3.0,215,0.2361,0.2178,62.08,82.31,10.6427,0.0,0.327102,,
Gardner_statements_zscore__4b_sd_var_joint_ev3.0,215,0.2361,0.2178,62.08,82.31,10.6427,0.0,0.327102,,
Gardner_statements_zscore__4b_consensus_ev3.0,213,0.271,0.235,63.55,100.52,7.3528,0.0,0.342839,0.3291,
Gardner_statements_zscore__4b_consensus_matched_interactions_ev3.0,213,0.2578,0.2211,67.39,104.36,5.7473,0.0,0.336932,0.1182,
Gardner_statements_zscore__4c_all_topics_ev3.0,213,0.2592,0.2225,66.99,103.96,5.0996,1e-06,0.319621,1.3498,0.0885
Gardner_statements_zscore__4d_topic_pca_ev3.0,213,0.2579,0.225,65.36,98.98,5.6183,1e-06,0.317512,1.2302,0.1093,4d,3.0
Gardner_statements_zscore__4e_total_interactions_ev3.0,213,0.2783,0.2426,61.43,98.4,7.698,0.0,0.347867,0.7923,
Gardner_statements_zscore__4f_matched_interactions_ev3.0,213,0.2621,0.2255,66.16,103.13,6.017,0.0,0.328886,1.3038,
Gardner_statements_zscore__4g_novelty_ev3.0,212,0.2518,0.2106,71.88,112.16,5.1421,0.0,0.323294,1.3804,
Gardner_minutes_wordcount__4a_total_sent_ev1.0,119,0.4153,0.384,2.08,21.53,6.2102,1.2e-05,0.155818,,
Gardner_minutes_wordcount__4b_sent_sd_ev1.0,215,0.2361,0.2178,62.08,82.31,10.6427,0.0,0.327102,,
Gardner_minutes_wordcount__4b_sent_var_ev1.0,215,0.2361,0.2178,62.08,82.31,10.6427,0.0,0.327102,,
Gardner_minutes_wordcount__4b_sd_var_joint_ev1.0,215,0.2361,0.2178,62.08,82.31,10.6427,0.0,0.327102,,
Gardner_minutes_wordcount__4b_consensus_ev1.0,119,0.44,0.3881,4.96,35.53,4.8292,1e-05,0.197658,,
Gardner_minutes_wordcount__4b_consensus_matched_interactions_ev1.0,119,0.4342,0.3819,6.16,36.73,4.648,1.7e-05,0.201608,,
Gardner_minutes_wordcount__4c_all_topics_ev1.0,119,0.4313,0.3787,6.77,37.34,4.4644,2.9e-05,0.174188,,
Gardner_minutes_wordcount__4d_topic_pca_ev1.0,119,0.43,0.383,5.04,32.84,4.3104,8.2e-05,0.17287,,,4d,1.0
Gardner_minutes_wordcount__4e_total_interactions_ev1.0,119,0.4633,0.4136,-0.12,30.45,5.2884,3e-06,0.163039,,
Gardner_minutes_wordcount__4f_matched_interactions_ev1.0,119,0.4322,0.3796,6.6,37.17,4.4739,2.8e-05,0.169336,,
Gardner_minutes_wordcount__4g_novelty_ev1.0,118,0.4084,0.3531,12.41,42.89,3.7866,0.000217,0.175208,,
Gardner_minutes_wordcount__4a_total_sent_ev1.5,119,0.4153,0.384,2.08,21.53,6.2102,1.2e-05,0.155818,,
Gardner_minutes_wordcount__4b_sent_sd_ev1.5,215,0.2361,0.2178,62.08,82.31,10.6427,0.0,0.327102,,
Gardner_minutes_wordcount__4b_sent_var_ev1.5,215,0.2361,0.2178,62.08,82.31,10.6427,0.0,0.327102,,
Gardner_minutes_wordcount__4b_sd_var_joint_ev1.5,215,0.2361,0.2178,62.08,82.31,10.6427,0.0,0.327102,,
Gardner_minutes_wordcount__4b_consensus_ev1.5,119,0.44,0.3881,4.96,35.53,4.8292,1e-05,0.197658,,
Gardner_minutes_wordcount__4b_consensus_matched_interactions_ev1.5,119,0.4342,0.3819,6.16,36.73,4.648,1.7e-05,0.201608,,
Gardner_minutes_wordcount__4c_all_topics_ev1.5,119,0.4313,0.3787,6.77,37.34,4.4644,2.9e-05,0.174188,,
Gardner_minutes_wordcount__4d_topic_pca_ev1.5,119,0.43,0.383,5.04,32.84,4.3104,8.2e-05,0.17287,,,4d,1.5
Gardner_minutes_wordcount__4e_total_interactions_ev1.5,119,0.4633,0.4136,-0.12,30.45,5.2884,3e-06,0.163039,,
Gardner_minutes_wordcount__4f_matched_interactions_ev1.5,119,0.4322,0.3796,6.6,37.17,4.4739,2.8e-05,0.169336,,
Gardner_minutes_wordcount__4g_novelty_ev1.5,118,0.4084,0.3531,12.41,42.89,3.7866,0.000217,0.175208,,
Gardner_minutes_wordcount__4a_total_sent_ev2.0,119,0.4153,0.384,2.08,21.53,6.2102,1.2e-05,0.155818,,
Gardner_minutes_wordcount__4b_sent_sd_ev2.0,215,0.2361,0.2178,62.08,82.31,10.6427,0.0,0.327102,,
Gardner_minutes_wordcount__4b_sent_var_ev2.0,215,0.2361,0.2178,62.08,82.31,10.6427,0.0,0.327102,,
Gardner_minutes_wordcount__4b_sd_var_joint_ev2.0,215,0.2361,0.2178,62.08,82.31,10.6427,0.0,0.327102,,
Gardner_minutes_wordcount__4b_consensus_ev2.0,119,0.44,0.3881,4.96,35.53,4.8292,1e-05,0.197658,,
Gardner_minutes_wordcount__4b_consensus_matched_interactions_ev2.0,119,0.4342,0.3819,6.16,36.73,4.648,1.7e-05,0.201608,,
Gardner_minutes_wordcount__4c_all_topics_ev2.0,119,0.4313,0.3787,6.77,37.34,4.4644,2.9e-05,0.174188,,
Gardner_minutes_wordcount__4d_topic_pca_ev2.0,119,0.43,0.383,5.04,32.84,4.3104,8.2e-05,0.17287,,,4d,2.0
Gardner_minutes_wordcount__4e_total_interactions_ev2.0,119,0.4633,0.4136,-0.12,30.45,5.2884,3e-06,0.163039,,
Gardner_minutes_wordcount__4f_matched_interactions_ev2.0,119,0.4322,0.3796,6.6,37.17,4.4739,2.8e-05,0.169336,,
Gardner_minutes_wordcount__4g_novelty_ev2.0,118,0.4084,0.3531,12.41,42.89,3.7866,0.000217,0.175208,,
Gardner_minutes_wordcount__4a_total_sent_ev2.5,119,0.4153,0.384,2.08,21.53,6.2102,1.2e-05,0.155818,,
Gardner_minutes_wordcount__4b_sent_sd_ev2.5,215,0.2361,0.2178,62.08,82.31,10.6427,0.0,0.327102,,
Gardner_minutes_wordcount__4b_sent_var_ev2.5,215,0.2361,0.2178,62.08,82.31,10.6427,0.0,0.327102,,
Gardner_minutes_wordcount__4b_sd_var_joint_ev2.5,215,0.2361,0.2178,62.08,82.31,10.6427,0.0,0.327102,,
Gardner_minutes_wordcount__4b_consensus_ev2.5,119,0.44,0.3881,4.96,35.53,4.8292,1e-05,0.197658,,
Gardner_minutes_wordcount__4b_consensus_matched_interactions_ev2.5,119,0.4342,0.3819,6.16,36.73,4.648,1.7e-05,0.201608,,
Gardner_minutes_wordcount__4c_all_topics_ev2.5,119,0.4313,0.3787,6.77,37.34,4.4644,2.9e-05,0.174188,,
Gardner_minutes_wordcount__4d_topic_pca_ev2.5,119,0.43,0.383,5.04,32.84,4.3104,8.2e-05,0.17287,,,4d,2.5
Gardner_minutes_wordcount__4e_total_interactions_ev2.5,119,0.4633,0.4136,-0.12,30.45,5.2884,3e-06,0.163039,,
Gardner_minutes_wordcount__4f_matched_interactions_ev2.5,119,0.4322,0.3796,6.6,37.17,4.4739,2.8e-05,0.169336,,
Gardner_minutes_wordcount__4g_novelty_ev2.5,118,0.4084,0.3531,12.41,42.89,3.7866,0.000217,0.175208,,
Gardner_minutes_wordcount__4a_total_sent_ev3.0,119,0.4153,0.384,2.08,21.53,6.2102,1.2e-05,0.155818,,
Gardner_minutes_wordcount__4b_sent_sd_ev3.0,215,0.2361,0.2178,62.08,82.31,10.6427,0.0,0.327102,,
Gardner_minutes_wordcount__4b_sent_var_ev3.0,215,0.2361,0.2178,62.08,82.31,10.6427,0.0,0.327102,,
Gardner_minutes_wordcount__4b_sd_var_joint_ev3.0,215,0.2361,0.2178,62.08,82.31,10.6427,0.0,0.327102,,
Gardner_minutes_wordcount__4b_consensus_ev3.0,119,0.44,0.3881,4.96,35.53,4.8292,1e-05,0.197658,,
Gardner_minutes_wordcount__4b_consensus_matched_interactions_ev3.0,119,0.4342,0.3819,6.16,36.73,4.648,1.7e-05,0.201608,,
Gardner_minutes_wordcount__4c_all_topics_ev3.0,119,0.4313,0.3787,6.77,37.34,4.4644,2.9e-05,0.174188,,
Gardner_minutes_wordcount__4d_topic_pca_ev3.0,119,0.43,0.383,5.04,32.84,4.3104,8.2e-05,0.17287,,,4d,3.0
Gardner_minutes_wordcount__4e_total_interactions_ev3.0,119,0.4633,0.4136,-0.12,30.45,5.2884,3e-06,0.163039,,
Gardner_minutes_wordcount__4f_matched_interactions_ev3.0,119,0.4322,0.3796,6.6,37.17,4.4739,2.8e-05,0.169336,,
Gardner_minutes_wordcount__4g_novelty_ev3.0,118,0.4084,0.3531,12.41,42.89,3.7866,0.000217,0.175208,,
Gardner_minutes_zscore__4a_total_sent_ev1.0,119,0.4119,0.3804,2.77,22.22,6.1574,1.3e-05,0.156005,,
Gardner_minutes_zscore__4b_sent_sd_ev1.0,215,0.2361,0.2178,62.08,82.31,10.6427,0.0,0.327102,,
Gardner_minutes_zscore__4b_sent_var_ev1.0,215,0.2361,0.2178,62.08,82.31,10.6427,0.0,0.327102,,
Gardner_minutes_zscore__4b_sd_var_joint_ev1.0,215,0.2361,0.2178,62.08,82.31,10.6427,0.0,0.327102,,
Gardner_minutes_zscore__4b_consensus_ev1.0,119,0.4418,0.3901,4.56,35.13,4.6633,1.6e-05,0.172379,,
Gardner_minutes_zscore__4b_consensus_matched_interactions_ev1.0,119,0.4362,0.384,5.74,36.32,4.6237,1.8e-05,0.171115,,
Gardner_minutes_zscore__4c_all_topics_ev1.0,119,0.4344,0.382,6.13,36.7,4.6587,1.6e-05,0.156702,,
Gardner_minutes_zscore__4d_topic_pca_ev1.0,119,0.4335,0.3867,4.33,32.12,4.7632,2.4e-05,0.157001,,,4d,1.0
Gardner_minutes_zscore__4e_total_interactions_ev1.0,119,0.5049,0.4591,-9.72,20.85,6.0545,0.0,0.171131,,
Gardner_minutes_zscore__4f_matched_interactions_ev1.0,119,0.4372,0.3851,5.53,36.1,5.7728,1e-06,0.159194,,
Gardner_minutes_zscore__4g_novelty_ev1.0,118,0.4179,0.3575,12.49,45.73,3.8658,0.000106,0.165252,,
Gardner_minutes_zscore__4a_total_sent_ev1.5,119,0.4119,0.3804,2.77,22.22,6.1574,1.3e-05,0.156005,,
Gardner_minutes_zscore__4b_sent_sd_ev1.5,215,0.2361,0.2178,62.08,82.31,10.6427,0.0,0.327102,,
Gardner_minutes_zscore__4b_sent_var_ev1.5,215,0.2361,0.2178,62.08,82.31,10.6427,0.0,0.327102,,
Gardner_minutes_zscore__4b_sd_var_joint_ev1.5,215,0.2361,0.2178,62.08,82.31,10.6427,0.0,0.327102,,
Gardner_minutes_zscore__4b_consensus_ev1.5,119,0.4418,0.3901,4.56,35.13,4.6633,1.6e-05,0.172379,,
Gardner_minutes_zscore__4b_consensus_matched_interactions_ev1.5,119,0.4362,0.384,5.74,36.32,4.6237,1.8e-05,0.171115,,
Gardner_minutes_zscore__4c_all_topics_ev1.5,119,0.4344,0.382,6.13,36.7,4.6587,1.6e-05,0.156702,,
Gardner_minutes_zscore__4d_topic_pca_ev1.5,119,0.4335,0.3867,4.33,32.12,4.7632,2.4e-05,0.157001,,,4d,1.5
Gardner_minutes_zscore__4e_total_interactions_ev1.5,119,0.5049,0.4591,-9.72,20.85,6.0545,0.0,0.171131,,
Gardner_minutes_zscore__4f_matched_interactions_ev1.5,119,0.4372,0.3851,5.53,36.1,5.7728,1e-06,0.159194,,
Gardner_minutes_zscore__4g_novelty_ev1.5,118,0.4179,0.3575,12.49,45.73,3.8658,0.000106,0.165252,,
Gardner_minutes_zscore__4a_total_sent_ev2.0,119,0.4119,0.3804,2.77,22.22,6.1574,1.3e-05,0.156005,,
Gardner_minutes_zscore__4b_sent_sd_ev2.0,215,0.2361,0.2178,62.08,82.31,10.6427,0.0,0.327102,,
Gardner_minutes_zscore__4b_sent_var_ev2.0,215,0.2361,0.2178,62.08,82.31,10.6427,0.0,0.327102,,
Gardner_minutes_zscore__4b_sd_var_joint_ev2.0,215,0.2361,0.2178,62.08,82.31,10.6427,0.0,0.327102,,
Gardner_minutes_zscore__4b_consensus_ev2.0,119,0.4418,0.3901,4.56,35.13,4.6633,1.6e-05,0.172379,,
Gardner_minutes_zscore__4b_consensus_matched_interactions_ev2.0,119,0.4362,0.384,5.74,36.32,4.6237,1.8e-05,0.171115,,
Gardner_minutes_zscore__4c_all_topics_ev2.0,119,0.4344,0.382,6.13,36.7,4.6587,1.6e-05,0.156702,,
Gardner_minutes_zscore__4d_topic_pca_ev2.0,119,0.4335,0.3867,4.33,32.12,4.7632,2.4e-05,0.157001,,,4d,2.0
Gardner_minutes_zscore__4e_total_interactions_ev2.0,119,0.5049,0.4591,-9.72,20.85,6.0545,0.0,0.171131,,
Gardner_minutes_zscore__4f_matched_interactions_ev2.0,119,0.4372,0.3851,5.53,36.1,5.7728,1e-06,0.159194,,
Gardner_minutes_zscore__4g_novelty_ev2.0,118,0.4179,0.3575,12.49,45.73,3.8658,0.000106,0.165252,,
Gardner_minutes_zscore__4a_total_sent_ev2.5,119,0.4119,0.3804,2.77,22.22,6.1574,1.3e-05,0.156005,,
Gardner_minutes_zscore__4b_sent_sd_ev2.5,215,0.2361,0.2178,62.08,82.31,10.6427,0.0,0.327102,,
Gardner_minutes_zscore__4b_sent_var_ev2.5,215,0.2361,0.2178,62.08,82.31,10.6427,0.0,0.327102,,
Gardner_minutes_zscore__4b_sd_var_joint_ev2.5,215,0.2361,0.2178,62.08,82.31,10.6427,0.0,0.327102,,
Gardner_minutes_zscore__4b_consensus_ev2.5,119,0.4418,0.3901,4.56,35.13,4.6633,1.6e-05,0.172379,,
Gardner_minutes_zscore__4b_consensus_matched_interactions_ev2.5,119,0.4362,0.384,5.74,36.32,4.6237,1.8e-05,0.171115,,
Gardner_minutes_zscore__4c_all_topics_ev2.5,119,0.4344,0.382,6.13,36.7,4.6587,1.6e-05,0.156702,,
Gardner_minutes_zscore__4d_topic_pca_ev2.5,119,0.4335,0.3867,4.33,32.12,4.7632,2.4e-05,0.157001,,,4d,2.5
Gardner_minutes_zscore__4e_total_interactions_ev2.5,119,0.5049,0.4591,-9.72,20.85,6.0545,0.0,0.171131,,
Gardner_minutes_zscore__4f_matched_interactions_ev2.5,119,0.4372,0.3851,5.53,36.1,5.7728,1e-06,0.159194,,
Gardner_minutes_zscore__4g_novelty_ev2.5,118,0.4179,0.3575,12.49,45.73,3.8658,0.000106,0.165252,,
Gardner_minutes_zscore__4a_total_sent_ev3.0,119,0.4119,0.3804,2.77,22.22,6.1574,1.3e-05,0.156005,,
Gardner_minutes_zscore__4b_sent_sd_ev3.0,215,0.2361,0.2178,62.08,82.31,10.6427,0.0,0.327102,,
Gardner_minutes_zscore__4b_sent_var_ev3.0,215,0.2361,0.2178,62.08,82.31,10.6427,0.0,0.327102,,
Gardner_minutes_zscore__4b_sd_var_joint_ev3.0,215,0.2361,0.2178,62.08,82.31,10.6427,0.0,0.327102,,
Gardner_minutes_zscore__4b_consensus_ev3.0,119,0.4418,0.3901,4.56,35.13,4.6633,1.6e-05,0.172379,,
Gardner_minutes_zscore__4b_consensus_matched_interactions_ev3.0,119,0.4362,0.384,5.74,36.32,4.6237,1.8e-05,0.171115,,
Gardner_minutes_zscore__4c_all_topics_ev3.0,119,0.4344,0.382,6.13,36.7,4.6587,1.6e-05,0.156702,,
Gardner_minutes_zscore__4d_topic_pca_ev3.0,119,0.4335,0.3867,4.33,32.12,4.7632,2.4e-05,0.157001,,,4d,3.0
Gardner_minutes_zscore__4e_total_interactions_ev3.0,119,0.5049,0.4591,-9.72,20.85,6.0545,0.0,0.171131,,
Gardner_minutes_zscore__4f_matched_interactions_ev3.0,119,0.4372,0.3851,5.53,36.1,5.7728,1e-06,0.159194,,
Gardner_minutes_zscore__4g_novelty_ev3.0,118,0.4179,0.3575,12.49,45.73,3.8658,0.000106,0.165252,,
Gardner_speeches_wordcount__4a_total_sent_ev1.0,215,0.2364,0.2144,63.98,87.58,9.0309,0.0,0.328618,-0.7036,
Gardner_speeches_wordcount__4b_sent_sd_ev1.0,215,0.2361,0.2178,62.08,82.31,10.6427,0.0,0.327102,,
Gardner_speeches_wordcount__4b_sent_var_ev1.0,215,0.2361,0.2178,62.08,82.31,10.6427,0.0,0.327102,,
Gardner_speeches_wordcount__4b_sd_var_joint_ev1.0,215,0.2361,0.2178,62.08,82.31,10.6427,0.0,0.327102,,
Gardner_speeches_wordcount__4b_consensus_ev1.0,215,0.2595,0.2232,65.38,102.45,5.677,0.0,0.332888,-0.4556,
Gardner_speeches_wordcount__4b_consensus_matched_interactions_ev1.0,215,0.2436,0.2066,69.94,107.02,6.2681,0.0,0.346549,-0.8649,
Gardner_speeches_wordcount__4c_all_topics_ev1.0,215,0.2374,0.2,71.71,108.79,5.3746,0.0,0.338487,-1.6467,
Gardner_speeches_wordcount__4d_topic_pca_ev1.0,215,0.2372,0.2037,69.77,103.47,6.0398,0.0,0.337603,-1.523,,4d,1.0
Gardner_speeches_wordcount__4e_total_interactions_ev1.0,215,0.2692,0.2334,62.55,99.62,4.8975,2e-06,0.346701,-0.44,
Gardner_speeches_wordcount__4f_matched_interactions_ev1.0,215,0.2652,0.2292,63.73,100.8,4.8625,3e-06,0.324863,1.3309,0.0916
Gardner_speeches_wordcount__4g_novelty_ev1.0,214,0.2434,0.2062,70.75,107.77,5.3011,1e-06,0.329867,0.2873,
Gardner_speeches_wordcount__4a_total_sent_ev1.5,215,0.2364,0.2144,63.98,87.58,9.0309,0.0,0.328618,-0.7036,
Gardner_speeches_wordcount__4b_sent_sd_ev1.5,215,0.2361,0.2178,62.08,82.31,10.6427,0.0,0.327102,,
Gardner_speeches_wordcount__4b_sent_var_ev1.5,215,0.2361,0.2178,62.08,82.31,10.6427,0.0,0.327102,,
Gardner_speeches_wordcount__4b_sd_var_joint_ev1.5,215,0.2361,0.2178,62.08,82.31,10.6427,0.0,0.327102,,
Gardner_speeches_wordcount__4b_consensus_ev1.5,215,0.2595,0.2232,65.38,102.45,5.677,0.0,0.332888,-0.4556,
Gardner_speeches_wordcount__4b_consensus_matched_interactions_ev1.5,215,0.2436,0.2066,69.94,107.02,6.2681,0.0,0.346549,-0.8649,
Gardner_speeches_wordcount__4c_all_topics_ev1.5,215,0.2374,0.2,71.71,108.79,5.3746,0.0,0.338487,-1.6467,
Gardner_speeches_wordcount__4d_topic_pca_ev1.5,215,0.2372,0.2037,69.77,103.47,6.0398,0.0,0.337603,-1.523,,4d,1.5
Gardner_speeches_wordcount__4e_total_interactions_ev1.5,215,0.2692,0.2334,62.55,99.62,4.8975,2e-06,0.346701,-0.44,
Gardner_speeches_wordcount__4f_matched_interactions_ev1.5,215,0.2652,0.2292,63.73,100.8,4.8625,3e-06,0.324863,1.3309,0.0916
Gardner_speeches_wordcount__4g_novelty_ev1.5,214,0.2434,0.2062,70.75,107.77,5.3011,1e-06,0.329867,0.2873,
Gardner_speeches_wordcount__4a_total_sent_ev2.0,215,0.2364,0.2144,63.98,87.58,9.0309,0.0,0.328618,-0.7036,
Gardner_speeches_wordcount__4b_sent_sd_ev2.0,215,0.2361,0.2178,62.08,82.31,10.6427,0.0,0.327102,,
Gardner_speeches_wordcount__4b_sent_var_ev2.0,215,0.2361,0.2178,62.08,82.31,10.6427,0.0,0.327102,,
Gardner_speeches_wordcount__4b_sd_var_joint_ev2.0,215,0.2361,0.2178,62.08,82.31,10.6427,0.0,0.327102,,
Gardner_speeches_wordcount__4b_consensus_ev2.0,215,0.2595,0.2232,65.38,102.45,5.677,0.0,0.332888,-0.4556,
Gardner_speeches_wordcount__4b_consensus_matched_interactions_ev2.0,215,0.2436,0.2066,69.94,107.02,6.2681,0.0,0.346549,-0.8649,
Gardner_speeches_wordcount__4c_all_topics_ev2.0,215,0.2374,0.2,71.71,108.79,5.3746,0.0,0.338487,-1.6467,
Gardner_speeches_wordcount__4d_topic_pca_ev2.0,215,0.2372,0.2037,69.77,103.47,6.0398,0.0,0.337603,-1.523,,4d,2.0
Gardner_speeches_wordcount__4e_total_interactions_ev2.0,215,0.2692,0.2334,62.55,99.62,4.8975,2e-06,0.346701,-0.44,
Gardner_speeches_wordcount__4f_matched_interactions_ev2.0,215,0.2652,0.2292,63.73,100.8,4.8625,3e-06,0.324863,1.3309,0.0916
Gardner_speeches_wordcount__4g_novelty_ev2.0,214,0.2434,0.2062,70.75,107.77,5.3011,1e-06,0.329867,0.2873,
Gardner_speeches_wordcount__4a_total_sent_ev2.5,215,0.2364,0.2144,63.98,87.58,9.0309,0.0,0.328618,-0.7036,
Gardner_speeches_wordcount__4b_sent_sd_ev2.5,215,0.2361,0.2178,62.08,82.31,10.6427,0.0,0.327102,,
Gardner_speeches_wordcount__4b_sent_var_ev2.5,215,0.2361,0.2178,62.08,82.31,10.6427,0.0,0.327102,,
Gardner_speeches_wordcount__4b_sd_var_joint_ev2.5,215,0.2361,0.2178,62.08,82.31,10.6427,0.0,0.327102,,
Gardner_speeches_wordcount__4b_consensus_ev2.5,215,0.2595,0.2232,65.38,102.45,5.677,0.0,0.332888,-0.4556,
Gardner_speeches_wordcount__4b_consensus_matched_interactions_ev2.5,215,0.2436,0.2066,69.94,107.02,6.2681,0.0,0.346549,-0.8649,
Gardner_speeches_wordcount__4c_all_topics_ev2.5,215,0.2374,0.2,71.71,108.79,5.3746,0.0,0.338487,-1.6467,
Gardner_speeches_wordcount__4d_topic_pca_ev2.5,215,0.2372,0.2037,69.77,103.47,6.0398,0.0,0.337603,-1.523,,4d,2.5
Gardner_speeches_wordcount__4e_total_interactions_ev2.5,215,0.2692,0.2334,62.55,99.62,4.8975,2e-06,0.346701,-0.44,
Gardner_speeches_wordcount__4f_matched_interactions_ev2.5,215,0.2652,0.2292,63.73,100.8,4.8626,3e-06,0.324863,1.3309,0.0916
Gardner_speeches_wordcount__4g_novelty_ev2.5,214,0.2434,0.2062,70.75,107.77,5.3011,1e-06,0.329867,0.2873,
Gardner_speeches_wordcount__4a_total_sent_ev3.0,215,0.2364,0.2144,63.98,87.58,9.0309,0.0,0.328618,-0.7036,
Gardner_speeches_wordcount__4b_sent_sd_ev3.0,215,0.2361,0.2178,62.08,82.31,10.6427,0.0,0.327102,,
Gardner_speeches_wordcount__4b_sent_var_ev3.0,215,0.2361,0.2178,62.08,82.31,10.6427,0.0,0.327102,,
Gardner_speeches_wordcount__4b_sd_var_joint_ev3.0,215,0.2361,0.2178,62.08,82.31,10.6427,0.0,0.327102,,
Gardner_speeches_wordcount__4b_consensus_ev3.0,215,0.2595,0.2232,65.38,102.45,5.677,0.0,0.332888,-0.4556,
Gardner_speeches_wordcount__4b_consensus_matched_interactions_ev3.0,215,0.2436,0.2066,69.94,107.02,6.2681,0.0,0.346549,-0.8649,
Gardner_speeches_wordcount__4c_all_topics_ev3.0,215,0.2374,0.2,71.71,108.79,5.3746,0.0,0.338487,-1.6467,
Gardner_speeches_wordcount__4d_topic_pca_ev3.0,215,0.2372,0.2037,69.77,103.47,6.0398,0.0,0.337603,-1.523,,4d,3.0
Gardner_speeches_wordcount__4e_total_interactions_ev3.0,215,0.2692,0.2334,62.55,99.62,4.8975,2e-06,0.346701,-0.44,
Gardner_speeches_wordcount__4f_matched_interactions_ev3.0,215,0.2652,0.2292,63.73,100.8,4.8626,3e-06,0.324863,1.3309,0.0916
Gardner_speeches_wordcount__4g_novelty_ev3.0,214,0.2434,0.2062,70.75,107.77,5.3011,1e-06,0.329867,0.2873,
Gardner_speeches_zscore__4a_total_sent_ev1.0,215,0.2467,0.2249,61.08,84.68,8.6479,0.0,0.326221,0.6726,0.2506
Gardner_speeches_zscore__4b_sent_sd_ev1.0,215,0.2361,0.2178,62.08,82.31,10.6427,0.0,0.327102,,
Gardner_speeches_zscore__4b_sent_var_ev1.0,215,0.2361,0.2178,62.08,82.31,10.6427,0.0,0.327102,,
Gardner_speeches_zscore__4b_sd_var_joint_ev1.0,215,0.2361,0.2178,62.08,82.31,10.6427,0.0,0.327102,,
Gardner_speeches_zscore__4b_consensus_ev1.0,215,0.278,0.2426,59.95,97.02,6.189,0.0,0.322427,2.1899,0.0143
Gardner_speeches_zscore__4b_consensus_matched_interactions_ev1.0,215,0.2519,0.2152,67.59,104.66,5.7383,0.0,0.329724,0.258,
Gardner_speeches_zscore__4c_all_topics_ev1.0,215,0.2593,0.223,65.43,102.51,5.3987,0.0,0.325311,0.6326,0.2635
Gardner_speeches_zscore__4d_topic_pca_ev1.0,215,0.2593,0.2268,63.45,97.15,6.0049,0.0,0.324397,0.7444,0.2283,4d,1.0
Gardner_speeches_zscore__4e_total_interactions_ev1.0,215,0.2754,0.2399,60.72,97.79,5.1761,1e-06,0.338049,1.2188,
Gardner_speeches_zscore__4f_matched_interactions_ev1.0,215,0.2994,0.265,53.49,90.56,5.4256,0.0,0.296267,2.4398,0.0073
Gardner_speeches_zscore__4g_novelty_ev1.0,214,0.2489,0.208,71.18,111.58,4.9852,1e-06,0.333548,-0.2296,
Gardner_speeches_zscore__4a_total_sent_ev1.5,215,0.2467,0.2249,61.08,84.68,8.6479,0.0,0.326221,0.6726,0.2506
Gardner_speeches_zscore__4b_sent_sd_ev1.5,215,0.2361,0.2178,62.08,82.31,10.6427,0.0,0.327102,,
Gardner_speeches_zscore__4b_sent_var_ev1.5,215,0.2361,0.2178,62.08,82.31,10.6427,0.0,0.327102,,
Gardner_speeches_zscore__4b_sd_var_joint_ev1.5,215,0.2361,0.2178,62.08,82.31,10.6427,0.0,0.327102,,
Gardner_speeches_zscore__4b_consensus_ev1.5,215,0.278,0.2426,59.95,97.02,6.189,0.0,0.322427,2.1899,0.0143
Gardner_speeches_zscore__4b_consensus_matched_interactions_ev1.5,215,0.2519,0.2152,67.59,104.66,5.7383,0.0,0.329724,0.258,
Gardner_speeches_zscore__4c_all_topics_ev1.5,215,0.2593,0.223,65.43,102.51,5.3987,0.0,0.325311,0.6326,0.2635
Gardner_speeches_zscore__4d_topic_pca_ev1.5,215,0.2593,0.2268,63.45,97.15,6.0049,0.0,0.324397,0.7444,0.2283,4d,1.5
Gardner_speeches_zscore__4e_total_interactions_ev1.5,215,0.2754,0.2399,60.72,97.79,5.1761,1e-06,0.338049,1.2188,
Gardner_speeches_zscore__4f_matched_interactions_ev1.5,215,0.2994,0.265,53.49,90.56,5.4256,0.0,0.296267,2.4398,0.0073
Gardner_speeches_zscore__4g_novelty_ev1.5,214,0.2489,0.208,71.18,111.58,4.9852,1e-06,0.333548,-0.2296,
Gardner_speeches_zscore__4a_total_sent_ev2.0,215,0.2467,0.2249,61.08,84.68,8.6479,0.0,0.326221,0.6726,0.2506
Gardner_speeches_zscore__4b_sent_sd_ev2.0,215,0.2361,0.2178,62.08,82.31,10.6427,0.0,0.327102,,
Gardner_speeches_zscore__4b_sent_var_ev2.0,215,0.2361,0.2178,62.08,82.31,10.6427,0.0,0.327102,,
Gardner_speeches_zscore__4b_sd_var_joint_ev2.0,215,0.2361,0.2178,62.08,82.31,10.6427,0.0,0.327102,,
Gardner_speeches_zscore__4b_consensus_ev2.0,215,0.278,0.2426,59.95,97.02,6.189,0.0,0.322427,2.1899,0.0143
Gardner_speeches_zscore__4b_consensus_matched_interactions_ev2.0,215,0.2519,0.2152,67.59,104.66,5.7383,0.0,0.329724,0.258,
Gardner_speeches_zscore__4c_all_topics_ev2.0,215,0.2593,0.223,65.43,102.51,5.3987,0.0,0.325311,0.6326,0.2635
Gardner_speeches_zscore__4d_topic_pca_ev2.0,215,0.2593,0.2268,63.45,97.15,6.0049,0.0,0.324397,0.7444,0.2283,4d,2.0
Gardner_speeches_zscore__4e_total_interactions_ev2.0,215,0.2754,0.2399,60.72,97.79,5.1761,1e-06,0.338049,1.2188,
Gardner_speeches_zscore__4f_matched_interactions_ev2.0,215,0.2994,0.265,53.49,90.56,5.4256,0.0,0.296267,2.4398,0.0073
Gardner_speeches_zscore__4g_novelty_ev2.0,214,0.2489,0.208,71.18,111.58,4.9852,1e-06,0.333548,-0.2296,
Gardner_speeches_zscore__4a_total_sent_ev2.5,215,0.2467,0.2249,61.08,84.68,8.6479,0.0,0.326221,0.6726,0.2506
Gardner_speeches_zscore__4b_sent_sd_ev2.5,215,0.2361,0.2178,62.08,82.31,10.6427,0.0,0.327102,,
Gardner_speeches_zscore__4b_sent_var_ev2.5,215,0.2361,0.2178,62.08,82.31,10.6427,0.0,0.327102,,
Gardner_speeches_zscore__4b_sd_var_joint_ev2.5,215,0.2361,0.2178,62.08,82.31,10.6427,0.0,0.327102,,
Gardner_speeches_zscore__4b_consensus_ev2.5,215,0.278,0.2426,59.95,97.02,6.189,0.0,0.322427,2.1899,0.0143
Gardner_speeches_zscore__4b_consensus_matched_interactions_ev2.5,215,0.2519,0.2152,67.59,104.66,5.7383,0.0,0.329724,0.258,
Gardner_speeches_zscore__4c_all_topics_ev2.5,215,0.2593,0.223,65.43,102.51,5.3987,0.0,0.325311,0.6326,0.2635
Gardner_speeches_zscore__4d_topic_pca_ev2.5,215,0.2593,0.2268,63.45,97.15,6.0049,0.0,0.324397,0.7444,0.2283,4d,2.5
Gardner_speeches_zscore__4e_total_interactions_ev2.5,215,0.2754,0.2399,60.72,97.79,5.1761,1e-06,0.338049,1.2188,
Gardner_speeches_zscore__4f_matched_interactions_ev2.5,215,0.2994,0.265,53.49,90.56,5.4256,0.0,0.296267,2.4398,0.0073
Gardner_speeches_zscore__4g_novelty_ev2.5,214,0.2489,0.208,71.18,111.58,4.9852,1e-06,0.333548,-0.2296,
Gardner_speeches_zscore__4a_total_sent_ev3.0,215,0.2467,0.2249,61.08,84.68,8.6479,0.0,0.326221,0.6726,0.2506
Gardner_speeches_zscore__4b_sent_sd_ev3.0,215,0.2361,0.2178,62.08,82.31,10.6427,0.0,0.327102,,
Gardner_speeches_zscore__4b_sent_var_ev3.0,215,0.2361,0.2178,62.08,82.31,10.6427,0.0,0.327102,,
Gardner_speeches_zscore__4b_sd_var_joint_ev3.0,215,0.2361,0.2178,62.08,82.31,10.6427,0.0,0.327102,,
Gardner_speeches_zscore__4b_consensus_ev3.0,215,0.278,0.2426,59.95,97.02,6.189,0.0,0.322427,2.1899,0.0143
Gardner_speeches_zscore__4b_consensus_matched_interactions_ev3.0,215,0.2519,0.2152,67.59,104.66,5.7383,0.0,0.329724,0.258,
Gardner_speeches_zscore__4c_all_topics_ev3.0,215,0.2593,0.223,65.43,102.51,5.3987,0.0,0.325311,0.6326,0.2635
Gardner_speeches_zscore__4d_topic_pca_ev3.0,215,0.2593,0.2268,63.45,97.15,6.0049,0.0,0.324397,0.7444,0.2283,4d,3.0
Gardner_speeches_zscore__4e_total_interactions_ev3.0,215,0.2754,0.2399,60.72,97.79,5.1761,1e-06,0.338049,1.2188,
Gardner_speeches_zscore__4f_matched_interactions_ev3.0,215,0.2994,0.265,53.49,90.56,5.4256,0.0,0.296267,2.4398,0.0073
Gardner_speeches_zscore__4g_novelty_ev3.0,214,0.2489,0.208,71.18,111.58,4.9852,1e-06,0.333548,-0.2296,
Gardner_press_conferences_wordcount__4a_total_sent_ev1.0,118,0.4099,0.378,4.1,23.5,6.4513,7e-06,0.159062,,
Gardner_press_conferences_wordcount__4b_sent_sd_ev1.0,215,0.2361,0.2178,62.08,82.31,10.6427,0.0,0.327102,,
Gardner_press_conferences_wordcount__4b_sent_var_ev1.0,215,0.2361,0.2178,62.08,82.31,10.6427,0.0,0.327102,,
Gardner_press_conferences_wordcount__4b_sd_var_joint_ev1.0,215,0.2361,0.2178,62.08,82.31,10.6427,0.0,0.327102,,
Gardner_press_conferences_wordcount__4b_consensus_ev1.0,118,0.4147,0.3601,11.13,41.61,5.3981,2e-06,0.183319,,
Gardner_press_conferences_wordcount__4b_consensus_matched_interactions_ev1.0,118,0.4094,0.3543,12.2,42.67,5.4737,2e-06,0.186939,,
Gardner_press_conferences_wordcount__4c_all_topics_ev1.0,118,0.4452,0.3933,4.83,35.31,5.1122,4e-06,0.197436,,
Gardner_press_conferences_wordcount__4d_topic_pca_ev1.0,118,0.4446,0.3983,2.95,30.66,5.7521,2e-06,0.187484,,,4d,1.0
Gardner_press_conferences_wordcount__4e_total_interactions_ev1.0,118,0.4269,0.3733,8.66,39.14,4.1134,8.2e-05,0.198376,,
Gardner_press_conferences_wordcount__4f_matched_interactions_ev1.0,118,0.422,0.368,9.66,40.14,3.8864,0.000161,0.195659,,
Gardner_press_conferences_wordcount__4g_novelty_ev1.0,117,0.4258,0.3716,9.9,40.28,4.0033,0.000116,0.170712,,
Gardner_press_conferences_wordcount__4a_total_sent_ev1.5,118,0.4099,0.378,4.1,23.5,6.4513,7e-06,0.159062,,
Gardner_press_conferences_wordcount__4b_sent_sd_ev1.5,215,0.2361,0.2178,62.08,82.31,10.6427,0.0,0.327102,,
Gardner_press_conferences_wordcount__4b_sent_var_ev1.5,215,0.2361,0.2178,62.08,82.31,10.6427,0.0,0.327102,,
Gardner_press_conferences_wordcount__4b_sd_var_joint_ev1.5,215,0.2361,0.2178,62.08,82.31,10.6427,0.0,0.327102,,
Gardner_press_conferences_wordcount__4b_consensus_ev1.5,118,0.4147,0.3601,11.13,41.61,5.3981,2e-06,0.183319,,
Gardner_press_conferences_wordcount__4b_consensus_matched_interactions_ev1.5,118,0.4094,0.3543,12.2,42.67,5.4737,2e-06,0.186939,,
Gardner_press_conferences_wordcount__4c_all_topics_ev1.5,118,0.4452,0.3933,4.83,35.31,5.1122,4e-06,0.197436,,
Gardner_press_conferences_wordcount__4d_topic_pca_ev1.5,118,0.4446,0.3983,2.95,30.66,5.7521,2e-06,0.187484,,,4d,1.5
Gardner_press_conferences_wordcount__4e_total_interactions_ev1.5,118,0.4269,0.3733,8.66,39.14,4.1134,8.2e-05,0.198376,,
Gardner_press_conferences_wordcount__4f_matched_interactions_ev1.5,118,0.422,0.368,9.66,40.14,3.8864,0.000161,0.195659,,
Gardner_press_conferences_wordcount__4g_novelty_ev1.5,117,0.4258,0.3716,9.9,40.28,4.0033,0.000116,0.170712,,
Gardner_press_conferences_wordcount__4a_total_sent_ev2.0,118,0.4099,0.378,4.1,23.5,6.4513,7e-06,0.159062,,
Gardner_press_conferences_wordcount__4b_sent_sd_ev2.0,215,0.2361,0.2178,62.08,82.31,10.6427,0.0,0.327102,,
Gardner_press_conferences_wordcount__4b_sent_var_ev2.0,215,0.2361,0.2178,62.08,82.31,10.6427,0.0,0.327102,,
Gardner_press_conferences_wordcount__4b_sd_var_joint_ev2.0,215,0.2361,0.2178,62.08,82.31,10.6427,0.0,0.327102,,
Gardner_press_conferences_wordcount__4b_consensus_ev2.0,118,0.4147,0.3601,11.13,41.61,5.3981,2e-06,0.183319,,
Gardner_press_conferences_wordcount__4b_consensus_matched_interactions_ev2.0,118,0.4094,0.3543,12.2,42.67,5.4737,2e-06,0.186939,,
Gardner_press_conferences_wordcount__4c_all_topics_ev2.0,118,0.4452,0.3933,4.83,35.31,5.1122,4e-06,0.197436,,
Gardner_press_conferences_wordcount__4d_topic_pca_ev2.0,118,0.4446,0.3983,2.95,30.66,5.7521,2e-06,0.187484,,,4d,2.0
Gardner_press_conferences_wordcount__4e_total_interactions_ev2.0,118,0.4269,0.3733,8.66,39.14,4.1134,8.2e-05,0.198376,,
Gardner_press_conferences_wordcount__4f_matched_interactions_ev2.0,118,0.422,0.368,9.66,40.14,3.8864,0.000161,0.195659,,
Gardner_press_conferences_wordcount__4g_novelty_ev2.0,117,0.4258,0.3716,9.9,40.28,4.0033,0.000116,0.170712,,
Gardner_press_conferences_wordcount__4a_total_sent_ev2.5,118,0.4099,0.378,4.1,23.5,6.4513,7e-06,0.159062,,
Gardner_press_conferences_wordcount__4b_sent_sd_ev2.5,215,0.2361,0.2178,62.08,82.31,10.6427,0.0,0.327102,,
Gardner_press_conferences_wordcount__4b_sent_var_ev2.5,215,0.2361,0.2178,62.08,82.31,10.6427,0.0,0.327102,,
Gardner_press_conferences_wordcount__4b_sd_var_joint_ev2.5,215,0.2361,0.2178,62.08,82.31,10.6427,0.0,0.327102,,
Gardner_press_conferences_wordcount__4b_consensus_ev2.5,118,0.4147,0.3601,11.13,41.61,5.3981,2e-06,0.183319,,
Gardner_press_conferences_wordcount__4b_consensus_matched_interactions_ev2.5,118,0.4094,0.3543,12.2,42.67,5.4737,2e-06,0.186939,,
Gardner_press_conferences_wordcount__4c_all_topics_ev2.5,118,0.4452,0.3933,4.83,35.31,5.1122,4e-06,0.197436,,
Gardner_press_conferences_wordcount__4d_topic_pca_ev2.5,118,0.4446,0.3983,2.95,30.66,5.7521,2e-06,0.187484,,,4d,2.5
Gardner_press_conferences_wordcount__4e_total_interactions_ev2.5,118,0.4269,0.3733,8.66,39.14,4.1134,8.2e-05,0.198376,,
Gardner_press_conferences_wordcount__4f_matched_interactions_ev2.5,118,0.422,0.368,9.66,40.14,3.8864,0.000161,0.195659,,
Gardner_press_conferences_wordcount__4g_novelty_ev2.5,117,0.4258,0.3716,9.9,40.28,4.0033,0.000116,0.170712,,
Gardner_press_conferences_wordcount__4a_total_sent_ev3.0,118,0.4099,0.378,4.1,23.5,6.4513,7e-06,0.159062,,
Gardner_press_conferences_wordcount__4b_sent_sd_ev3.0,215,0.2361,0.2178,62.08,82.31,10.6427,0.0,0.327102,,
Gardner_press_conferences_wordcount__4b_sent_var_ev3.0,215,0.2361,0.2178,62.08,82.31,10.6427,0.0,0.327102,,
Gardner_press_conferences_wordcount__4b_sd_var_joint_ev3.0,215,0.2361,0.2178,62.08,82.31,10.6427,0.0,0.327102,,
Gardner_press_conferences_wordcount__4b_consensus_ev3.0,118,0.4147,0.3601,11.13,41.61,5.3981,2e-06,0.183319,,
Gardner_press_conferences_wordcount__4b_consensus_matched_interactions_ev3.0,118,0.4094,0.3543,12.2,42.67,5.4737,2e-06,0.186939,,
Gardner_press_conferences_wordcount__4c_all_topics_ev3.0,118,0.4452,0.3933,4.83,35.31,5.1122,4e-06,0.197436,,
Gardner_press_conferences_wordcount__4d_topic_pca_ev3.0,118,0.4446,0.3983,2.95,30.66,5.7521,2e-06,0.187484,,,4d,3.0
Gardner_press_conferences_wordcount__4e_total_interactions_ev3.0,118,0.4269,0.3733,8.66,39.14,4.1134,8.2e-05,0.198376,,
Gardner_press_conferences_wordcount__4f_matched_interactions_ev3.0,118,0.422,0.368,9.66,40.14,3.8864,0.000161,0.195659,,
Gardner_press_conferences_wordcount__4g_novelty_ev3.0,117,0.4258,0.3716,9.9,40.28,4.0033,0.000116,0.170712,,
Gardner_press_conferences_zscore__4a_total_sent_ev1.0,118,0.408,0.376,4.48,23.88,6.3173,1e-05,0.160678,,
Gardner_press_conferences_zscore__4b_sent_sd_ev1.0,215,0.2361,0.2178,62.08,82.31,10.6427,0.0,0.327102,,
Gardner_press_conferences_zscore__4b_sent_var_ev1.0,215,0.2361,0.2178,62.08,82.31,10.6427,0.0,0.327102,,
Gardner_press_conferences_zscore__4b_sd_var_joint_ev1.0,215,0.2361,0.2178,62.08,82.31,10.6427,0.0,0.327102,,
Gardner_press_conferences_zscore__4b_consensus_ev1.0,118,0.4118,0.3569,11.72,42.19,4.6345,1.8e-05,0.187511,,
Gardner_press_conferences_zscore__4b_consensus_matched_interactions_ev1.0,118,0.4175,0.3631,10.57,41.05,5.3081,3e-06,0.163314,,
Gardner_press_conferences_zscore__4c_all_topics_ev1.0,118,0.4536,0.4025,3.03,33.51,4.905,8e-06,0.203536,,
Gardner_press_conferences_zscore__4d_topic_pca_ev1.0,118,0.4465,0.4003,2.56,30.27,5.3314,5e-06,0.184356,,,4d,1.0
Gardner_press_conferences_zscore__4e_total_interactions_ev1.0,118,0.4361,0.3834,6.75,37.23,4.4607,3e-05,0.221601,,
Gardner_press_conferences_zscore__4f_matched_interactions_ev1.0,118,0.4316,0.3785,7.67,38.15,5.4115,2e-06,0.189622,,
Gardner_press_conferences_zscore__4g_novelty_ev1.0,117,0.4335,0.3742,10.31,43.46,3.5136,0.000327,0.17232,,
Gardner_press_conferences_zscore__4a_total_sent_ev1.5,118,0.408,0.376,4.48,23.88,6.3173,1e-05,0.160678,,
Gardner_press_conferences_zscore__4b_sent_sd_ev1.5,215,0.2361,0.2178,62.08,82.31,10.6427,0.0,0.327102,,
Gardner_press_conferences_zscore__4b_sent_var_ev1.5,215,0.2361,0.2178,62.08,82.31,10.6427,0.0,0.327102,,
Gardner_press_conferences_zscore__4b_sd_var_joint_ev1.5,215,0.2361,0.2178,62.08,82.31,10.6427,0.0,0.327102,,
Gardner_press_conferences_zscore__4b_consensus_ev1.5,118,0.4118,0.3569,11.72,42.19,4.6345,1.8e-05,0.187511,,
Gardner_press_conferences_zscore__4b_consensus_matched_interactions_ev1.5,118,0.4175,0.3631,10.57,41.05,5.3081,3e-06,0.163314,,
Gardner_press_conferences_zscore__4c_all_topics_ev1.5,118,0.4536,0.4025,3.03,33.51,4.905,8e-06,0.203536,,
Gardner_press_conferences_zscore__4d_topic_pca_ev1.5,118,0.4465,0.4003,2.56,30.27,5.3314,5e-06,0.184356,,,4d,1.5
Gardner_press_conferences_zscore__4e_total_interactions_ev1.5,118,0.4361,0.3834,6.75,37.23,4.4607,3e-05,0.221601,,
Gardner_press_conferences_zscore__4f_matched_interactions_ev1.5,118,0.4316,0.3785,7.67,38.15,5.4115,2e-06,0.189622,,
Gardner_press_conferences_zscore__4g_novelty_ev1.5,117,0.4335,0.3742,10.31,43.46,3.5136,0.000327,0.17232,,
Gardner_press_conferences_zscore__4a_total_sent_ev2.0,118,0.408,0.376,4.48,23.88,6.3173,1e-05,0.160678,,
Gardner_press_conferences_zscore__4b_sent_sd_ev2.0,215,0.2361,0.2178,62.08,82.31,10.6427,0.0,0.327102,,
Gardner_press_conferences_zscore__4b_sent_var_ev2.0,215,0.2361,0.2178,62.08,82.31,10.6427,0.0,0.327102,,
Gardner_press_conferences_zscore__4b_sd_var_joint_ev2.0,215,0.2361,0.2178,62.08,82.31,10.6427,0.0,0.327102,,
Gardner_press_conferences_zscore__4b_consensus_ev2.0,118,0.4118,0.3569,11.72,42.19,4.6345,1.8e-05,0.187511,,
Gardner_press_conferences_zscore__4b_consensus_matched_interactions_ev2.0,118,0.4175,0.3631,10.57,41.05,5.3081,3e-06,0.163314,,
Gardner_press_conferences_zscore__4c_all_topics_ev2.0,118,0.4536,0.4025,3.03,33.51,4.905,8e-06,0.203536,,
Gardner_press_conferences_zscore__4d_topic_pca_ev2.0,118,0.4465,0.4003,2.56,30.27,5.3314,5e-06,0.184356,,,4d,2.0
Gardner_press_conferences_zscore__4e_total_interactions_ev2.0,118,0.4361,0.3834,6.75,37.23,4.4607,3e-05,0.221601,,
Gardner_press_conferences_zscore__4f_matched_interactions_ev2.0,118,0.4316,0.3785,7.67,38.15,5.4115,2e-06,0.189622,,
Gardner_press_conferences_zscore__4g_novelty_ev2.0,117,0.4335,0.3742,10.31,43.46,3.5136,0.000327,0.17232,,
Gardner_press_conferences_zscore__4a_total_sent_ev2.5,118,0.408,0.376,4.48,23.88,6.3173,1e-05,0.160678,,
Gardner_press_conferences_zscore__4b_sent_sd_ev2.5,215,0.2361,0.2178,62.08,82.31,10.6427,0.0,0.327102,,
Gardner_press_conferences_zscore__4b_sent_var_ev2.5,215,0.2361,0.2178,62.08,82.31,10.6427,0.0,0.327102,,
Gardner_press_conferences_zscore__4b_sd_var_joint_ev2.5,215,0.2361,0.2178,62.08,82.31,10.6427,0.0,0.327102,,
Gardner_press_conferences_zscore__4b_consensus_ev2.5,118,0.4118,0.3569,11.72,42.19,4.6345,1.8e-05,0.187511,,
Gardner_press_conferences_zscore__4b_consensus_matched_interactions_ev2.5,118,0.4175,0.3631,10.57,41.05,5.3081,3e-06,0.163314,,
Gardner_press_conferences_zscore__4c_all_topics_ev2.5,118,0.4536,0.4025,3.03,33.51,4.905,8e-06,0.203536,,
Gardner_press_conferences_zscore__4d_topic_pca_ev2.5,118,0.4465,0.4003,2.56,30.27,5.3314,5e-06,0.184356,,,4d,2.5
Gardner_press_conferences_zscore__4e_total_interactions_ev2.5,118,0.4361,0.3834,6.75,37.23,4.4607,3e-05,0.221601,,
Gardner_press_conferences_zscore__4f_matched_interactions_ev2.5,118,0.4316,0.3785,7.67,38.15,5.4115,2e-06,0.189622,,
Gardner_press_conferences_zscore__4g_novelty_ev2.5,117,0.4335,0.3742,10.31,43.46,3.5136,0.000327,0.17232,,
Gardner_press_conferences_zscore__4a_total_sent_ev3.0,118,0.408,0.376,4.48,23.88,6.3173,1e-05,0.160678,,
Gardner_press_conferences_zscore__4b_sent_sd_ev3.0,215,0.2361,0.2178,62.08,82.31,10.6427,0.0,0.327102,,
Gardner_press_conferences_zscore__4b_sent_var_ev3.0,215,0.2361,0.2178,62.08,82.31,10.6427,0.0,0.327102,,
Gardner_press_conferences_zscore__4b_sd_var_joint_ev3.0,215,0.2361,0.2178,62.08,82.31,10.6427,0.0,0.327102,,
Gardner_press_conferences_zscore__4b_consensus_ev3.0,118,0.4118,0.3569,11.72,42.19,4.6345,1.8e-05,0.187511,,
Gardner_press_conferences_zscore__4b_consensus_matched_interactions_ev3.0,118,0.4175,0.3631,10.57,41.05,5.3081,3e-06,0.163314,,
Gardner_press_conferences_zscore__4c_all_topics_ev3.0,118,0.4536,0.4025,3.03,33.51,4.905,8e-06,0.203536,,
Gardner_press_conferences_zscore__4d_topic_pca_ev3.0,118,0.4465,0.4003,2.56,30.27,5.3314,5e-06,0.184356,,,4d,3.0
Gardner_press_conferences_zscore__4e_total_interactions_ev3.0,118,0.4361,0.3834,6.75,37.23,4.4607,3e-05,0.221601,,
Gardner_press_conferences_zscore__4f_matched_interactions_ev3.0,118,0.4316,0.3785,7.67,38.15,5.4115,2e-06,0.189622,,
Gardner_press_conferences_zscore__4g_novelty_ev3.0,117,0.4335,0.3742,10.31,43.46,3.5136,0.000327,0.17232,,
Gardner_statements_minutes_speeches_press_conferences_wordcount__4a_total_sent_ev1.0,215,0.2402,0.2183,62.92,86.52,9.0328,0.0,0.329384,-0.7025,
Gardner_statements_minutes_speeches_press_conferences_wordcount__4b_sent_sd_ev1.0,215,0.2361,0.2178,62.08,82.31,10.6427,0.0,0.327102,,
Gardner_statements_minutes_speeches_press_conferences_wordcount__4b_sent_var_ev1.0,215,0.2361,0.2178,62.08,82.31,10.6427,0.0,0.327102,,
Gardner_statements_minutes_speeches_press_conferences_wordcount__4b_sd_var_joint_ev1.0,215,0.2361,0.2178,62.08,82.31,10.6427,0.0,0.327102,,
Gardner_statements_minutes_speeches_press_conferences_wordcount__4b_consensus_ev1.0,215,0.2934,0.2588,55.3,92.38,7.9501,0.0,0.331529,-0.0615,
Gardner_statements_minutes_speeches_press_conferences_wordcount__4b_consensus_matched_interactions_ev1.0,215,0.2409,0.2037,70.71,107.79,5.4904,0.0,0.335394,-0.7603,
Gardner_statements_minutes_speeches_press_conferences_wordcount__4c_all_topics_ev1.0,215,0.2975,0.263,54.06,91.14,7.3718,0.0,0.333872,-0.1637,
Gardner_statements_minutes_speeches_press_conferences_wordcount__4d_topic_pca_ev1.0,215,0.2865,0.2552,55.39,89.09,7.9595,0.0,0.338156,-0.2577,,4d,1.0
Gardner_statements_minutes_speeches_press_conferences_wordcount__4e_total_interactions_ev1.0,215,0.3225,0.2893,46.27,83.35,8.2292,0.0,0.318475,1.3441,0.0895
Gardner_statements_minutes_speeches_press_conferences_wordcount__4f_matched_interactions_ev1.0,215,0.2759,0.2404,60.57,97.64,6.18,0.0,0.345467,-0.2603,
Gardner_statements_minutes_speeches_press_conferences_wordcount__4g_novelty_ev1.0,214,0.2404,0.203,71.6,108.63,5.4805,0.0,0.326029,0.4462,
Gardner_statements_minutes_speeches_press_conferences_wordcount__4a_total_sent_ev1.5,215,0.2402,0.2183,62.92,86.52,9.0328,0.0,0.329384,-0.7025,
Gardner_statements_minutes_speeches_press_conferences_wordcount__4b_sent_sd_ev1.5,215,0.2361,0.2178,62.08,82.31,10.6427,0.0,0.327102,,
Gardner_statements_minutes_speeches_press_conferences_wordcount__4b_sent_var_ev1.5,215,0.2361,0.2178,62.08,82.31,10.6427,0.0,0.327102,,
Gardner_statements_minutes_speeches_press_conferences_wordcount__4b_sd_var_joint_ev1.5,215,0.2361,0.2178,62.08,82.31,10.6427,0.0,0.327102,,
Gardner_statements_minutes_speeches_press_conferences_wordcount__4b_consensus_ev1.5,215,0.2934,0.2588,55.3,92.38,7.9501,0.0,0.331529,-0.0615,
Gardner_statements_minutes_speeches_press_conferences_wordcount__4b_consensus_matched_interactions_ev1.5,215,0.2409,0.2037,70.71,107.79,5.4904,0.0,0.335394,-0.7603,
Gardner_statements_minutes_speeches_press_conferences_wordcount__4c_all_topics_ev1.5,215,0.2975,0.263,54.06,91.14,7.3718,0.0,0.333872,-0.1637,
Gardner_statements_minutes_speeches_press_conferences_wordcount__4d_topic_pca_ev1.5,215,0.2865,0.2552,55.39,89.09,7.9595,0.0,0.338156,-0.2577,,4d,1.5
Gardner_statements_minutes_speeches_press_conferences_wordcount__4e_total_interactions_ev1.5,215,0.3225,0.2893,46.27,83.35,8.2292,0.0,0.318475,1.3441,0.0895
Gardner_statements_minutes_speeches_press_conferences_wordcount__4f_matched_interactions_ev1.5,215,0.2759,0.2404,60.57,97.64,6.18,0.0,0.345467,-0.2603,
Gardner_statements_minutes_speeches_press_conferences_wordcount__4g_novelty_ev1.5,214,0.2404,0.203,71.6,108.63,5.4805,0.0,0.326029,0.4462,
Gardner_statements_minutes_speeches_press_conferences_wordcount__4a_total_sent_ev2.0,215,0.2402,0.2183,62.92,86.52,9.0328,0.0,0.329384,-0.7025,
Gardner_statements_minutes_speeches_press_conferences_wordcount__4b_sent_sd_ev2.0,215,0.2361,0.2178,62.08,82.31,10.6427,0.0,0.327102,,
Gardner_statements_minutes_speeches_press_conferences_wordcount__4b_sent_var_ev2.0,215,0.2361,0.2178,62.08,82.31,10.6427,0.0,0.327102,,
Gardner_statements_minutes_speeches_press_conferences_wordcount__4b_sd_var_joint_ev2.0,215,0.2361,0.2178,62.08,82.31,10.6427,0.0,0.327102,,
Gardner_statements_minutes_speeches_press_conferences_wordcount__4b_consensus_ev2.0,215,0.2934,0.2588,55.3,92.38,7.9501,0.0,0.331529,-0.0615,
Gardner_statements_minutes_speeches_press_conferences_wordcount__4b_consensus_matched_interactions_ev2.0,215,0.2409,0.2037,70.71,107.79,5.4904,0.0,0.335394,-0.7603,
Gardner_statements_minutes_speeches_press_conferences_wordcount__4c_all_topics_ev2.0,215,0.2975,0.263,54.06,91.14,7.3718,0.0,0.333872,-0.1637,
Gardner_statements_minutes_speeches_press_conferences_wordcount__4d_topic_pca_ev2.0,215,0.2865,0.2552,55.39,89.09,7.9595,0.0,0.338156,-0.2577,,4d,2.0
Gardner_statements_minutes_speeches_press_conferences_wordcount__4e_total_interactions_ev2.0,215,0.3225,0.2893,46.27,83.35,8.2292,0.0,0.318475,1.3441,0.0895
Gardner_statements_minutes_speeches_press_conferences_wordcount__4f_matched_interactions_ev2.0,215,0.2759,0.2404,60.57,97.64,6.18,0.0,0.345467,-0.2603,
Gardner_statements_minutes_speeches_press_conferences_wordcount__4g_novelty_ev2.0,214,0.2404,0.203,71.6,108.63,5.4805,0.0,0.326029,0.4462,
Gardner_statements_minutes_speeches_press_conferences_wordcount__4a_total_sent_ev2.5,215,0.2402,0.2183,62.92,86.52,9.0328,0.0,0.329384,-0.7025,
Gardner_statements_minutes_speeches_press_conferences_wordcount__4b_sent_sd_ev2.5,215,0.2361,0.2178,62.08,82.31,10.6427,0.0,0.327102,,
Gardner_statements_minutes_speeches_press_conferences_wordcount__4b_sent_var_ev2.5,215,0.2361,0.2178,62.08,82.31,10.6427,0.0,0.327102,,
Gardner_statements_minutes_speeches_press_conferences_wordcount__4b_sd_var_joint_ev2.5,215,0.2361,0.2178,62.08,82.31,10.6427,0.0,0.327102,,
Gardner_statements_minutes_speeches_press_conferences_wordcount__4b_consensus_ev2.5,215,0.2934,0.2588,55.3,92.38,7.9501,0.0,0.331529,-0.0615,
Gardner_statements_minutes_speeches_press_conferences_wordcount__4b_consensus_matched_interactions_ev2.5,215,0.2409,0.2037,70.71,107.79,5.4904,0.0,0.335394,-0.7603,
Gardner_statements_minutes_speeches_press_conferences_wordcount__4c_all_topics_ev2.5,215,0.2975,0.263,54.06,91.14,7.3718,0.0,0.333872,-0.1637,
Gardner_statements_minutes_speeches_press_conferences_wordcount__4d_topic_pca_ev2.5,215,0.2865,0.2552,55.39,89.09,7.9595,0.0,0.338156,-0.2577,,4d,2.5
Gardner_statements_minutes_speeches_press_conferences_wordcount__4e_total_interactions_ev2.5,215,0.3225,0.2893,46.27,83.35,8.2292,0.0,0.318475,1.3441,0.0895
Gardner_statements_minutes_speeches_press_conferences_wordcount__4f_matched_interactions_ev2.5,215,0.2759,0.2404,60.57,97.64,6.18,0.0,0.345467,-0.2603,
Gardner_statements_minutes_speeches_press_conferences_wordcount__4g_novelty_ev2.5,214,0.2404,0.203,71.6,108.63,5.4805,0.0,0.326029,0.4462,
Gardner_statements_minutes_speeches_press_conferences_wordcount__4a_total_sent_ev3.0,215,0.2402,0.2183,62.92,86.52,9.0328,0.0,0.329384,-0.7025,
Gardner_statements_minutes_speeches_press_conferences_wordcount__4b_sent_sd_ev3.0,215,0.2361,0.2178,62.08,82.31,10.6427,0.0,0.327102,,
Gardner_statements_minutes_speeches_press_conferences_wordcount__4b_sent_var_ev3.0,215,0.2361,0.2178,62.08,82.31,10.6427,0.0,0.327102,,
Gardner_statements_minutes_speeches_press_conferences_wordcount__4b_sd_var_joint_ev3.0,215,0.2361,0.2178,62.08,82.31,10.6427,0.0,0.327102,,
Gardner_statements_minutes_speeches_press_conferences_wordcount__4b_consensus_ev3.0,215,0.2934,0.2588,55.3,92.38,7.9501,0.0,0.331529,-0.0615,
Gardner_statements_minutes_speeches_press_conferences_wordcount__4b_consensus_matched_interactions_ev3.0,215,0.2409,0.2037,70.71,107.79,5.4904,0.0,0.335394,-0.7603,
Gardner_statements_minutes_speeches_press_conferences_wordcount__4c_all_topics_ev3.0,215,0.2975,0.263,54.06,91.14,7.3718,0.0,0.333872,-0.1637,
Gardner_statements_minutes_speeches_press_conferences_wordcount__4d_topic_pca_ev3.0,215,0.2865,0.2552,55.39,89.09,7.9595,0.0,0.338156,-0.2577,,4d,3.0
Gardner_statements_minutes_speeches_press_conferences_wordcount__4e_total_interactions_ev3.0,215,0.3225,0.2893,46.27,83.35,8.2292,0.0,0.318475,1.3441,0.0895
Gardner_statements_minutes_speeches_press_conferences_wordcount__4f_matched_interactions_ev3.0,215,0.2759,0.2404,60.57,97.64,6.18,0.0,0.345467,-0.2603,
Gardner_statements_minutes_speeches_press_conferences_wordcount__4g_novelty_ev3.0,214,0.2404,0.203,71.6,108.63,5.4805,0.0,0.326029,0.4462,
Gardner_statements_minutes_speeches_press_conferences_zscore__4a_total_sent_ev1.0,215,0.2498,0.2282,60.18,83.77,8.5928,0.0,0.325171,0.998,0.1591
Gardner_statements_minutes_speeches_press_conferences_zscore__4b_sent_sd_ev1.0,215,0.2361,0.2178,62.08,82.31,10.6427,0.0,0.327102,,
Gardner_statements_minutes_speeches_press_conferences_zscore__4b_sent_var_ev1.0,215,0.2361,0.2178,62.08,82.31,10.6427,0.0,0.327102,,
Gardner_statements_minutes_speeches_press_conferences_zscore__4b_sd_var_joint_ev1.0,215,0.2361,0.2178,62.08,82.31,10.6427,0.0,0.327102,,
Gardner_statements_minutes_speeches_press_conferences_zscore__4b_consensus_ev1.0,215,0.2661,0.2301,63.46,100.53,7.7999,0.0,0.346104,-0.373,
Gardner_statements_minutes_speeches_press_conferences_zscore__4b_consensus_matched_interactions_ev1.0,215,0.25,0.2133,68.12,105.2,5.6782,0.0,0.333168,-0.1164,
Gardner_statements_minutes_speeches_press_conferences_zscore__4c_all_topics_ev1.0,215,0.2651,0.229,63.76,100.84,5.361,1e-06,0.324358,1.3736,0.0848
Gardner_statements_minutes_speeches_press_conferences_zscore__4d_topic_pca_ev1.0,215,0.2609,0.2284,62.99,96.7,6.0663,0.0,0.323752,1.2609,0.1037,4d,1.0
Gardner_statements_minutes_speeches_press_conferences_zscore__4e_total_interactions_ev1.0,215,0.2934,0.2588,55.3,92.37,7.1983,0.0,0.340488,1.0173,
Gardner_statements_minutes_speeches_press_conferences_zscore__4f_matched_interactions_ev1.0,215,0.2936,0.259,55.24,92.31,6.2882,0.0,0.322595,2.1454,0.016
Gardner_statements_minutes_speeches_press_conferences_zscore__4g_novelty_ev1.0,214,0.2501,0.2093,70.84,111.23,5.2903,0.0,0.334045,-0.1762,
Gardner_statements_minutes_speeches_press_conferences_zscore__4a_total_sent_ev1.5,215,0.2498,0.2282,60.18,83.77,8.5928,0.0,0.325171,0.998,0.1591
Gardner_statements_minutes_speeches_press_conferences_zscore__4b_sent_sd_ev1.5,215,0.2361,0.2178,62.08,82.31,10.6427,0.0,0.327102,,
Gardner_statements_minutes_speeches_press_conferences_zscore__4b_sent_var_ev1.5,215,0.2361,0.2178,62.08,82.31,10.6427,0.0,0.327102,,
Gardner_statements_minutes_speeches_press_conferences_zscore__4b_sd_var_joint_ev1.5,215,0.2361,0.2178,62.08,82.31,10.6427,0.0,0.327102,,
Gardner_statements_minutes_speeches_press_conferences_zscore__4b_consensus_ev1.5,215,0.2661,0.2301,63.46,100.53,7.7999,0.0,0.346104,-0.373,
Gardner_statements_minutes_speeches_press_conferences_zscore__4b_consensus_matched_interactions_ev1.5,215,0.25,0.2133,68.12,105.2,5.6782,0.0,0.333168,-0.1164,
Gardner_statements_minutes_speeches_press_conferences_zscore__4c_all_topics_ev1.5,215,0.2651,0.229,63.76,100.84,5.361,1e-06,0.324358,1.3736,0.0848
Gardner_statements_minutes_speeches_press_conferences_zscore__4d_topic_pca_ev1.5,215,0.2609,0.2284,62.99,96.7,6.0663,0.0,0.323752,1.2609,0.1037,4d,1.5
Gardner_statements_minutes_speeches_press_conferences_zscore__4e_total_interactions_ev1.5,215,0.2934,0.2588,55.3,92.37,7.1983,0.0,0.340488,1.0173,
Gardner_statements_minutes_speeches_press_conferences_zscore__4f_matched_interactions_ev1.5,215,0.2936,0.259,55.24,92.31,6.2882,0.0,0.322595,2.1454,0.016
Gardner_statements_minutes_speeches_press_conferences_zscore__4g_novelty_ev1.5,214,0.2501,0.2093,70.84,111.23,5.2903,0.0,0.334045,-0.1762,
Gardner_statements_minutes_speeches_press_conferences_zscore__4a_total_sent_ev2.0,215,0.2498,0.2282,60.18,83.77,8.5928,0.0,0.325171,0.998,0.1591
Gardner_statements_minutes_speeches_press_conferences_zscore__4b_sent_sd_ev2.0,215,0.2361,0.2178,62.08,82.31,10.6427,0.0,0.327102,,
Gardner_statements_minutes_speeches_press_conferences_zscore__4b_sent_var_ev2.0,215,0.2361,0.2178,62.08,82.31,10.6427,0.0,0.327102,,
Gardner_statements_minutes_speeches_press_conferences_zscore__4b_sd_var_joint_ev2.0,215,0.2361,0.2178,62.08,82.31,10.6427,0.0,0.327102,,
Gardner_statements_minutes_speeches_press_conferences_zscore__4b_consensus_ev2.0,215,0.2661,0.2301,63.46,100.53,7.7999,0.0,0.346104,-0.373,
Gardner_statements_minutes_speeches_press_conferences_zscore__4b_consensus_matched_interactions_ev2.0,215,0.25,0.2133,68.12,105.2,5.6782,0.0,0.333168,-0.1164,
Gardner_statements_minutes_speeches_press_conferences_zscore__4c_all_topics_ev2.0,215,0.2651,0.229,63.76,100.84,5.361,1e-06,0.324358,1.3736,0.0848
Gardner_statements_minutes_speeches_press_conferences_zscore__4d_topic_pca_ev2.0,215,0.2609,0.2284,62.99,96.7,6.0663,0.0,0.323752,1.2609,0.1037,4d,2.0
Gardner_statements_minutes_speeches_press_conferences_zscore__4e_total_interactions_ev2.0,215,0.2934,0.2588,55.3,92.37,7.1983,0.0,0.340488,1.0173,
Gardner_statements_minutes_speeches_press_conferences_zscore__4f_matched_interactions_ev2.0,215,0.2936,0.259,55.24,92.31,6.2882,0.0,0.322595,2.1454,0.016
Gardner_statements_minutes_speeches_press_conferences_zscore__4g_novelty_ev2.0,214,0.2501,0.2093,70.84,111.23,5.2903,0.0,0.334045,-0.1762,
Gardner_statements_minutes_speeches_press_conferences_zscore__4a_total_sent_ev2.5,215,0.2498,0.2282,60.18,83.77,8.5928,0.0,0.325171,0.998,0.1591
Gardner_statements_minutes_speeches_press_conferences_zscore__4b_sent_sd_ev2.5,215,0.2361,0.2178,62.08,82.31,10.6427,0.0,0.327102,,
Gardner_statements_minutes_speeches_press_conferences_zscore__4b_sent_var_ev2.5,215,0.2361,0.2178,62.08,82.31,10.6427,0.0,0.327102,,
Gardner_statements_minutes_speeches_press_conferences_zscore__4b_sd_var_joint_ev2.5,215,0.2361,0.2178,62.08,82.31,10.6427,0.0,0.327102,,
Gardner_statements_minutes_speeches_press_conferences_zscore__4b_consensus_ev2.5,215,0.2661,0.2301,63.46,100.53,7.7999,0.0,0.346104,-0.373,
Gardner_statements_minutes_speeches_press_conferences_zscore__4b_consensus_matched_interactions_ev2.5,215,0.25,0.2133,68.12,105.2,5.6782,0.0,0.333168,-0.1164,
Gardner_statements_minutes_speeches_press_conferences_zscore__4c_all_topics_ev2.5,215,0.2651,0.229,63.76,100.84,5.361,1e-06,0.324358,1.3736,0.0848
Gardner_statements_minutes_speeches_press_conferences_zscore__4d_topic_pca_ev2.5,215,0.2609,0.2284,62.99,96.7,6.0663,0.0,0.323752,1.2609,0.1037,4d,2.5
Gardner_statements_minutes_speeches_press_conferences_zscore__4e_total_interactions_ev2.5,215,0.2934,0.2588,55.3,92.37,7.1983,0.0,0.340488,1.0173,
Gardner_statements_minutes_speeches_press_conferences_zscore__4f_matched_interactions_ev2.5,215,0.2936,0.259,55.24,92.31,6.2882,0.0,0.322595,2.1454,0.016
Gardner_statements_minutes_speeches_press_conferences_zscore__4g_novelty_ev2.5,214,0.2501,0.2093,70.84,111.23,5.2903,0.0,0.334045,-0.1762,
Gardner_statements_minutes_speeches_press_conferences_zscore__4a_total_sent_ev3.0,215,0.2498,0.2282,60.18,83.77,8.5928,0.0,0.325171,0.998,0.1591
Gardner_statements_minutes_speeches_press_conferences_zscore__4b_sent_sd_ev3.0,215,0.2361,0.2178,62.08,82.31,10.6427,0.0,0.327102,,
Gardner_statements_minutes_speeches_press_conferences_zscore__4b_sent_var_ev3.0,215,0.2361,0.2178,62.08,82.31,10.6427,0.0,0.327102,,
Gardner_statements_minutes_speeches_press_conferences_zscore__4b_sd_var_joint_ev3.0,215,0.2361,0.2178,62.08,82.31,10.6427,0.0,0.327102,,
Gardner_statements_minutes_speeches_press_conferences_zscore__4b_consensus_ev3.0,215,0.2661,0.2301,63.46,100.53,7.7999,0.0,0.346104,-0.373,
Gardner_statements_minutes_speeches_press_conferences_zscore__4b_consensus_matched_interactions_ev3.0,215,0.25,0.2133,68.12,105.2,5.6782,0.0,0.333168,-0.1164,
Gardner_statements_minutes_speeches_press_conferences_zscore__4c_all_topics_ev3.0,215,0.2651,0.229,63.76,100.84,5.361,1e-06,0.324358,1.3736,0.0848
Gardner_statements_minutes_speeches_press_conferences_zscore__4d_topic_pca_ev3.0,215,0.2609,0.2284,62.99,96.7,6.0663,0.0,0.323752,1.2609,0.1037,4d,3.0
Gardner_statements_minutes_speeches_press_conferences_zscore__4e_total_interactions_ev3.0,215,0.2934,0.2588,55.3,92.37,7.1983,0.0,0.340488,1.0173,
Gardner_statements_minutes_speeches_press_conferences_zscore__4f_matched_interactions_ev3.0,215,0.2936,0.259,55.24,92.31,6.2882,0.0,0.322595,2.1454,0.016
Gardner_statements_minutes_speeches_press_conferences_zscore__4g_novelty_ev3.0,214,0.2501,0.2093,70.84,111.23,5.2903,0.0,0.334045,-0.1762,
Sharpe_statements_wordcount__4a_total_sent_ev1.0,213,0.2398,0.2176,64.5,88.03,8.8678,0.0,0.325756,0.8063,
Sharpe_statements_wordcount__4b_sent_sd_ev1.0,215,0.2361,0.2178,62.08,82.31,10.6427,0.0,0.327102,,
Sharpe_statements_wordcount__4b_sent_var_ev1.0,215,0.2361,0.2178,62.08,82.31,10.6427,0.0,0.327102,,
Sharpe_statements_wordcount__4b_sd_var_joint_ev1.0,215,0.2361,0.2178,62.08,82.31,10.6427,0.0,0.327102,,
Sharpe_statements_wordcount__4b_consensus_ev1.0,213,0.2521,0.2304,61.01,84.53,9.4712,0.0,0.316245,1.0468,0.1476
Sharpe_statements_wordcount__4e_total_interactions_ev1.0,213,0.2477,0.2105,70.26,107.23,5.1543,1e-06,0.369496,-0.9319,
Sharpe_statements_wordcount__4f_matched_interactions_ev1.0,215,0.2361,0.2178,62.08,82.31,10.6427,0.0,0.327102,,
Sharpe_statements_wordcount__4g_novelty_ev1.0,212,0.2464,0.2244,63.38,86.88,9.1593,0.0,0.326118,1.5066,
Sharpe_statements_wordcount__4a_total_sent_ev1.5,213,0.2398,0.2176,64.5,88.03,8.8678,0.0,0.325756,0.8063,
Sharpe_statements_wordcount__4b_sent_sd_ev1.5,215,0.2361,0.2178,62.08,82.31,10.6427,0.0,0.327102,,
Sharpe_statements_wordcount__4b_sent_var_ev1.5,215,0.2361,0.2178,62.08,82.31,10.6427,0.0,0.327102,,
Sharpe_statements_wordcount__4b_sd_var_joint_ev1.5,215,0.2361,0.2178,62.08,82.31,10.6427,0.0,0.327102,,
Sharpe_statements_wordcount__4b_consensus_ev1.5,213,0.2521,0.2304,61.01,84.53,9.4712,0.0,0.316245,1.0468,0.1476
Sharpe_statements_wordcount__4e_total_interactions_ev1.5,213,0.2477,0.2105,70.26,107.23,5.1543,1e-06,0.369496,-0.9319,
Sharpe_statements_wordcount__4f_matched_interactions_ev1.5,215,0.2361,0.2178,62.08,82.31,10.6427,0.0,0.327102,,
Sharpe_statements_wordcount__4g_novelty_ev1.5,212,0.2464,0.2244,63.38,86.88,9.1593,0.0,0.326118,1.5066,
Sharpe_statements_wordcount__4a_total_sent_ev2.0,213,0.2398,0.2176,64.5,88.03,8.8678,0.0,0.325756,0.8063,
Sharpe_statements_wordcount__4b_sent_sd_ev2.0,215,0.2361,0.2178,62.08,82.31,10.6427,0.0,0.327102,,
Sharpe_statements_wordcount__4b_sent_var_ev2.0,215,0.2361,0.2178,62.08,82.31,10.6427,0.0,0.327102,,
Sharpe_statements_wordcount__4b_sd_var_joint_ev2.0,215,0.2361,0.2178,62.08,82.31,10.6427,0.0,0.327102,,
Sharpe_statements_wordcount__4b_consensus_ev2.0,213,0.2521,0.2304,61.01,84.53,9.4712,0.0,0.316245,1.0468,0.1476
Sharpe_statements_wordcount__4e_total_interactions_ev2.0,213,0.2477,0.2105,70.26,107.23,5.1543,1e-06,0.369496,-0.9319,
Sharpe_statements_wordcount__4f_matched_interactions_ev2.0,215,0.2361,0.2178,62.08,82.31,10.6427,0.0,0.327102,,
Sharpe_statements_wordcount__4g_novelty_ev2.0,212,0.2464,0.2244,63.38,86.88,9.1593,0.0,0.326118,1.5066,
Sharpe_statements_wordcount__4a_total_sent_ev2.5,213,0.2398,0.2176,64.5,88.03,8.8678,0.0,0.325756,0.8063,
Sharpe_statements_wordcount__4b_sent_sd_ev2.5,215,0.2361,0.2178,62.08,82.31,10.6427,0.0,0.327102,,
Sharpe_statements_wordcount__4b_sent_var_ev2.5,215,0.2361,0.2178,62.08,82.31,10.6427,0.0,0.327102,,
Sharpe_statements_wordcount__4b_sd_var_joint_ev2.5,215,0.2361,0.2178,62.08,82.31,10.6427,0.0,0.327102,,
Sharpe_statements_wordcount__4b_consensus_ev2.5,213,0.2521,0.2304,61.01,84.53,9.4712,0.0,0.316245,1.0468,0.1476
Sharpe_statements_wordcount__4e_total_interactions_ev2.5,213,0.2477,0.2105,70.26,107.23,5.1543,1e-06,0.369496,-0.9319,
Sharpe_statements_wordcount__4f_matched_interactions_ev2.5,215,0.2361,0.2178,62.08,82.31,10.6427,0.0,0.327102,,
Sharpe_statements_wordcount__4g_novelty_ev2.5,212,0.2464,0.2244,63.38,86.88,9.1593,0.0,0.326118,1.5066,
Sharpe_statements_wordcount__4a_total_sent_ev3.0,213,0.2398,0.2176,64.5,88.03,8.8678,0.0,0.325756,0.8063,
Sharpe_statements_wordcount__4b_sent_sd_ev3.0,215,0.2361,0.2178,62.08,82.31,10.6427,0.0,0.327102,,
Sharpe_statements_wordcount__4b_sent_var_ev3.0,215,0.2361,0.2178,62.08,82.31,10.6427,0.0,0.327102,,
Sharpe_statements_wordcount__4b_sd_var_joint_ev3.0,215,0.2361,0.2178,62.08,82.31,10.6427,0.0,0.327102,,
Sharpe_statements_wordcount__4b_consensus_ev3.0,213,0.2521,0.2304,61.01,84.53,9.4712,0.0,0.316245,1.0468,0.1476
Sharpe_statements_wordcount__4e_total_interactions_ev3.0,213,0.2477,0.2105,70.26,107.23,5.1543,1e-06,0.369496,-0.9319,
Sharpe_statements_wordcount__4f_matched_interactions_ev3.0,215,0.2361,0.2178,62.08,82.31,10.6427,0.0,0.327102,,
Sharpe_statements_wordcount__4g_novelty_ev3.0,212,0.2464,0.2244,63.38,86.88,9.1593,0.0,0.326118,1.5066,
Sharpe_statements_zscore__4a_total_sent_ev1.0,213,0.2396,0.2175,64.54,88.07,8.8091,0.0,0.326809,1.0162,
Sharpe_statements_zscore__4b_sent_sd_ev1.0,215,0.2361,0.2178,62.08,82.31,10.6427,0.0,0.327102,,
Sharpe_statements_zscore__4b_sent_var_ev1.0,215,0.2361,0.2178,62.08,82.31,10.6427,0.0,0.327102,,
Sharpe_statements_zscore__4b_sd_var_joint_ev1.0,215,0.2361,0.2178,62.08,82.31,10.6427,0.0,0.327102,,
Sharpe_statements_zscore__4b_consensus_ev1.0,213,0.2517,0.2299,61.12,84.65,9.2079,0.0,0.317276,1.0845,0.1391
Sharpe_statements_zscore__4e_total_interactions_ev1.0,213,0.2597,0.2231,66.84,103.81,4.6983,5e-06,0.332903,0.4149,
Sharpe_statements_zscore__4f_matched_interactions_ev1.0,215,0.2361,0.2178,62.08,82.31,10.6427,0.0,0.327102,,
Sharpe_statements_zscore__4g_novelty_ev1.0,212,0.2471,0.225,63.2,86.7,9.1046,0.0,0.325445,1.4947,
Sharpe_statements_zscore__4a_total_sent_ev1.5,213,0.2396,0.2175,64.54,88.07,8.8091,0.0,0.326809,1.0162,
Sharpe_statements_zscore__4b_sent_sd_ev1.5,215,0.2361,0.2178,62.08,82.31,10.6427,0.0,0.327102,,
Sharpe_statements_zscore__4b_sent_var_ev1.5,215,0.2361,0.2178,62.08,82.31,10.6427,0.0,0.327102,,
Sharpe_statements_zscore__4b_sd_var_joint_ev1.5,215,0.2361,0.2178,62.08,82.31,10.6427,0.0,0.327102,,
Sharpe_statements_zscore__4b_consensus_ev1.5,213,0.2517,0.2299,61.12,84.65,9.2079,0.0,0.317276,1.0845,0.1391
Sharpe_statements_zscore__4e_total_interactions_ev1.5,213,0.2597,0.2231,66.84,103.81,4.6983,5e-06,0.332903,0.4149,
Sharpe_statements_zscore__4f_matched_interactions_ev1.5,215,0.2361,0.2178,62.08,82.31,10.6427,0.0,0.327102,,
Sharpe_statements_zscore__4g_novelty_ev1.5,212,0.2471,0.225,63.2,86.7,9.1046,0.0,0.325445,1.4947,
Sharpe_statements_zscore__4a_total_sent_ev2.0,213,0.2396,0.2175,64.54,88.07,8.8091,0.0,0.326809,1.0162,
Sharpe_statements_zscore__4b_sent_sd_ev2.0,215,0.2361,0.2178,62.08,82.31,10.6427,0.0,0.327102,,
Sharpe_statements_zscore__4b_sent_var_ev2.0,215,0.2361,0.2178,62.08,82.31,10.6427,0.0,0.327102,,
Sharpe_statements_zscore__4b_sd_var_joint_ev2.0,215,0.2361,0.2178,62.08,82.31,10.6427,0.0,0.327102,,
Sharpe_statements_zscore__4b_consensus_ev2.0,213,0.2517,0.2299,61.12,84.65,9.2079,0.0,0.317276,1.0845,0.1391
Sharpe_statements_zscore__4e_total_interactions_ev2.0,213,0.2597,0.2231,66.84,103.81,4.6983,5e-06,0.332903,0.4149,
Sharpe_statements_zscore__4f_matched_interactions_ev2.0,215,0.2361,0.2178,62.08,82.31,10.6427,0.0,0.327102,,
Sharpe_statements_zscore__4g_novelty_ev2.0,212,0.2471,0.225,63.2,86.7,9.1046,0.0,0.325445,1.4947,
Sharpe_statements_zscore__4a_total_sent_ev2.5,213,0.2396,0.2175,64.54,88.07,8.8091,0.0,0.326809,1.0162,
Sharpe_statements_zscore__4b_sent_sd_ev2.5,215,0.2361,0.2178,62.08,82.31,10.6427,0.0,0.327102,,
Sharpe_statements_zscore__4b_sent_var_ev2.5,215,0.2361,0.2178,62.08,82.31,10.6427,0.0,0.327102,,
Sharpe_statements_zscore__4b_sd_var_joint_ev2.5,215,0.2361,0.2178,62.08,82.31,10.6427,0.0,0.327102,,
Sharpe_statements_zscore__4b_consensus_ev2.5,213,0.2517,0.2299,61.12,84.65,9.2079,0.0,0.317276,1.0845,0.1391
Sharpe_statements_zscore__4e_total_interactions_ev2.5,213,0.2597,0.2231,66.84,103.81,4.6983,5e-06,0.332903,0.4149,
Sharpe_statements_zscore__4f_matched_interactions_ev2.5,215,0.2361,0.2178,62.08,82.31,10.6427,0.0,0.327102,,
Sharpe_statements_zscore__4g_novelty_ev2.5,212,0.2471,0.225,63.2,86.7,9.1046,0.0,0.325445,1.4947,
Sharpe_statements_zscore__4a_total_sent_ev3.0,213,0.2396,0.2175,64.54,88.07,8.8091,0.0,0.326809,1.0162,
Sharpe_statements_zscore__4b_sent_sd_ev3.0,215,0.2361,0.2178,62.08,82.31,10.6427,0.0,0.327102,,
Sharpe_statements_zscore__4b_sent_var_ev3.0,215,0.2361,0.2178,62.08,82.31,10.6427,0.0,0.327102,,
Sharpe_statements_zscore__4b_sd_var_joint_ev3.0,215,0.2361,0.2178,62.08,82.31,10.6427,0.0,0.327102,,
Sharpe_statements_zscore__4b_consensus_ev3.0,213,0.2517,0.2299,61.12,84.65,9.2079,0.0,0.317276,1.0845,0.1391
Sharpe_statements_zscore__4e_total_interactions_ev3.0,213,0.2597,0.2231,66.84,103.81,4.6983,5e-06,0.332903,0.4149,
Sharpe_statements_zscore__4f_matched_interactions_ev3.0,215,0.2361,0.2178,62.08,82.31,10.6427,0.0,0.327102,,
Sharpe_statements_zscore__4g_novelty_ev3.0,212,0.2471,0.225,63.2,86.7,9.1046,0.0,0.325445,1.4947,
Sharpe_minutes_wordcount__4a_total_sent_ev1.0,119,0.4158,0.3845,1.97,21.43,7.011,2e-06,0.170415,,
Sharpe_minutes_wordcount__4b_sent_sd_ev1.0,215,0.2361,0.2178,62.08,82.31,10.6427,0.0,0.327102,,
Sharpe_minutes_wordcount__4b_sent_var_ev1.0,215,0.2361,0.2178,62.08,82.31,10.6427,0.0,0.327102,,
Sharpe_minutes_wordcount__4b_sd_var_joint_ev1.0,215,0.2361,0.2178,62.08,82.31,10.6427,0.0,0.327102,,
Sharpe_minutes_wordcount__4b_consensus_ev1.0,119,0.4068,0.3751,3.79,23.25,6.9837,3e-06,0.161419,,
Sharpe_minutes_wordcount__4e_total_interactions_ev1.0,119,0.4883,0.4409,-5.79,24.78,5.0683,5e-06,0.164165,,
Sharpe_minutes_wordcount__4f_matched_interactions_ev1.0,215,0.2361,0.2178,62.08,82.31,10.6427,0.0,0.327102,,
Sharpe_minutes_wordcount__4g_novelty_ev1.0,118,0.4043,0.3721,5.22,24.62,6.607,5e-06,0.16412,,
Sharpe_minutes_wordcount__4a_total_sent_ev1.5,119,0.4158,0.3845,1.97,21.43,7.011,2e-06,0.170415,,
Sharpe_minutes_wordcount__4b_sent_sd_ev1.5,215,0.2361,0.2178,62.08,82.31,10.6427,0.0,0.327102,,
Sharpe_minutes_wordcount__4b_sent_var_ev1.5,215,0.2361,0.2178,62.08,82.31,10.6427,0.0,0.327102,,
Sharpe_minutes_wordcount__4b_sd_var_joint_ev1.5,215,0.2361,0.2178,62.08,82.31,10.6427,0.0,0.327102,,
Sharpe_minutes_wordcount__4b_consensus_ev1.5,119,0.4068,0.3751,3.79,23.25,6.9837,3e-06,0.161419,,
Sharpe_minutes_wordcount__4e_total_interactions_ev1.5,119,0.4883,0.4409,-5.79,24.78,5.0683,5e-06,0.164165,,
Sharpe_minutes_wordcount__4f_matched_interactions_ev1.5,215,0.2361,0.2178,62.08,82.31,10.6427,0.0,0.327102,,
Sharpe_minutes_wordcount__4g_novelty_ev1.5,118,0.4043,0.3721,5.22,24.62,6.607,5e-06,0.16412,,
Sharpe_minutes_wordcount__4a_total_sent_ev2.0,119,0.4158,0.3845,1.97,21.43,7.011,2e-06,0.170415,,
Sharpe_minutes_wordcount__4b_sent_sd_ev2.0,215,0.2361,0.2178,62.08,82.31,10.6427,0.0,0.327102,,
Sharpe_minutes_wordcount__4b_sent_var_ev2.0,215,0.2361,0.2178,62.08,82.31,10.6427,0.0,0.327102,,
Sharpe_minutes_wordcount__4b_sd_var_joint_ev2.0,215,0.2361,0.2178,62.08,82.31,10.6427,0.0,0.327102,,
Sharpe_minutes_wordcount__4b_consensus_ev2.0,119,0.4068,0.3751,3.79,23.25,6.9837,3e-06,0.161419,,
Sharpe_minutes_wordcount__4e_total_interactions_ev2.0,119,0.4883,0.4409,-5.79,24.78,5.0683,5e-06,0.164165,,
Sharpe_minutes_wordcount__4f_matched_interactions_ev2.0,215,0.2361,0.2178,62.08,82.31,10.6427,0.0,0.327102,,
Sharpe_minutes_wordcount__4g_novelty_ev2.0,118,0.4043,0.3721,5.22,24.62,6.607,5e-06,0.16412,,
Sharpe_minutes_wordcount__4a_total_sent_ev2.5,119,0.4158,0.3845,1.97,21.43,7.011,2e-06,0.170415,,
Sharpe_minutes_wordcount__4b_sent_sd_ev2.5,215,0.2361,0.2178,62.08,82.31,10.6427,0.0,0.327102,,
Sharpe_minutes_wordcount__4b_sent_var_ev2.5,215,0.2361,0.2178,62.08,82.31,10.6427,0.0,0.327102,,
Sharpe_minutes_wordcount__4b_sd_var_joint_ev2.5,215,0.2361,0.2178,62.08,82.31,10.6427,0.0,0.327102,,
Sharpe_minutes_wordcount__4b_consensus_ev2.5,119,0.4068,0.3751,3.79,23.25,6.9837,3e-06,0.161419,,
Sharpe_minutes_wordcount__4e_total_interactions_ev2.5,119,0.4883,0.4409,-5.79,24.78,5.0683,5e-06,0.164165,,
Sharpe_minutes_wordcount__4f_matched_interactions_ev2.5,215,0.2361,0.2178,62.08,82.31,10.6427,0.0,0.327102,,
Sharpe_minutes_wordcount__4g_novelty_ev2.5,118,0.4043,0.3721,5.22,24.62,6.607,5e-06,0.16412,,
Sharpe_minutes_wordcount__4a_total_sent_ev3.0,119,0.4158,0.3845,1.97,21.43,7.011,2e-06,0.170415,,
Sharpe_minutes_wordcount__4b_sent_sd_ev3.0,215,0.2361,0.2178,62.08,82.31,10.6427,0.0,0.327102,,
Sharpe_minutes_wordcount__4b_sent_var_ev3.0,215,0.2361,0.2178,62.08,82.31,10.6427,0.0,0.327102,,
Sharpe_minutes_wordcount__4b_sd_var_joint_ev3.0,215,0.2361,0.2178,62.08,82.31,10.6427,0.0,0.327102,,
Sharpe_minutes_wordcount__4b_consensus_ev3.0,119,0.4068,0.3751,3.79,23.25,6.9837,3e-06,0.161419,,
Sharpe_minutes_wordcount__4e_total_interactions_ev3.0,119,0.4883,0.4409,-5.79,24.78,5.0683,5e-06,0.164165,,
Sharpe_minutes_wordcount__4f_matched_interactions_ev3.0,215,0.2361,0.2178,62.08,82.31,10.6427,0.0,0.327102,,
Sharpe_minutes_wordcount__4g_novelty_ev3.0,118,0.4043,0.3721,5.22,24.62,6.607,5e-06,0.16412,,
Sharpe_minutes_zscore__4a_total_sent_ev1.0,119,0.4201,0.3891,1.09,20.55,7.3845,1e-06,0.173617,,
Sharpe_minutes_zscore__4b_sent_sd_ev1.0,215,0.2361,0.2178,62.08,82.31,10.6427,0.0,0.327102,,
Sharpe_minutes_zscore__4b_sent_var_ev1.0,215,0.2361,0.2178,62.08,82.31,10.6427,0.0,0.327102,,
Sharpe_minutes_zscore__4b_sd_var_joint_ev1.0,215,0.2361,0.2178,62.08,82.31,10.6427,0.0,0.327102,,
Sharpe_minutes_zscore__4b_consensus_ev1.0,119,0.422,0.391,0.71,20.17,7.7857,1e-06,0.172981,,
Sharpe_minutes_zscore__4e_total_interactions_ev1.0,119,0.4625,0.4127,0.06,30.63,4.514,2.5e-05,0.160703,,
Sharpe_minutes_zscore__4f_matched_interactions_ev1.0,215,0.2361,0.2178,62.08,82.31,10.6427,0.0,0.327102,,
Sharpe_minutes_zscore__4g_novelty_ev1.0,118,0.4039,0.3716,5.31,24.7,6.4208,8e-06,0.163553,,
Sharpe_minutes_zscore__4a_total_sent_ev1.5,119,0.4201,0.3891,1.09,20.55,7.3845,1e-06,0.173617,,
Sharpe_minutes_zscore__4b_sent_sd_ev1.5,215,0.2361,0.2178,62.08,82.31,10.6427,0.0,0.327102,,
Sharpe_minutes_zscore__4b_sent_var_ev1.5,215,0.2361,0.2178,62.08,82.31,10.6427,0.0,0.327102,,
Sharpe_minutes_zscore__4b_sd_var_joint_ev1.5,215,0.2361,0.2178,62.08,82.31,10.6427,0.0,0.327102,,
Sharpe_minutes_zscore__4b_consensus_ev1.5,119,0.422,0.391,0.71,20.17,7.7857,1e-06,0.172981,,
Sharpe_minutes_zscore__4e_total_interactions_ev1.5,119,0.4625,0.4127,0.06,30.63,4.514,2.5e-05,0.160703,,
Sharpe_minutes_zscore__4f_matched_interactions_ev1.5,215,0.2361,0.2178,62.08,82.31,10.6427,0.0,0.327102,,
Sharpe_minutes_zscore__4g_novelty_ev1.5,118,0.4039,0.3716,5.31,24.7,6.4208,8e-06,0.163553,,
Sharpe_minutes_zscore__4a_total_sent_ev2.0,119,0.4201,0.3891,1.09,20.55,7.3845,1e-06,0.173617,,
Sharpe_minutes_zscore__4b_sent_sd_ev2.0,215,0.2361,0.2178,62.08,82.31,10.6427,0.0,0.327102,,
Sharpe_minutes_zscore__4b_sent_var_ev2.0,215,0.2361,0.2178,62.08,82.31,10.6427,0.0,0.327102,,
Sharpe_minutes_zscore__4b_sd_var_joint_ev2.0,215,0.2361,0.2178,62.08,82.31,10.6427,0.0,0.327102,,
Sharpe_minutes_zscore__4b_consensus_ev2.0,119,0.422,0.391,0.71,20.17,7.7857,1e-06,0.172981,,
Sharpe_minutes_zscore__4e_total_interactions_ev2.0,119,0.4625,0.4127,0.06,30.63,4.514,2.5e-05,0.160703,,
Sharpe_minutes_zscore__4f_matched_interactions_ev2.0,215,0.2361,0.2178,62.08,82.31,10.6427,0.0,0.327102,,
Sharpe_minutes_zscore__4g_novelty_ev2.0,118,0.4039,0.3716,5.31,24.7,6.4208,8e-06,0.163553,,
Sharpe_minutes_zscore__4a_total_sent_ev2.5,119,0.4201,0.3891,1.09,20.55,7.3845,1e-06,0.173617,,
Sharpe_minutes_zscore__4b_sent_sd_ev2.5,215,0.2361,0.2178,62.08,82.31,10.6427,0.0,0.327102,,
Sharpe_minutes_zscore__4b_sent_var_ev2.5,215,0.2361,0.2178,62.08,82.31,10.6427,0.0,0.327102,,
Sharpe_minutes_zscore__4b_sd_var_joint_ev2.5,215,0.2361,0.2178,62.08,82.31,10.6427,0.0,0.327102,,
Sharpe_minutes_zscore__4b_consensus_ev2.5,119,0.422,0.391,0.71,20.17,7.7857,1e-06,0.172981,,
Sharpe_minutes_zscore__4e_total_interactions_ev2.5,119,0.4625,0.4127,0.06,30.63,4.514,2.5e-05,0.160703,,
Sharpe_minutes_zscore__4f_matched_interactions_ev2.5,215,0.2361,0.2178,62.08,82.31,10.6427,0.0,0.327102,,
Sharpe_minutes_zscore__4g_novelty_ev2.5,118,0.4039,0.3716,5.31,24.7,6.4208,8e-06,0.163553,,
Sharpe_minutes_zscore__4a_total_sent_ev3.0,119,0.4201,0.3891,1.09,20.55,7.3845,1e-06,0.173617,,
Sharpe_minutes_zscore__4b_sent_sd_ev3.0,215,0.2361,0.2178,62.08,82.31,10.6427,0.0,0.327102,,
Sharpe_minutes_zscore__4b_sent_var_ev3.0,215,0.2361,0.2178,62.08,82.31,10.6427,0.0,0.327102,,
Sharpe_minutes_zscore__4b_sd_var_joint_ev3.0,215,0.2361,0.2178,62.08,82.31,10.6427,0.0,0.327102,,
Sharpe_minutes_zscore__4b_consensus_ev3.0,119,0.422,0.391,0.71,20.17,7.7857,1e-06,0.172981,,
Sharpe_minutes_zscore__4e_total_interactions_ev3.0,119,0.4625,0.4127,0.06,30.63,4.514,2.5e-05,0.160703,,
Sharpe_minutes_zscore__4f_matched_interactions_ev3.0,215,0.2361,0.2178,62.08,82.31,10.6427,0.0,0.327102,,
Sharpe_minutes_zscore__4g_novelty_ev3.0,118,0.4039,0.3716,5.31,24.7,6.4208,8e-06,0.163553,,
Sharpe_speeches_wordcount__4a_total_sent_ev1.0,215,0.2481,0.2264,60.68,84.27,9.0435,0.0,0.3214,2.4312,0.0075
Sharpe_speeches_wordcount__4b_sent_sd_ev1.0,215,0.2361,0.2178,62.08,82.31,10.6427,0.0,0.327102,,
Sharpe_speeches_wordcount__4b_sent_var_ev1.0,215,0.2361,0.2178,62.08,82.31,10.6427,0.0,0.327102,,
Sharpe_speeches_wordcount__4b_sd_var_joint_ev1.0,215,0.2361,0.2178,62.08,82.31,10.6427,0.0,0.327102,,
Sharpe_speeches_wordcount__4b_consensus_ev1.0,215,0.2414,0.2195,62.58,86.18,9.4953,0.0,0.325425,1.2083,0.1135
Sharpe_speeches_wordcount__4e_total_interactions_ev1.0,215,0.2785,0.2432,59.79,96.87,6.3135,0.0,0.325184,1.2241,0.1104
Sharpe_speeches_wordcount__4f_matched_interactions_ev1.0,215,0.2361,0.2178,62.08,82.31,10.6427,0.0,0.327102,,
Sharpe_speeches_wordcount__4g_novelty_ev1.0,214,0.2478,0.226,61.5,85.06,8.9597,0.0,0.321247,0.2909,0.3856
Sharpe_speeches_wordcount__4a_total_sent_ev1.5,215,0.2481,0.2264,60.68,84.27,9.0435,0.0,0.3214,2.4312,0.0075
Sharpe_speeches_wordcount__4b_sent_sd_ev1.5,215,0.2361,0.2178,62.08,82.31,10.6427,0.0,0.327102,,
Sharpe_speeches_wordcount__4b_sent_var_ev1.5,215,0.2361,0.2178,62.08,82.31,10.6427,0.0,0.327102,,
Sharpe_speeches_wordcount__4b_sd_var_joint_ev1.5,215,0.2361,0.2178,62.08,82.31,10.6427,0.0,0.327102,,
Sharpe_speeches_wordcount__4b_consensus_ev1.5,215,0.2414,0.2195,62.58,86.18,9.4953,0.0,0.325425,1.2083,0.1135
Sharpe_speeches_wordcount__4e_total_interactions_ev1.5,215,0.2785,0.2432,59.79,96.87,6.3135,0.0,0.325184,1.2241,0.1104
Sharpe_speeches_wordcount__4f_matched_interactions_ev1.5,215,0.2361,0.2178,62.08,82.31,10.6427,0.0,0.327102,,
Sharpe_speeches_wordcount__4g_novelty_ev1.5,214,0.2478,0.226,61.5,85.06,8.9597,0.0,0.321247,0.2909,0.3856
Sharpe_speeches_wordcount__4a_total_sent_ev2.0,215,0.2481,0.2264,60.68,84.27,9.0435,0.0,0.3214,2.4312,0.0075
Sharpe_speeches_wordcount__4b_sent_sd_ev2.0,215,0.2361,0.2178,62.08,82.31,10.6427,0.0,0.327102,,
Sharpe_speeches_wordcount__4b_sent_var_ev2.0,215,0.2361,0.2178,62.08,82.31,10.6427,0.0,0.327102,,
Sharpe_speeches_wordcount__4b_sd_var_joint_ev2.0,215,0.2361,0.2178,62.08,82.31,10.6427,0.0,0.327102,,
Sharpe_speeches_wordcount__4b_consensus_ev2.0,215,0.2414,0.2195,62.58,86.18,9.4953,0.0,0.325425,1.2083,0.1135
Sharpe_speeches_wordcount__4e_total_interactions_ev2.0,215,0.2785,0.2432,59.79,96.87,6.3135,0.0,0.325184,1.2241,0.1104
Sharpe_speeches_wordcount__4f_matched_interactions_ev2.0,215,0.2361,0.2178,62.08,82.31,10.6427,0.0,0.327102,,
Sharpe_speeches_wordcount__4g_novelty_ev2.0,214,0.2478,0.226,61.5,85.06,8.9597,0.0,0.321247,0.2909,0.3856
Sharpe_speeches_wordcount__4a_total_sent_ev2.5,215,0.2481,0.2264,60.68,84.27,9.0435,0.0,0.3214,2.4312,0.0075
Sharpe_speeches_wordcount__4b_sent_sd_ev2.5,215,0.2361,0.2178,62.08,82.31,10.6427,0.0,0.327102,,
Sharpe_speeches_wordcount__4b_sent_var_ev2.5,215,0.2361,0.2178,62.08,82.31,10.6427,0.0,0.327102,,
Sharpe_speeches_wordcount__4b_sd_var_joint_ev2.5,215,0.2361,0.2178,62.08,82.31,10.6427,0.0,0.327102,,
Sharpe_speeches_wordcount__4b_consensus_ev2.5,215,0.2414,0.2195,62.58,86.18,9.4953,0.0,0.325425,1.2083,0.1135
Sharpe_speeches_wordcount__4e_total_interactions_ev2.5,215,0.2785,0.2432,59.79,96.87,6.3135,0.0,0.325184,1.2241,0.1104
Sharpe_speeches_wordcount__4f_matched_interactions_ev2.5,215,0.2361,0.2178,62.08,82.31,10.6427,0.0,0.327102,,
Sharpe_speeches_wordcount__4g_novelty_ev2.5,214,0.2478,0.226,61.5,85.06,8.9597,0.0,0.321247,0.2909,0.3856
Sharpe_speeches_wordcount__4a_total_sent_ev3.0,215,0.2481,0.2264,60.68,84.27,9.0435,0.0,0.3214,2.4312,0.0075
Sharpe_speeches_wordcount__4b_sent_sd_ev3.0,215,0.2361,0.2178,62.08,82.31,10.6427,0.0,0.327102,,
Sharpe_speeches_wordcount__4b_sent_var_ev3.0,215,0.2361,0.2178,62.08,82.31,10.6427,0.0,0.327102,,
Sharpe_speeches_wordcount__4b_sd_var_joint_ev3.0,215,0.2361,0.2178,62.08,82.31,10.6427,0.0,0.327102,,
Sharpe_speeches_wordcount__4b_consensus_ev3.0,215,0.2414,0.2195,62.58,86.18,9.4953,0.0,0.325425,1.2083,0.1135
Sharpe_speeches_wordcount__4e_total_interactions_ev3.0,215,0.2785,0.2432,59.79,96.87,6.3135,0.0,0.325184,1.2241,0.1104
Sharpe_speeches_wordcount__4f_matched_interactions_ev3.0,215,0.2361,0.2178,62.08,82.31,10.6427,0.0,0.327102,,
Sharpe_speeches_wordcount__4g_novelty_ev3.0,214,0.2478,0.226,61.5,85.06,8.9597,0.0,0.321247,0.2909,0.3856
Sharpe_speeches_zscore__4a_total_sent_ev1.0,215,0.2361,0.2141,64.07,87.67,9.4567,0.0,0.328943,-0.7937,
Sharpe_speeches_zscore__4b_sent_sd_ev1.0,215,0.2361,0.2178,62.08,82.31,10.6427,0.0,0.327102,,
Sharpe_speeches_zscore__4b_sent_var_ev1.0,215,0.2361,0.2178,62.08,82.31,10.6427,0.0,0.327102,,
Sharpe_speeches_zscore__4b_sd_var_joint_ev1.0,215,0.2361,0.2178,62.08,82.31,10.6427,0.0,0.327102,,
Sharpe_speeches_zscore__4b_consensus_ev1.0,215,0.2425,0.2207,62.26,85.85,8.7905,0.0,0.327153,0.2646,
Sharpe_speeches_zscore__4e_total_interactions_ev1.0,215,0.2495,0.2127,68.27,105.35,7.8639,0.0,0.367873,0.2884,
Sharpe_speeches_zscore__4f_matched_interactions_ev1.0,215,0.2361,0.2178,62.08,82.31,10.6427,0.0,0.327102,,
Sharpe_speeches_zscore__4g_novelty_ev1.0,214,0.2439,0.2219,62.62,86.18,8.8334,0.0,0.324985,0.0387,
Sharpe_speeches_zscore__4a_total_sent_ev1.5,215,0.2361,0.2141,64.07,87.67,9.4567,0.0,0.328943,-0.7937,
Sharpe_speeches_zscore__4b_sent_sd_ev1.5,215,0.2361,0.2178,62.08,82.31,10.6427,0.0,0.327102,,
Sharpe_speeches_zscore__4b_sent_var_ev1.5,215,0.2361,0.2178,62.08,82.31,10.6427,0.0,0.327102,,
Sharpe_speeches_zscore__4b_sd_var_joint_ev1.5,215,0.2361,0.2178,62.08,82.31,10.6427,0.0,0.327102,,
Sharpe_speeches_zscore__4b_consensus_ev1.5,215,0.2425,0.2207,62.26,85.85,8.7905,0.0,0.327153,0.2646,
Sharpe_speeches_zscore__4e_total_interactions_ev1.5,215,0.2495,0.2127,68.27,105.35,7.8639,0.0,0.367873,0.2884,
Sharpe_speeches_zscore__4f_matched_interactions_ev1.5,215,0.2361,0.2178,62.08,82.31,10.6427,0.0,0.327102,,
Sharpe_speeches_zscore__4g_novelty_ev1.5,214,0.2439,0.2219,62.62,86.18,8.8334,0.0,0.324985,0.0387,
Sharpe_speeches_zscore__4a_total_sent_ev2.0,215,0.2361,0.2141,64.07,87.67,9.4567,0.0,0.328943,-0.7937,
Sharpe_speeches_zscore__4b_sent_sd_ev2.0,215,0.2361,0.2178,62.08,82.31,10.6427,0.0,0.327102,,
Sharpe_speeches_zscore__4b_sent_var_ev2.0,215,0.2361,0.2178,62.08,82.31,10.6427,0.0,0.327102,,
Sharpe_speeches_zscore__4b_sd_var_joint_ev2.0,215,0.2361,0.2178,62.08,82.31,10.6427,0.0,0.327102,,
Sharpe_speeches_zscore__4b_consensus_ev2.0,215,0.2425,0.2207,62.26,85.85,8.7905,0.0,0.327153,0.2646,
Sharpe_speeches_zscore__4e_total_interactions_ev2.0,215,0.2495,0.2127,68.27,105.35,7.8639,0.0,0.367873,0.2884,
Sharpe_speeches_zscore__4f_matched_interactions_ev2.0,215,0.2361,0.2178,62.08,82.31,10.6427,0.0,0.327102,,
Sharpe_speeches_zscore__4g_novelty_ev2.0,214,0.2439,0.2219,62.62,86.18,8.8334,0.0,0.324985,0.0387,
Sharpe_speeches_zscore__4a_total_sent_ev2.5,215,0.2361,0.2141,64.07,87.67,9.4567,0.0,0.328943,-0.7937,
Sharpe_speeches_zscore__4b_sent_sd_ev2.5,215,0.2361,0.2178,62.08,82.31,10.6427,0.0,0.327102,,
Sharpe_speeches_zscore__4b_sent_var_ev2.5,215,0.2361,0.2178,62.08,82.31,10.6427,0.0,0.327102,,
Sharpe_speeches_zscore__4b_sd_var_joint_ev2.5,215,0.2361,0.2178,62.08,82.31,10.6427,0.0,0.327102,,
Sharpe_speeches_zscore__4b_consensus_ev2.5,215,0.2425,0.2207,62.26,85.85,8.7905,0.0,0.327153,0.2646,
Sharpe_speeches_zscore__4e_total_interactions_ev2.5,215,0.2495,0.2127,68.27,105.35,7.8639,0.0,0.367873,0.2884,
Sharpe_speeches_zscore__4f_matched_interactions_ev2.5,215,0.2361,0.2178,62.08,82.31,10.6427,0.0,0.327102,,
Sharpe_speeches_zscore__4g_novelty_ev2.5,214,0.2439,0.2219,62.62,86.18,8.8334,0.0,0.324985,0.0387,
Sharpe_speeches_zscore__4a_total_sent_ev3.0,215,0.2361,0.2141,64.07,87.67,9.4567,0.0,0.328943,-0.7937,
Sharpe_speeches_zscore__4b_sent_sd_ev3.0,215,0.2361,0.2178,62.08,82.31,10.6427,0.0,0.327102,,
Sharpe_speeches_zscore__4b_sent_var_ev3.0,215,0.2361,0.2178,62.08,82.31,10.6427,0.0,0.327102,,
Sharpe_speeches_zscore__4b_sd_var_joint_ev3.0,215,0.2361,0.2178,62.08,82.31,10.6427,0.0,0.327102,,
Sharpe_speeches_zscore__4b_consensus_ev3.0,215,0.2425,0.2207,62.26,85.85,8.7905,0.0,0.327153,0.2646,
Sharpe_speeches_zscore__4e_total_interactions_ev3.0,215,0.2495,0.2127,68.27,105.35,7.8639,0.0,0.367873,0.2884,
Sharpe_speeches_zscore__4f_matched_interactions_ev3.0,215,0.2361,0.2178,62.08,82.31,10.6427,0.0,0.327102,,
Sharpe_speeches_zscore__4g_novelty_ev3.0,214,0.2439,0.2219,62.62,86.18,8.8334,0.0,0.324985,0.0387,
Sharpe_press_conferences_wordcount__4a_total_sent_ev1.0,118,0.4102,0.3783,4.05,23.45,7.6715,1e-06,0.172412,,
Sharpe_press_conferences_wordcount__4b_sent_sd_ev1.0,215,0.2361,0.2178,62.08,82.31,10.6427,0.0,0.327102,,
Sharpe_press_conferences_wordcount__4b_sent_var_ev1.0,215,0.2361,0.2178,62.08,82.31,10.6427,0.0,0.327102,,
Sharpe_press_conferences_wordcount__4b_sd_var_joint_ev1.0,215,0.2361,0.2178,62.08,82.31,10.6427,0.0,0.327102,,
Sharpe_press_conferences_wordcount__4b_consensus_ev1.0,118,0.4039,0.3717,5.3,24.7,6.3573,9e-06,0.164028,,
Sharpe_press_conferences_wordcount__4e_total_interactions_ev1.0,118,0.4337,0.3808,7.24,37.72,4.9811,6e-06,0.181445,,
Sharpe_press_conferences_wordcount__4f_matched_interactions_ev1.0,215,0.2361,0.2178,62.08,82.31,10.6427,0.0,0.327102,,
Sharpe_press_conferences_wordcount__4g_novelty_ev1.0,117,0.4054,0.373,5.98,25.32,6.6928,5e-06,0.164705,,
Sharpe_press_conferences_wordcount__4a_total_sent_ev1.5,118,0.4102,0.3783,4.05,23.45,7.6715,1e-06,0.172412,,
Sharpe_press_conferences_wordcount__4b_sent_sd_ev1.5,215,0.2361,0.2178,62.08,82.31,10.6427,0.0,0.327102,,
Sharpe_press_conferences_wordcount__4b_sent_var_ev1.5,215,0.2361,0.2178,62.08,82.31,10.6427,0.0,0.327102,,
Sharpe_press_conferences_wordcount__4b_sd_var_joint_ev1.5,215,0.2361,0.2178,62.08,82.31,10.6427,0.0,0.327102,,
Sharpe_press_conferences_wordcount__4b_consensus_ev1.5,118,0.4039,0.3717,5.3,24.7,6.3573,9e-06,0.164028,,
Sharpe_press_conferences_wordcount__4e_total_interactions_ev1.5,118,0.4337,0.3808,7.24,37.72,4.9811,6e-06,0.181445,,
Sharpe_press_conferences_wordcount__4f_matched_interactions_ev1.5,215,0.2361,0.2178,62.08,82.31,10.6427,0.0,0.327102,,
Sharpe_press_conferences_wordcount__4g_novelty_ev1.5,117,0.4054,0.373,5.98,25.32,6.6928,5e-06,0.164705,,
Sharpe_press_conferences_wordcount__4a_total_sent_ev2.0,118,0.4102,0.3783,4.05,23.45,7.6715,1e-06,0.172412,,
Sharpe_press_conferences_wordcount__4b_sent_sd_ev2.0,215,0.2361,0.2178,62.08,82.31,10.6427,0.0,0.327102,,
Sharpe_press_conferences_wordcount__4b_sent_var_ev2.0,215,0.2361,0.2178,62.08,82.31,10.6427,0.0,0.327102,,
Sharpe_press_conferences_wordcount__4b_sd_var_joint_ev2.0,215,0.2361,0.2178,62.08,82.31,10.6427,0.0,0.327102,,
Sharpe_press_conferences_wordcount__4b_consensus_ev2.0,118,0.4039,0.3717,5.3,24.7,6.3573,9e-06,0.164028,,
Sharpe_press_conferences_wordcount__4e_total_interactions_ev2.0,118,0.4337,0.3808,7.24,37.72,4.9811,6e-06,0.181445,,
Sharpe_press_conferences_wordcount__4f_matched_interactions_ev2.0,215,0.2361,0.2178,62.08,82.31,10.6427,0.0,0.327102,,
Sharpe_press_conferences_wordcount__4g_novelty_ev2.0,117,0.4054,0.373,5.98,25.32,6.6928,5e-06,0.164705,,
Sharpe_press_conferences_wordcount__4a_total_sent_ev2.5,118,0.4102,0.3783,4.05,23.45,7.6715,1e-06,0.172412,,
Sharpe_press_conferences_wordcount__4b_sent_sd_ev2.5,215,0.2361,0.2178,62.08,82.31,10.6427,0.0,0.327102,,
Sharpe_press_conferences_wordcount__4b_sent_var_ev2.5,215,0.2361,0.2178,62.08,82.31,10.6427,0.0,0.327102,,
Sharpe_press_conferences_wordcount__4b_sd_var_joint_ev2.5,215,0.2361,0.2178,62.08,82.31,10.6427,0.0,0.327102,,
Sharpe_press_conferences_wordcount__4b_consensus_ev2.5,118,0.4039,0.3717,5.3,24.7,6.3573,9e-06,0.164028,,
Sharpe_press_conferences_wordcount__4e_total_interactions_ev2.5,118,0.4337,0.3808,7.24,37.72,4.9811,6e-06,0.181445,,
Sharpe_press_conferences_wordcount__4f_matched_interactions_ev2.5,215,0.2361,0.2178,62.08,82.31,10.6427,0.0,0.327102,,
Sharpe_press_conferences_wordcount__4g_novelty_ev2.5,117,0.4054,0.373,5.98,25.32,6.6928,5e-06,0.164705,,
Sharpe_press_conferences_wordcount__4a_total_sent_ev3.0,118,0.4102,0.3783,4.05,23.45,7.6715,1e-06,0.172412,,
Sharpe_press_conferences_wordcount__4b_sent_sd_ev3.0,215,0.2361,0.2178,62.08,82.31,10.6427,0.0,0.327102,,
Sharpe_press_conferences_wordcount__4b_sent_var_ev3.0,215,0.2361,0.2178,62.08,82.31,10.6427,0.0,0.327102,,
Sharpe_press_conferences_wordcount__4b_sd_var_joint_ev3.0,215,0.2361,0.2178,62.08,82.31,10.6427,0.0,0.327102,,
Sharpe_press_conferences_wordcount__4b_consensus_ev3.0,118,0.4039,0.3717,5.3,24.7,6.3573,9e-06,0.164028,,
Sharpe_press_conferences_wordcount__4e_total_interactions_ev3.0,118,0.4337,0.3808,7.24,37.72,4.9811,6e-06,0.181445,,
Sharpe_press_conferences_wordcount__4f_matched_interactions_ev3.0,215,0.2361,0.2178,62.08,82.31,10.6427,0.0,0.327102,,
Sharpe_press_conferences_wordcount__4g_novelty_ev3.0,117,0.4054,0.373,5.98,25.32,6.6928,5e-06,0.164705,,
Sharpe_press_conferences_zscore__4a_total_sent_ev1.0,118,0.4248,0.3937,1.09,20.48,8.2934,0.0,0.180626,,
Sharpe_press_conferences_zscore__4b_sent_sd_ev1.0,215,0.2361,0.2178,62.08,82.31,10.6427,0.0,0.327102,,
Sharpe_press_conferences_zscore__4b_sent_var_ev1.0,215,0.2361,0.2178,62.08,82.31,10.6427,0.0,0.327102,,
Sharpe_press_conferences_zscore__4b_sd_var_joint_ev1.0,215,0.2361,0.2178,62.08,82.31,10.6427,0.0,0.327102,,
Sharpe_press_conferences_zscore__4b_consensus_ev1.0,118,0.4151,0.3835,3.06,22.45,6.9745,3e-06,0.16925,,
Sharpe_press_conferences_zscore__4e_total_interactions_ev1.0,118,0.4808,0.4322,-2.99,27.49,6.8861,0.0,0.175644,,
Sharpe_press_conferences_zscore__4f_matched_interactions_ev1.0,215,0.2361,0.2178,62.08,82.31,10.6427,0.0,0.327102,,
Sharpe_press_conferences_zscore__4g_novelty_ev1.0,117,0.4071,0.3747,5.65,24.99,6.7962,4e-06,0.164622,,
Sharpe_press_conferences_zscore__4a_total_sent_ev1.5,118,0.4248,0.3937,1.09,20.48,8.2934,0.0,0.180626,,
Sharpe_press_conferences_zscore__4b_sent_sd_ev1.5,215,0.2361,0.2178,62.08,82.31,10.6427,0.0,0.327102,,
Sharpe_press_conferences_zscore__4b_sent_var_ev1.5,215,0.2361,0.2178,62.08,82.31,10.6427,0.0,0.327102,,
Sharpe_press_conferences_zscore__4b_sd_var_joint_ev1.5,215,0.2361,0.2178,62.08,82.31,10.6427,0.0,0.327102,,
Sharpe_press_conferences_zscore__4b_consensus_ev1.5,118,0.4151,0.3835,3.06,22.45,6.9745,3e-06,0.16925,,
Sharpe_press_conferences_zscore__4e_total_interactions_ev1.5,118,0.4808,0.4322,-2.99,27.49,6.8861,0.0,0.175644,,
Sharpe_press_conferences_zscore__4f_matched_interactions_ev1.5,215,0.2361,0.2178,62.08,82.31,10.6427,0.0,0.327102,,
Sharpe_press_conferences_zscore__4g_novelty_ev1.5,117,0.4071,0.3747,5.65,24.99,6.7962,4e-06,0.164622,,
Sharpe_press_conferences_zscore__4a_total_sent_ev2.0,118,0.4248,0.3937,1.09,20.48,8.2934,0.0,0.180626,,
Sharpe_press_conferences_zscore__4b_sent_sd_ev2.0,215,0.2361,0.2178,62.08,82.31,10.6427,0.0,0.327102,,
Sharpe_press_conferences_zscore__4b_sent_var_ev2.0,215,0.2361,0.2178,62.08,82.31,10.6427,0.0,0.327102,,
Sharpe_press_conferences_zscore__4b_sd_var_joint_ev2.0,215,0.2361,0.2178,62.08,82.31,10.6427,0.0,0.327102,,
Sharpe_press_conferences_zscore__4b_consensus_ev2.0,118,0.4151,0.3835,3.06,22.45,6.9745,3e-06,0.16925,,
Sharpe_press_conferences_zscore__4e_total_interactions_ev2.0,118,0.4808,0.4322,-2.99,27.49,6.8861,0.0,0.175644,,
Sharpe_press_conferences_zscore__4f_matched_interactions_ev2.0,215,0.2361,0.2178,62.08,82.31,10.6427,0.0,0.327102,,
Sharpe_press_conferences_zscore__4g_novelty_ev2.0,117,0.4071,0.3747,5.65,24.99,6.7962,4e-06,0.164622,,
Sharpe_press_conferences_zscore__4a_total_sent_ev2.5,118,0.4248,0.3937,1.09,20.48,8.2934,0.0,0.180626,,
Sharpe_press_conferences_zscore__4b_sent_sd_ev2.5,215,0.2361,0.2178,62.08,82.31,10.6427,0.0,0.327102,,
Sharpe_press_conferences_zscore__4b_sent_var_ev2.5,215,0.2361,0.2178,62.08,82.31,10.6427,0.0,0.327102,,
Sharpe_press_conferences_zscore__4b_sd_var_joint_ev2.5,215,0.2361,0.2178,62.08,82.31,10.6427,0.0,0.327102,,
Sharpe_press_conferences_zscore__4b_consensus_ev2.5,118,0.4151,0.3835,3.06,22.45,6.9745,3e-06,0.16925,,
Sharpe_press_conferences_zscore__4e_total_interactions_ev2.5,118,0.4808,0.4322,-2.99,27.49,6.8861,0.0,0.175644,,
Sharpe_press_conferences_zscore__4f_matched_interactions_ev2.5,215,0.2361,0.2178,62.08,82.31,10.6427,0.0,0.327102,,
Sharpe_press_conferences_zscore__4g_novelty_ev2.5,117,0.4071,0.3747,5.65,24.99,6.7962,4e-06,0.164622,,
Sharpe_press_conferences_zscore__4a_total_sent_ev3.0,118,0.4248,0.3937,1.09,20.48,8.2934,0.0,0.180626,,
Sharpe_press_conferences_zscore__4b_sent_sd_ev3.0,215,0.2361,0.2178,62.08,82.31,10.6427,0.0,0.327102,,
Sharpe_press_conferences_zscore__4b_sent_var_ev3.0,215,0.2361,0.2178,62.08,82.31,10.6427,0.0,0.327102,,
Sharpe_press_conferences_zscore__4b_sd_var_joint_ev3.0,215,0.2361,0.2178,62.08,82.31,10.6427,0.0,0.327102,,
Sharpe_press_conferences_zscore__4b_consensus_ev3.0,118,0.4151,0.3835,3.06,22.45,6.9745,3e-06,0.16925,,
Sharpe_press_conferences_zscore__4e_total_interactions_ev3.0,118,0.4808,0.4322,-2.99,27.49,6.8861,0.0,0.175644,,
Sharpe_press_conferences_zscore__4f_matched_interactions_ev3.0,215,0.2361,0.2178,62.08,82.31,10.6427,0.0,0.327102,,
Sharpe_press_conferences_zscore__4g_novelty_ev3.0,117,0.4071,0.3747,5.65,24.99,6.7962,4e-06,0.164622,,
Sharpe_statements_minutes_speeches_press_conferences_wordcount__4a_total_sent_ev1.0,215,0.2366,0.2145,63.95,87.54,8.9308,0.0,0.327953,-0.9189,
Sharpe_statements_minutes_speeches_press_conferences_wordcount__4b_sent_sd_ev1.0,215,0.2361,0.2178,62.08,82.31,10.6427,0.0,0.327102,,
Sharpe_statements_minutes_speeches_press_conferences_wordcount__4b_sent_var_ev1.0,215,0.2361,0.2178,62.08,82.31,10.6427,0.0,0.327102,,
Sharpe_statements_minutes_speeches_press_conferences_wordcount__4b_sd_var_joint_ev1.0,215,0.2361,0.2178,62.08,82.31,10.6427,0.0,0.327102,,
Sharpe_statements_minutes_speeches_press_conferences_wordcount__4b_consensus_ev1.0,215,0.2511,0.2295,59.82,83.42,9.5054,0.0,0.316673,2.1244,0.0168
Sharpe_statements_minutes_speeches_press_conferences_wordcount__4e_total_interactions_ev1.0,215,0.2679,0.232,62.93,100.01,5.4333,0.0,0.360081,-0.0862,
Sharpe_statements_minutes_speeches_press_conferences_wordcount__4f_matched_interactions_ev1.0,215,0.2361,0.2178,62.08,82.31,10.6427,0.0,0.327102,,
Sharpe_statements_minutes_speeches_press_conferences_wordcount__4g_novelty_ev1.0,214,0.2442,0.2223,62.52,86.08,9.2757,0.0,0.326675,0.3534,
Sharpe_statements_minutes_speeches_press_conferences_wordcount__4a_total_sent_ev1.5,215,0.2366,0.2145,63.95,87.54,8.9308,0.0,0.327953,-0.9189,
Sharpe_statements_minutes_speeches_press_conferences_wordcount__4b_sent_sd_ev1.5,215,0.2361,0.2178,62.08,82.31,10.6427,0.0,0.327102,,
Sharpe_statements_minutes_speeches_press_conferences_wordcount__4b_sent_var_ev1.5,215,0.2361,0.2178,62.08,82.31,10.6427,0.0,0.327102,,
Sharpe_statements_minutes_speeches_press_conferences_wordcount__4b_sd_var_joint_ev1.5,215,0.2361,0.2178,62.08,82.31,10.6427,0.0,0.327102,,
Sharpe_statements_minutes_speeches_press_conferences_wordcount__4b_consensus_ev1.5,215,0.2511,0.2295,59.82,83.42,9.5054,0.0,0.316673,2.1244,0.0168
Sharpe_statements_minutes_speeches_press_conferences_wordcount__4e_total_interactions_ev1.5,215,0.2679,0.232,62.93,100.01,5.4333,0.0,0.360081,-0.0862,
Sharpe_statements_minutes_speeches_press_conferences_wordcount__4f_matched_interactions_ev1.5,215,0.2361,0.2178,62.08,82.31,10.6427,0.0,0.327102,,
Sharpe_statements_minutes_speeches_press_conferences_wordcount__4g_novelty_ev1.5,214,0.2442,0.2223,62.52,86.08,9.2757,0.0,0.326675,0.3534,
Sharpe_statements_minutes_speeches_press_conferences_wordcount__4a_total_sent_ev2.0,215,0.2366,0.2145,63.95,87.54,8.9308,0.0,0.327953,-0.9189,
Sharpe_statements_minutes_speeches_press_conferences_wordcount__4b_sent_sd_ev2.0,215,0.2361,0.2178,62.08,82.31,10.6427,0.0,0.327102,,
Sharpe_statements_minutes_speeches_press_conferences_wordcount__4b_sent_var_ev2.0,215,0.2361,0.2178,62.08,82.31,10.6427,0.0,0.327102,,
Sharpe_statements_minutes_speeches_press_conferences_wordcount__4b_sd_var_joint_ev2.0,215,0.2361,0.2178,62.08,82.31,10.6427,0.0,0.327102,,
Sharpe_statements_minutes_speeches_press_conferences_wordcount__4b_consensus_ev2.0,215,0.2511,0.2295,59.82,83.42,9.5054,0.0,0.316673,2.1244,0.0168
Sharpe_statements_minutes_speeches_press_conferences_wordcount__4e_total_interactions_ev2.0,215,0.2679,0.232,62.93,100.01,5.4333,0.0,0.360081,-0.0862,
Sharpe_statements_minutes_speeches_press_conferences_wordcount__4f_matched_interactions_ev2.0,215,0.2361,0.2178,62.08,82.31,10.6427,0.0,0.327102,,
Sharpe_statements_minutes_speeches_press_conferences_wordcount__4g_novelty_ev2.0,214,0.2442,0.2223,62.52,86.08,9.2757,0.0,0.326675,0.3534,
Sharpe_statements_minutes_speeches_press_conferences_wordcount__4a_total_sent_ev2.5,215,0.2366,0.2145,63.95,87.54,8.9308,0.0,0.327953,-0.9189,
Sharpe_statements_minutes_speeches_press_conferences_wordcount__4b_sent_sd_ev2.5,215,0.2361,0.2178,62.08,82.31,10.6427,0.0,0.327102,,
Sharpe_statements_minutes_speeches_press_conferences_wordcount__4b_sent_var_ev2.5,215,0.2361,0.2178,62.08,82.31,10.6427,0.0,0.327102,,
Sharpe_statements_minutes_speeches_press_conferences_wordcount__4b_sd_var_joint_ev2.5,215,0.2361,0.2178,62.08,82.31,10.6427,0.0,0.327102,,
Sharpe_statements_minutes_speeches_press_conferences_wordcount__4b_consensus_ev2.5,215,0.2511,0.2295,59.82,83.42,9.5054,0.0,0.316673,2.1244,0.0168
Sharpe_statements_minutes_speeches_press_conferences_wordcount__4e_total_interactions_ev2.5,215,0.2679,0.232,62.93,100.01,5.4333,0.0,0.360081,-0.0862,
Sharpe_statements_minutes_speeches_press_conferences_wordcount__4f_matched_interactions_ev2.5,215,0.2361,0.2178,62.08,82.31,10.6427,0.0,0.327102,,
Sharpe_statements_minutes_speeches_press_conferences_wordcount__4g_novelty_ev2.5,214,0.2442,0.2223,62.52,86.08,9.2757,0.0,0.326675,0.3534,
Sharpe_statements_minutes_speeches_press_conferences_wordcount__4a_total_sent_ev3.0,215,0.2366,0.2145,63.95,87.54,8.9308,0.0,0.327953,-0.9189,
Sharpe_statements_minutes_speeches_press_conferences_wordcount__4b_sent_sd_ev3.0,215,0.2361,0.2178,62.08,82.31,10.6427,0.0,0.327102,,
Sharpe_statements_minutes_speeches_press_conferences_wordcount__4b_sent_var_ev3.0,215,0.2361,0.2178,62.08,82.31,10.6427,0.0,0.327102,,
Sharpe_statements_minutes_speeches_press_conferences_wordcount__4b_sd_var_joint_ev3.0,215,0.2361,0.2178,62.08,82.31,10.6427,0.0,0.327102,,
Sharpe_statements_minutes_speeches_press_conferences_wordcount__4b_consensus_ev3.0,215,0.2511,0.2295,59.82,83.42,9.5054,0.0,0.316673,2.1244,0.0168
Sharpe_statements_minutes_speeches_press_conferences_wordcount__4e_total_interactions_ev3.0,215,0.2679,0.232,62.93,100.01,5.4333,0.0,0.360081,-0.0862,
Sharpe_statements_minutes_speeches_press_conferences_wordcount__4f_matched_interactions_ev3.0,215,0.2361,0.2178,62.08,82.31,10.6427,0.0,0.327102,,
Sharpe_statements_minutes_speeches_press_conferences_wordcount__4g_novelty_ev3.0,214,0.2442,0.2223,62.52,86.08,9.2757,0.0,0.326675,0.3534,
Sharpe_statements_minutes_speeches_press_conferences_zscore__4a_total_sent_ev1.0,215,0.2368,0.2148,63.87,87.46,9.2535,0.0,0.328599,-0.6544,
Sharpe_statements_minutes_speeches_press_conferences_zscore__4b_sent_sd_ev1.0,215,0.2361,0.2178,62.08,82.31,10.6427,0.0,0.327102,,
Sharpe_statements_minutes_speeches_press_conferences_zscore__4b_sent_var_ev1.0,215,0.2361,0.2178,62.08,82.31,10.6427,0.0,0.327102,,
Sharpe_statements_minutes_speeches_press_conferences_zscore__4b_sd_var_joint_ev1.0,215,0.2361,0.2178,62.08,82.31,10.6427,0.0,0.327102,,
Sharpe_statements_minutes_speeches_press_conferences_zscore__4b_consensus_ev1.0,215,0.2459,0.2241,61.3,84.9,9.3504,0.0,0.323542,1.6799,0.0465
Sharpe_statements_minutes_speeches_press_conferences_zscore__4e_total_interactions_ev1.0,215,0.2402,0.2029,70.92,108.0,6.3078,0.0,0.366675,-0.1394,
Sharpe_statements_minutes_speeches_press_conferences_zscore__4f_matched_interactions_ev1.0,215,0.2361,0.2178,62.08,82.31,10.6427,0.0,0.327102,,
Sharpe_statements_minutes_speeches_press_conferences_zscore__4g_novelty_ev1.0,214,0.2434,0.2215,62.75,86.31,8.7906,0.0,0.325382,-0.0203,
Sharpe_statements_minutes_speeches_press_conferences_zscore__4a_total_sent_ev1.5,215,0.2368,0.2148,63.87,87.46,9.2535,0.0,0.328599,-0.6544,
Sharpe_statements_minutes_speeches_press_conferences_zscore__4b_sent_sd_ev1.5,215,0.2361,0.2178,62.08,82.31,10.6427,0.0,0.327102,,
Sharpe_statements_minutes_speeches_press_conferences_zscore__4b_sent_var_ev1.5,215,0.2361,0.2178,62.08,82.31,10.6427,0.0,0.327102,,
Sharpe_statements_minutes_speeches_press_conferences_zscore__4b_sd_var_joint_ev1.5,215,0.2361,0.2178,62.08,82.31,10.6427,0.0,0.327102,,
Sharpe_statements_minutes_speeches_press_conferences_zscore__4b_consensus_ev1.5,215,0.2459,0.2241,61.3,84.9,9.3504,0.0,0.323542,1.6799,0.0465
Sharpe_statements_minutes_speeches_press_conferences_zscore__4e_total_interactions_ev1.5,215,0.2402,0.2029,70.92,108.0,6.3078,0.0,0.366675,-0.1394,
Sharpe_statements_minutes_speeches_press_conferences_zscore__4f_matched_interactions_ev1.5,215,0.2361,0.2178,62.08,82.31,10.6427,0.0,0.327102,,
Sharpe_statements_minutes_speeches_press_conferences_zscore__4g_novelty_ev1.5,214,0.2434,0.2215,62.75,86.31,8.7906,0.0,0.325382,-0.0203,
Sharpe_statements_minutes_speeches_press_conferences_zscore__4a_total_sent_ev2.0,215,0.2368,0.2148,63.87,87.46,9.2535,0.0,0.328599,-0.6544,
Sharpe_statements_minutes_speeches_press_conferences_zscore__4b_sent_sd_ev2.0,215,0.2361,0.2178,62.08,82.31,10.6427,0.0,0.327102,,
Sharpe_statements_minutes_speeches_press_conferences_zscore__4b_sent_var_ev2.0,215,0.2361,0.2178,62.08,82.31,10.6427,0.0,0.327102,,
Sharpe_statements_minutes_speeches_press_conferences_zscore__4b_sd_var_joint_ev2.0,215,0.2361,0.2178,62.08,82.31,10.6427,0.0,0.327102,,
Sharpe_statements_minutes_speeches_press_conferences_zscore__4b_consensus_ev2.0,215,0.2459,0.2241,61.3,84.9,9.3504,0.0,0.323542,1.6799,0.0465
Sharpe_statements_minutes_speeches_press_conferences_zscore__4e_total_interactions_ev2.0,215,0.2402,0.2029,70.92,108.0,6.3078,0.0,0.366675,-0.1394,
Sharpe_statements_minutes_speeches_press_conferences_zscore__4f_matched_interactions_ev2.0,215,0.2361,0.2178,62.08,82.31,10.6427,0.0,0.327102,,
Sharpe_statements_minutes_speeches_press_conferences_zscore__4g_novelty_ev2.0,214,0.2434,0.2215,62.75,86.31,8.7906,0.0,0.325382,-0.0203,
Sharpe_statements_minutes_speeches_press_conferences_zscore__4a_total_sent_ev2.5,215,0.2368,0.2148,63.87,87.46,9.2535,0.0,0.328599,-0.6544,
Sharpe_statements_minutes_speeches_press_conferences_zscore__4b_sent_sd_ev2.5,215,0.2361,0.2178,62.08,82.31,10.6427,0.0,0.327102,,
Sharpe_statements_minutes_speeches_press_conferences_zscore__4b_sent_var_ev2.5,215,0.2361,0.2178,62.08,82.31,10.6427,0.0,0.327102,,
Sharpe_statements_minutes_speeches_press_conferences_zscore__4b_sd_var_joint_ev2.5,215,0.2361,0.2178,62.08,82.31,10.6427,0.0,0.327102,,
Sharpe_statements_minutes_speeches_press_conferences_zscore__4b_consensus_ev2.5,215,0.2459,0.2241,61.3,84.9,9.3504,0.0,0.323542,1.6799,0.0465
Sharpe_statements_minutes_speeches_press_conferences_zscore__4e_total_interactions_ev2.5,215,0.2402,0.2029,70.92,108.0,6.3078,0.0,0.366675,-0.1394,
Sharpe_statements_minutes_speeches_press_conferences_zscore__4f_matched_interactions_ev2.5,215,0.2361,0.2178,62.08,82.31,10.6427,0.0,0.327102,,
Sharpe_statements_minutes_speeches_press_conferences_zscore__4g_novelty_ev2.5,214,0.2434,0.2215,62.75,86.31,8.7906,0.0,0.325382,-0.0203,
Sharpe_statements_minutes_speeches_press_conferences_zscore__4a_total_sent_ev3.0,215,0.2368,0.2148,63.87,87.46,9.2535,0.0,0.328599,-0.6544,
Sharpe_statements_minutes_speeches_press_conferences_zscore__4b_sent_sd_ev3.0,215,0.2361,0.2178,62.08,82.31,10.6427,0.0,0.327102,,
Sharpe_statements_minutes_speeches_press_conferences_zscore__4b_sent_var_ev3.0,215,0.2361,0.2178,62.08,82.31,10.6427,0.0,0.327102,,
Sharpe_statements_minutes_speeches_press_conferences_zscore__4b_sd_var_joint_ev3.0,215,0.2361,0.2178,62.08,82.31,10.6427,0.0,0.327102,,
Sharpe_statements_minutes_speeches_press_conferences_zscore__4b_consensus_ev3.0,215,0.2459,0.2241,61.3,84.9,9.3504,0.0,0.323542,1.6799,0.0465
Sharpe_statements_minutes_speeches_press_conferences_zscore__4e_total_interactions_ev3.0,215,0.2402,0.2029,70.92,108.0,6.3078,0.0,0.366675,-0.1394,
Sharpe_statements_minutes_speeches_press_conferences_zscore__4f_matched_interactions_ev3.0,215,0.2361,0.2178,62.08,82.31,10.6427,0.0,0.327102,,
Sharpe_statements_minutes_speeches_press_conferences_zscore__4g_novelty_ev3.0,214,0.2434,0.2215,62.75,86.31,8.7906,0.0,0.325382,-0.0203,
