model_label,n_obs,r2,adj_r2,aic,bic,f_stat,f_pvalue,oos_rmse_60,oos_rmse_70,oos_rmse_80,oos_rmse_90,cw_tstat,cw_pval
Gardner_statements_wordcount__4a_total_sent_ev1.0,213,0.9717,0.9711,254.87,275.04,1584.3394,0.0,0.438049,0.428233,0.470138,0.333484,2.9846,
Gardner_statements_wordcount__4b_sent_sd_ev1.0,215,0.9721,0.9716,253.25,270.11,1973.2973,0.0,0.436296,0.426337,0.469204,0.333238,,
Gardner_statements_wordcount__4b_sent_var_ev1.0,215,0.9721,0.9716,253.25,270.11,1973.2973,0.0,0.436296,0.426337,0.469204,0.333238,,
Gardner_statements_wordcount__4b_sd_var_joint_ev1.0,215,0.9721,0.9716,253.25,270.11,1973.2973,0.0,0.436296,0.426337,0.469204,0.333238,,
Gardner_statements_wordcount__4b_consensus_ev1.0,213,0.9748,0.9736,238.75,272.37,924.4694,0.0,0.407676,0.421046,0.476856,0.357265,3.4691,0.0003
Gardner_statements_wordcount__4b_consensus_matched_interactions_ev1.0,213,0.9739,0.9728,245.54,279.15,973.9382,0.0,0.440093,0.438748,0.501028,0.312141,3.3268,
Gardner_statements_wordcount__4c_all_topics_ev1.0,213,0.9726,0.9714,256.24,289.85,887.9141,0.0,0.484386,0.449459,0.477951,0.360292,2.6042,
Gardner_statements_wordcount__4d_topic_pca_ev1.0,213,0.9725,0.9715,254.84,285.09,1008.6825,0.0,0.475117,0.444969,0.474734,0.340454,2.7427,,4d,1.0
Gardner_statements_wordcount__4e_total_interactions_ev1.0,213,0.9766,0.9755,222.88,256.49,1111.8433,0.0,0.451201,0.366639,0.396321,0.187035,3.0838,
Gardner_statements_wordcount__4f_matched_interactions_ev1.0,213,0.9742,0.973,243.65,277.27,1018.1827,0.0,0.436405,0.438142,0.421168,0.21706,3.3957,
Gardner_statements_wordcount__4g_novelty_ev1.0,212,0.972,0.9707,259.48,293.05,907.4006,0.0,0.447983,0.431003,0.470929,0.33014,2.7332,
Gardner_statements_wordcount__4a_total_sent_ev1.5,213,0.9717,0.9711,254.87,275.04,1584.3394,0.0,0.438049,0.428233,0.470138,0.333484,2.9846,
Gardner_statements_wordcount__4b_sent_sd_ev1.5,215,0.9721,0.9716,253.25,270.11,1973.2973,0.0,0.436296,0.426337,0.469204,0.333238,,
Gardner_statements_wordcount__4b_sent_var_ev1.5,215,0.9721,0.9716,253.25,270.11,1973.2973,0.0,0.436296,0.426337,0.469204,0.333238,,
Gardner_statements_wordcount__4b_sd_var_joint_ev1.5,215,0.9721,0.9716,253.25,270.11,1973.2973,0.0,0.436296,0.426337,0.469204,0.333238,,
Gardner_statements_wordcount__4b_consensus_ev1.5,213,0.9748,0.9736,238.75,272.37,924.4694,0.0,0.407676,0.421046,0.476856,0.357265,3.4691,0.0003
Gardner_statements_wordcount__4b_consensus_matched_interactions_ev1.5,213,0.9739,0.9728,245.54,279.15,973.9382,0.0,0.440093,0.438748,0.501028,0.312141,3.3268,
Gardner_statements_wordcount__4c_all_topics_ev1.5,213,0.9726,0.9714,256.24,289.85,887.9141,0.0,0.484386,0.449459,0.477951,0.360292,2.6042,
Gardner_statements_wordcount__4d_topic_pca_ev1.5,213,0.9725,0.9715,254.84,285.09,1008.6825,0.0,0.475117,0.444969,0.474734,0.340454,2.7427,,4d,1.5
Gardner_statements_wordcount__4e_total_interactions_ev1.5,213,0.9766,0.9755,222.88,256.49,1111.8433,0.0,0.451201,0.366639,0.396321,0.187035,3.0838,
Gardner_statements_wordcount__4f_matched_interactions_ev1.5,213,0.9742,0.973,243.65,277.27,1018.1827,0.0,0.436405,0.438142,0.421168,0.21706,3.3957,
Gardner_statements_wordcount__4g_novelty_ev1.5,212,0.972,0.9707,259.48,293.05,907.4006,0.0,0.447983,0.431003,0.470929,0.33014,2.7332,
Gardner_statements_wordcount__4a_total_sent_ev2.0,213,0.9717,0.9711,254.87,275.04,1584.3394,0.0,0.438049,0.428233,0.470138,0.333484,2.9846,
Gardner_statements_wordcount__4b_sent_sd_ev2.0,215,0.9721,0.9716,253.25,270.11,1973.2973,0.0,0.436296,0.426337,0.469204,0.333238,,
Gardner_statements_wordcount__4b_sent_var_ev2.0,215,0.9721,0.9716,253.25,270.11,1973.2973,0.0,0.436296,0.426337,0.469204,0.333238,,
Gardner_statements_wordcount__4b_sd_var_joint_ev2.0,215,0.9721,0.9716,253.25,270.11,1973.2973,0.0,0.436296,0.426337,0.469204,0.333238,,
Gardner_statements_wordcount__4b_consensus_ev2.0,213,0.9748,0.9736,238.75,272.37,924.4694,0.0,0.407676,0.421046,0.476856,0.357265,3.4691,0.0003
Gardner_statements_wordcount__4b_consensus_matched_interactions_ev2.0,213,0.9739,0.9728,245.54,279.15,973.9382,0.0,0.440093,0.438748,0.501028,0.312141,3.3268,
Gardner_statements_wordcount__4c_all_topics_ev2.0,213,0.9726,0.9714,256.24,289.85,887.9141,0.0,0.484386,0.449459,0.477951,0.360292,2.6042,
Gardner_statements_wordcount__4d_topic_pca_ev2.0,213,0.9725,0.9715,254.84,285.09,1008.6825,0.0,0.475117,0.444969,0.474734,0.340454,2.7427,,4d,2.0
Gardner_statements_wordcount__4e_total_interactions_ev2.0,213,0.9766,0.9755,222.88,256.49,1111.8433,0.0,0.451201,0.366639,0.396321,0.187035,3.0838,
Gardner_statements_wordcount__4f_matched_interactions_ev2.0,213,0.9742,0.973,243.65,277.27,1018.1827,0.0,0.436405,0.438142,0.421168,0.21706,3.3957,
Gardner_statements_wordcount__4g_novelty_ev2.0,212,0.972,0.9707,259.48,293.05,907.4006,0.0,0.447983,0.431003,0.470929,0.33014,2.7332,
Gardner_statements_wordcount__4a_total_sent_ev2.5,213,0.9717,0.9711,254.87,275.04,1584.3394,0.0,0.438049,0.428233,0.470138,0.333484,2.9846,
Gardner_statements_wordcount__4b_sent_sd_ev2.5,215,0.9721,0.9716,253.25,270.11,1973.2973,0.0,0.436296,0.426337,0.469204,0.333238,,
Gardner_statements_wordcount__4b_sent_var_ev2.5,215,0.9721,0.9716,253.25,270.11,1973.2973,0.0,0.436296,0.426337,0.469204,0.333238,,
Gardner_statements_wordcount__4b_sd_var_joint_ev2.5,215,0.9721,0.9716,253.25,270.11,1973.2973,0.0,0.436296,0.426337,0.469204,0.333238,,
Gardner_statements_wordcount__4b_consensus_ev2.5,213,0.9748,0.9736,238.75,272.37,924.4694,0.0,0.407676,0.421046,0.476856,0.357265,3.4691,0.0003
Gardner_statements_wordcount__4b_consensus_matched_interactions_ev2.5,213,0.9739,0.9728,245.54,279.15,973.9382,0.0,0.440093,0.438748,0.501028,0.312141,3.3268,
Gardner_statements_wordcount__4c_all_topics_ev2.5,213,0.9726,0.9714,256.24,289.85,887.9141,0.0,0.484386,0.449459,0.477951,0.360292,2.6042,
Gardner_statements_wordcount__4d_topic_pca_ev2.5,213,0.9725,0.9715,254.84,285.09,1008.6825,0.0,0.475117,0.444969,0.474734,0.340454,2.7427,,4d,2.5
Gardner_statements_wordcount__4e_total_interactions_ev2.5,213,0.9766,0.9755,222.88,256.49,1111.8433,0.0,0.451201,0.366639,0.396321,0.187035,3.0838,
Gardner_statements_wordcount__4f_matched_interactions_ev2.5,213,0.9742,0.973,243.65,277.27,1018.1827,0.0,0.436405,0.438142,0.421168,0.21706,3.3957,
Gardner_statements_wordcount__4g_novelty_ev2.5,212,0.972,0.9707,259.48,293.05,907.4006,0.0,0.447983,0.431003,0.470929,0.33014,2.7332,
Gardner_statements_wordcount__4a_total_sent_ev3.0,213,0.9717,0.9711,254.87,275.04,1584.3394,0.0,0.438049,0.428233,0.470138,0.333484,2.9846,
Gardner_statements_wordcount__4b_sent_sd_ev3.0,215,0.9721,0.9716,253.25,270.11,1973.2973,0.0,0.436296,0.426337,0.469204,0.333238,,
Gardner_statements_wordcount__4b_sent_var_ev3.0,215,0.9721,0.9716,253.25,270.11,1973.2973,0.0,0.436296,0.426337,0.469204,0.333238,,
Gardner_statements_wordcount__4b_sd_var_joint_ev3.0,215,0.9721,0.9716,253.25,270.11,1973.2973,0.0,0.436296,0.426337,0.469204,0.333238,,
Gardner_statements_wordcount__4b_consensus_ev3.0,213,0.9748,0.9736,238.75,272.37,924.4694,0.0,0.407676,0.421046,0.476856,0.357265,3.4691,0.0003
Gardner_statements_wordcount__4b_consensus_matched_interactions_ev3.0,213,0.9739,0.9728,245.54,279.15,973.9382,0.0,0.440093,0.438748,0.501028,0.312141,3.3268,
Gardner_statements_wordcount__4c_all_topics_ev3.0,213,0.9726,0.9714,256.24,289.85,887.9141,0.0,0.484386,0.449459,0.477951,0.360292,2.6042,
Gardner_statements_wordcount__4d_topic_pca_ev3.0,213,0.9725,0.9715,254.84,285.09,1008.6825,0.0,0.475117,0.444969,0.474734,0.340454,2.7427,,4d,3.0
Gardner_statements_wordcount__4e_total_interactions_ev3.0,213,0.9766,0.9755,222.88,256.49,1111.8433,0.0,0.451201,0.366639,0.396321,0.187035,3.0838,
Gardner_statements_wordcount__4f_matched_interactions_ev3.0,213,0.9742,0.973,243.65,277.27,1018.1827,0.0,0.436405,0.438142,0.421168,0.21706,3.3957,
Gardner_statements_wordcount__4g_novelty_ev3.0,212,0.972,0.9707,259.48,293.05,907.4006,0.0,0.447983,0.431003,0.470929,0.33014,2.7332,
Gardner_statements_zscore__4a_total_sent_ev1.0,213,0.9717,0.9711,254.91,275.08,1572.1683,0.0,0.438421,0.428556,0.470232,0.332899,2.9919,
Gardner_statements_zscore__4b_sent_sd_ev1.0,215,0.9721,0.9716,253.25,270.11,1973.2973,0.0,0.436296,0.426337,0.469204,0.333238,,
Gardner_statements_zscore__4b_sent_var_ev1.0,215,0.9721,0.9716,253.25,270.11,1973.2973,0.0,0.436296,0.426337,0.469204,0.333238,,
Gardner_statements_zscore__4b_sd_var_joint_ev1.0,215,0.9721,0.9716,253.25,270.11,1973.2973,0.0,0.436296,0.426337,0.469204,0.333238,,
Gardner_statements_zscore__4b_consensus_ev1.0,213,0.9731,0.9719,252.28,285.89,885.0537,0.0,0.442486,0.430221,0.477482,0.342224,3.1716,
Gardner_statements_zscore__4b_consensus_matched_interactions_ev1.0,213,0.9724,0.9712,257.57,291.18,866.8751,0.0,0.514544,0.525806,0.612829,0.319007,3.1531,
Gardner_statements_zscore__4c_all_topics_ev1.0,213,0.973,0.9718,253.38,286.99,952.5436,0.0,0.488412,0.46061,0.493208,0.372773,2.6549,
Gardner_statements_zscore__4d_topic_pca_ev1.0,213,0.9728,0.9717,252.63,282.88,1059.3899,0.0,0.482763,0.456809,0.488617,0.345681,2.7496,,4d,1.0
Gardner_statements_zscore__4e_total_interactions_ev1.0,213,0.9776,0.9766,213.32,246.93,1078.9685,0.0,0.468441,0.388042,0.434032,0.171883,3.2959,
Gardner_statements_zscore__4f_matched_interactions_ev1.0,213,0.9754,0.9743,233.15,266.76,1015.4836,0.0,0.415888,0.41169,0.4269,0.18688,3.4376,0.0003
Gardner_statements_zscore__4g_novelty_ev1.0,212,0.9721,0.9707,260.39,297.31,829.7482,0.0,0.448808,0.432827,0.468797,0.330157,2.7325,
Gardner_statements_zscore__4a_total_sent_ev1.5,213,0.9717,0.9711,254.91,275.08,1572.1683,0.0,0.438421,0.428556,0.470232,0.332899,2.9919,
Gardner_statements_zscore__4b_sent_sd_ev1.5,215,0.9721,0.9716,253.25,270.11,1973.2973,0.0,0.436296,0.426337,0.469204,0.333238,,
Gardner_statements_zscore__4b_sent_var_ev1.5,215,0.9721,0.9716,253.25,270.11,1973.2973,0.0,0.436296,0.426337,0.469204,0.333238,,
Gardner_statements_zscore__4b_sd_var_joint_ev1.5,215,0.9721,0.9716,253.25,270.11,1973.2973,0.0,0.436296,0.426337,0.469204,0.333238,,
Gardner_statements_zscore__4b_consensus_ev1.5,213,0.9731,0.9719,252.28,285.89,885.0537,0.0,0.442486,0.430221,0.477482,0.342224,3.1716,
Gardner_statements_zscore__4b_consensus_matched_interactions_ev1.5,213,0.9724,0.9712,257.57,291.18,866.8751,0.0,0.514544,0.525806,0.612829,0.319007,3.1531,
Gardner_statements_zscore__4c_all_topics_ev1.5,213,0.973,0.9718,253.38,286.99,952.5436,0.0,0.488412,0.46061,0.493208,0.372773,2.6549,
Gardner_statements_zscore__4d_topic_pca_ev1.5,213,0.9728,0.9717,252.63,282.88,1059.3899,0.0,0.482763,0.456809,0.488617,0.345681,2.7496,,4d,1.5
Gardner_statements_zscore__4e_total_interactions_ev1.5,213,0.9776,0.9766,213.32,246.93,1078.9685,0.0,0.468441,0.388042,0.434032,0.171883,3.2959,
Gardner_statements_zscore__4f_matched_interactions_ev1.5,213,0.9754,0.9743,233.15,266.76,1015.4836,0.0,0.415888,0.41169,0.4269,0.18688,3.4376,0.0003
Gardner_statements_zscore__4g_novelty_ev1.5,212,0.9721,0.9707,260.39,297.31,829.7482,0.0,0.448808,0.432827,0.468797,0.330157,2.7325,
Gardner_statements_zscore__4a_total_sent_ev2.0,213,0.9717,0.9711,254.91,275.08,1572.1683,0.0,0.438421,0.428556,0.470232,0.332899,2.9919,
Gardner_statements_zscore__4b_sent_sd_ev2.0,215,0.9721,0.9716,253.25,270.11,1973.2973,0.0,0.436296,0.426337,0.469204,0.333238,,
Gardner_statements_zscore__4b_sent_var_ev2.0,215,0.9721,0.9716,253.25,270.11,1973.2973,0.0,0.436296,0.426337,0.469204,0.333238,,
Gardner_statements_zscore__4b_sd_var_joint_ev2.0,215,0.9721,0.9716,253.25,270.11,1973.2973,0.0,0.436296,0.426337,0.469204,0.333238,,
Gardner_statements_zscore__4b_consensus_ev2.0,213,0.9731,0.9719,252.28,285.89,885.0537,0.0,0.442486,0.430221,0.477482,0.342224,3.1716,
Gardner_statements_zscore__4b_consensus_matched_interactions_ev2.0,213,0.9724,0.9712,257.57,291.18,866.8751,0.0,0.514544,0.525806,0.612829,0.319007,3.1531,
Gardner_statements_zscore__4c_all_topics_ev2.0,213,0.973,0.9718,253.38,286.99,952.5436,0.0,0.488412,0.46061,0.493208,0.372773,2.6549,
Gardner_statements_zscore__4d_topic_pca_ev2.0,213,0.9728,0.9717,252.63,282.88,1059.3899,0.0,0.482763,0.456809,0.488617,0.345681,2.7496,,4d,2.0
Gardner_statements_zscore__4e_total_interactions_ev2.0,213,0.9776,0.9766,213.32,246.93,1078.9685,0.0,0.468441,0.388042,0.434032,0.171883,3.2959,
Gardner_statements_zscore__4f_matched_interactions_ev2.0,213,0.9754,0.9743,233.15,266.76,1015.4836,0.0,0.415888,0.41169,0.4269,0.18688,3.4376,0.0003
Gardner_statements_zscore__4g_novelty_ev2.0,212,0.9721,0.9707,260.39,297.31,829.7482,0.0,0.448808,0.432827,0.468797,0.330157,2.7325,
Gardner_statements_zscore__4a_total_sent_ev2.5,213,0.9717,0.9711,254.91,275.08,1572.1683,0.0,0.438421,0.428556,0.470232,0.332899,2.9919,
Gardner_statements_zscore__4b_sent_sd_ev2.5,215,0.9721,0.9716,253.25,270.11,1973.2973,0.0,0.436296,0.426337,0.469204,0.333238,,
Gardner_statements_zscore__4b_sent_var_ev2.5,215,0.9721,0.9716,253.25,270.11,1973.2973,0.0,0.436296,0.426337,0.469204,0.333238,,
Gardner_statements_zscore__4b_sd_var_joint_ev2.5,215,0.9721,0.9716,253.25,270.11,1973.2973,0.0,0.436296,0.426337,0.469204,0.333238,,
Gardner_statements_zscore__4b_consensus_ev2.5,213,0.9731,0.9719,252.28,285.89,885.0537,0.0,0.442486,0.430221,0.477482,0.342224,3.1716,
Gardner_statements_zscore__4b_consensus_matched_interactions_ev2.5,213,0.9724,0.9712,257.57,291.18,866.8751,0.0,0.514544,0.525806,0.612829,0.319007,3.1531,
Gardner_statements_zscore__4c_all_topics_ev2.5,213,0.973,0.9718,253.38,286.99,952.5436,0.0,0.488412,0.46061,0.493208,0.372773,2.6549,
Gardner_statements_zscore__4d_topic_pca_ev2.5,213,0.9728,0.9717,252.63,282.88,1059.3899,0.0,0.482763,0.456809,0.488617,0.345681,2.7496,,4d,2.5
Gardner_statements_zscore__4e_total_interactions_ev2.5,213,0.9776,0.9766,213.32,246.93,1078.9685,0.0,0.468441,0.388042,0.434032,0.171883,3.2959,
Gardner_statements_zscore__4f_matched_interactions_ev2.5,213,0.9754,0.9743,233.15,266.76,1015.4836,0.0,0.415888,0.41169,0.4269,0.18688,3.4376,0.0003
Gardner_statements_zscore__4g_novelty_ev2.5,212,0.9721,0.9707,260.39,297.31,829.7482,0.0,0.448808,0.432827,0.468797,0.330157,2.7325,
Gardner_statements_zscore__4a_total_sent_ev3.0,213,0.9717,0.9711,254.91,275.08,1572.1683,0.0,0.438421,0.428556,0.470232,0.332899,2.9919,
Gardner_statements_zscore__4b_sent_sd_ev3.0,215,0.9721,0.9716,253.25,270.11,1973.2973,0.0,0.436296,0.426337,0.469204,0.333238,,
Gardner_statements_zscore__4b_sent_var_ev3.0,215,0.9721,0.9716,253.25,270.11,1973.2973,0.0,0.436296,0.426337,0.469204,0.333238,,
Gardner_statements_zscore__4b_sd_var_joint_ev3.0,215,0.9721,0.9716,253.25,270.11,1973.2973,0.0,0.436296,0.426337,0.469204,0.333238,,
Gardner_statements_zscore__4b_consensus_ev3.0,213,0.9731,0.9719,252.28,285.89,885.0537,0.0,0.442486,0.430221,0.477482,0.342224,3.1716,
Gardner_statements_zscore__4b_consensus_matched_interactions_ev3.0,213,0.9724,0.9712,257.57,291.18,866.8751,0.0,0.514544,0.525806,0.612829,0.319007,3.1531,
Gardner_statements_zscore__4c_all_topics_ev3.0,213,0.973,0.9718,253.38,286.99,952.5436,0.0,0.488412,0.46061,0.493208,0.372773,2.6549,
Gardner_statements_zscore__4d_topic_pca_ev3.0,213,0.9728,0.9717,252.63,282.88,1059.3899,0.0,0.482763,0.456809,0.488617,0.345681,2.7496,,4d,3.0
Gardner_statements_zscore__4e_total_interactions_ev3.0,213,0.9776,0.9766,213.32,246.93,1078.9685,0.0,0.468441,0.388042,0.434032,0.171883,3.2959,
Gardner_statements_zscore__4f_matched_interactions_ev3.0,213,0.9754,0.9743,233.15,266.76,1015.4836,0.0,0.415888,0.41169,0.4269,0.18688,3.4376,0.0003
Gardner_statements_zscore__4g_novelty_ev3.0,212,0.9721,0.9707,260.39,297.31,829.7482,0.0,0.448808,0.432827,0.468797,0.330157,2.7325,
Gardner_minutes_wordcount__4a_total_sent_ev1.0,119,0.9687,0.9673,153.77,170.44,946.9468,0.0,0.705646,0.60619,0.618369,0.469986,,
Gardner_minutes_wordcount__4b_sent_sd_ev1.0,215,0.9721,0.9716,253.25,270.11,1973.2973,0.0,0.436296,0.426337,0.469204,0.333238,,
Gardner_minutes_wordcount__4b_sent_var_ev1.0,215,0.9721,0.9716,253.25,270.11,1973.2973,0.0,0.436296,0.426337,0.469204,0.333238,,
Gardner_minutes_wordcount__4b_sd_var_joint_ev1.0,215,0.9721,0.9716,253.25,270.11,1973.2973,0.0,0.436296,0.426337,0.469204,0.333238,,
Gardner_minutes_wordcount__4b_consensus_ev1.0,119,0.9722,0.9699,147.69,175.48,575.2924,0.0,0.684015,0.590827,0.589454,0.48406,,
Gardner_minutes_wordcount__4b_consensus_matched_interactions_ev1.0,119,0.9702,0.9677,156.07,183.86,550.919,0.0,0.821928,0.683628,0.717212,0.516034,,
Gardner_minutes_wordcount__4c_all_topics_ev1.0,119,0.9725,0.9703,146.25,174.04,611.6682,0.0,0.730851,0.565533,0.561353,0.459269,,
Gardner_minutes_wordcount__4d_topic_pca_ev1.0,119,0.9692,0.967,157.85,182.86,625.516,0.0,0.768459,0.613333,0.626886,0.480247,,,4d,1.0
Gardner_minutes_wordcount__4e_total_interactions_ev1.0,119,0.9778,0.9759,121.1,148.9,640.3623,0.0,0.595296,0.510389,0.450409,0.298265,,
Gardner_minutes_wordcount__4f_matched_interactions_ev1.0,119,0.9705,0.9681,154.72,182.51,606.5845,0.0,0.836412,0.61035,0.588038,0.408097,,
Gardner_minutes_wordcount__4g_novelty_ev1.0,118,0.968,0.9653,163.66,191.37,474.9931,0.0,0.739906,0.621846,0.620268,0.401768,,
Gardner_minutes_wordcount__4a_total_sent_ev1.5,119,0.9687,0.9673,153.77,170.44,946.9468,0.0,0.705646,0.60619,0.618369,0.469986,,
Gardner_minutes_wordcount__4b_sent_sd_ev1.5,215,0.9721,0.9716,253.25,270.11,1973.2973,0.0,0.436296,0.426337,0.469204,0.333238,,
Gardner_minutes_wordcount__4b_sent_var_ev1.5,215,0.9721,0.9716,253.25,270.11,1973.2973,0.0,0.436296,0.426337,0.469204,0.333238,,
Gardner_minutes_wordcount__4b_sd_var_joint_ev1.5,215,0.9721,0.9716,253.25,270.11,1973.2973,0.0,0.436296,0.426337,0.469204,0.333238,,
Gardner_minutes_wordcount__4b_consensus_ev1.5,119,0.9722,0.9699,147.69,175.48,575.2926,0.0,0.684015,0.590827,0.589454,0.48406,,
Gardner_minutes_wordcount__4b_consensus_matched_interactions_ev1.5,119,0.9702,0.9677,156.07,183.86,550.9192,0.0,0.821928,0.683628,0.717212,0.516034,,
Gardner_minutes_wordcount__4c_all_topics_ev1.5,119,0.9725,0.9703,146.25,174.04,611.666,0.0,0.730851,0.565533,0.561353,0.459269,,
Gardner_minutes_wordcount__4d_topic_pca_ev1.5,119,0.9692,0.967,157.85,182.86,625.516,0.0,0.768459,0.613333,0.626886,0.480247,,,4d,1.5
Gardner_minutes_wordcount__4e_total_interactions_ev1.5,119,0.9778,0.9759,121.1,148.9,640.3623,0.0,0.595296,0.510389,0.450409,0.298265,,
Gardner_minutes_wordcount__4f_matched_interactions_ev1.5,119,0.9705,0.9681,154.72,182.51,606.5842,0.0,0.836412,0.61035,0.588038,0.408097,,
Gardner_minutes_wordcount__4g_novelty_ev1.5,118,0.968,0.9653,163.66,191.37,474.9931,0.0,0.739906,0.621846,0.620268,0.401768,,
Gardner_minutes_wordcount__4a_total_sent_ev2.0,119,0.9687,0.9673,153.77,170.44,946.9468,0.0,0.705646,0.60619,0.618369,0.469986,,
Gardner_minutes_wordcount__4b_sent_sd_ev2.0,215,0.9721,0.9716,253.25,270.11,1973.2973,0.0,0.436296,0.426337,0.469204,0.333238,,
Gardner_minutes_wordcount__4b_sent_var_ev2.0,215,0.9721,0.9716,253.25,270.11,1973.2973,0.0,0.436296,0.426337,0.469204,0.333238,,
Gardner_minutes_wordcount__4b_sd_var_joint_ev2.0,215,0.9721,0.9716,253.25,270.11,1973.2973,0.0,0.436296,0.426337,0.469204,0.333238,,
Gardner_minutes_wordcount__4b_consensus_ev2.0,119,0.9722,0.9699,147.69,175.48,575.2926,0.0,0.684015,0.590827,0.589454,0.48406,,
Gardner_minutes_wordcount__4b_consensus_matched_interactions_ev2.0,119,0.9702,0.9677,156.07,183.86,550.9191,0.0,0.821928,0.683628,0.717212,0.516034,,
Gardner_minutes_wordcount__4c_all_topics_ev2.0,119,0.9725,0.9703,146.25,174.04,611.6661,0.0,0.730851,0.565533,0.561353,0.459269,,
Gardner_minutes_wordcount__4d_topic_pca_ev2.0,119,0.9692,0.967,157.85,182.86,625.516,0.0,0.768459,0.613333,0.626886,0.480247,,,4d,2.0
Gardner_minutes_wordcount__4e_total_interactions_ev2.0,119,0.9778,0.9759,121.1,148.9,640.3623,0.0,0.595296,0.510389,0.450409,0.298265,,
Gardner_minutes_wordcount__4f_matched_interactions_ev2.0,119,0.9705,0.9681,154.72,182.51,606.5838,0.0,0.836412,0.61035,0.588038,0.408097,,
Gardner_minutes_wordcount__4g_novelty_ev2.0,118,0.968,0.9653,163.66,191.37,474.9931,0.0,0.739906,0.621846,0.620268,0.401768,,
Gardner_minutes_wordcount__4a_total_sent_ev2.5,119,0.9687,0.9673,153.77,170.44,946.9468,0.0,0.705646,0.60619,0.618369,0.469986,,
Gardner_minutes_wordcount__4b_sent_sd_ev2.5,215,0.9721,0.9716,253.25,270.11,1973.2973,0.0,0.436296,0.426337,0.469204,0.333238,,
Gardner_minutes_wordcount__4b_sent_var_ev2.5,215,0.9721,0.9716,253.25,270.11,1973.2973,0.0,0.436296,0.426337,0.469204,0.333238,,
Gardner_minutes_wordcount__4b_sd_var_joint_ev2.5,215,0.9721,0.9716,253.25,270.11,1973.2973,0.0,0.436296,0.426337,0.469204,0.333238,,
Gardner_minutes_wordcount__4b_consensus_ev2.5,119,0.9722,0.9699,147.69,175.48,575.2926,0.0,0.684015,0.590827,0.589454,0.48406,,
Gardner_minutes_wordcount__4b_consensus_matched_interactions_ev2.5,119,0.9702,0.9677,156.07,183.86,550.9191,0.0,0.821928,0.683628,0.717212,0.516034,,
Gardner_minutes_wordcount__4c_all_topics_ev2.5,119,0.9725,0.9703,146.25,174.04,611.6662,0.0,0.730851,0.565533,0.561353,0.459269,,
Gardner_minutes_wordcount__4d_topic_pca_ev2.5,119,0.9692,0.967,157.85,182.86,625.516,0.0,0.768459,0.613333,0.626886,0.480247,,,4d,2.5
Gardner_minutes_wordcount__4e_total_interactions_ev2.5,119,0.9778,0.9759,121.1,148.9,640.3623,0.0,0.595296,0.510389,0.450409,0.298265,,
Gardner_minutes_wordcount__4f_matched_interactions_ev2.5,119,0.9705,0.9681,154.72,182.51,606.5831,0.0,0.836412,0.61035,0.588038,0.408097,,
Gardner_minutes_wordcount__4g_novelty_ev2.5,118,0.968,0.9653,163.66,191.37,474.9931,0.0,0.739906,0.621846,0.620268,0.401768,,
Gardner_minutes_wordcount__4a_total_sent_ev3.0,119,0.9687,0.9673,153.77,170.44,946.9468,0.0,0.705646,0.60619,0.618369,0.469986,,
Gardner_minutes_wordcount__4b_sent_sd_ev3.0,215,0.9721,0.9716,253.25,270.11,1973.2973,0.0,0.436296,0.426337,0.469204,0.333238,,
Gardner_minutes_wordcount__4b_sent_var_ev3.0,215,0.9721,0.9716,253.25,270.11,1973.2973,0.0,0.436296,0.426337,0.469204,0.333238,,
Gardner_minutes_wordcount__4b_sd_var_joint_ev3.0,215,0.9721,0.9716,253.25,270.11,1973.2973,0.0,0.436296,0.426337,0.469204,0.333238,,
Gardner_minutes_wordcount__4b_consensus_ev3.0,119,0.9722,0.9699,147.69,175.48,575.2927,0.0,0.684015,0.590827,0.589454,0.48406,,
Gardner_minutes_wordcount__4b_consensus_matched_interactions_ev3.0,119,0.9702,0.9677,156.07,183.86,550.9191,0.0,0.821928,0.683628,0.717212,0.516034,,
Gardner_minutes_wordcount__4c_all_topics_ev3.0,119,0.9725,0.9703,146.25,174.04,611.6659,0.0,0.730851,0.565533,0.561353,0.459269,,
Gardner_minutes_wordcount__4d_topic_pca_ev3.0,119,0.9692,0.967,157.85,182.86,625.516,0.0,0.768459,0.613333,0.626886,0.480247,,,4d,3.0
Gardner_minutes_wordcount__4e_total_interactions_ev3.0,119,0.9778,0.9759,121.1,148.9,640.3623,0.0,0.595296,0.510389,0.450409,0.298265,,
Gardner_minutes_wordcount__4f_matched_interactions_ev3.0,119,0.9705,0.9681,154.72,182.51,606.5847,0.0,0.836412,0.61035,0.588038,0.408097,,
Gardner_minutes_wordcount__4g_novelty_ev3.0,118,0.968,0.9653,163.66,191.37,474.9931,0.0,0.739906,0.621846,0.620268,0.401768,,
Gardner_minutes_zscore__4a_total_sent_ev1.0,119,0.9687,0.9673,153.95,170.62,940.3499,0.0,0.696007,0.615618,0.62615,0.466938,,
Gardner_minutes_zscore__4b_sent_sd_ev1.0,215,0.9721,0.9716,253.25,270.11,1973.2973,0.0,0.436296,0.426337,0.469204,0.333238,,
Gardner_minutes_zscore__4b_sent_var_ev1.0,215,0.9721,0.9716,253.25,270.11,1973.2973,0.0,0.436296,0.426337,0.469204,0.333238,,
Gardner_minutes_zscore__4b_sd_var_joint_ev1.0,215,0.9721,0.9716,253.25,270.11,1973.2973,0.0,0.436296,0.426337,0.469204,0.333238,,
Gardner_minutes_zscore__4b_consensus_ev1.0,119,0.9748,0.9727,136.16,163.95,543.483,0.0,0.60023,0.566731,0.576745,0.533588,,
Gardner_minutes_zscore__4b_consensus_matched_interactions_ev1.0,119,0.974,0.9718,139.77,167.57,624.0803,0.0,0.664156,0.627682,0.645211,0.529766,,
Gardner_minutes_zscore__4c_all_topics_ev1.0,119,0.9731,0.9709,143.63,171.43,617.622,0.0,0.693404,0.563526,0.554922,0.435182,,
Gardner_minutes_zscore__4d_topic_pca_ev1.0,119,0.9694,0.9672,156.97,181.98,628.9746,0.0,0.731883,0.616752,0.619361,0.425989,,,4d,1.0
Gardner_minutes_zscore__4e_total_interactions_ev1.0,119,0.9779,0.9761,120.37,148.16,677.8333,0.0,0.569263,0.484772,0.452523,0.342881,,
Gardner_minutes_zscore__4f_matched_interactions_ev1.0,119,0.9741,0.9719,139.31,167.1,587.1021,0.0,0.734536,0.559178,0.4749,0.346705,,
Gardner_minutes_zscore__4g_novelty_ev1.0,118,0.9682,0.9652,164.82,195.3,424.3183,0.0,0.734866,0.616774,0.612704,0.393845,,
Gardner_minutes_zscore__4a_total_sent_ev1.5,119,0.9687,0.9673,153.95,170.62,940.3499,0.0,0.696007,0.615618,0.62615,0.466938,,
Gardner_minutes_zscore__4b_sent_sd_ev1.5,215,0.9721,0.9716,253.25,270.11,1973.2973,0.0,0.436296,0.426337,0.469204,0.333238,,
Gardner_minutes_zscore__4b_sent_var_ev1.5,215,0.9721,0.9716,253.25,270.11,1973.2973,0.0,0.436296,0.426337,0.469204,0.333238,,
Gardner_minutes_zscore__4b_sd_var_joint_ev1.5,215,0.9721,0.9716,253.25,270.11,1973.2973,0.0,0.436296,0.426337,0.469204,0.333238,,
Gardner_minutes_zscore__4b_consensus_ev1.5,119,0.9748,0.9727,136.16,163.95,543.483,0.0,0.60023,0.566731,0.576745,0.533588,,
Gardner_minutes_zscore__4b_consensus_matched_interactions_ev1.5,119,0.974,0.9718,139.77,167.57,624.0803,0.0,0.664156,0.627682,0.645211,0.529766,,
Gardner_minutes_zscore__4c_all_topics_ev1.5,119,0.9731,0.9709,143.63,171.43,617.622,0.0,0.693404,0.563526,0.554922,0.435182,,
Gardner_minutes_zscore__4d_topic_pca_ev1.5,119,0.9694,0.9672,156.97,181.98,628.9746,0.0,0.731883,0.616752,0.619361,0.425989,,,4d,1.5
Gardner_minutes_zscore__4e_total_interactions_ev1.5,119,0.9779,0.9761,120.37,148.16,677.8333,0.0,0.569263,0.484772,0.452523,0.342881,,
Gardner_minutes_zscore__4f_matched_interactions_ev1.5,119,0.9741,0.9719,139.31,167.1,587.1021,0.0,0.734536,0.559178,0.4749,0.346705,,
Gardner_minutes_zscore__4g_novelty_ev1.5,118,0.9682,0.9652,164.82,195.3,424.3183,0.0,0.734866,0.616774,0.612704,0.393845,,
Gardner_minutes_zscore__4a_total_sent_ev2.0,119,0.9687,0.9673,153.95,170.62,940.3499,0.0,0.696007,0.615618,0.62615,0.466938,,
Gardner_minutes_zscore__4b_sent_sd_ev2.0,215,0.9721,0.9716,253.25,270.11,1973.2973,0.0,0.436296,0.426337,0.469204,0.333238,,
Gardner_minutes_zscore__4b_sent_var_ev2.0,215,0.9721,0.9716,253.25,270.11,1973.2973,0.0,0.436296,0.426337,0.469204,0.333238,,
Gardner_minutes_zscore__4b_sd_var_joint_ev2.0,215,0.9721,0.9716,253.25,270.11,1973.2973,0.0,0.436296,0.426337,0.469204,0.333238,,
Gardner_minutes_zscore__4b_consensus_ev2.0,119,0.9748,0.9727,136.16,163.95,543.483,0.0,0.60023,0.566731,0.576745,0.533588,,
Gardner_minutes_zscore__4b_consensus_matched_interactions_ev2.0,119,0.974,0.9718,139.77,167.57,624.0803,0.0,0.664156,0.627682,0.645211,0.529766,,
Gardner_minutes_zscore__4c_all_topics_ev2.0,119,0.9731,0.9709,143.63,171.43,617.622,0.0,0.693404,0.563526,0.554922,0.435182,,
Gardner_minutes_zscore__4d_topic_pca_ev2.0,119,0.9694,0.9672,156.97,181.98,628.9746,0.0,0.731883,0.616752,0.619361,0.425989,,,4d,2.0
Gardner_minutes_zscore__4e_total_interactions_ev2.0,119,0.9779,0.9761,120.37,148.16,677.8333,0.0,0.569263,0.484772,0.452523,0.342881,,
Gardner_minutes_zscore__4f_matched_interactions_ev2.0,119,0.9741,0.9719,139.31,167.1,587.1021,0.0,0.734536,0.559178,0.4749,0.346705,,
Gardner_minutes_zscore__4g_novelty_ev2.0,118,0.9682,0.9652,164.82,195.3,424.3183,0.0,0.734866,0.616774,0.612704,0.393845,,
Gardner_minutes_zscore__4a_total_sent_ev2.5,119,0.9687,0.9673,153.95,170.62,940.3499,0.0,0.696007,0.615618,0.62615,0.466938,,
Gardner_minutes_zscore__4b_sent_sd_ev2.5,215,0.9721,0.9716,253.25,270.11,1973.2973,0.0,0.436296,0.426337,0.469204,0.333238,,
Gardner_minutes_zscore__4b_sent_var_ev2.5,215,0.9721,0.9716,253.25,270.11,1973.2973,0.0,0.436296,0.426337,0.469204,0.333238,,
Gardner_minutes_zscore__4b_sd_var_joint_ev2.5,215,0.9721,0.9716,253.25,270.11,1973.2973,0.0,0.436296,0.426337,0.469204,0.333238,,
Gardner_minutes_zscore__4b_consensus_ev2.5,119,0.9748,0.9727,136.16,163.95,543.483,0.0,0.60023,0.566731,0.576745,0.533588,,
Gardner_minutes_zscore__4b_consensus_matched_interactions_ev2.5,119,0.974,0.9718,139.77,167.57,624.0803,0.0,0.664156,0.627682,0.645211,0.529766,,
Gardner_minutes_zscore__4c_all_topics_ev2.5,119,0.9731,0.9709,143.63,171.43,617.622,0.0,0.693404,0.563526,0.554922,0.435182,,
Gardner_minutes_zscore__4d_topic_pca_ev2.5,119,0.9694,0.9672,156.97,181.98,628.9746,0.0,0.731883,0.616752,0.619361,0.425989,,,4d,2.5
Gardner_minutes_zscore__4e_total_interactions_ev2.5,119,0.9779,0.9761,120.37,148.16,677.8333,0.0,0.569263,0.484772,0.452523,0.342881,,
Gardner_minutes_zscore__4f_matched_interactions_ev2.5,119,0.9741,0.9719,139.31,167.1,587.1021,0.0,0.734536,0.559178,0.4749,0.346705,,
Gardner_minutes_zscore__4g_novelty_ev2.5,118,0.9682,0.9652,164.82,195.3,424.3183,0.0,0.734866,0.616774,0.612704,0.393845,,
Gardner_minutes_zscore__4a_total_sent_ev3.0,119,0.9687,0.9673,153.95,170.62,940.3499,0.0,0.696007,0.615618,0.62615,0.466938,,
Gardner_minutes_zscore__4b_sent_sd_ev3.0,215,0.9721,0.9716,253.25,270.11,1973.2973,0.0,0.436296,0.426337,0.469204,0.333238,,
Gardner_minutes_zscore__4b_sent_var_ev3.0,215,0.9721,0.9716,253.25,270.11,1973.2973,0.0,0.436296,0.426337,0.469204,0.333238,,
Gardner_minutes_zscore__4b_sd_var_joint_ev3.0,215,0.9721,0.9716,253.25,270.11,1973.2973,0.0,0.436296,0.426337,0.469204,0.333238,,
Gardner_minutes_zscore__4b_consensus_ev3.0,119,0.9748,0.9727,136.16,163.95,543.483,0.0,0.60023,0.566731,0.576745,0.533588,,
Gardner_minutes_zscore__4b_consensus_matched_interactions_ev3.0,119,0.974,0.9718,139.77,167.57,624.0803,0.0,0.664156,0.627682,0.645211,0.529766,,
Gardner_minutes_zscore__4c_all_topics_ev3.0,119,0.9731,0.9709,143.63,171.43,617.622,0.0,0.693404,0.563526,0.554922,0.435182,,
Gardner_minutes_zscore__4d_topic_pca_ev3.0,119,0.9694,0.9672,156.97,181.98,628.9746,0.0,0.731883,0.616752,0.619361,0.425989,,,4d,3.0
Gardner_minutes_zscore__4e_total_interactions_ev3.0,119,0.9779,0.9761,120.37,148.16,677.8333,0.0,0.569263,0.484772,0.452523,0.342881,,
Gardner_minutes_zscore__4f_matched_interactions_ev3.0,119,0.9741,0.9719,139.31,167.1,587.1021,0.0,0.734536,0.559178,0.4749,0.346705,,
Gardner_minutes_zscore__4g_novelty_ev3.0,118,0.9682,0.9652,164.82,195.3,424.3183,0.0,0.734866,0.616774,0.612704,0.393845,,
Gardner_speeches_wordcount__4a_total_sent_ev1.0,215,0.9721,0.9714,255.25,275.47,1614.4104,0.0,0.438525,0.428875,0.472823,0.333733,-0.5219,
Gardner_speeches_wordcount__4b_sent_sd_ev1.0,215,0.9721,0.9716,253.25,270.11,1973.2973,0.0,0.436296,0.426337,0.469204,0.333238,,
Gardner_speeches_wordcount__4b_sent_var_ev1.0,215,0.9721,0.9716,253.25,270.11,1973.2973,0.0,0.436296,0.426337,0.469204,0.333238,,
Gardner_speeches_wordcount__4b_sd_var_joint_ev1.0,215,0.9721,0.9716,253.25,270.11,1973.2973,0.0,0.436296,0.426337,0.469204,0.333238,,
Gardner_speeches_wordcount__4b_consensus_ev1.0,215,0.9726,0.9714,259.78,293.49,859.5858,0.0,0.478451,0.469398,0.488318,0.321971,-2.3644,
Gardner_speeches_wordcount__4b_consensus_matched_interactions_ev1.0,215,0.9725,0.9713,260.3,294.0,875.7305,0.0,0.514597,0.504548,0.515226,0.327485,-2.0332,
Gardner_speeches_wordcount__4c_all_topics_ev1.0,215,0.9726,0.9714,259.21,292.92,904.877,0.0,0.477773,0.455461,0.495002,0.336247,-2.1555,
Gardner_speeches_wordcount__4d_topic_pca_ev1.0,215,0.9726,0.9716,257.29,287.62,1016.5896,0.0,0.469499,0.449719,0.494177,0.335506,-1.8305,,4d,1.0
Gardner_speeches_wordcount__4e_total_interactions_ev1.0,215,0.9745,0.9734,244.14,277.85,913.4855,0.0,0.522441,0.522361,0.464179,0.298642,0.26,
Gardner_speeches_wordcount__4f_matched_interactions_ev1.0,215,0.9738,0.9726,250.14,283.85,1010.8869,0.0,0.4301,0.404381,0.432948,0.271295,1.1261,0.1301
Gardner_speeches_wordcount__4g_novelty_ev1.0,214,0.9722,0.971,261.03,294.69,791.8219,0.0,0.444108,0.433066,0.471842,0.326591,3.2095,
Gardner_speeches_wordcount__4a_total_sent_ev1.5,215,0.9721,0.9714,255.25,275.47,1614.4104,0.0,0.438525,0.428875,0.472823,0.333733,-0.5219,
Gardner_speeches_wordcount__4b_sent_sd_ev1.5,215,0.9721,0.9716,253.25,270.11,1973.2973,0.0,0.436296,0.426337,0.469204,0.333238,,
Gardner_speeches_wordcount__4b_sent_var_ev1.5,215,0.9721,0.9716,253.25,270.11,1973.2973,0.0,0.436296,0.426337,0.469204,0.333238,,
Gardner_speeches_wordcount__4b_sd_var_joint_ev1.5,215,0.9721,0.9716,253.25,270.11,1973.2973,0.0,0.436296,0.426337,0.469204,0.333238,,
Gardner_speeches_wordcount__4b_consensus_ev1.5,215,0.9726,0.9714,259.78,293.49,859.5858,0.0,0.478451,0.469398,0.488318,0.321971,-2.3644,
Gardner_speeches_wordcount__4b_consensus_matched_interactions_ev1.5,215,0.9725,0.9713,260.3,294.0,875.7305,0.0,0.514597,0.504548,0.515226,0.327485,-2.0332,
Gardner_speeches_wordcount__4c_all_topics_ev1.5,215,0.9726,0.9714,259.21,292.92,904.896,0.0,0.477773,0.455461,0.495002,0.336247,-2.1555,
Gardner_speeches_wordcount__4d_topic_pca_ev1.5,215,0.9726,0.9716,257.29,287.62,1016.5896,0.0,0.469499,0.449719,0.494177,0.335506,-1.8305,,4d,1.5
Gardner_speeches_wordcount__4e_total_interactions_ev1.5,215,0.9745,0.9734,244.14,277.85,913.4854,0.0,0.522441,0.522361,0.464179,0.298642,0.26,
Gardner_speeches_wordcount__4f_matched_interactions_ev1.5,215,0.9738,0.9726,250.14,283.85,1010.9286,0.0,0.4301,0.404381,0.432948,0.271295,1.1261,0.1301
Gardner_speeches_wordcount__4g_novelty_ev1.5,214,0.9722,0.971,261.03,294.69,791.8219,0.0,0.444108,0.433066,0.471842,0.326591,3.2095,
Gardner_speeches_wordcount__4a_total_sent_ev2.0,215,0.9721,0.9714,255.25,275.47,1614.4104,0.0,0.438525,0.428875,0.472823,0.333733,-0.5219,
Gardner_speeches_wordcount__4b_sent_sd_ev2.0,215,0.9721,0.9716,253.25,270.11,1973.2973,0.0,0.436296,0.426337,0.469204,0.333238,,
Gardner_speeches_wordcount__4b_sent_var_ev2.0,215,0.9721,0.9716,253.25,270.11,1973.2973,0.0,0.436296,0.426337,0.469204,0.333238,,
Gardner_speeches_wordcount__4b_sd_var_joint_ev2.0,215,0.9721,0.9716,253.25,270.11,1973.2973,0.0,0.436296,0.426337,0.469204,0.333238,,
Gardner_speeches_wordcount__4b_consensus_ev2.0,215,0.9726,0.9714,259.78,293.49,859.5858,0.0,0.478451,0.469398,0.488318,0.321971,-2.3644,
Gardner_speeches_wordcount__4b_consensus_matched_interactions_ev2.0,215,0.9725,0.9713,260.3,294.0,875.7305,0.0,0.514597,0.504548,0.515226,0.327485,-2.0332,
Gardner_speeches_wordcount__4c_all_topics_ev2.0,215,0.9726,0.9714,259.21,292.92,904.884,0.0,0.477773,0.455461,0.495002,0.336247,-2.1555,
Gardner_speeches_wordcount__4d_topic_pca_ev2.0,215,0.9726,0.9716,257.29,287.62,1016.5896,0.0,0.469499,0.449719,0.494177,0.335506,-1.8305,,4d,2.0
Gardner_speeches_wordcount__4e_total_interactions_ev2.0,215,0.9745,0.9734,244.14,277.85,913.4855,0.0,0.522441,0.522361,0.464179,0.298642,0.26,
Gardner_speeches_wordcount__4f_matched_interactions_ev2.0,215,0.9738,0.9726,250.14,283.85,1010.9317,0.0,0.4301,0.404381,0.432948,0.271295,1.1261,0.1301
Gardner_speeches_wordcount__4g_novelty_ev2.0,214,0.9722,0.971,261.03,294.69,791.8219,0.0,0.444108,0.433066,0.471842,0.326591,3.2095,
Gardner_speeches_wordcount__4a_total_sent_ev2.5,215,0.9721,0.9714,255.25,275.47,1614.4104,0.0,0.438525,0.428875,0.472823,0.333733,-0.5219,
Gardner_speeches_wordcount__4b_sent_sd_ev2.5,215,0.9721,0.9716,253.25,270.11,1973.2973,0.0,0.436296,0.426337,0.469204,0.333238,,
Gardner_speeches_wordcount__4b_sent_var_ev2.5,215,0.9721,0.9716,253.25,270.11,1973.2973,0.0,0.436296,0.426337,0.469204,0.333238,,
Gardner_speeches_wordcount__4b_sd_var_joint_ev2.5,215,0.9721,0.9716,253.25,270.11,1973.2973,0.0,0.436296,0.426337,0.469204,0.333238,,
Gardner_speeches_wordcount__4b_consensus_ev2.5,215,0.9726,0.9714,259.78,293.49,859.5859,0.0,0.478451,0.469398,0.488318,0.321971,-2.3644,
Gardner_speeches_wordcount__4b_consensus_matched_interactions_ev2.5,215,0.9725,0.9713,260.3,294.0,875.7305,0.0,0.514597,0.504548,0.515226,0.327485,-2.0332,
Gardner_speeches_wordcount__4c_all_topics_ev2.5,215,0.9726,0.9714,259.21,292.92,904.8825,0.0,0.477773,0.455461,0.495002,0.336247,-2.1555,
Gardner_speeches_wordcount__4d_topic_pca_ev2.5,215,0.9726,0.9716,257.29,287.62,1016.5896,0.0,0.469499,0.449719,0.494177,0.335506,-1.8305,,4d,2.5
Gardner_speeches_wordcount__4e_total_interactions_ev2.5,215,0.9745,0.9734,244.14,277.85,913.4854,0.0,0.522441,0.522361,0.464179,0.298642,0.26,
Gardner_speeches_wordcount__4f_matched_interactions_ev2.5,215,0.9738,0.9726,250.14,283.85,1010.9228,0.0,0.4301,0.404381,0.432948,0.271295,1.1261,0.1301
Gardner_speeches_wordcount__4g_novelty_ev2.5,214,0.9722,0.971,261.03,294.69,791.8219,0.0,0.444108,0.433066,0.471842,0.326591,3.2095,
Gardner_speeches_wordcount__4a_total_sent_ev3.0,215,0.9721,0.9714,255.25,275.47,1614.4104,0.0,0.438525,0.428875,0.472823,0.333733,-0.5219,
Gardner_speeches_wordcount__4b_sent_sd_ev3.0,215,0.9721,0.9716,253.25,270.11,1973.2973,0.0,0.436296,0.426337,0.469204,0.333238,,
Gardner_speeches_wordcount__4b_sent_var_ev3.0,215,0.9721,0.9716,253.25,270.11,1973.2973,0.0,0.436296,0.426337,0.469204,0.333238,,
Gardner_speeches_wordcount__4b_sd_var_joint_ev3.0,215,0.9721,0.9716,253.25,270.11,1973.2973,0.0,0.436296,0.426337,0.469204,0.333238,,
Gardner_speeches_wordcount__4b_consensus_ev3.0,215,0.9726,0.9714,259.78,293.49,859.5858,0.0,0.478451,0.469398,0.488318,0.321971,-2.3644,
Gardner_speeches_wordcount__4b_consensus_matched_interactions_ev3.0,215,0.9725,0.9713,260.3,294.0,875.7305,0.0,0.514597,0.504548,0.515226,0.327485,-2.0332,
Gardner_speeches_wordcount__4c_all_topics_ev3.0,215,0.9726,0.9714,259.21,292.92,904.882,0.0,0.477773,0.455461,0.495002,0.336247,-2.1555,
Gardner_speeches_wordcount__4d_topic_pca_ev3.0,215,0.9726,0.9716,257.29,287.62,1016.5896,0.0,0.469499,0.449719,0.494177,0.335506,-1.8305,,4d,3.0
Gardner_speeches_wordcount__4e_total_interactions_ev3.0,215,0.9745,0.9734,244.14,277.85,913.4854,0.0,0.522441,0.522361,0.464179,0.298642,0.26,
Gardner_speeches_wordcount__4f_matched_interactions_ev3.0,215,0.9738,0.9726,250.14,283.85,1010.9193,0.0,0.4301,0.404381,0.432948,0.271295,1.1261,0.1301
Gardner_speeches_wordcount__4g_novelty_ev3.0,214,0.9722,0.971,261.03,294.69,791.8219,0.0,0.444108,0.433066,0.471842,0.326591,3.2095,
Gardner_speeches_zscore__4a_total_sent_ev1.0,215,0.9724,0.9717,253.22,273.44,1611.2169,0.0,0.440852,0.432048,0.477372,0.342894,-0.0521,
Gardner_speeches_zscore__4b_sent_sd_ev1.0,215,0.9721,0.9716,253.25,270.11,1973.2973,0.0,0.436296,0.426337,0.469204,0.333238,,
Gardner_speeches_zscore__4b_sent_var_ev1.0,215,0.9721,0.9716,253.25,270.11,1973.2973,0.0,0.436296,0.426337,0.469204,0.333238,,
Gardner_speeches_zscore__4b_sd_var_joint_ev1.0,215,0.9721,0.9716,253.25,270.11,1973.2973,0.0,0.436296,0.426337,0.469204,0.333238,,
Gardner_speeches_zscore__4b_consensus_ev1.0,215,0.9726,0.9714,259.15,292.86,872.6446,0.0,0.437772,0.438585,0.472517,0.319474,0.4745,
Gardner_speeches_zscore__4b_consensus_matched_interactions_ev1.0,215,0.9727,0.9715,258.51,292.21,931.0859,0.0,0.438098,0.434932,0.466846,0.319376,0.5733,
Gardner_speeches_zscore__4c_all_topics_ev1.0,215,0.9725,0.9713,260.46,294.17,894.2507,0.0,0.455103,0.442467,0.490427,0.348199,-0.8084,
Gardner_speeches_zscore__4d_topic_pca_ev1.0,215,0.9725,0.9714,258.46,288.8,1012.0164,0.0,0.448329,0.441159,0.488461,0.346894,-0.2726,,4d,1.0
Gardner_speeches_zscore__4e_total_interactions_ev1.0,215,0.9748,0.9737,241.56,275.27,1078.3319,0.0,0.495226,0.44644,0.482236,0.280237,0.6301,
Gardner_speeches_zscore__4f_matched_interactions_ev1.0,215,0.974,0.9729,247.94,281.64,962.0827,0.0,0.428524,0.401515,0.431716,0.282429,1.169,0.1212
Gardner_speeches_zscore__4g_novelty_ev1.0,214,0.9721,0.9707,263.6,300.63,772.6053,0.0,0.44447,0.43321,0.477257,0.337866,3.1487,
Gardner_speeches_zscore__4a_total_sent_ev1.5,215,0.9724,0.9717,253.22,273.44,1611.2169,0.0,0.440852,0.432048,0.477372,0.342894,-0.0521,
Gardner_speeches_zscore__4b_sent_sd_ev1.5,215,0.9721,0.9716,253.25,270.11,1973.2973,0.0,0.436296,0.426337,0.469204,0.333238,,
Gardner_speeches_zscore__4b_sent_var_ev1.5,215,0.9721,0.9716,253.25,270.11,1973.2973,0.0,0.436296,0.426337,0.469204,0.333238,,
Gardner_speeches_zscore__4b_sd_var_joint_ev1.5,215,0.9721,0.9716,253.25,270.11,1973.2973,0.0,0.436296,0.426337,0.469204,0.333238,,
Gardner_speeches_zscore__4b_consensus_ev1.5,215,0.9726,0.9714,259.15,292.86,872.6446,0.0,0.437772,0.438585,0.472517,0.319474,0.4745,
Gardner_speeches_zscore__4b_consensus_matched_interactions_ev1.5,215,0.9727,0.9715,258.51,292.21,931.0859,0.0,0.438098,0.434932,0.466846,0.319376,0.5733,
Gardner_speeches_zscore__4c_all_topics_ev1.5,215,0.9725,0.9713,260.46,294.17,894.2507,0.0,0.455103,0.442467,0.490427,0.348199,-0.8084,
Gardner_speeches_zscore__4d_topic_pca_ev1.5,215,0.9725,0.9714,258.46,288.8,1012.0164,0.0,0.448329,0.441159,0.488461,0.346894,-0.2726,,4d,1.5
Gardner_speeches_zscore__4e_total_interactions_ev1.5,215,0.9748,0.9737,241.56,275.27,1078.3319,0.0,0.495226,0.44644,0.482236,0.280237,0.6301,
Gardner_speeches_zscore__4f_matched_interactions_ev1.5,215,0.974,0.9729,247.94,281.64,962.0827,0.0,0.428524,0.401515,0.431716,0.282429,1.169,0.1212
Gardner_speeches_zscore__4g_novelty_ev1.5,214,0.9721,0.9707,263.6,300.63,772.6053,0.0,0.44447,0.43321,0.477257,0.337866,3.1487,
Gardner_speeches_zscore__4a_total_sent_ev2.0,215,0.9724,0.9717,253.22,273.44,1611.2169,0.0,0.440852,0.432048,0.477372,0.342894,-0.0521,
Gardner_speeches_zscore__4b_sent_sd_ev2.0,215,0.9721,0.9716,253.25,270.11,1973.2973,0.0,0.436296,0.426337,0.469204,0.333238,,
Gardner_speeches_zscore__4b_sent_var_ev2.0,215,0.9721,0.9716,253.25,270.11,1973.2973,0.0,0.436296,0.426337,0.469204,0.333238,,
Gardner_speeches_zscore__4b_sd_var_joint_ev2.0,215,0.9721,0.9716,253.25,270.11,1973.2973,0.0,0.436296,0.426337,0.469204,0.333238,,
Gardner_speeches_zscore__4b_consensus_ev2.0,215,0.9726,0.9714,259.15,292.86,872.6446,0.0,0.437772,0.438585,0.472517,0.319474,0.4745,
Gardner_speeches_zscore__4b_consensus_matched_interactions_ev2.0,215,0.9727,0.9715,258.51,292.21,931.0859,0.0,0.438098,0.434932,0.466846,0.319376,0.5733,
Gardner_speeches_zscore__4c_all_topics_ev2.0,215,0.9725,0.9713,260.46,294.17,894.2507,0.0,0.455103,0.442467,0.490427,0.348199,-0.8084,
Gardner_speeches_zscore__4d_topic_pca_ev2.0,215,0.9725,0.9714,258.46,288.8,1012.0164,0.0,0.448329,0.441159,0.488461,0.346894,-0.2726,,4d,2.0
Gardner_speeches_zscore__4e_total_interactions_ev2.0,215,0.9748,0.9737,241.56,275.27,1078.3319,0.0,0.495226,0.44644,0.482236,0.280237,0.6301,
Gardner_speeches_zscore__4f_matched_interactions_ev2.0,215,0.974,0.9729,247.94,281.64,962.0827,0.0,0.428524,0.401515,0.431716,0.282429,1.169,0.1212
Gardner_speeches_zscore__4g_novelty_ev2.0,214,0.9721,0.9707,263.6,300.63,772.6053,0.0,0.44447,0.43321,0.477257,0.337866,3.1487,
Gardner_speeches_zscore__4a_total_sent_ev2.5,215,0.9724,0.9717,253.22,273.44,1611.2169,0.0,0.440852,0.432048,0.477372,0.342894,-0.0521,
Gardner_speeches_zscore__4b_sent_sd_ev2.5,215,0.9721,0.9716,253.25,270.11,1973.2973,0.0,0.436296,0.426337,0.469204,0.333238,,
Gardner_speeches_zscore__4b_sent_var_ev2.5,215,0.9721,0.9716,253.25,270.11,1973.2973,0.0,0.436296,0.426337,0.469204,0.333238,,
Gardner_speeches_zscore__4b_sd_var_joint_ev2.5,215,0.9721,0.9716,253.25,270.11,1973.2973,0.0,0.436296,0.426337,0.469204,0.333238,,
Gardner_speeches_zscore__4b_consensus_ev2.5,215,0.9726,0.9714,259.15,292.86,872.6446,0.0,0.437772,0.438585,0.472517,0.319474,0.4745,
Gardner_speeches_zscore__4b_consensus_matched_interactions_ev2.5,215,0.9727,0.9715,258.51,292.21,931.0859,0.0,0.438098,0.434932,0.466846,0.319376,0.5733,
Gardner_speeches_zscore__4c_all_topics_ev2.5,215,0.9725,0.9713,260.46,294.17,894.2507,0.0,0.455103,0.442467,0.490427,0.348199,-0.8084,
Gardner_speeches_zscore__4d_topic_pca_ev2.5,215,0.9725,0.9714,258.46,288.8,1012.0164,0.0,0.448329,0.441159,0.488461,0.346894,-0.2726,,4d,2.5
Gardner_speeches_zscore__4e_total_interactions_ev2.5,215,0.9748,0.9737,241.56,275.27,1078.3319,0.0,0.495226,0.44644,0.482236,0.280237,0.6301,
Gardner_speeches_zscore__4f_matched_interactions_ev2.5,215,0.974,0.9729,247.94,281.64,962.0827,0.0,0.428524,0.401515,0.431716,0.282429,1.169,0.1212
Gardner_speeches_zscore__4g_novelty_ev2.5,214,0.9721,0.9707,263.6,300.63,772.6053,0.0,0.44447,0.43321,0.477257,0.337866,3.1487,
Gardner_speeches_zscore__4a_total_sent_ev3.0,215,0.9724,0.9717,253.22,273.44,1611.2169,0.0,0.440852,0.432048,0.477372,0.342894,-0.0521,
Gardner_speeches_zscore__4b_sent_sd_ev3.0,215,0.9721,0.9716,253.25,270.11,1973.2973,0.0,0.436296,0.426337,0.469204,0.333238,,
Gardner_speeches_zscore__4b_sent_var_ev3.0,215,0.9721,0.9716,253.25,270.11,1973.2973,0.0,0.436296,0.426337,0.469204,0.333238,,
Gardner_speeches_zscore__4b_sd_var_joint_ev3.0,215,0.9721,0.9716,253.25,270.11,1973.2973,0.0,0.436296,0.426337,0.469204,0.333238,,
Gardner_speeches_zscore__4b_consensus_ev3.0,215,0.9726,0.9714,259.15,292.86,872.6446,0.0,0.437772,0.438585,0.472517,0.319474,0.4745,
Gardner_speeches_zscore__4b_consensus_matched_interactions_ev3.0,215,0.9727,0.9715,258.51,292.21,931.0859,0.0,0.438098,0.434932,0.466846,0.319376,0.5733,
Gardner_speeches_zscore__4c_all_topics_ev3.0,215,0.9725,0.9713,260.46,294.17,894.2507,0.0,0.455103,0.442467,0.490427,0.348199,-0.8084,
Gardner_speeches_zscore__4d_topic_pca_ev3.0,215,0.9725,0.9714,258.46,288.8,1012.0164,0.0,0.448329,0.441159,0.488461,0.346894,-0.2726,,4d,3.0
Gardner_speeches_zscore__4e_total_interactions_ev3.0,215,0.9748,0.9737,241.56,275.27,1078.3319,0.0,0.495226,0.44644,0.482236,0.280237,0.6301,
Gardner_speeches_zscore__4f_matched_interactions_ev3.0,215,0.974,0.9729,247.94,281.64,962.0827,0.0,0.428524,0.401515,0.431716,0.282429,1.169,0.1212
Gardner_speeches_zscore__4g_novelty_ev3.0,214,0.9721,0.9707,263.6,300.63,772.6053,0.0,0.44447,0.43321,0.477257,0.337866,3.1487,
Gardner_press_conferences_wordcount__4a_total_sent_ev1.0,118,0.9716,0.9703,141.6,158.23,981.92,0.0,0.640403,0.606889,0.5747,0.501451,,
Gardner_press_conferences_wordcount__4b_sent_sd_ev1.0,215,0.9721,0.9716,253.25,270.11,1973.2973,0.0,0.436296,0.426337,0.469204,0.333238,,
Gardner_press_conferences_wordcount__4b_sent_var_ev1.0,215,0.9721,0.9716,253.25,270.11,1973.2973,0.0,0.436296,0.426337,0.469204,0.333238,,
Gardner_press_conferences_wordcount__4b_sd_var_joint_ev1.0,215,0.9721,0.9716,253.25,270.11,1973.2973,0.0,0.436296,0.426337,0.469204,0.333238,,
Gardner_press_conferences_wordcount__4b_consensus_ev1.0,118,0.9718,0.9694,148.72,176.43,681.0913,0.0,0.668162,0.590333,0.53842,0.353539,,
Gardner_press_conferences_wordcount__4b_consensus_matched_interactions_ev1.0,118,0.9707,0.9683,153.06,180.77,703.5543,0.0,0.74789,0.594221,0.554058,0.29399,,
Gardner_press_conferences_wordcount__4c_all_topics_ev1.0,118,0.9732,0.971,142.44,170.15,671.6177,0.0,0.608424,0.622075,0.601385,0.474021,,
Gardner_press_conferences_wordcount__4d_topic_pca_ev1.0,118,0.9726,0.9706,143.18,168.12,685.1658,0.0,0.619324,0.626072,0.594083,0.4899,,,4d,1.0
Gardner_press_conferences_wordcount__4e_total_interactions_ev1.0,118,0.9746,0.9725,136.28,163.99,672.1624,0.0,0.710739,0.640445,0.589476,0.361925,,
Gardner_press_conferences_wordcount__4f_matched_interactions_ev1.0,118,0.9721,0.9698,147.19,174.9,669.1803,0.0,0.667562,0.587206,0.553927,0.490633,,
Gardner_press_conferences_wordcount__4g_novelty_ev1.0,117,0.9682,0.9655,161.94,189.57,519.4338,0.0,0.739199,0.624066,0.613606,0.392666,,
Gardner_press_conferences_wordcount__4a_total_sent_ev1.5,118,0.9716,0.9703,141.6,158.23,981.92,0.0,0.640403,0.606889,0.5747,0.501451,,
Gardner_press_conferences_wordcount__4b_sent_sd_ev1.5,215,0.9721,0.9716,253.25,270.11,1973.2973,0.0,0.436296,0.426337,0.469204,0.333238,,
Gardner_press_conferences_wordcount__4b_sent_var_ev1.5,215,0.9721,0.9716,253.25,270.11,1973.2973,0.0,0.436296,0.426337,0.469204,0.333238,,
Gardner_press_conferences_wordcount__4b_sd_var_joint_ev1.5,215,0.9721,0.9716,253.25,270.11,1973.2973,0.0,0.436296,0.426337,0.469204,0.333238,,
Gardner_press_conferences_wordcount__4b_consensus_ev1.5,118,0.9718,0.9694,148.72,176.43,681.0916,0.0,0.668162,0.590333,0.53842,0.353539,,
Gardner_press_conferences_wordcount__4b_consensus_matched_interactions_ev1.5,118,0.9707,0.9683,153.06,180.77,703.5552,0.0,0.74789,0.594221,0.554058,0.29399,,
Gardner_press_conferences_wordcount__4c_all_topics_ev1.5,118,0.9732,0.971,142.44,170.15,671.5474,0.0,0.608424,0.622075,0.601385,0.474021,,
Gardner_press_conferences_wordcount__4d_topic_pca_ev1.5,118,0.9726,0.9706,143.18,168.12,685.1658,0.0,0.619324,0.626072,0.594083,0.4899,,,4d,1.5
Gardner_press_conferences_wordcount__4e_total_interactions_ev1.5,118,0.9746,0.9725,136.28,163.99,672.1628,0.0,0.710739,0.640445,0.589476,0.361925,,
Gardner_press_conferences_wordcount__4f_matched_interactions_ev1.5,118,0.9721,0.9698,147.19,174.9,669.2737,0.0,0.667562,0.587206,0.553927,0.490633,,
Gardner_press_conferences_wordcount__4g_novelty_ev1.5,117,0.9682,0.9655,161.94,189.57,519.4338,0.0,0.739199,0.624066,0.613606,0.392666,,
Gardner_press_conferences_wordcount__4a_total_sent_ev2.0,118,0.9716,0.9703,141.6,158.23,981.92,0.0,0.640403,0.606889,0.5747,0.501451,,
Gardner_press_conferences_wordcount__4b_sent_sd_ev2.0,215,0.9721,0.9716,253.25,270.11,1973.2973,0.0,0.436296,0.426337,0.469204,0.333238,,
Gardner_press_conferences_wordcount__4b_sent_var_ev2.0,215,0.9721,0.9716,253.25,270.11,1973.2973,0.0,0.436296,0.426337,0.469204,0.333238,,
Gardner_press_conferences_wordcount__4b_sd_var_joint_ev2.0,215,0.9721,0.9716,253.25,270.11,1973.2973,0.0,0.436296,0.426337,0.469204,0.333238,,
Gardner_press_conferences_wordcount__4b_consensus_ev2.0,118,0.9718,0.9694,148.72,176.43,681.0916,0.0,0.668162,0.590333,0.53842,0.353539,,
Gardner_press_conferences_wordcount__4b_consensus_matched_interactions_ev2.0,118,0.9707,0.9683,153.06,180.77,703.555,0.0,0.74789,0.594221,0.554058,0.29399,,
Gardner_press_conferences_wordcount__4c_all_topics_ev2.0,118,0.9732,0.971,142.44,170.15,671.5942,0.0,0.608424,0.622075,0.601385,0.474021,,
Gardner_press_conferences_wordcount__4d_topic_pca_ev2.0,118,0.9726,0.9706,143.18,168.12,685.1658,0.0,0.619324,0.626072,0.594083,0.4899,,,4d,2.0
Gardner_press_conferences_wordcount__4e_total_interactions_ev2.0,118,0.9746,0.9725,136.28,163.99,672.1625,0.0,0.710739,0.640445,0.589476,0.361925,,
Gardner_press_conferences_wordcount__4f_matched_interactions_ev2.0,118,0.9721,0.9698,147.19,174.9,669.182,0.0,0.667562,0.587206,0.553927,0.490633,,
Gardner_press_conferences_wordcount__4g_novelty_ev2.0,117,0.9682,0.9655,161.94,189.57,519.4338,0.0,0.739199,0.624066,0.613606,0.392666,,
Gardner_press_conferences_wordcount__4a_total_sent_ev2.5,118,0.9716,0.9703,141.6,158.23,981.92,0.0,0.640403,0.606889,0.5747,0.501451,,
Gardner_press_conferences_wordcount__4b_sent_sd_ev2.5,215,0.9721,0.9716,253.25,270.11,1973.2973,0.0,0.436296,0.426337,0.469204,0.333238,,
Gardner_press_conferences_wordcount__4b_sent_var_ev2.5,215,0.9721,0.9716,253.25,270.11,1973.2973,0.0,0.436296,0.426337,0.469204,0.333238,,
Gardner_press_conferences_wordcount__4b_sd_var_joint_ev2.5,215,0.9721,0.9716,253.25,270.11,1973.2973,0.0,0.436296,0.426337,0.469204,0.333238,,
Gardner_press_conferences_wordcount__4b_consensus_ev2.5,118,0.9718,0.9694,148.72,176.43,681.0916,0.0,0.668162,0.590333,0.53842,0.353539,,
Gardner_press_conferences_wordcount__4b_consensus_matched_interactions_ev2.5,118,0.9707,0.9683,153.06,180.77,703.5551,0.0,0.74789,0.594221,0.554058,0.29399,,
Gardner_press_conferences_wordcount__4c_all_topics_ev2.5,118,0.9732,0.971,142.44,170.15,671.5823,0.0,0.608424,0.622075,0.601385,0.474021,,
Gardner_press_conferences_wordcount__4d_topic_pca_ev2.5,118,0.9726,0.9706,143.18,168.12,685.1658,0.0,0.619324,0.626072,0.594083,0.4899,,,4d,2.5
Gardner_press_conferences_wordcount__4e_total_interactions_ev2.5,118,0.9746,0.9725,136.28,163.99,672.1624,0.0,0.710739,0.640445,0.589476,0.361925,,
Gardner_press_conferences_wordcount__4f_matched_interactions_ev2.5,118,0.9721,0.9698,147.19,174.9,669.2111,0.0,0.667562,0.587206,0.553927,0.490633,,
Gardner_press_conferences_wordcount__4g_novelty_ev2.5,117,0.9682,0.9655,161.94,189.57,519.4338,0.0,0.739199,0.624066,0.613606,0.392666,,
Gardner_press_conferences_wordcount__4a_total_sent_ev3.0,118,0.9716,0.9703,141.6,158.23,981.92,0.0,0.640403,0.606889,0.5747,0.501451,,
Gardner_press_conferences_wordcount__4b_sent_sd_ev3.0,215,0.9721,0.9716,253.25,270.11,1973.2973,0.0,0.436296,0.426337,0.469204,0.333238,,
Gardner_press_conferences_wordcount__4b_sent_var_ev3.0,215,0.9721,0.9716,253.25,270.11,1973.2973,0.0,0.436296,0.426337,0.469204,0.333238,,
Gardner_press_conferences_wordcount__4b_sd_var_joint_ev3.0,215,0.9721,0.9716,253.25,270.11,1973.2973,0.0,0.436296,0.426337,0.469204,0.333238,,
Gardner_press_conferences_wordcount__4b_consensus_ev3.0,118,0.9718,0.9694,148.72,176.43,681.0916,0.0,0.668162,0.590333,0.53842,0.353539,,
Gardner_press_conferences_wordcount__4b_consensus_matched_interactions_ev3.0,118,0.9707,0.9683,153.06,180.77,703.555,0.0,0.74789,0.594221,0.554058,0.29399,,
Gardner_press_conferences_wordcount__4c_all_topics_ev3.0,118,0.9732,0.971,142.44,170.15,671.5736,0.0,0.608424,0.622075,0.601385,0.474021,,
Gardner_press_conferences_wordcount__4d_topic_pca_ev3.0,118,0.9726,0.9706,143.18,168.12,685.1658,0.0,0.619324,0.626072,0.594083,0.4899,,,4d,3.0
Gardner_press_conferences_wordcount__4e_total_interactions_ev3.0,118,0.9746,0.9725,136.28,163.99,672.1625,0.0,0.710739,0.640445,0.589476,0.361925,,
Gardner_press_conferences_wordcount__4f_matched_interactions_ev3.0,118,0.9721,0.9698,147.19,174.9,669.2148,0.0,0.667562,0.587206,0.553927,0.490633,,
Gardner_press_conferences_wordcount__4g_novelty_ev3.0,117,0.9682,0.9655,161.94,189.57,519.4338,0.0,0.739199,0.624066,0.613606,0.392666,,
Gardner_press_conferences_zscore__4a_total_sent_ev1.0,118,0.9696,0.9682,149.51,166.13,959.3935,0.0,0.675655,0.628872,0.612689,0.476286,,
Gardner_press_conferences_zscore__4b_sent_sd_ev1.0,215,0.9721,0.9716,253.25,270.11,1973.2973,0.0,0.436296,0.426337,0.469204,0.333238,,
Gardner_press_conferences_zscore__4b_sent_var_ev1.0,215,0.9721,0.9716,253.25,270.11,1973.2973,0.0,0.436296,0.426337,0.469204,0.333238,,
Gardner_press_conferences_zscore__4b_sd_var_joint_ev1.0,215,0.9721,0.9716,253.25,270.11,1973.2973,0.0,0.436296,0.426337,0.469204,0.333238,,
Gardner_press_conferences_zscore__4b_consensus_ev1.0,118,0.9689,0.9663,160.13,187.83,629.0451,0.0,0.752038,0.618084,0.598885,0.378025,,
Gardner_press_conferences_zscore__4b_consensus_matched_interactions_ev1.0,118,0.9744,0.9723,137.24,164.95,789.7004,0.0,0.672328,0.506414,0.445009,0.329671,,
Gardner_press_conferences_zscore__4c_all_topics_ev1.0,118,0.9715,0.9691,150.03,177.74,695.8157,0.0,0.665794,0.631133,0.616335,0.447355,,
Gardner_press_conferences_zscore__4d_topic_pca_ev1.0,118,0.9708,0.9687,150.75,175.68,675.222,0.0,0.672735,0.63837,0.620836,0.450516,,,4d,1.0
Gardner_press_conferences_zscore__4e_total_interactions_ev1.0,118,0.97,0.9675,155.79,183.5,596.5458,0.0,0.75929,0.707348,0.729292,0.533699,,
Gardner_press_conferences_zscore__4f_matched_interactions_ev1.0,118,0.974,0.9719,138.9,166.61,649.3978,0.0,0.617061,0.553087,0.50522,0.413153,,
Gardner_press_conferences_zscore__4g_novelty_ev1.0,117,0.9682,0.9652,163.93,194.31,466.1329,0.0,0.748459,0.622168,0.612946,0.390595,,
Gardner_press_conferences_zscore__4a_total_sent_ev1.5,118,0.9696,0.9682,149.51,166.13,959.3935,0.0,0.675655,0.628872,0.612689,0.476286,,
Gardner_press_conferences_zscore__4b_sent_sd_ev1.5,215,0.9721,0.9716,253.25,270.11,1973.2973,0.0,0.436296,0.426337,0.469204,0.333238,,
Gardner_press_conferences_zscore__4b_sent_var_ev1.5,215,0.9721,0.9716,253.25,270.11,1973.2973,0.0,0.436296,0.426337,0.469204,0.333238,,
Gardner_press_conferences_zscore__4b_sd_var_joint_ev1.5,215,0.9721,0.9716,253.25,270.11,1973.2973,0.0,0.436296,0.426337,0.469204,0.333238,,
Gardner_press_conferences_zscore__4b_consensus_ev1.5,118,0.9689,0.9663,160.13,187.83,629.0451,0.0,0.752038,0.618084,0.598885,0.378025,,
Gardner_press_conferences_zscore__4b_consensus_matched_interactions_ev1.5,118,0.9744,0.9723,137.24,164.95,789.7004,0.0,0.672328,0.506414,0.445009,0.329671,,
Gardner_press_conferences_zscore__4c_all_topics_ev1.5,118,0.9715,0.9691,150.03,177.74,695.8157,0.0,0.665794,0.631133,0.616335,0.447355,,
Gardner_press_conferences_zscore__4d_topic_pca_ev1.5,118,0.9708,0.9687,150.75,175.68,675.222,0.0,0.672735,0.63837,0.620836,0.450516,,,4d,1.5
Gardner_press_conferences_zscore__4e_total_interactions_ev1.5,118,0.97,0.9675,155.79,183.5,596.5458,0.0,0.75929,0.707348,0.729292,0.533699,,
Gardner_press_conferences_zscore__4f_matched_interactions_ev1.5,118,0.974,0.9719,138.9,166.61,649.3978,0.0,0.617061,0.553087,0.50522,0.413153,,
Gardner_press_conferences_zscore__4g_novelty_ev1.5,117,0.9682,0.9652,163.93,194.31,466.1329,0.0,0.748459,0.622168,0.612946,0.390595,,
Gardner_press_conferences_zscore__4a_total_sent_ev2.0,118,0.9696,0.9682,149.51,166.13,959.3935,0.0,0.675655,0.628872,0.612689,0.476286,,
Gardner_press_conferences_zscore__4b_sent_sd_ev2.0,215,0.9721,0.9716,253.25,270.11,1973.2973,0.0,0.436296,0.426337,0.469204,0.333238,,
Gardner_press_conferences_zscore__4b_sent_var_ev2.0,215,0.9721,0.9716,253.25,270.11,1973.2973,0.0,0.436296,0.426337,0.469204,0.333238,,
Gardner_press_conferences_zscore__4b_sd_var_joint_ev2.0,215,0.9721,0.9716,253.25,270.11,1973.2973,0.0,0.436296,0.426337,0.469204,0.333238,,
Gardner_press_conferences_zscore__4b_consensus_ev2.0,118,0.9689,0.9663,160.13,187.83,629.0451,0.0,0.752038,0.618084,0.598885,0.378025,,
Gardner_press_conferences_zscore__4b_consensus_matched_interactions_ev2.0,118,0.9744,0.9723,137.24,164.95,789.7004,0.0,0.672328,0.506414,0.445009,0.329671,,
Gardner_press_conferences_zscore__4c_all_topics_ev2.0,118,0.9715,0.9691,150.03,177.74,695.8157,0.0,0.665794,0.631133,0.616335,0.447355,,
Gardner_press_conferences_zscore__4d_topic_pca_ev2.0,118,0.9708,0.9687,150.75,175.68,675.222,0.0,0.672735,0.63837,0.620836,0.450516,,,4d,2.0
Gardner_press_conferences_zscore__4e_total_interactions_ev2.0,118,0.97,0.9675,155.79,183.5,596.5458,0.0,0.75929,0.707348,0.729292,0.533699,,
Gardner_press_conferences_zscore__4f_matched_interactions_ev2.0,118,0.974,0.9719,138.9,166.61,649.3978,0.0,0.617061,0.553087,0.50522,0.413153,,
Gardner_press_conferences_zscore__4g_novelty_ev2.0,117,0.9682,0.9652,163.93,194.31,466.1329,0.0,0.748459,0.622168,0.612946,0.390595,,
Gardner_press_conferences_zscore__4a_total_sent_ev2.5,118,0.9696,0.9682,149.51,166.13,959.3935,0.0,0.675655,0.628872,0.612689,0.476286,,
Gardner_press_conferences_zscore__4b_sent_sd_ev2.5,215,0.9721,0.9716,253.25,270.11,1973.2973,0.0,0.436296,0.426337,0.469204,0.333238,,
Gardner_press_conferences_zscore__4b_sent_var_ev2.5,215,0.9721,0.9716,253.25,270.11,1973.2973,0.0,0.436296,0.426337,0.469204,0.333238,,
Gardner_press_conferences_zscore__4b_sd_var_joint_ev2.5,215,0.9721,0.9716,253.25,270.11,1973.2973,0.0,0.436296,0.426337,0.469204,0.333238,,
Gardner_press_conferences_zscore__4b_consensus_ev2.5,118,0.9689,0.9663,160.13,187.83,629.0451,0.0,0.752038,0.618084,0.598885,0.378025,,
Gardner_press_conferences_zscore__4b_consensus_matched_interactions_ev2.5,118,0.9744,0.9723,137.24,164.95,789.7004,0.0,0.672328,0.506414,0.445009,0.329671,,
Gardner_press_conferences_zscore__4c_all_topics_ev2.5,118,0.9715,0.9691,150.03,177.74,695.8157,0.0,0.665794,0.631133,0.616335,0.447355,,
Gardner_press_conferences_zscore__4d_topic_pca_ev2.5,118,0.9708,0.9687,150.75,175.68,675.222,0.0,0.672735,0.63837,0.620836,0.450516,,,4d,2.5
Gardner_press_conferences_zscore__4e_total_interactions_ev2.5,118,0.97,0.9675,155.79,183.5,596.5458,0.0,0.75929,0.707348,0.729292,0.533699,,
Gardner_press_conferences_zscore__4f_matched_interactions_ev2.5,118,0.974,0.9719,138.9,166.61,649.3978,0.0,0.617061,0.553087,0.50522,0.413153,,
Gardner_press_conferences_zscore__4g_novelty_ev2.5,117,0.9682,0.9652,163.93,194.31,466.1329,0.0,0.748459,0.622168,0.612946,0.390595,,
Gardner_press_conferences_zscore__4a_total_sent_ev3.0,118,0.9696,0.9682,149.51,166.13,959.3935,0.0,0.675655,0.628872,0.612689,0.476286,,
Gardner_press_conferences_zscore__4b_sent_sd_ev3.0,215,0.9721,0.9716,253.25,270.11,1973.2973,0.0,0.436296,0.426337,0.469204,0.333238,,
Gardner_press_conferences_zscore__4b_sent_var_ev3.0,215,0.9721,0.9716,253.25,270.11,1973.2973,0.0,0.436296,0.426337,0.469204,0.333238,,
Gardner_press_conferences_zscore__4b_sd_var_joint_ev3.0,215,0.9721,0.9716,253.25,270.11,1973.2973,0.0,0.436296,0.426337,0.469204,0.333238,,
Gardner_press_conferences_zscore__4b_consensus_ev3.0,118,0.9689,0.9663,160.13,187.83,629.0451,0.0,0.752038,0.618084,0.598885,0.378025,,
Gardner_press_conferences_zscore__4b_consensus_matched_interactions_ev3.0,118,0.9744,0.9723,137.24,164.95,789.7004,0.0,0.672328,0.506414,0.445009,0.329671,,
Gardner_press_conferences_zscore__4c_all_topics_ev3.0,118,0.9715,0.9691,150.03,177.74,695.8157,0.0,0.665794,0.631133,0.616335,0.447355,,
Gardner_press_conferences_zscore__4d_topic_pca_ev3.0,118,0.9708,0.9687,150.75,175.68,675.222,0.0,0.672735,0.63837,0.620836,0.450516,,,4d,3.0
Gardner_press_conferences_zscore__4e_total_interactions_ev3.0,118,0.97,0.9675,155.79,183.5,596.5458,0.0,0.75929,0.707348,0.729292,0.533699,,
Gardner_press_conferences_zscore__4f_matched_interactions_ev3.0,118,0.974,0.9719,138.9,166.61,649.3978,0.0,0.617061,0.553087,0.50522,0.413153,,
Gardner_press_conferences_zscore__4g_novelty_ev3.0,117,0.9682,0.9652,163.93,194.31,466.1329,0.0,0.748459,0.622168,0.612946,0.390595,,
Gardner_statements_minutes_speeches_press_conferences_wordcount__4a_total_sent_ev1.0,215,0.9721,0.9715,255.12,275.34,1600.5329,0.0,0.436378,0.426309,0.46893,0.331787,-0.2708,
Gardner_statements_minutes_speeches_press_conferences_wordcount__4b_sent_sd_ev1.0,215,0.9721,0.9716,253.25,270.11,1973.2973,0.0,0.436296,0.426337,0.469204,0.333238,,
Gardner_statements_minutes_speeches_press_conferences_wordcount__4b_sent_var_ev1.0,215,0.9721,0.9716,253.25,270.11,1973.2973,0.0,0.436296,0.426337,0.469204,0.333238,,
Gardner_statements_minutes_speeches_press_conferences_wordcount__4b_sd_var_joint_ev1.0,215,0.9721,0.9716,253.25,270.11,1973.2973,0.0,0.436296,0.426337,0.469204,0.333238,,
Gardner_statements_minutes_speeches_press_conferences_wordcount__4b_consensus_ev1.0,215,0.9752,0.9741,237.82,271.53,958.1392,0.0,0.407385,0.419894,0.47876,0.358689,2.2694,0.0116
Gardner_statements_minutes_speeches_press_conferences_wordcount__4b_consensus_matched_interactions_ev1.0,215,0.9745,0.9734,244.03,277.73,1015.1311,0.0,0.433943,0.426106,0.489604,0.314511,0.9566,0.1694
Gardner_statements_minutes_speeches_press_conferences_wordcount__4c_all_topics_ev1.0,215,0.9732,0.972,254.93,288.64,929.6626,0.0,0.487862,0.450918,0.479506,0.365327,-2.8697,
Gardner_statements_minutes_speeches_press_conferences_wordcount__4d_topic_pca_ev1.0,215,0.9731,0.9721,253.17,283.5,1057.0312,0.0,0.479137,0.447641,0.476803,0.348626,-2.668,,4d,1.0
Gardner_statements_minutes_speeches_press_conferences_wordcount__4e_total_interactions_ev1.0,215,0.977,0.976,221.85,255.56,1095.5646,0.0,0.452002,0.355034,0.384611,0.174867,1.0788,
Gardner_statements_minutes_speeches_press_conferences_wordcount__4f_matched_interactions_ev1.0,215,0.9752,0.9741,238.16,271.87,1048.2884,0.0,0.427843,0.428161,0.405352,0.20345,1.2074,0.1136
Gardner_statements_minutes_speeches_press_conferences_wordcount__4g_novelty_ev1.0,214,0.9722,0.971,260.7,294.36,899.4674,0.0,0.442286,0.429184,0.470338,0.330898,3.1321,
Gardner_statements_minutes_speeches_press_conferences_wordcount__4a_total_sent_ev1.5,215,0.9721,0.9715,255.12,275.34,1600.5329,0.0,0.436378,0.426309,0.46893,0.331787,-0.2708,
Gardner_statements_minutes_speeches_press_conferences_wordcount__4b_sent_sd_ev1.5,215,0.9721,0.9716,253.25,270.11,1973.2973,0.0,0.436296,0.426337,0.469204,0.333238,,
Gardner_statements_minutes_speeches_press_conferences_wordcount__4b_sent_var_ev1.5,215,0.9721,0.9716,253.25,270.11,1973.2973,0.0,0.436296,0.426337,0.469204,0.333238,,
Gardner_statements_minutes_speeches_press_conferences_wordcount__4b_sd_var_joint_ev1.5,215,0.9721,0.9716,253.25,270.11,1973.2973,0.0,0.436296,0.426337,0.469204,0.333238,,
Gardner_statements_minutes_speeches_press_conferences_wordcount__4b_consensus_ev1.5,215,0.9752,0.9741,237.82,271.53,958.1392,0.0,0.407385,0.419894,0.47876,0.358689,2.2694,0.0116
Gardner_statements_minutes_speeches_press_conferences_wordcount__4b_consensus_matched_interactions_ev1.5,215,0.9745,0.9734,244.03,277.73,1015.1311,0.0,0.433943,0.426106,0.489604,0.314511,0.9566,0.1694
Gardner_statements_minutes_speeches_press_conferences_wordcount__4c_all_topics_ev1.5,215,0.9732,0.972,254.93,288.64,929.6626,0.0,0.487862,0.450918,0.479506,0.365327,-2.8697,
Gardner_statements_minutes_speeches_press_conferences_wordcount__4d_topic_pca_ev1.5,215,0.9731,0.9721,253.17,283.5,1057.0312,0.0,0.479137,0.447641,0.476803,0.348626,-2.668,,4d,1.5
Gardner_statements_minutes_speeches_press_conferences_wordcount__4e_total_interactions_ev1.5,215,0.977,0.976,221.85,255.56,1095.5646,0.0,0.452002,0.355034,0.384611,0.174867,1.0788,
Gardner_statements_minutes_speeches_press_conferences_wordcount__4f_matched_interactions_ev1.5,215,0.9752,0.9741,238.16,271.87,1048.2884,0.0,0.427843,0.428161,0.405352,0.20345,1.2074,0.1136
Gardner_statements_minutes_speeches_press_conferences_wordcount__4g_novelty_ev1.5,214,0.9722,0.971,260.7,294.36,899.4674,0.0,0.442286,0.429184,0.470338,0.330898,3.1321,
Gardner_statements_minutes_speeches_press_conferences_wordcount__4a_total_sent_ev2.0,215,0.9721,0.9715,255.12,275.34,1600.5329,0.0,0.436378,0.426309,0.46893,0.331787,-0.2708,
Gardner_statements_minutes_speeches_press_conferences_wordcount__4b_sent_sd_ev2.0,215,0.9721,0.9716,253.25,270.11,1973.2973,0.0,0.436296,0.426337,0.469204,0.333238,,
Gardner_statements_minutes_speeches_press_conferences_wordcount__4b_sent_var_ev2.0,215,0.9721,0.9716,253.25,270.11,1973.2973,0.0,0.436296,0.426337,0.469204,0.333238,,
Gardner_statements_minutes_speeches_press_conferences_wordcount__4b_sd_var_joint_ev2.0,215,0.9721,0.9716,253.25,270.11,1973.2973,0.0,0.436296,0.426337,0.469204,0.333238,,
Gardner_statements_minutes_speeches_press_conferences_wordcount__4b_consensus_ev2.0,215,0.9752,0.9741,237.82,271.53,958.1392,0.0,0.407385,0.419894,0.47876,0.358689,2.2694,0.0116
Gardner_statements_minutes_speeches_press_conferences_wordcount__4b_consensus_matched_interactions_ev2.0,215,0.9745,0.9734,244.03,277.73,1015.1311,0.0,0.433943,0.426106,0.489604,0.314511,0.9566,0.1694
Gardner_statements_minutes_speeches_press_conferences_wordcount__4c_all_topics_ev2.0,215,0.9732,0.972,254.93,288.64,929.6626,0.0,0.487862,0.450918,0.479506,0.365327,-2.8697,
Gardner_statements_minutes_speeches_press_conferences_wordcount__4d_topic_pca_ev2.0,215,0.9731,0.9721,253.17,283.5,1057.0312,0.0,0.479137,0.447641,0.476803,0.348626,-2.668,,4d,2.0
Gardner_statements_minutes_speeches_press_conferences_wordcount__4e_total_interactions_ev2.0,215,0.977,0.976,221.85,255.56,1095.5646,0.0,0.452002,0.355034,0.384611,0.174867,1.0788,
Gardner_statements_minutes_speeches_press_conferences_wordcount__4f_matched_interactions_ev2.0,215,0.9752,0.9741,238.16,271.87,1048.2884,0.0,0.427843,0.428161,0.405352,0.20345,1.2074,0.1136
Gardner_statements_minutes_speeches_press_conferences_wordcount__4g_novelty_ev2.0,214,0.9722,0.971,260.7,294.36,899.4674,0.0,0.442286,0.429184,0.470338,0.330898,3.1321,
Gardner_statements_minutes_speeches_press_conferences_wordcount__4a_total_sent_ev2.5,215,0.9721,0.9715,255.12,275.34,1600.5329,0.0,0.436378,0.426309,0.46893,0.331787,-0.2708,
Gardner_statements_minutes_speeches_press_conferences_wordcount__4b_sent_sd_ev2.5,215,0.9721,0.9716,253.25,270.11,1973.2973,0.0,0.436296,0.426337,0.469204,0.333238,,
Gardner_statements_minutes_speeches_press_conferences_wordcount__4b_sent_var_ev2.5,215,0.9721,0.9716,253.25,270.11,1973.2973,0.0,0.436296,0.426337,0.469204,0.333238,,
Gardner_statements_minutes_speeches_press_conferences_wordcount__4b_sd_var_joint_ev2.5,215,0.9721,0.9716,253.25,270.11,1973.2973,0.0,0.436296,0.426337,0.469204,0.333238,,
Gardner_statements_minutes_speeches_press_conferences_wordcount__4b_consensus_ev2.5,215,0.9752,0.9741,237.82,271.53,958.1392,0.0,0.407385,0.419894,0.47876,0.358689,2.2694,0.0116
Gardner_statements_minutes_speeches_press_conferences_wordcount__4b_consensus_matched_interactions_ev2.5,215,0.9745,0.9734,244.03,277.73,1015.1311,0.0,0.433943,0.426106,0.489604,0.314511,0.9566,0.1694
Gardner_statements_minutes_speeches_press_conferences_wordcount__4c_all_topics_ev2.5,215,0.9732,0.972,254.93,288.64,929.6626,0.0,0.487862,0.450918,0.479506,0.365327,-2.8697,
Gardner_statements_minutes_speeches_press_conferences_wordcount__4d_topic_pca_ev2.5,215,0.9731,0.9721,253.17,283.5,1057.0312,0.0,0.479137,0.447641,0.476803,0.348626,-2.668,,4d,2.5
Gardner_statements_minutes_speeches_press_conferences_wordcount__4e_total_interactions_ev2.5,215,0.977,0.976,221.85,255.56,1095.5646,0.0,0.452002,0.355034,0.384611,0.174867,1.0788,
Gardner_statements_minutes_speeches_press_conferences_wordcount__4f_matched_interactions_ev2.5,215,0.9752,0.9741,238.16,271.87,1048.2884,0.0,0.427843,0.428161,0.405352,0.20345,1.2074,0.1136
Gardner_statements_minutes_speeches_press_conferences_wordcount__4g_novelty_ev2.5,214,0.9722,0.971,260.7,294.36,899.4674,0.0,0.442286,0.429184,0.470338,0.330898,3.1321,
Gardner_statements_minutes_speeches_press_conferences_wordcount__4a_total_sent_ev3.0,215,0.9721,0.9715,255.12,275.34,1600.5329,0.0,0.436378,0.426309,0.46893,0.331787,-0.2708,
Gardner_statements_minutes_speeches_press_conferences_wordcount__4b_sent_sd_ev3.0,215,0.9721,0.9716,253.25,270.11,1973.2973,0.0,0.436296,0.426337,0.469204,0.333238,,
Gardner_statements_minutes_speeches_press_conferences_wordcount__4b_sent_var_ev3.0,215,0.9721,0.9716,253.25,270.11,1973.2973,0.0,0.436296,0.426337,0.469204,0.333238,,
Gardner_statements_minutes_speeches_press_conferences_wordcount__4b_sd_var_joint_ev3.0,215,0.9721,0.9716,253.25,270.11,1973.2973,0.0,0.436296,0.426337,0.469204,0.333238,,
Gardner_statements_minutes_speeches_press_conferences_wordcount__4b_consensus_ev3.0,215,0.9752,0.9741,237.82,271.53,958.1392,0.0,0.407385,0.419894,0.47876,0.358689,2.2694,0.0116
Gardner_statements_minutes_speeches_press_conferences_wordcount__4b_consensus_matched_interactions_ev3.0,215,0.9745,0.9734,244.03,277.73,1015.1311,0.0,0.433943,0.426106,0.489604,0.314511,0.9566,0.1694
Gardner_statements_minutes_speeches_press_conferences_wordcount__4c_all_topics_ev3.0,215,0.9732,0.972,254.93,288.64,929.6626,0.0,0.487862,0.450918,0.479506,0.365327,-2.8697,
Gardner_statements_minutes_speeches_press_conferences_wordcount__4d_topic_pca_ev3.0,215,0.9731,0.9721,253.17,283.5,1057.0312,0.0,0.479137,0.447641,0.476803,0.348626,-2.668,,4d,3.0
Gardner_statements_minutes_speeches_press_conferences_wordcount__4e_total_interactions_ev3.0,215,0.977,0.976,221.85,255.56,1095.5646,0.0,0.452002,0.355034,0.384611,0.174867,1.0788,
Gardner_statements_minutes_speeches_press_conferences_wordcount__4f_matched_interactions_ev3.0,215,0.9752,0.9741,238.16,271.87,1048.2884,0.0,0.427843,0.428161,0.405352,0.20345,1.2074,0.1136
Gardner_statements_minutes_speeches_press_conferences_wordcount__4g_novelty_ev3.0,214,0.9722,0.971,260.7,294.36,899.4674,0.0,0.442286,0.429184,0.470338,0.330898,3.1321,
Gardner_statements_minutes_speeches_press_conferences_zscore__4a_total_sent_ev1.0,215,0.9722,0.9716,254.21,274.44,1567.9385,0.0,0.436602,0.432825,0.475996,0.353597,0.5485,
Gardner_statements_minutes_speeches_press_conferences_zscore__4b_sent_sd_ev1.0,215,0.9721,0.9716,253.25,270.11,1973.2973,0.0,0.436296,0.426337,0.469204,0.333238,,
Gardner_statements_minutes_speeches_press_conferences_zscore__4b_sent_var_ev1.0,215,0.9721,0.9716,253.25,270.11,1973.2973,0.0,0.436296,0.426337,0.469204,0.333238,,
Gardner_statements_minutes_speeches_press_conferences_zscore__4b_sd_var_joint_ev1.0,215,0.9721,0.9716,253.25,270.11,1973.2973,0.0,0.436296,0.426337,0.469204,0.333238,,
Gardner_statements_minutes_speeches_press_conferences_zscore__4b_consensus_ev1.0,215,0.9741,0.973,247.4,281.11,970.5447,0.0,0.433447,0.436908,0.482632,0.29366,1.5714,0.058
Gardner_statements_minutes_speeches_press_conferences_zscore__4b_consensus_matched_interactions_ev1.0,215,0.9729,0.9717,257.31,291.02,919.9608,0.0,0.48923,0.480209,0.56581,0.329187,-0.1052,
Gardner_statements_minutes_speeches_press_conferences_zscore__4c_all_topics_ev1.0,215,0.9734,0.9722,253.26,286.97,954.6172,0.0,0.506964,0.458969,0.510432,0.376633,-1.926,
Gardner_statements_minutes_speeches_press_conferences_zscore__4d_topic_pca_ev1.0,215,0.9733,0.9722,252.25,282.58,1079.0145,0.0,0.482467,0.450792,0.502369,0.353489,-1.4203,,4d,1.0
Gardner_statements_minutes_speeches_press_conferences_zscore__4e_total_interactions_ev1.0,215,0.9769,0.9759,222.89,256.6,990.3012,0.0,0.424733,0.394612,0.428882,0.24685,2.6044,0.0046
Gardner_statements_minutes_speeches_press_conferences_zscore__4f_matched_interactions_ev1.0,215,0.9762,0.9752,229.11,262.82,993.0581,0.0,0.425793,0.43852,0.494981,0.216323,2.1265,0.0167
Gardner_statements_minutes_speeches_press_conferences_zscore__4g_novelty_ev1.0,214,0.9721,0.9707,263.71,300.73,785.538,0.0,0.451158,0.44013,0.481738,0.341097,3.0931,
Gardner_statements_minutes_speeches_press_conferences_zscore__4a_total_sent_ev1.5,215,0.9722,0.9716,254.21,274.44,1567.9385,0.0,0.436602,0.432825,0.475996,0.353597,0.5485,
Gardner_statements_minutes_speeches_press_conferences_zscore__4b_sent_sd_ev1.5,215,0.9721,0.9716,253.25,270.11,1973.2973,0.0,0.436296,0.426337,0.469204,0.333238,,
Gardner_statements_minutes_speeches_press_conferences_zscore__4b_sent_var_ev1.5,215,0.9721,0.9716,253.25,270.11,1973.2973,0.0,0.436296,0.426337,0.469204,0.333238,,
Gardner_statements_minutes_speeches_press_conferences_zscore__4b_sd_var_joint_ev1.5,215,0.9721,0.9716,253.25,270.11,1973.2973,0.0,0.436296,0.426337,0.469204,0.333238,,
Gardner_statements_minutes_speeches_press_conferences_zscore__4b_consensus_ev1.5,215,0.9741,0.973,247.4,281.11,970.5447,0.0,0.433447,0.436908,0.482632,0.29366,1.5714,0.058
Gardner_statements_minutes_speeches_press_conferences_zscore__4b_consensus_matched_interactions_ev1.5,215,0.9729,0.9717,257.31,291.02,919.9608,0.0,0.48923,0.480209,0.56581,0.329187,-0.1052,
Gardner_statements_minutes_speeches_press_conferences_zscore__4c_all_topics_ev1.5,215,0.9734,0.9722,253.26,286.97,954.6172,0.0,0.506964,0.458969,0.510432,0.376633,-1.926,
Gardner_statements_minutes_speeches_press_conferences_zscore__4d_topic_pca_ev1.5,215,0.9733,0.9722,252.25,282.58,1079.0145,0.0,0.482467,0.450792,0.502369,0.353489,-1.4203,,4d,1.5
Gardner_statements_minutes_speeches_press_conferences_zscore__4e_total_interactions_ev1.5,215,0.9769,0.9759,222.89,256.6,990.3012,0.0,0.424733,0.394612,0.428882,0.24685,2.6044,0.0046
Gardner_statements_minutes_speeches_press_conferences_zscore__4f_matched_interactions_ev1.5,215,0.9762,0.9752,229.11,262.82,993.0581,0.0,0.425793,0.43852,0.494981,0.216323,2.1265,0.0167
Gardner_statements_minutes_speeches_press_conferences_zscore__4g_novelty_ev1.5,214,0.9721,0.9707,263.71,300.73,785.538,0.0,0.451158,0.44013,0.481738,0.341097,3.0931,
Gardner_statements_minutes_speeches_press_conferences_zscore__4a_total_sent_ev2.0,215,0.9722,0.9716,254.21,274.44,1567.9385,0.0,0.436602,0.432825,0.475996,0.353597,0.5485,
Gardner_statements_minutes_speeches_press_conferences_zscore__4b_sent_sd_ev2.0,215,0.9721,0.9716,253.25,270.11,1973.2973,0.0,0.436296,0.426337,0.469204,0.333238,,
Gardner_statements_minutes_speeches_press_conferences_zscore__4b_sent_var_ev2.0,215,0.9721,0.9716,253.25,270.11,1973.2973,0.0,0.436296,0.426337,0.469204,0.333238,,
Gardner_statements_minutes_speeches_press_conferences_zscore__4b_sd_var_joint_ev2.0,215,0.9721,0.9716,253.25,270.11,1973.2973,0.0,0.436296,0.426337,0.469204,0.333238,,
Gardner_statements_minutes_speeches_press_conferences_zscore__4b_consensus_ev2.0,215,0.9741,0.973,247.4,281.11,970.5447,0.0,0.433447,0.436908,0.482632,0.29366,1.5714,0.058
Gardner_statements_minutes_speeches_press_conferences_zscore__4b_consensus_matched_interactions_ev2.0,215,0.9729,0.9717,257.31,291.02,919.9608,0.0,0.48923,0.480209,0.56581,0.329187,-0.1052,
Gardner_statements_minutes_speeches_press_conferences_zscore__4c_all_topics_ev2.0,215,0.9734,0.9722,253.26,286.97,954.6172,0.0,0.506964,0.458969,0.510432,0.376633,-1.926,
Gardner_statements_minutes_speeches_press_conferences_zscore__4d_topic_pca_ev2.0,215,0.9733,0.9722,252.25,282.58,1079.0145,0.0,0.482467,0.450792,0.502369,0.353489,-1.4203,,4d,2.0
Gardner_statements_minutes_speeches_press_conferences_zscore__4e_total_interactions_ev2.0,215,0.9769,0.9759,222.89,256.6,990.3012,0.0,0.424733,0.394612,0.428882,0.24685,2.6044,0.0046
Gardner_statements_minutes_speeches_press_conferences_zscore__4f_matched_interactions_ev2.0,215,0.9762,0.9752,229.11,262.82,993.0581,0.0,0.425793,0.43852,0.494981,0.216323,2.1265,0.0167
Gardner_statements_minutes_speeches_press_conferences_zscore__4g_novelty_ev2.0,214,0.9721,0.9707,263.71,300.73,785.538,0.0,0.451158,0.44013,0.481738,0.341097,3.0931,
Gardner_statements_minutes_speeches_press_conferences_zscore__4a_total_sent_ev2.5,215,0.9722,0.9716,254.21,274.44,1567.9385,0.0,0.436602,0.432825,0.475996,0.353597,0.5485,
Gardner_statements_minutes_speeches_press_conferences_zscore__4b_sent_sd_ev2.5,215,0.9721,0.9716,253.25,270.11,1973.2973,0.0,0.436296,0.426337,0.469204,0.333238,,
Gardner_statements_minutes_speeches_press_conferences_zscore__4b_sent_var_ev2.5,215,0.9721,0.9716,253.25,270.11,1973.2973,0.0,0.436296,0.426337,0.469204,0.333238,,
Gardner_statements_minutes_speeches_press_conferences_zscore__4b_sd_var_joint_ev2.5,215,0.9721,0.9716,253.25,270.11,1973.2973,0.0,0.436296,0.426337,0.469204,0.333238,,
Gardner_statements_minutes_speeches_press_conferences_zscore__4b_consensus_ev2.5,215,0.9741,0.973,247.4,281.11,970.5447,0.0,0.433447,0.436908,0.482632,0.29366,1.5714,0.058
Gardner_statements_minutes_speeches_press_conferences_zscore__4b_consensus_matched_interactions_ev2.5,215,0.9729,0.9717,257.31,291.02,919.9608,0.0,0.48923,0.480209,0.56581,0.329187,-0.1052,
Gardner_statements_minutes_speeches_press_conferences_zscore__4c_all_topics_ev2.5,215,0.9734,0.9722,253.26,286.97,954.6172,0.0,0.506964,0.458969,0.510432,0.376633,-1.926,
Gardner_statements_minutes_speeches_press_conferences_zscore__4d_topic_pca_ev2.5,215,0.9733,0.9722,252.25,282.58,1079.0145,0.0,0.482467,0.450792,0.502369,0.353489,-1.4203,,4d,2.5
Gardner_statements_minutes_speeches_press_conferences_zscore__4e_total_interactions_ev2.5,215,0.9769,0.9759,222.89,256.6,990.3012,0.0,0.424733,0.394612,0.428882,0.24685,2.6044,0.0046
Gardner_statements_minutes_speeches_press_conferences_zscore__4f_matched_interactions_ev2.5,215,0.9762,0.9752,229.11,262.82,993.0581,0.0,0.425793,0.43852,0.494981,0.216323,2.1265,0.0167
Gardner_statements_minutes_speeches_press_conferences_zscore__4g_novelty_ev2.5,214,0.9721,0.9707,263.71,300.73,785.538,0.0,0.451158,0.44013,0.481738,0.341097,3.0931,
Gardner_statements_minutes_speeches_press_conferences_zscore__4a_total_sent_ev3.0,215,0.9722,0.9716,254.21,274.44,1567.9385,0.0,0.436602,0.432825,0.475996,0.353597,0.5485,
Gardner_statements_minutes_speeches_press_conferences_zscore__4b_sent_sd_ev3.0,215,0.9721,0.9716,253.25,270.11,1973.2973,0.0,0.436296,0.426337,0.469204,0.333238,,
Gardner_statements_minutes_speeches_press_conferences_zscore__4b_sent_var_ev3.0,215,0.9721,0.9716,253.25,270.11,1973.2973,0.0,0.436296,0.426337,0.469204,0.333238,,
Gardner_statements_minutes_speeches_press_conferences_zscore__4b_sd_var_joint_ev3.0,215,0.9721,0.9716,253.25,270.11,1973.2973,0.0,0.436296,0.426337,0.469204,0.333238,,
Gardner_statements_minutes_speeches_press_conferences_zscore__4b_consensus_ev3.0,215,0.9741,0.973,247.4,281.11,970.5447,0.0,0.433447,0.436908,0.482632,0.29366,1.5714,0.058
Gardner_statements_minutes_speeches_press_conferences_zscore__4b_consensus_matched_interactions_ev3.0,215,0.9729,0.9717,257.31,291.02,919.9608,0.0,0.48923,0.480209,0.56581,0.329187,-0.1052,
Gardner_statements_minutes_speeches_press_conferences_zscore__4c_all_topics_ev3.0,215,0.9734,0.9722,253.26,286.97,954.6172,0.0,0.506964,0.458969,0.510432,0.376633,-1.926,
Gardner_statements_minutes_speeches_press_conferences_zscore__4d_topic_pca_ev3.0,215,0.9733,0.9722,252.25,282.58,1079.0145,0.0,0.482467,0.450792,0.502369,0.353489,-1.4203,,4d,3.0
Gardner_statements_minutes_speeches_press_conferences_zscore__4e_total_interactions_ev3.0,215,0.9769,0.9759,222.89,256.6,990.3012,0.0,0.424733,0.394612,0.428882,0.24685,2.6044,0.0046
Gardner_statements_minutes_speeches_press_conferences_zscore__4f_matched_interactions_ev3.0,215,0.9762,0.9752,229.11,262.82,993.0581,0.0,0.425793,0.43852,0.494981,0.216323,2.1265,0.0167
Gardner_statements_minutes_speeches_press_conferences_zscore__4g_novelty_ev3.0,214,0.9721,0.9707,263.71,300.73,785.538,0.0,0.451158,0.44013,0.481738,0.341097,3.0931,
Sharpe_statements_wordcount__4a_total_sent_ev1.0,213,0.9723,0.9716,250.58,270.75,1574.8907,0.0,0.432184,0.414366,0.451591,0.308495,3.0524,0.0011
Sharpe_statements_wordcount__4b_sent_sd_ev1.0,215,0.9721,0.9716,253.25,270.11,1973.2973,0.0,0.436296,0.426337,0.469204,0.333238,,
Sharpe_statements_wordcount__4b_sent_var_ev1.0,215,0.9721,0.9716,253.25,270.11,1973.2973,0.0,0.436296,0.426337,0.469204,0.333238,,
Sharpe_statements_wordcount__4b_sd_var_joint_ev1.0,215,0.9721,0.9716,253.25,270.11,1973.2973,0.0,0.436296,0.426337,0.469204,0.333238,,
Sharpe_statements_wordcount__4b_consensus_ev1.0,213,0.972,0.9714,252.6,272.76,1605.0033,0.0,0.452888,0.43555,0.482356,0.349425,2.9523,
Sharpe_statements_wordcount__4e_total_interactions_ev1.0,213,0.9793,0.9784,196.12,229.73,1272.6194,0.0,0.469952,0.431297,0.404265,0.220295,3.673,
Sharpe_statements_wordcount__4f_matched_interactions_ev1.0,215,0.9721,0.9716,253.25,270.11,1973.2973,0.0,0.436296,0.426337,0.469204,0.333238,,
Sharpe_statements_wordcount__4g_novelty_ev1.0,212,0.9716,0.9709,254.67,274.81,1598.3571,0.0,0.442821,0.429558,0.471488,0.332408,2.7675,
Sharpe_statements_wordcount__4a_total_sent_ev1.5,213,0.9723,0.9716,250.58,270.75,1574.8907,0.0,0.432184,0.414366,0.451591,0.308495,3.0524,0.0011
Sharpe_statements_wordcount__4b_sent_sd_ev1.5,215,0.9721,0.9716,253.25,270.11,1973.2973,0.0,0.436296,0.426337,0.469204,0.333238,,
Sharpe_statements_wordcount__4b_sent_var_ev1.5,215,0.9721,0.9716,253.25,270.11,1973.2973,0.0,0.436296,0.426337,0.469204,0.333238,,
Sharpe_statements_wordcount__4b_sd_var_joint_ev1.5,215,0.9721,0.9716,253.25,270.11,1973.2973,0.0,0.436296,0.426337,0.469204,0.333238,,
Sharpe_statements_wordcount__4b_consensus_ev1.5,213,0.972,0.9714,252.6,272.76,1605.0033,0.0,0.452888,0.43555,0.482356,0.349425,2.9523,
Sharpe_statements_wordcount__4e_total_interactions_ev1.5,213,0.9793,0.9784,196.12,229.73,1272.6194,0.0,0.469952,0.431297,0.404265,0.220295,3.673,
Sharpe_statements_wordcount__4f_matched_interactions_ev1.5,215,0.9721,0.9716,253.25,270.11,1973.2973,0.0,0.436296,0.426337,0.469204,0.333238,,
Sharpe_statements_wordcount__4g_novelty_ev1.5,212,0.9716,0.9709,254.67,274.81,1598.3571,0.0,0.442821,0.429558,0.471488,0.332408,2.7675,
Sharpe_statements_wordcount__4a_total_sent_ev2.0,213,0.9723,0.9716,250.58,270.75,1574.8907,0.0,0.432184,0.414366,0.451591,0.308495,3.0524,0.0011
Sharpe_statements_wordcount__4b_sent_sd_ev2.0,215,0.9721,0.9716,253.25,270.11,1973.2973,0.0,0.436296,0.426337,0.469204,0.333238,,
Sharpe_statements_wordcount__4b_sent_var_ev2.0,215,0.9721,0.9716,253.25,270.11,1973.2973,0.0,0.436296,0.426337,0.469204,0.333238,,
Sharpe_statements_wordcount__4b_sd_var_joint_ev2.0,215,0.9721,0.9716,253.25,270.11,1973.2973,0.0,0.436296,0.426337,0.469204,0.333238,,
Sharpe_statements_wordcount__4b_consensus_ev2.0,213,0.972,0.9714,252.6,272.76,1605.0033,0.0,0.452888,0.43555,0.482356,0.349425,2.9523,
Sharpe_statements_wordcount__4e_total_interactions_ev2.0,213,0.9793,0.9784,196.12,229.73,1272.6194,0.0,0.469952,0.431297,0.404265,0.220295,3.673,
Sharpe_statements_wordcount__4f_matched_interactions_ev2.0,215,0.9721,0.9716,253.25,270.11,1973.2973,0.0,0.436296,0.426337,0.469204,0.333238,,
Sharpe_statements_wordcount__4g_novelty_ev2.0,212,0.9716,0.9709,254.67,274.81,1598.3571,0.0,0.442821,0.429558,0.471488,0.332408,2.7675,
Sharpe_statements_wordcount__4a_total_sent_ev2.5,213,0.9723,0.9716,250.58,270.75,1574.8907,0.0,0.432184,0.414366,0.451591,0.308495,3.0524,0.0011
Sharpe_statements_wordcount__4b_sent_sd_ev2.5,215,0.9721,0.9716,253.25,270.11,1973.2973,0.0,0.436296,0.426337,0.469204,0.333238,,
Sharpe_statements_wordcount__4b_sent_var_ev2.5,215,0.9721,0.9716,253.25,270.11,1973.2973,0.0,0.436296,0.426337,0.469204,0.333238,,
Sharpe_statements_wordcount__4b_sd_var_joint_ev2.5,215,0.9721,0.9716,253.25,270.11,1973.2973,0.0,0.436296,0.426337,0.469204,0.333238,,
Sharpe_statements_wordcount__4b_consensus_ev2.5,213,0.972,0.9714,252.6,272.76,1605.0033,0.0,0.452888,0.43555,0.482356,0.349425,2.9523,
Sharpe_statements_wordcount__4e_total_interactions_ev2.5,213,0.9793,0.9784,196.12,229.73,1272.6194,0.0,0.469952,0.431297,0.404265,0.220295,3.673,
Sharpe_statements_wordcount__4f_matched_interactions_ev2.5,215,0.9721,0.9716,253.25,270.11,1973.2973,0.0,0.436296,0.426337,0.469204,0.333238,,
Sharpe_statements_wordcount__4g_novelty_ev2.5,212,0.9716,0.9709,254.67,274.81,1598.3571,0.0,0.442821,0.429558,0.471488,0.332408,2.7675,
Sharpe_statements_wordcount__4a_total_sent_ev3.0,213,0.9723,0.9716,250.58,270.75,1574.8907,0.0,0.432184,0.414366,0.451591,0.308495,3.0524,0.0011
Sharpe_statements_wordcount__4b_sent_sd_ev3.0,215,0.9721,0.9716,253.25,270.11,1973.2973,0.0,0.436296,0.426337,0.469204,0.333238,,
Sharpe_statements_wordcount__4b_sent_var_ev3.0,215,0.9721,0.9716,253.25,270.11,1973.2973,0.0,0.436296,0.426337,0.469204,0.333238,,
Sharpe_statements_wordcount__4b_sd_var_joint_ev3.0,215,0.9721,0.9716,253.25,270.11,1973.2973,0.0,0.436296,0.426337,0.469204,0.333238,,
Sharpe_statements_wordcount__4b_consensus_ev3.0,213,0.972,0.9714,252.6,272.76,1605.0033,0.0,0.452888,0.43555,0.482356,0.349425,2.9523,
Sharpe_statements_wordcount__4e_total_interactions_ev3.0,213,0.9793,0.9784,196.12,229.73,1272.6194,0.0,0.469952,0.431297,0.404265,0.220295,3.673,
Sharpe_statements_wordcount__4f_matched_interactions_ev3.0,215,0.9721,0.9716,253.25,270.11,1973.2973,0.0,0.436296,0.426337,0.469204,0.333238,,
Sharpe_statements_wordcount__4g_novelty_ev3.0,212,0.9716,0.9709,254.67,274.81,1598.3571,0.0,0.442821,0.429558,0.471488,0.332408,2.7675,
Sharpe_statements_zscore__4a_total_sent_ev1.0,213,0.9724,0.9718,249.64,269.81,1683.0835,0.0,0.425793,0.418191,0.459294,0.292968,3.2893,0.0005
Sharpe_statements_zscore__4b_sent_sd_ev1.0,215,0.9721,0.9716,253.25,270.11,1973.2973,0.0,0.436296,0.426337,0.469204,0.333238,,
Sharpe_statements_zscore__4b_sent_var_ev1.0,215,0.9721,0.9716,253.25,270.11,1973.2973,0.0,0.436296,0.426337,0.469204,0.333238,,
Sharpe_statements_zscore__4b_sd_var_joint_ev1.0,215,0.9721,0.9716,253.25,270.11,1973.2973,0.0,0.436296,0.426337,0.469204,0.333238,,
Sharpe_statements_zscore__4b_consensus_ev1.0,213,0.9717,0.9711,254.89,275.06,1556.0562,0.0,0.440084,0.433169,0.478952,0.344182,3.0247,
Sharpe_statements_zscore__4e_total_interactions_ev1.0,213,0.9813,0.9805,174.89,208.51,1784.8648,0.0,0.420861,0.452998,0.427977,0.209914,4.5596,0.0
Sharpe_statements_zscore__4f_matched_interactions_ev1.0,215,0.9721,0.9716,253.25,270.11,1973.2973,0.0,0.436296,0.426337,0.469204,0.333238,,
Sharpe_statements_zscore__4g_novelty_ev1.0,212,0.9716,0.9709,254.66,274.8,1596.2849,0.0,0.442553,0.429831,0.471097,0.332106,2.7709,
Sharpe_statements_zscore__4a_total_sent_ev1.5,213,0.9724,0.9718,249.64,269.81,1683.0835,0.0,0.425793,0.418191,0.459294,0.292968,3.2893,0.0005
Sharpe_statements_zscore__4b_sent_sd_ev1.5,215,0.9721,0.9716,253.25,270.11,1973.2973,0.0,0.436296,0.426337,0.469204,0.333238,,
Sharpe_statements_zscore__4b_sent_var_ev1.5,215,0.9721,0.9716,253.25,270.11,1973.2973,0.0,0.436296,0.426337,0.469204,0.333238,,
Sharpe_statements_zscore__4b_sd_var_joint_ev1.5,215,0.9721,0.9716,253.25,270.11,1973.2973,0.0,0.436296,0.426337,0.469204,0.333238,,
Sharpe_statements_zscore__4b_consensus_ev1.5,213,0.9717,0.9711,254.89,275.06,1556.0562,0.0,0.440084,0.433169,0.478952,0.344182,3.0247,
Sharpe_statements_zscore__4e_total_interactions_ev1.5,213,0.9813,0.9805,174.89,208.51,1784.8648,0.0,0.420861,0.452998,0.427977,0.209914,4.5596,0.0
Sharpe_statements_zscore__4f_matched_interactions_ev1.5,215,0.9721,0.9716,253.25,270.11,1973.2973,0.0,0.436296,0.426337,0.469204,0.333238,,
Sharpe_statements_zscore__4g_novelty_ev1.5,212,0.9716,0.9709,254.66,274.8,1596.2849,0.0,0.442553,0.429831,0.471097,0.332106,2.7709,
Sharpe_statements_zscore__4a_total_sent_ev2.0,213,0.9724,0.9718,249.64,269.81,1683.0835,0.0,0.425793,0.418191,0.459294,0.292968,3.2893,0.0005
Sharpe_statements_zscore__4b_sent_sd_ev2.0,215,0.9721,0.9716,253.25,270.11,1973.2973,0.0,0.436296,0.426337,0.469204,0.333238,,
Sharpe_statements_zscore__4b_sent_var_ev2.0,215,0.9721,0.9716,253.25,270.11,1973.2973,0.0,0.436296,0.426337,0.469204,0.333238,,
Sharpe_statements_zscore__4b_sd_var_joint_ev2.0,215,0.9721,0.9716,253.25,270.11,1973.2973,0.0,0.436296,0.426337,0.469204,0.333238,,
Sharpe_statements_zscore__4b_consensus_ev2.0,213,0.9717,0.9711,254.89,275.06,1556.0562,0.0,0.440084,0.433169,0.478952,0.344182,3.0247,
Sharpe_statements_zscore__4e_total_interactions_ev2.0,213,0.9813,0.9805,174.89,208.51,1784.8648,0.0,0.420861,0.452998,0.427977,0.209914,4.5596,0.0
Sharpe_statements_zscore__4f_matched_interactions_ev2.0,215,0.9721,0.9716,253.25,270.11,1973.2973,0.0,0.436296,0.426337,0.469204,0.333238,,
Sharpe_statements_zscore__4g_novelty_ev2.0,212,0.9716,0.9709,254.66,274.8,1596.2849,0.0,0.442553,0.429831,0.471097,0.332106,2.7709,
Sharpe_statements_zscore__4a_total_sent_ev2.5,213,0.9724,0.9718,249.64,269.81,1683.0835,0.0,0.425793,0.418191,0.459294,0.292968,3.2893,0.0005
Sharpe_statements_zscore__4b_sent_sd_ev2.5,215,0.9721,0.9716,253.25,270.11,1973.2973,0.0,0.436296,0.426337,0.469204,0.333238,,
Sharpe_statements_zscore__4b_sent_var_ev2.5,215,0.9721,0.9716,253.25,270.11,1973.2973,0.0,0.436296,0.426337,0.469204,0.333238,,
Sharpe_statements_zscore__4b_sd_var_joint_ev2.5,215,0.9721,0.9716,253.25,270.11,1973.2973,0.0,0.436296,0.426337,0.469204,0.333238,,
Sharpe_statements_zscore__4b_consensus_ev2.5,213,0.9717,0.9711,254.89,275.06,1556.0562,0.0,0.440084,0.433169,0.478952,0.344182,3.0247,
Sharpe_statements_zscore__4e_total_interactions_ev2.5,213,0.9813,0.9805,174.89,208.51,1784.8648,0.0,0.420861,0.452998,0.427977,0.209914,4.5596,0.0
Sharpe_statements_zscore__4f_matched_interactions_ev2.5,215,0.9721,0.9716,253.25,270.11,1973.2973,0.0,0.436296,0.426337,0.469204,0.333238,,
Sharpe_statements_zscore__4g_novelty_ev2.5,212,0.9716,0.9709,254.66,274.8,1596.2849,0.0,0.442553,0.429831,0.471097,0.332106,2.7709,
Sharpe_statements_zscore__4a_total_sent_ev3.0,213,0.9724,0.9718,249.64,269.81,1683.0835,0.0,0.425793,0.418191,0.459294,0.292968,3.2893,0.0005
Sharpe_statements_zscore__4b_sent_sd_ev3.0,215,0.9721,0.9716,253.25,270.11,1973.2973,0.0,0.436296,0.426337,0.469204,0.333238,,
Sharpe_statements_zscore__4b_sent_var_ev3.0,215,0.9721,0.9716,253.25,270.11,1973.2973,0.0,0.436296,0.426337,0.469204,0.333238,,
Sharpe_statements_zscore__4b_sd_var_joint_ev3.0,215,0.9721,0.9716,253.25,270.11,1973.2973,0.0,0.436296,0.426337,0.469204,0.333238,,
Sharpe_statements_zscore__4b_consensus_ev3.0,213,0.9717,0.9711,254.89,275.06,1556.0562,0.0,0.440084,0.433169,0.478952,0.344182,3.0247,
Sharpe_statements_zscore__4e_total_interactions_ev3.0,213,0.9813,0.9805,174.89,208.51,1784.8648,0.0,0.420861,0.452998,0.427977,0.209914,4.5596,0.0
Sharpe_statements_zscore__4f_matched_interactions_ev3.0,215,0.9721,0.9716,253.25,270.11,1973.2973,0.0,0.436296,0.426337,0.469204,0.333238,,
Sharpe_statements_zscore__4g_novelty_ev3.0,212,0.9716,0.9709,254.66,274.8,1596.2849,0.0,0.442553,0.429831,0.471097,0.332106,2.7709,
Sharpe_minutes_wordcount__4a_total_sent_ev1.0,119,0.97,0.9687,148.74,165.42,927.8714,0.0,0.712666,0.591788,0.577537,0.422572,,
Sharpe_minutes_wordcount__4b_sent_sd_ev1.0,215,0.9721,0.9716,253.25,270.11,1973.2973,0.0,0.436296,0.426337,0.469204,0.333238,,
Sharpe_minutes_wordcount__4b_sent_var_ev1.0,215,0.9721,0.9716,253.25,270.11,1973.2973,0.0,0.436296,0.426337,0.469204,0.333238,,
Sharpe_minutes_wordcount__4b_sd_var_joint_ev1.0,215,0.9721,0.9716,253.25,270.11,1973.2973,0.0,0.436296,0.426337,0.469204,0.333238,,
Sharpe_minutes_wordcount__4b_consensus_ev1.0,119,0.9713,0.9701,143.25,159.92,1083.0826,0.0,0.700586,0.556455,0.505118,0.270994,,
Sharpe_minutes_wordcount__4e_total_interactions_ev1.0,119,0.9792,0.9774,113.37,141.17,563.2277,0.0,0.720064,0.636776,0.60172,0.538456,,
Sharpe_minutes_wordcount__4f_matched_interactions_ev1.0,215,0.9721,0.9716,253.25,270.11,1973.2973,0.0,0.436296,0.426337,0.469204,0.333238,,
Sharpe_minutes_wordcount__4g_novelty_ev1.0,118,0.9678,0.9664,156.2,172.82,930.3568,0.0,0.738474,0.612852,0.60547,0.3919,,
Sharpe_minutes_wordcount__4a_total_sent_ev1.5,119,0.97,0.9687,148.74,165.42,927.8714,0.0,0.712666,0.591788,0.577537,0.422572,,
Sharpe_minutes_wordcount__4b_sent_sd_ev1.5,215,0.9721,0.9716,253.25,270.11,1973.2973,0.0,0.436296,0.426337,0.469204,0.333238,,
Sharpe_minutes_wordcount__4b_sent_var_ev1.5,215,0.9721,0.9716,253.25,270.11,1973.2973,0.0,0.436296,0.426337,0.469204,0.333238,,
Sharpe_minutes_wordcount__4b_sd_var_joint_ev1.5,215,0.9721,0.9716,253.25,270.11,1973.2973,0.0,0.436296,0.426337,0.469204,0.333238,,
Sharpe_minutes_wordcount__4b_consensus_ev1.5,119,0.9713,0.9701,143.25,159.92,1083.0826,0.0,0.700586,0.556455,0.505118,0.270994,,
Sharpe_minutes_wordcount__4e_total_interactions_ev1.5,119,0.9792,0.9774,113.37,141.17,563.2277,0.0,0.720064,0.636776,0.60172,0.538456,,
Sharpe_minutes_wordcount__4f_matched_interactions_ev1.5,215,0.9721,0.9716,253.25,270.11,1973.2973,0.0,0.436296,0.426337,0.469204,0.333238,,
Sharpe_minutes_wordcount__4g_novelty_ev1.5,118,0.9678,0.9664,156.2,172.82,930.3568,0.0,0.738474,0.612852,0.60547,0.3919,,
Sharpe_minutes_wordcount__4a_total_sent_ev2.0,119,0.97,0.9687,148.74,165.42,927.8714,0.0,0.712666,0.591788,0.577537,0.422572,,
Sharpe_minutes_wordcount__4b_sent_sd_ev2.0,215,0.9721,0.9716,253.25,270.11,1973.2973,0.0,0.436296,0.426337,0.469204,0.333238,,
Sharpe_minutes_wordcount__4b_sent_var_ev2.0,215,0.9721,0.9716,253.25,270.11,1973.2973,0.0,0.436296,0.426337,0.469204,0.333238,,
Sharpe_minutes_wordcount__4b_sd_var_joint_ev2.0,215,0.9721,0.9716,253.25,270.11,1973.2973,0.0,0.436296,0.426337,0.469204,0.333238,,
Sharpe_minutes_wordcount__4b_consensus_ev2.0,119,0.9713,0.9701,143.25,159.92,1083.0826,0.0,0.700586,0.556455,0.505118,0.270994,,
Sharpe_minutes_wordcount__4e_total_interactions_ev2.0,119,0.9792,0.9774,113.37,141.17,563.2277,0.0,0.720064,0.636776,0.60172,0.538456,,
Sharpe_minutes_wordcount__4f_matched_interactions_ev2.0,215,0.9721,0.9716,253.25,270.11,1973.2973,0.0,0.436296,0.426337,0.469204,0.333238,,
Sharpe_minutes_wordcount__4g_novelty_ev2.0,118,0.9678,0.9664,156.2,172.82,930.3568,0.0,0.738474,0.612852,0.60547,0.3919,,
Sharpe_minutes_wordcount__4a_total_sent_ev2.5,119,0.97,0.9687,148.74,165.42,927.8714,0.0,0.712666,0.591788,0.577537,0.422572,,
Sharpe_minutes_wordcount__4b_sent_sd_ev2.5,215,0.9721,0.9716,253.25,270.11,1973.2973,0.0,0.436296,0.426337,0.469204,0.333238,,
Sharpe_minutes_wordcount__4b_sent_var_ev2.5,215,0.9721,0.9716,253.25,270.11,1973.2973,0.0,0.436296,0.426337,0.469204,0.333238,,
Sharpe_minutes_wordcount__4b_sd_var_joint_ev2.5,215,0.9721,0.9716,253.25,270.11,1973.2973,0.0,0.436296,0.426337,0.469204,0.333238,,
Sharpe_minutes_wordcount__4b_consensus_ev2.5,119,0.9713,0.9701,143.25,159.92,1083.0826,0.0,0.700586,0.556455,0.505118,0.270994,,
Sharpe_minutes_wordcount__4e_total_interactions_ev2.5,119,0.9792,0.9774,113.37,141.17,563.2277,0.0,0.720064,0.636776,0.60172,0.538456,,
Sharpe_minutes_wordcount__4f_matched_interactions_ev2.5,215,0.9721,0.9716,253.25,270.11,1973.2973,0.0,0.436296,0.426337,0.469204,0.333238,,
Sharpe_minutes_wordcount__4g_novelty_ev2.5,118,0.9678,0.9664,156.2,172.82,930.3568,0.0,0.738474,0.612852,0.60547,0.3919,,
Sharpe_minutes_wordcount__4a_total_sent_ev3.0,119,0.97,0.9687,148.74,165.42,927.8714,0.0,0.712666,0.591788,0.577537,0.422572,,
Sharpe_minutes_wordcount__4b_sent_sd_ev3.0,215,0.9721,0.9716,253.25,270.11,1973.2973,0.0,0.436296,0.426337,0.469204,0.333238,,
Sharpe_minutes_wordcount__4b_sent_var_ev3.0,215,0.9721,0.9716,253.25,270.11,1973.2973,0.0,0.436296,0.426337,0.469204,0.333238,,
Sharpe_minutes_wordcount__4b_sd_var_joint_ev3.0,215,0.9721,0.9716,253.25,270.11,1973.2973,0.0,0.436296,0.426337,0.469204,0.333238,,
Sharpe_minutes_wordcount__4b_consensus_ev3.0,119,0.9713,0.9701,143.25,159.92,1083.0826,0.0,0.700586,0.556455,0.505118,0.270994,,
Sharpe_minutes_wordcount__4e_total_interactions_ev3.0,119,0.9792,0.9774,113.37,141.17,563.2277,0.0,0.720064,0.636776,0.60172,0.538456,,
Sharpe_minutes_wordcount__4f_matched_interactions_ev3.0,215,0.9721,0.9716,253.25,270.11,1973.2973,0.0,0.436296,0.426337,0.469204,0.333238,,
Sharpe_minutes_wordcount__4g_novelty_ev3.0,118,0.9678,0.9664,156.2,172.82,930.3568,0.0,0.738474,0.612852,0.60547,0.3919,,
Sharpe_minutes_zscore__4a_total_sent_ev1.0,119,0.9685,0.9671,154.58,171.26,928.452,0.0,0.724693,0.613965,0.626544,0.410533,,
Sharpe_minutes_zscore__4b_sent_sd_ev1.0,215,0.9721,0.9716,253.25,270.11,1973.2973,0.0,0.436296,0.426337,0.469204,0.333238,,
Sharpe_minutes_zscore__4b_sent_var_ev1.0,215,0.9721,0.9716,253.25,270.11,1973.2973,0.0,0.436296,0.426337,0.469204,0.333238,,
Sharpe_minutes_zscore__4b_sd_var_joint_ev1.0,215,0.9721,0.9716,253.25,270.11,1973.2973,0.0,0.436296,0.426337,0.469204,0.333238,,
Sharpe_minutes_zscore__4b_consensus_ev1.0,119,0.9704,0.969,147.32,163.99,1032.5809,0.0,0.72589,0.5765,0.545219,0.311493,,
Sharpe_minutes_zscore__4e_total_interactions_ev1.0,119,0.9735,0.9713,142.15,169.94,660.2605,0.0,0.736927,0.549583,0.540164,0.414577,,
Sharpe_minutes_zscore__4f_matched_interactions_ev1.0,215,0.9721,0.9716,253.25,270.11,1973.2973,0.0,0.436296,0.426337,0.469204,0.333238,,
Sharpe_minutes_zscore__4g_novelty_ev1.0,118,0.9679,0.9664,156.11,172.73,936.8611,0.0,0.74111,0.611096,0.604224,0.389984,,
Sharpe_minutes_zscore__4a_total_sent_ev1.5,119,0.9685,0.9671,154.58,171.26,928.452,0.0,0.724693,0.613965,0.626544,0.410533,,
Sharpe_minutes_zscore__4b_sent_sd_ev1.5,215,0.9721,0.9716,253.25,270.11,1973.2973,0.0,0.436296,0.426337,0.469204,0.333238,,
Sharpe_minutes_zscore__4b_sent_var_ev1.5,215,0.9721,0.9716,253.25,270.11,1973.2973,0.0,0.436296,0.426337,0.469204,0.333238,,
Sharpe_minutes_zscore__4b_sd_var_joint_ev1.5,215,0.9721,0.9716,253.25,270.11,1973.2973,0.0,0.436296,0.426337,0.469204,0.333238,,
Sharpe_minutes_zscore__4b_consensus_ev1.5,119,0.9704,0.969,147.32,163.99,1032.5809,0.0,0.72589,0.5765,0.545219,0.311493,,
Sharpe_minutes_zscore__4e_total_interactions_ev1.5,119,0.9735,0.9713,142.15,169.94,660.2605,0.0,0.736927,0.549583,0.540164,0.414577,,
Sharpe_minutes_zscore__4f_matched_interactions_ev1.5,215,0.9721,0.9716,253.25,270.11,1973.2973,0.0,0.436296,0.426337,0.469204,0.333238,,
Sharpe_minutes_zscore__4g_novelty_ev1.5,118,0.9679,0.9664,156.11,172.73,936.8611,0.0,0.74111,0.611096,0.604224,0.389984,,
Sharpe_minutes_zscore__4a_total_sent_ev2.0,119,0.9685,0.9671,154.58,171.26,928.452,0.0,0.724693,0.613965,0.626544,0.410533,,
Sharpe_minutes_zscore__4b_sent_sd_ev2.0,215,0.9721,0.9716,253.25,270.11,1973.2973,0.0,0.436296,0.426337,0.469204,0.333238,,
Sharpe_minutes_zscore__4b_sent_var_ev2.0,215,0.9721,0.9716,253.25,270.11,1973.2973,0.0,0.436296,0.426337,0.469204,0.333238,,
Sharpe_minutes_zscore__4b_sd_var_joint_ev2.0,215,0.9721,0.9716,253.25,270.11,1973.2973,0.0,0.436296,0.426337,0.469204,0.333238,,
Sharpe_minutes_zscore__4b_consensus_ev2.0,119,0.9704,0.969,147.32,163.99,1032.5809,0.0,0.72589,0.5765,0.545219,0.311493,,
Sharpe_minutes_zscore__4e_total_interactions_ev2.0,119,0.9735,0.9713,142.15,169.94,660.2605,0.0,0.736927,0.549583,0.540164,0.414577,,
Sharpe_minutes_zscore__4f_matched_interactions_ev2.0,215,0.9721,0.9716,253.25,270.11,1973.2973,0.0,0.436296,0.426337,0.469204,0.333238,,
Sharpe_minutes_zscore__4g_novelty_ev2.0,118,0.9679,0.9664,156.11,172.73,936.8611,0.0,0.74111,0.611096,0.604224,0.389984,,
Sharpe_minutes_zscore__4a_total_sent_ev2.5,119,0.9685,0.9671,154.58,171.26,928.452,0.0,0.724693,0.613965,0.626544,0.410533,,
Sharpe_minutes_zscore__4b_sent_sd_ev2.5,215,0.9721,0.9716,253.25,270.11,1973.2973,0.0,0.436296,0.426337,0.469204,0.333238,,
Sharpe_minutes_zscore__4b_sent_var_ev2.5,215,0.9721,0.9716,253.25,270.11,1973.2973,0.0,0.436296,0.426337,0.469204,0.333238,,
Sharpe_minutes_zscore__4b_sd_var_joint_ev2.5,215,0.9721,0.9716,253.25,270.11,1973.2973,0.0,0.436296,0.426337,0.469204,0.333238,,
Sharpe_minutes_zscore__4b_consensus_ev2.5,119,0.9704,0.969,147.32,163.99,1032.5809,0.0,0.72589,0.5765,0.545219,0.311493,,
Sharpe_minutes_zscore__4e_total_interactions_ev2.5,119,0.9735,0.9713,142.15,169.94,660.2605,0.0,0.736927,0.549583,0.540164,0.414577,,
Sharpe_minutes_zscore__4f_matched_interactions_ev2.5,215,0.9721,0.9716,253.25,270.11,1973.2973,0.0,0.436296,0.426337,0.469204,0.333238,,
Sharpe_minutes_zscore__4g_novelty_ev2.5,118,0.9679,0.9664,156.11,172.73,936.8611,0.0,0.74111,0.611096,0.604224,0.389984,,
Sharpe_minutes_zscore__4a_total_sent_ev3.0,119,0.9685,0.9671,154.58,171.26,928.452,0.0,0.724693,0.613965,0.626544,0.410533,,
Sharpe_minutes_zscore__4b_sent_sd_ev3.0,215,0.9721,0.9716,253.25,270.11,1973.2973,0.0,0.436296,0.426337,0.469204,0.333238,,
Sharpe_minutes_zscore__4b_sent_var_ev3.0,215,0.9721,0.9716,253.25,270.11,1973.2973,0.0,0.436296,0.426337,0.469204,0.333238,,
Sharpe_minutes_zscore__4b_sd_var_joint_ev3.0,215,0.9721,0.9716,253.25,270.11,1973.2973,0.0,0.436296,0.426337,0.469204,0.333238,,
Sharpe_minutes_zscore__4b_consensus_ev3.0,119,0.9704,0.969,147.32,163.99,1032.5809,0.0,0.72589,0.5765,0.545219,0.311493,,
Sharpe_minutes_zscore__4e_total_interactions_ev3.0,119,0.9735,0.9713,142.15,169.94,660.2605,0.0,0.736927,0.549583,0.540164,0.414577,,
Sharpe_minutes_zscore__4f_matched_interactions_ev3.0,215,0.9721,0.9716,253.25,270.11,1973.2973,0.0,0.436296,0.426337,0.469204,0.333238,,
Sharpe_minutes_zscore__4g_novelty_ev3.0,118,0.9679,0.9664,156.11,172.73,936.8611,0.0,0.74111,0.611096,0.604224,0.389984,,
Sharpe_speeches_wordcount__4a_total_sent_ev1.0,215,0.9722,0.9716,254.29,274.52,1601.6853,0.0,0.441096,0.428814,0.469183,0.328341,-0.6283,
Sharpe_speeches_wordcount__4b_sent_sd_ev1.0,215,0.9721,0.9716,253.25,270.11,1973.2973,0.0,0.436296,0.426337,0.469204,0.333238,,
Sharpe_speeches_wordcount__4b_sent_var_ev1.0,215,0.9721,0.9716,253.25,270.11,1973.2973,0.0,0.436296,0.426337,0.469204,0.333238,,
Sharpe_speeches_wordcount__4b_sd_var_joint_ev1.0,215,0.9721,0.9716,253.25,270.11,1973.2973,0.0,0.436296,0.426337,0.469204,0.333238,,
Sharpe_speeches_wordcount__4b_consensus_ev1.0,215,0.9721,0.9715,255.15,275.37,1567.373,0.0,0.437757,0.428583,0.468925,0.332172,-1.1261,
Sharpe_speeches_wordcount__4e_total_interactions_ev1.0,215,0.9759,0.9748,231.84,265.54,1138.7399,0.0,0.504302,0.435264,0.473591,0.245624,-0.677,
Sharpe_speeches_wordcount__4f_matched_interactions_ev1.0,215,0.9721,0.9716,253.25,270.11,1973.2973,0.0,0.436296,0.426337,0.469204,0.333238,,
Sharpe_speeches_wordcount__4g_novelty_ev1.0,214,0.972,0.9714,254.2,274.39,1604.3517,0.0,0.437758,0.426837,0.467786,0.332475,3.211,
Sharpe_speeches_wordcount__4a_total_sent_ev1.5,215,0.9722,0.9716,254.29,274.52,1601.6853,0.0,0.441096,0.428814,0.469183,0.328341,-0.6283,
Sharpe_speeches_wordcount__4b_sent_sd_ev1.5,215,0.9721,0.9716,253.25,270.11,1973.2973,0.0,0.436296,0.426337,0.469204,0.333238,,
Sharpe_speeches_wordcount__4b_sent_var_ev1.5,215,0.9721,0.9716,253.25,270.11,1973.2973,0.0,0.436296,0.426337,0.469204,0.333238,,
Sharpe_speeches_wordcount__4b_sd_var_joint_ev1.5,215,0.9721,0.9716,253.25,270.11,1973.2973,0.0,0.436296,0.426337,0.469204,0.333238,,
Sharpe_speeches_wordcount__4b_consensus_ev1.5,215,0.9721,0.9715,255.15,275.37,1567.373,0.0,0.437757,0.428583,0.468925,0.332172,-1.1261,
Sharpe_speeches_wordcount__4e_total_interactions_ev1.5,215,0.9759,0.9748,231.84,265.54,1138.7399,0.0,0.504302,0.435264,0.473591,0.245624,-0.677,
Sharpe_speeches_wordcount__4f_matched_interactions_ev1.5,215,0.9721,0.9716,253.25,270.11,1973.2973,0.0,0.436296,0.426337,0.469204,0.333238,,
Sharpe_speeches_wordcount__4g_novelty_ev1.5,214,0.972,0.9714,254.2,274.39,1604.3517,0.0,0.437758,0.426837,0.467786,0.332475,3.211,
Sharpe_speeches_wordcount__4a_total_sent_ev2.0,215,0.9722,0.9716,254.29,274.52,1601.6853,0.0,0.441096,0.428814,0.469183,0.328341,-0.6283,
Sharpe_speeches_wordcount__4b_sent_sd_ev2.0,215,0.9721,0.9716,253.25,270.11,1973.2973,0.0,0.436296,0.426337,0.469204,0.333238,,
Sharpe_speeches_wordcount__4b_sent_var_ev2.0,215,0.9721,0.9716,253.25,270.11,1973.2973,0.0,0.436296,0.426337,0.469204,0.333238,,
Sharpe_speeches_wordcount__4b_sd_var_joint_ev2.0,215,0.9721,0.9716,253.25,270.11,1973.2973,0.0,0.436296,0.426337,0.469204,0.333238,,
Sharpe_speeches_wordcount__4b_consensus_ev2.0,215,0.9721,0.9715,255.15,275.37,1567.373,0.0,0.437757,0.428583,0.468925,0.332172,-1.1261,
Sharpe_speeches_wordcount__4e_total_interactions_ev2.0,215,0.9759,0.9748,231.84,265.54,1138.7399,0.0,0.504302,0.435264,0.473591,0.245624,-0.677,
Sharpe_speeches_wordcount__4f_matched_interactions_ev2.0,215,0.9721,0.9716,253.25,270.11,1973.2973,0.0,0.436296,0.426337,0.469204,0.333238,,
Sharpe_speeches_wordcount__4g_novelty_ev2.0,214,0.972,0.9714,254.2,274.39,1604.3517,0.0,0.437758,0.426837,0.467786,0.332475,3.211,
Sharpe_speeches_wordcount__4a_total_sent_ev2.5,215,0.9722,0.9716,254.29,274.52,1601.6853,0.0,0.441096,0.428814,0.469183,0.328341,-0.6283,
Sharpe_speeches_wordcount__4b_sent_sd_ev2.5,215,0.9721,0.9716,253.25,270.11,1973.2973,0.0,0.436296,0.426337,0.469204,0.333238,,
Sharpe_speeches_wordcount__4b_sent_var_ev2.5,215,0.9721,0.9716,253.25,270.11,1973.2973,0.0,0.436296,0.426337,0.469204,0.333238,,
Sharpe_speeches_wordcount__4b_sd_var_joint_ev2.5,215,0.9721,0.9716,253.25,270.11,1973.2973,0.0,0.436296,0.426337,0.469204,0.333238,,
Sharpe_speeches_wordcount__4b_consensus_ev2.5,215,0.9721,0.9715,255.15,275.37,1567.373,0.0,0.437757,0.428583,0.468925,0.332172,-1.1261,
Sharpe_speeches_wordcount__4e_total_interactions_ev2.5,215,0.9759,0.9748,231.84,265.54,1138.7399,0.0,0.504302,0.435264,0.473591,0.245624,-0.677,
Sharpe_speeches_wordcount__4f_matched_interactions_ev2.5,215,0.9721,0.9716,253.25,270.11,1973.2973,0.0,0.436296,0.426337,0.469204,0.333238,,
Sharpe_speeches_wordcount__4g_novelty_ev2.5,214,0.972,0.9714,254.2,274.39,1604.3517,0.0,0.437758,0.426837,0.467786,0.332475,3.211,
Sharpe_speeches_wordcount__4a_total_sent_ev3.0,215,0.9722,0.9716,254.29,274.52,1601.6853,0.0,0.441096,0.428814,0.469183,0.328341,-0.6283,
Sharpe_speeches_wordcount__4b_sent_sd_ev3.0,215,0.9721,0.9716,253.25,270.11,1973.2973,0.0,0.436296,0.426337,0.469204,0.333238,,
Sharpe_speeches_wordcount__4b_sent_var_ev3.0,215,0.9721,0.9716,253.25,270.11,1973.2973,0.0,0.436296,0.426337,0.469204,0.333238,,
Sharpe_speeches_wordcount__4b_sd_var_joint_ev3.0,215,0.9721,0.9716,253.25,270.11,1973.2973,0.0,0.436296,0.426337,0.469204,0.333238,,
Sharpe_speeches_wordcount__4b_consensus_ev3.0,215,0.9721,0.9715,255.15,275.37,1567.373,0.0,0.437757,0.428583,0.468925,0.332172,-1.1261,
Sharpe_speeches_wordcount__4e_total_interactions_ev3.0,215,0.9759,0.9748,231.84,265.54,1138.7399,0.0,0.504302,0.435264,0.473591,0.245624,-0.677,
Sharpe_speeches_wordcount__4f_matched_interactions_ev3.0,215,0.9721,0.9716,253.25,270.11,1973.2973,0.0,0.436296,0.426337,0.469204,0.333238,,
Sharpe_speeches_wordcount__4g_novelty_ev3.0,214,0.972,0.9714,254.2,274.39,1604.3517,0.0,0.437758,0.426837,0.467786,0.332475,3.211,
Sharpe_speeches_zscore__4a_total_sent_ev1.0,215,0.9721,0.9715,255.14,275.36,1623.7781,0.0,0.465612,0.451403,0.484758,0.346806,-2.5686,
Sharpe_speeches_zscore__4b_sent_sd_ev1.0,215,0.9721,0.9716,253.25,270.11,1973.2973,0.0,0.436296,0.426337,0.469204,0.333238,,
Sharpe_speeches_zscore__4b_sent_var_ev1.0,215,0.9721,0.9716,253.25,270.11,1973.2973,0.0,0.436296,0.426337,0.469204,0.333238,,
Sharpe_speeches_zscore__4b_sd_var_joint_ev1.0,215,0.9721,0.9716,253.25,270.11,1973.2973,0.0,0.436296,0.426337,0.469204,0.333238,,
Sharpe_speeches_zscore__4b_consensus_ev1.0,215,0.9722,0.9715,254.95,275.17,1569.9838,0.0,0.437641,0.429227,0.470285,0.329909,-0.1884,
Sharpe_speeches_zscore__4e_total_interactions_ev1.0,215,0.9735,0.9723,252.67,286.38,890.3973,0.0,0.511258,0.444133,0.459998,0.302903,-1.3707,
Sharpe_speeches_zscore__4f_matched_interactions_ev1.0,215,0.9721,0.9716,253.25,270.11,1973.2973,0.0,0.436296,0.426337,0.469204,0.333238,,
Sharpe_speeches_zscore__4g_novelty_ev1.0,214,0.9721,0.9714,254.06,274.26,1583.9594,0.0,0.437824,0.428062,0.469184,0.331804,3.1775,
Sharpe_speeches_zscore__4a_total_sent_ev1.5,215,0.9721,0.9715,255.14,275.36,1623.7781,0.0,0.465612,0.451403,0.484758,0.346806,-2.5686,
Sharpe_speeches_zscore__4b_sent_sd_ev1.5,215,0.9721,0.9716,253.25,270.11,1973.2973,0.0,0.436296,0.426337,0.469204,0.333238,,
Sharpe_speeches_zscore__4b_sent_var_ev1.5,215,0.9721,0.9716,253.25,270.11,1973.2973,0.0,0.436296,0.426337,0.469204,0.333238,,
Sharpe_speeches_zscore__4b_sd_var_joint_ev1.5,215,0.9721,0.9716,253.25,270.11,1973.2973,0.0,0.436296,0.426337,0.469204,0.333238,,
Sharpe_speeches_zscore__4b_consensus_ev1.5,215,0.9722,0.9715,254.95,275.17,1569.9838,0.0,0.437641,0.429227,0.470285,0.329909,-0.1884,
Sharpe_speeches_zscore__4e_total_interactions_ev1.5,215,0.9735,0.9723,252.67,286.38,890.3973,0.0,0.511258,0.444133,0.459998,0.302903,-1.3707,
Sharpe_speeches_zscore__4f_matched_interactions_ev1.5,215,0.9721,0.9716,253.25,270.11,1973.2973,0.0,0.436296,0.426337,0.469204,0.333238,,
Sharpe_speeches_zscore__4g_novelty_ev1.5,214,0.9721,0.9714,254.06,274.26,1583.9594,0.0,0.437824,0.428062,0.469184,0.331804,3.1775,
Sharpe_speeches_zscore__4a_total_sent_ev2.0,215,0.9721,0.9715,255.14,275.36,1623.7781,0.0,0.465612,0.451403,0.484758,0.346806,-2.5686,
Sharpe_speeches_zscore__4b_sent_sd_ev2.0,215,0.9721,0.9716,253.25,270.11,1973.2973,0.0,0.436296,0.426337,0.469204,0.333238,,
Sharpe_speeches_zscore__4b_sent_var_ev2.0,215,0.9721,0.9716,253.25,270.11,1973.2973,0.0,0.436296,0.426337,0.469204,0.333238,,
Sharpe_speeches_zscore__4b_sd_var_joint_ev2.0,215,0.9721,0.9716,253.25,270.11,1973.2973,0.0,0.436296,0.426337,0.469204,0.333238,,
Sharpe_speeches_zscore__4b_consensus_ev2.0,215,0.9722,0.9715,254.95,275.17,1569.9838,0.0,0.437641,0.429227,0.470285,0.329909,-0.1884,
Sharpe_speeches_zscore__4e_total_interactions_ev2.0,215,0.9735,0.9723,252.67,286.38,890.3973,0.0,0.511258,0.444133,0.459998,0.302903,-1.3707,
Sharpe_speeches_zscore__4f_matched_interactions_ev2.0,215,0.9721,0.9716,253.25,270.11,1973.2973,0.0,0.436296,0.426337,0.469204,0.333238,,
Sharpe_speeches_zscore__4g_novelty_ev2.0,214,0.9721,0.9714,254.06,274.26,1583.9594,0.0,0.437824,0.428062,0.469184,0.331804,3.1775,
Sharpe_speeches_zscore__4a_total_sent_ev2.5,215,0.9721,0.9715,255.14,275.36,1623.7781,0.0,0.465612,0.451403,0.484758,0.346806,-2.5686,
Sharpe_speeches_zscore__4b_sent_sd_ev2.5,215,0.9721,0.9716,253.25,270.11,1973.2973,0.0,0.436296,0.426337,0.469204,0.333238,,
Sharpe_speeches_zscore__4b_sent_var_ev2.5,215,0.9721,0.9716,253.25,270.11,1973.2973,0.0,0.436296,0.426337,0.469204,0.333238,,
Sharpe_speeches_zscore__4b_sd_var_joint_ev2.5,215,0.9721,0.9716,253.25,270.11,1973.2973,0.0,0.436296,0.426337,0.469204,0.333238,,
Sharpe_speeches_zscore__4b_consensus_ev2.5,215,0.9722,0.9715,254.95,275.17,1569.9838,0.0,0.437641,0.429227,0.470285,0.329909,-0.1884,
Sharpe_speeches_zscore__4e_total_interactions_ev2.5,215,0.9735,0.9723,252.67,286.38,890.3973,0.0,0.511258,0.444133,0.459998,0.302903,-1.3707,
Sharpe_speeches_zscore__4f_matched_interactions_ev2.5,215,0.9721,0.9716,253.25,270.11,1973.2973,0.0,0.436296,0.426337,0.469204,0.333238,,
Sharpe_speeches_zscore__4g_novelty_ev2.5,214,0.9721,0.9714,254.06,274.26,1583.9594,0.0,0.437824,0.428062,0.469184,0.331804,3.1775,
Sharpe_speeches_zscore__4a_total_sent_ev3.0,215,0.9721,0.9715,255.14,275.36,1623.7781,0.0,0.465612,0.451403,0.484758,0.346806,-2.5686,
Sharpe_speeches_zscore__4b_sent_sd_ev3.0,215,0.9721,0.9716,253.25,270.11,1973.2973,0.0,0.436296,0.426337,0.469204,0.333238,,
Sharpe_speeches_zscore__4b_sent_var_ev3.0,215,0.9721,0.9716,253.25,270.11,1973.2973,0.0,0.436296,0.426337,0.469204,0.333238,,
Sharpe_speeches_zscore__4b_sd_var_joint_ev3.0,215,0.9721,0.9716,253.25,270.11,1973.2973,0.0,0.436296,0.426337,0.469204,0.333238,,
Sharpe_speeches_zscore__4b_consensus_ev3.0,215,0.9722,0.9715,254.95,275.17,1569.9838,0.0,0.437641,0.429227,0.470285,0.329909,-0.1884,
Sharpe_speeches_zscore__4e_total_interactions_ev3.0,215,0.9735,0.9723,252.67,286.38,890.3973,0.0,0.511258,0.444133,0.459998,0.302903,-1.3707,
Sharpe_speeches_zscore__4f_matched_interactions_ev3.0,215,0.9721,0.9716,253.25,270.11,1973.2973,0.0,0.436296,0.426337,0.469204,0.333238,,
Sharpe_speeches_zscore__4g_novelty_ev3.0,214,0.9721,0.9714,254.06,274.26,1583.9594,0.0,0.437824,0.428062,0.469184,0.331804,3.1775,
Sharpe_press_conferences_wordcount__4a_total_sent_ev1.0,118,0.971,0.9697,143.82,160.44,920.3146,0.0,0.679018,0.581186,0.56869,0.337424,,
Sharpe_press_conferences_wordcount__4b_sent_sd_ev1.0,215,0.9721,0.9716,253.25,270.11,1973.2973,0.0,0.436296,0.426337,0.469204,0.333238,,
Sharpe_press_conferences_wordcount__4b_sent_var_ev1.0,215,0.9721,0.9716,253.25,270.11,1973.2973,0.0,0.436296,0.426337,0.469204,0.333238,,
Sharpe_press_conferences_wordcount__4b_sd_var_joint_ev1.0,215,0.9721,0.9716,253.25,270.11,1973.2973,0.0,0.436296,0.426337,0.469204,0.333238,,
Sharpe_press_conferences_wordcount__4b_consensus_ev1.0,118,0.9688,0.9675,152.43,169.06,990.2428,0.0,0.744987,0.601092,0.605113,0.380885,,
Sharpe_press_conferences_wordcount__4e_total_interactions_ev1.0,118,0.9792,0.9775,112.74,140.45,788.7785,0.0,0.758419,0.62551,0.551423,0.481146,,
Sharpe_press_conferences_wordcount__4f_matched_interactions_ev1.0,215,0.9721,0.9716,253.25,270.11,1973.2973,0.0,0.436296,0.426337,0.469204,0.333238,,
Sharpe_press_conferences_wordcount__4g_novelty_ev1.0,117,0.9677,0.9663,155.72,172.29,915.9128,0.0,0.737396,0.612951,0.606144,0.389134,,
Sharpe_press_conferences_wordcount__4a_total_sent_ev1.5,118,0.971,0.9697,143.82,160.44,920.3146,0.0,0.679018,0.581186,0.56869,0.337424,,
Sharpe_press_conferences_wordcount__4b_sent_sd_ev1.5,215,0.9721,0.9716,253.25,270.11,1973.2973,0.0,0.436296,0.426337,0.469204,0.333238,,
Sharpe_press_conferences_wordcount__4b_sent_var_ev1.5,215,0.9721,0.9716,253.25,270.11,1973.2973,0.0,0.436296,0.426337,0.469204,0.333238,,
Sharpe_press_conferences_wordcount__4b_sd_var_joint_ev1.5,215,0.9721,0.9716,253.25,270.11,1973.2973,0.0,0.436296,0.426337,0.469204,0.333238,,
Sharpe_press_conferences_wordcount__4b_consensus_ev1.5,118,0.9688,0.9675,152.43,169.06,990.2428,0.0,0.744987,0.601092,0.605113,0.380885,,
Sharpe_press_conferences_wordcount__4e_total_interactions_ev1.5,118,0.9792,0.9775,112.74,140.45,788.7785,0.0,0.758419,0.62551,0.551423,0.481146,,
Sharpe_press_conferences_wordcount__4f_matched_interactions_ev1.5,215,0.9721,0.9716,253.25,270.11,1973.2973,0.0,0.436296,0.426337,0.469204,0.333238,,
Sharpe_press_conferences_wordcount__4g_novelty_ev1.5,117,0.9677,0.9663,155.72,172.29,915.9128,0.0,0.737396,0.612951,0.606144,0.389134,,
Sharpe_press_conferences_wordcount__4a_total_sent_ev2.0,118,0.971,0.9697,143.82,160.44,920.3146,0.0,0.679018,0.581186,0.56869,0.337424,,
Sharpe_press_conferences_wordcount__4b_sent_sd_ev2.0,215,0.9721,0.9716,253.25,270.11,1973.2973,0.0,0.436296,0.426337,0.469204,0.333238,,
Sharpe_press_conferences_wordcount__4b_sent_var_ev2.0,215,0.9721,0.9716,253.25,270.11,1973.2973,0.0,0.436296,0.426337,0.469204,0.333238,,
Sharpe_press_conferences_wordcount__4b_sd_var_joint_ev2.0,215,0.9721,0.9716,253.25,270.11,1973.2973,0.0,0.436296,0.426337,0.469204,0.333238,,
Sharpe_press_conferences_wordcount__4b_consensus_ev2.0,118,0.9688,0.9675,152.43,169.06,990.2428,0.0,0.744987,0.601092,0.605113,0.380885,,
Sharpe_press_conferences_wordcount__4e_total_interactions_ev2.0,118,0.9792,0.9775,112.74,140.45,788.7785,0.0,0.758419,0.62551,0.551423,0.481146,,
Sharpe_press_conferences_wordcount__4f_matched_interactions_ev2.0,215,0.9721,0.9716,253.25,270.11,1973.2973,0.0,0.436296,0.426337,0.469204,0.333238,,
Sharpe_press_conferences_wordcount__4g_novelty_ev2.0,117,0.9677,0.9663,155.72,172.29,915.9128,0.0,0.737396,0.612951,0.606144,0.389134,,
Sharpe_press_conferences_wordcount__4a_total_sent_ev2.5,118,0.971,0.9697,143.82,160.44,920.3146,0.0,0.679018,0.581186,0.56869,0.337424,,
Sharpe_press_conferences_wordcount__4b_sent_sd_ev2.5,215,0.9721,0.9716,253.25,270.11,1973.2973,0.0,0.436296,0.426337,0.469204,0.333238,,
Sharpe_press_conferences_wordcount__4b_sent_var_ev2.5,215,0.9721,0.9716,253.25,270.11,1973.2973,0.0,0.436296,0.426337,0.469204,0.333238,,
Sharpe_press_conferences_wordcount__4b_sd_var_joint_ev2.5,215,0.9721,0.9716,253.25,270.11,1973.2973,0.0,0.436296,0.426337,0.469204,0.333238,,
Sharpe_press_conferences_wordcount__4b_consensus_ev2.5,118,0.9688,0.9675,152.43,169.06,990.2428,0.0,0.744987,0.601092,0.605113,0.380885,,
Sharpe_press_conferences_wordcount__4e_total_interactions_ev2.5,118,0.9792,0.9775,112.74,140.45,788.7785,0.0,0.758419,0.62551,0.551423,0.481146,,
Sharpe_press_conferences_wordcount__4f_matched_interactions_ev2.5,215,0.9721,0.9716,253.25,270.11,1973.2973,0.0,0.436296,0.426337,0.469204,0.333238,,
Sharpe_press_conferences_wordcount__4g_novelty_ev2.5,117,0.9677,0.9663,155.72,172.29,915.9128,0.0,0.737396,0.612951,0.606144,0.389134,,
Sharpe_press_conferences_wordcount__4a_total_sent_ev3.0,118,0.971,0.9697,143.82,160.44,920.3146,0.0,0.679018,0.581186,0.56869,0.337424,,
Sharpe_press_conferences_wordcount__4b_sent_sd_ev3.0,215,0.9721,0.9716,253.25,270.11,1973.2973,0.0,0.436296,0.426337,0.469204,0.333238,,
Sharpe_press_conferences_wordcount__4b_sent_var_ev3.0,215,0.9721,0.9716,253.25,270.11,1973.2973,0.0,0.436296,0.426337,0.469204,0.333238,,
Sharpe_press_conferences_wordcount__4b_sd_var_joint_ev3.0,215,0.9721,0.9716,253.25,270.11,1973.2973,0.0,0.436296,0.426337,0.469204,0.333238,,
Sharpe_press_conferences_wordcount__4b_consensus_ev3.0,118,0.9688,0.9675,152.43,169.06,990.2428,0.0,0.744987,0.601092,0.605113,0.380885,,
Sharpe_press_conferences_wordcount__4e_total_interactions_ev3.0,118,0.9792,0.9775,112.74,140.45,788.7785,0.0,0.758419,0.62551,0.551423,0.481146,,
Sharpe_press_conferences_wordcount__4f_matched_interactions_ev3.0,215,0.9721,0.9716,253.25,270.11,1973.2973,0.0,0.436296,0.426337,0.469204,0.333238,,
Sharpe_press_conferences_wordcount__4g_novelty_ev3.0,117,0.9677,0.9663,155.72,172.29,915.9128,0.0,0.737396,0.612951,0.606144,0.389134,,
Sharpe_press_conferences_zscore__4a_total_sent_ev1.0,118,0.9704,0.9691,146.22,162.84,915.5714,0.0,0.664842,0.594494,0.588893,0.365246,,
Sharpe_press_conferences_zscore__4b_sent_sd_ev1.0,215,0.9721,0.9716,253.25,270.11,1973.2973,0.0,0.436296,0.426337,0.469204,0.333238,,
Sharpe_press_conferences_zscore__4b_sent_var_ev1.0,215,0.9721,0.9716,253.25,270.11,1973.2973,0.0,0.436296,0.426337,0.469204,0.333238,,
Sharpe_press_conferences_zscore__4b_sd_var_joint_ev1.0,215,0.9721,0.9716,253.25,270.11,1973.2973,0.0,0.436296,0.426337,0.469204,0.333238,,
Sharpe_press_conferences_zscore__4b_consensus_ev1.0,118,0.9702,0.9689,147.22,163.85,988.346,0.0,0.683092,0.593905,0.596094,0.38676,,
Sharpe_press_conferences_zscore__4e_total_interactions_ev1.0,118,0.9725,0.9702,145.79,173.5,789.3832,0.0,0.680159,0.664307,0.679089,0.468409,,
Sharpe_press_conferences_zscore__4f_matched_interactions_ev1.0,215,0.9721,0.9716,253.25,270.11,1973.2973,0.0,0.436296,0.426337,0.469204,0.333238,,
Sharpe_press_conferences_zscore__4g_novelty_ev1.0,117,0.9677,0.9663,155.72,172.29,916.4807,0.0,0.739891,0.612676,0.606843,0.39245,,
Sharpe_press_conferences_zscore__4a_total_sent_ev1.5,118,0.9704,0.9691,146.22,162.84,915.5714,0.0,0.664842,0.594494,0.588893,0.365246,,
Sharpe_press_conferences_zscore__4b_sent_sd_ev1.5,215,0.9721,0.9716,253.25,270.11,1973.2973,0.0,0.436296,0.426337,0.469204,0.333238,,
Sharpe_press_conferences_zscore__4b_sent_var_ev1.5,215,0.9721,0.9716,253.25,270.11,1973.2973,0.0,0.436296,0.426337,0.469204,0.333238,,
Sharpe_press_conferences_zscore__4b_sd_var_joint_ev1.5,215,0.9721,0.9716,253.25,270.11,1973.2973,0.0,0.436296,0.426337,0.469204,0.333238,,
Sharpe_press_conferences_zscore__4b_consensus_ev1.5,118,0.9702,0.9689,147.22,163.85,988.346,0.0,0.683092,0.593905,0.596094,0.38676,,
Sharpe_press_conferences_zscore__4e_total_interactions_ev1.5,118,0.9725,0.9702,145.79,173.5,789.3832,0.0,0.680159,0.664307,0.679089,0.468409,,
Sharpe_press_conferences_zscore__4f_matched_interactions_ev1.5,215,0.9721,0.9716,253.25,270.11,1973.2973,0.0,0.436296,0.426337,0.469204,0.333238,,
Sharpe_press_conferences_zscore__4g_novelty_ev1.5,117,0.9677,0.9663,155.72,172.29,916.4807,0.0,0.739891,0.612676,0.606843,0.39245,,
Sharpe_press_conferences_zscore__4a_total_sent_ev2.0,118,0.9704,0.9691,146.22,162.84,915.5714,0.0,0.664842,0.594494,0.588893,0.365246,,
Sharpe_press_conferences_zscore__4b_sent_sd_ev2.0,215,0.9721,0.9716,253.25,270.11,1973.2973,0.0,0.436296,0.426337,0.469204,0.333238,,
Sharpe_press_conferences_zscore__4b_sent_var_ev2.0,215,0.9721,0.9716,253.25,270.11,1973.2973,0.0,0.436296,0.426337,0.469204,0.333238,,
Sharpe_press_conferences_zscore__4b_sd_var_joint_ev2.0,215,0.9721,0.9716,253.25,270.11,1973.2973,0.0,0.436296,0.426337,0.469204,0.333238,,
Sharpe_press_conferences_zscore__4b_consensus_ev2.0,118,0.9702,0.9689,147.22,163.85,988.346,0.0,0.683092,0.593905,0.596094,0.38676,,
Sharpe_press_conferences_zscore__4e_total_interactions_ev2.0,118,0.9725,0.9702,145.79,173.5,789.3832,0.0,0.680159,0.664307,0.679089,0.468409,,
Sharpe_press_conferences_zscore__4f_matched_interactions_ev2.0,215,0.9721,0.9716,253.25,270.11,1973.2973,0.0,0.436296,0.426337,0.469204,0.333238,,
Sharpe_press_conferences_zscore__4g_novelty_ev2.0,117,0.9677,0.9663,155.72,172.29,916.4807,0.0,0.739891,0.612676,0.606843,0.39245,,
Sharpe_press_conferences_zscore__4a_total_sent_ev2.5,118,0.9704,0.9691,146.22,162.84,915.5714,0.0,0.664842,0.594494,0.588893,0.365246,,
Sharpe_press_conferences_zscore__4b_sent_sd_ev2.5,215,0.9721,0.9716,253.25,270.11,1973.2973,0.0,0.436296,0.426337,0.469204,0.333238,,
Sharpe_press_conferences_zscore__4b_sent_var_ev2.5,215,0.9721,0.9716,253.25,270.11,1973.2973,0.0,0.436296,0.426337,0.469204,0.333238,,
Sharpe_press_conferences_zscore__4b_sd_var_joint_ev2.5,215,0.9721,0.9716,253.25,270.11,1973.2973,0.0,0.436296,0.426337,0.469204,0.333238,,
Sharpe_press_conferences_zscore__4b_consensus_ev2.5,118,0.9702,0.9689,147.22,163.85,988.346,0.0,0.683092,0.593905,0.596094,0.38676,,
Sharpe_press_conferences_zscore__4e_total_interactions_ev2.5,118,0.9725,0.9702,145.79,173.5,789.3832,0.0,0.680159,0.664307,0.679089,0.468409,,
Sharpe_press_conferences_zscore__4f_matched_interactions_ev2.5,215,0.9721,0.9716,253.25,270.11,1973.2973,0.0,0.436296,0.426337,0.469204,0.333238,,
Sharpe_press_conferences_zscore__4g_novelty_ev2.5,117,0.9677,0.9663,155.72,172.29,916.4807,0.0,0.739891,0.612676,0.606843,0.39245,,
Sharpe_press_conferences_zscore__4a_total_sent_ev3.0,118,0.9704,0.9691,146.22,162.84,915.5714,0.0,0.664842,0.594494,0.588893,0.365246,,
Sharpe_press_conferences_zscore__4b_sent_sd_ev3.0,215,0.9721,0.9716,253.25,270.11,1973.2973,0.0,0.436296,0.426337,0.469204,0.333238,,
Sharpe_press_conferences_zscore__4b_sent_var_ev3.0,215,0.9721,0.9716,253.25,270.11,1973.2973,0.0,0.436296,0.426337,0.469204,0.333238,,
Sharpe_press_conferences_zscore__4b_sd_var_joint_ev3.0,215,0.9721,0.9716,253.25,270.11,1973.2973,0.0,0.436296,0.426337,0.469204,0.333238,,
Sharpe_press_conferences_zscore__4b_consensus_ev3.0,118,0.9702,0.9689,147.22,163.85,988.346,0.0,0.683092,0.593905,0.596094,0.38676,,
Sharpe_press_conferences_zscore__4e_total_interactions_ev3.0,118,0.9725,0.9702,145.79,173.5,789.3832,0.0,0.680159,0.664307,0.679089,0.468409,,
Sharpe_press_conferences_zscore__4f_matched_interactions_ev3.0,215,0.9721,0.9716,253.25,270.11,1973.2973,0.0,0.436296,0.426337,0.469204,0.333238,,
Sharpe_press_conferences_zscore__4g_novelty_ev3.0,117,0.9677,0.9663,155.72,172.29,916.4807,0.0,0.739891,0.612676,0.606843,0.39245,,
Sharpe_statements_minutes_speeches_press_conferences_wordcount__4a_total_sent_ev1.0,215,0.9748,0.9742,233.51,253.73,1682.0443,0.0,0.398754,0.393314,0.410272,0.293589,3.0445,0.0012
Sharpe_statements_minutes_speeches_press_conferences_wordcount__4b_sent_sd_ev1.0,215,0.9721,0.9716,253.25,270.11,1973.2973,0.0,0.436296,0.426337,0.469204,0.333238,,
Sharpe_statements_minutes_speeches_press_conferences_wordcount__4b_sent_var_ev1.0,215,0.9721,0.9716,253.25,270.11,1973.2973,0.0,0.436296,0.426337,0.469204,0.333238,,
Sharpe_statements_minutes_speeches_press_conferences_wordcount__4b_sd_var_joint_ev1.0,215,0.9721,0.9716,253.25,270.11,1973.2973,0.0,0.436296,0.426337,0.469204,0.333238,,
Sharpe_statements_minutes_speeches_press_conferences_wordcount__4b_consensus_ev1.0,215,0.9724,0.9717,253.39,273.61,1612.5262,0.0,0.450921,0.433356,0.481254,0.347557,-1.9068,
Sharpe_statements_minutes_speeches_press_conferences_wordcount__4e_total_interactions_ev1.0,215,0.9788,0.9779,204.42,238.13,1042.3934,0.0,0.484035,0.421673,0.415333,0.275552,0.8765,
Sharpe_statements_minutes_speeches_press_conferences_wordcount__4f_matched_interactions_ev1.0,215,0.9721,0.9716,253.25,270.11,1973.2973,0.0,0.436296,0.426337,0.469204,0.333238,,
Sharpe_statements_minutes_speeches_press_conferences_wordcount__4g_novelty_ev1.0,214,0.972,0.9713,254.82,275.02,1576.3619,0.0,0.439625,0.42715,0.472291,0.331852,3.185,
Sharpe_statements_minutes_speeches_press_conferences_wordcount__4a_total_sent_ev1.5,215,0.9748,0.9742,233.51,253.73,1682.0443,0.0,0.398754,0.393314,0.410272,0.293589,3.0445,0.0012
Sharpe_statements_minutes_speeches_press_conferences_wordcount__4b_sent_sd_ev1.5,215,0.9721,0.9716,253.25,270.11,1973.2973,0.0,0.436296,0.426337,0.469204,0.333238,,
Sharpe_statements_minutes_speeches_press_conferences_wordcount__4b_sent_var_ev1.5,215,0.9721,0.9716,253.25,270.11,1973.2973,0.0,0.436296,0.426337,0.469204,0.333238,,
Sharpe_statements_minutes_speeches_press_conferences_wordcount__4b_sd_var_joint_ev1.5,215,0.9721,0.9716,253.25,270.11,1973.2973,0.0,0.436296,0.426337,0.469204,0.333238,,
Sharpe_statements_minutes_speeches_press_conferences_wordcount__4b_consensus_ev1.5,215,0.9724,0.9717,253.39,273.61,1612.5262,0.0,0.450921,0.433356,0.481254,0.347557,-1.9068,
Sharpe_statements_minutes_speeches_press_conferences_wordcount__4e_total_interactions_ev1.5,215,0.9788,0.9779,204.42,238.13,1042.3934,0.0,0.484035,0.421673,0.415333,0.275552,0.8765,
Sharpe_statements_minutes_speeches_press_conferences_wordcount__4f_matched_interactions_ev1.5,215,0.9721,0.9716,253.25,270.11,1973.2973,0.0,0.436296,0.426337,0.469204,0.333238,,
Sharpe_statements_minutes_speeches_press_conferences_wordcount__4g_novelty_ev1.5,214,0.972,0.9713,254.82,275.02,1576.3619,0.0,0.439625,0.42715,0.472291,0.331852,3.185,
Sharpe_statements_minutes_speeches_press_conferences_wordcount__4a_total_sent_ev2.0,215,0.9748,0.9742,233.51,253.73,1682.0443,0.0,0.398754,0.393314,0.410272,0.293589,3.0445,0.0012
Sharpe_statements_minutes_speeches_press_conferences_wordcount__4b_sent_sd_ev2.0,215,0.9721,0.9716,253.25,270.11,1973.2973,0.0,0.436296,0.426337,0.469204,0.333238,,
Sharpe_statements_minutes_speeches_press_conferences_wordcount__4b_sent_var_ev2.0,215,0.9721,0.9716,253.25,270.11,1973.2973,0.0,0.436296,0.426337,0.469204,0.333238,,
Sharpe_statements_minutes_speeches_press_conferences_wordcount__4b_sd_var_joint_ev2.0,215,0.9721,0.9716,253.25,270.11,1973.2973,0.0,0.436296,0.426337,0.469204,0.333238,,
Sharpe_statements_minutes_speeches_press_conferences_wordcount__4b_consensus_ev2.0,215,0.9724,0.9717,253.39,273.61,1612.5262,0.0,0.450921,0.433356,0.481254,0.347557,-1.9068,
Sharpe_statements_minutes_speeches_press_conferences_wordcount__4e_total_interactions_ev2.0,215,0.9788,0.9779,204.42,238.13,1042.3934,0.0,0.484035,0.421673,0.415333,0.275552,0.8765,
Sharpe_statements_minutes_speeches_press_conferences_wordcount__4f_matched_interactions_ev2.0,215,0.9721,0.9716,253.25,270.11,1973.2973,0.0,0.436296,0.426337,0.469204,0.333238,,
Sharpe_statements_minutes_speeches_press_conferences_wordcount__4g_novelty_ev2.0,214,0.972,0.9713,254.82,275.02,1576.3619,0.0,0.439625,0.42715,0.472291,0.331852,3.185,
Sharpe_statements_minutes_speeches_press_conferences_wordcount__4a_total_sent_ev2.5,215,0.9748,0.9742,233.51,253.73,1682.0443,0.0,0.398754,0.393314,0.410272,0.293589,3.0445,0.0012
Sharpe_statements_minutes_speeches_press_conferences_wordcount__4b_sent_sd_ev2.5,215,0.9721,0.9716,253.25,270.11,1973.2973,0.0,0.436296,0.426337,0.469204,0.333238,,
Sharpe_statements_minutes_speeches_press_conferences_wordcount__4b_sent_var_ev2.5,215,0.9721,0.9716,253.25,270.11,1973.2973,0.0,0.436296,0.426337,0.469204,0.333238,,
Sharpe_statements_minutes_speeches_press_conferences_wordcount__4b_sd_var_joint_ev2.5,215,0.9721,0.9716,253.25,270.11,1973.2973,0.0,0.436296,0.426337,0.469204,0.333238,,
Sharpe_statements_minutes_speeches_press_conferences_wordcount__4b_consensus_ev2.5,215,0.9724,0.9717,253.39,273.61,1612.5262,0.0,0.450921,0.433356,0.481254,0.347557,-1.9068,
Sharpe_statements_minutes_speeches_press_conferences_wordcount__4e_total_interactions_ev2.5,215,0.9788,0.9779,204.42,238.13,1042.3934,0.0,0.484035,0.421673,0.415333,0.275552,0.8765,
Sharpe_statements_minutes_speeches_press_conferences_wordcount__4f_matched_interactions_ev2.5,215,0.9721,0.9716,253.25,270.11,1973.2973,0.0,0.436296,0.426337,0.469204,0.333238,,
Sharpe_statements_minutes_speeches_press_conferences_wordcount__4g_novelty_ev2.5,214,0.972,0.9713,254.82,275.02,1576.3619,0.0,0.439625,0.42715,0.472291,0.331852,3.185,
Sharpe_statements_minutes_speeches_press_conferences_wordcount__4a_total_sent_ev3.0,215,0.9748,0.9742,233.51,253.73,1682.0443,0.0,0.398754,0.393314,0.410272,0.293589,3.0445,0.0012
Sharpe_statements_minutes_speeches_press_conferences_wordcount__4b_sent_sd_ev3.0,215,0.9721,0.9716,253.25,270.11,1973.2973,0.0,0.436296,0.426337,0.469204,0.333238,,
Sharpe_statements_minutes_speeches_press_conferences_wordcount__4b_sent_var_ev3.0,215,0.9721,0.9716,253.25,270.11,1973.2973,0.0,0.436296,0.426337,0.469204,0.333238,,
Sharpe_statements_minutes_speeches_press_conferences_wordcount__4b_sd_var_joint_ev3.0,215,0.9721,0.9716,253.25,270.11,1973.2973,0.0,0.436296,0.426337,0.469204,0.333238,,
Sharpe_statements_minutes_speeches_press_conferences_wordcount__4b_consensus_ev3.0,215,0.9724,0.9717,253.39,273.61,1612.5262,0.0,0.450921,0.433356,0.481254,0.347557,-1.9068,
Sharpe_statements_minutes_speeches_press_conferences_wordcount__4e_total_interactions_ev3.0,215,0.9788,0.9779,204.42,238.13,1042.3934,0.0,0.484035,0.421673,0.415333,0.275552,0.8765,
Sharpe_statements_minutes_speeches_press_conferences_wordcount__4f_matched_interactions_ev3.0,215,0.9721,0.9716,253.25,270.11,1973.2973,0.0,0.436296,0.426337,0.469204,0.333238,,
Sharpe_statements_minutes_speeches_press_conferences_wordcount__4g_novelty_ev3.0,214,0.972,0.9713,254.82,275.02,1576.3619,0.0,0.439625,0.42715,0.472291,0.331852,3.185,
Sharpe_statements_minutes_speeches_press_conferences_zscore__4a_total_sent_ev1.0,215,0.9721,0.9715,255.19,275.42,1600.1457,0.0,0.492231,0.466403,0.498378,0.343936,-3.1859,
Sharpe_statements_minutes_speeches_press_conferences_zscore__4b_sent_sd_ev1.0,215,0.9721,0.9716,253.25,270.11,1973.2973,0.0,0.436296,0.426337,0.469204,0.333238,,
Sharpe_statements_minutes_speeches_press_conferences_zscore__4b_sent_var_ev1.0,215,0.9721,0.9716,253.25,270.11,1973.2973,0.0,0.436296,0.426337,0.469204,0.333238,,
Sharpe_statements_minutes_speeches_press_conferences_zscore__4b_sd_var_joint_ev1.0,215,0.9721,0.9716,253.25,270.11,1973.2973,0.0,0.436296,0.426337,0.469204,0.333238,,
Sharpe_statements_minutes_speeches_press_conferences_zscore__4b_consensus_ev1.0,215,0.9725,0.9719,251.91,272.14,1582.5115,0.0,0.430475,0.418478,0.457454,0.29409,1.5793,0.0571
Sharpe_statements_minutes_speeches_press_conferences_zscore__4e_total_interactions_ev1.0,215,0.9741,0.973,246.97,280.68,1051.6283,0.0,0.531525,0.451952,0.456006,0.295232,-0.684,
Sharpe_statements_minutes_speeches_press_conferences_zscore__4f_matched_interactions_ev1.0,215,0.9721,0.9716,253.25,270.11,1973.2973,0.0,0.436296,0.426337,0.469204,0.333238,,
Sharpe_statements_minutes_speeches_press_conferences_zscore__4g_novelty_ev1.0,214,0.9721,0.9714,253.7,273.9,1603.4107,0.0,0.437175,0.427457,0.470027,0.331679,3.1671,
Sharpe_statements_minutes_speeches_press_conferences_zscore__4a_total_sent_ev1.5,215,0.9721,0.9715,255.19,275.42,1600.1457,0.0,0.492231,0.466403,0.498378,0.343936,-3.1859,
Sharpe_statements_minutes_speeches_press_conferences_zscore__4b_sent_sd_ev1.5,215,0.9721,0.9716,253.25,270.11,1973.2973,0.0,0.436296,0.426337,0.469204,0.333238,,
Sharpe_statements_minutes_speeches_press_conferences_zscore__4b_sent_var_ev1.5,215,0.9721,0.9716,253.25,270.11,1973.2973,0.0,0.436296,0.426337,0.469204,0.333238,,
Sharpe_statements_minutes_speeches_press_conferences_zscore__4b_sd_var_joint_ev1.5,215,0.9721,0.9716,253.25,270.11,1973.2973,0.0,0.436296,0.426337,0.469204,0.333238,,
Sharpe_statements_minutes_speeches_press_conferences_zscore__4b_consensus_ev1.5,215,0.9725,0.9719,251.91,272.14,1582.5115,0.0,0.430475,0.418478,0.457454,0.29409,1.5793,0.0571
Sharpe_statements_minutes_speeches_press_conferences_zscore__4e_total_interactions_ev1.5,215,0.9741,0.973,246.97,280.68,1051.6283,0.0,0.531525,0.451952,0.456006,0.295232,-0.684,
Sharpe_statements_minutes_speeches_press_conferences_zscore__4f_matched_interactions_ev1.5,215,0.9721,0.9716,253.25,270.11,1973.2973,0.0,0.436296,0.426337,0.469204,0.333238,,
Sharpe_statements_minutes_speeches_press_conferences_zscore__4g_novelty_ev1.5,214,0.9721,0.9714,253.7,273.9,1603.4107,0.0,0.437175,0.427457,0.470027,0.331679,3.1671,
Sharpe_statements_minutes_speeches_press_conferences_zscore__4a_total_sent_ev2.0,215,0.9721,0.9715,255.19,275.42,1600.1457,0.0,0.492231,0.466403,0.498378,0.343936,-3.1859,
Sharpe_statements_minutes_speeches_press_conferences_zscore__4b_sent_sd_ev2.0,215,0.9721,0.9716,253.25,270.11,1973.2973,0.0,0.436296,0.426337,0.469204,0.333238,,
Sharpe_statements_minutes_speeches_press_conferences_zscore__4b_sent_var_ev2.0,215,0.9721,0.9716,253.25,270.11,1973.2973,0.0,0.436296,0.426337,0.469204,0.333238,,
Sharpe_statements_minutes_speeches_press_conferences_zscore__4b_sd_var_joint_ev2.0,215,0.9721,0.9716,253.25,270.11,1973.2973,0.0,0.436296,0.426337,0.469204,0.333238,,
Sharpe_statements_minutes_speeches_press_conferences_zscore__4b_consensus_ev2.0,215,0.9725,0.9719,251.91,272.14,1582.5115,0.0,0.430475,0.418478,0.457454,0.29409,1.5793,0.0571
Sharpe_statements_minutes_speeches_press_conferences_zscore__4e_total_interactions_ev2.0,215,0.9741,0.973,246.97,280.68,1051.6283,0.0,0.531525,0.451952,0.456006,0.295232,-0.684,
Sharpe_statements_minutes_speeches_press_conferences_zscore__4f_matched_interactions_ev2.0,215,0.9721,0.9716,253.25,270.11,1973.2973,0.0,0.436296,0.426337,0.469204,0.333238,,
Sharpe_statements_minutes_speeches_press_conferences_zscore__4g_novelty_ev2.0,214,0.9721,0.9714,253.7,273.9,1603.4107,0.0,0.437175,0.427457,0.470027,0.331679,3.1671,
Sharpe_statements_minutes_speeches_press_conferences_zscore__4a_total_sent_ev2.5,215,0.9721,0.9715,255.19,275.42,1600.1457,0.0,0.492231,0.466403,0.498378,0.343936,-3.1859,
Sharpe_statements_minutes_speeches_press_conferences_zscore__4b_sent_sd_ev2.5,215,0.9721,0.9716,253.25,270.11,1973.2973,0.0,0.436296,0.426337,0.469204,0.333238,,
Sharpe_statements_minutes_speeches_press_conferences_zscore__4b_sent_var_ev2.5,215,0.9721,0.9716,253.25,270.11,1973.2973,0.0,0.436296,0.426337,0.469204,0.333238,,
Sharpe_statements_minutes_speeches_press_conferences_zscore__4b_sd_var_joint_ev2.5,215,0.9721,0.9716,253.25,270.11,1973.2973,0.0,0.436296,0.426337,0.469204,0.333238,,
Sharpe_statements_minutes_speeches_press_conferences_zscore__4b_consensus_ev2.5,215,0.9725,0.9719,251.91,272.14,1582.5115,0.0,0.430475,0.418478,0.457454,0.29409,1.5793,0.0571
Sharpe_statements_minutes_speeches_press_conferences_zscore__4e_total_interactions_ev2.5,215,0.9741,0.973,246.97,280.68,1051.6283,0.0,0.531525,0.451952,0.456006,0.295232,-0.684,
Sharpe_statements_minutes_speeches_press_conferences_zscore__4f_matched_interactions_ev2.5,215,0.9721,0.9716,253.25,270.11,1973.2973,0.0,0.436296,0.426337,0.469204,0.333238,,
Sharpe_statements_minutes_speeches_press_conferences_zscore__4g_novelty_ev2.5,214,0.9721,0.9714,253.7,273.9,1603.4107,0.0,0.437175,0.427457,0.470027,0.331679,3.1671,
Sharpe_statements_minutes_speeches_press_conferences_zscore__4a_total_sent_ev3.0,215,0.9721,0.9715,255.19,275.42,1600.1457,0.0,0.492231,0.466403,0.498378,0.343936,-3.1859,
Sharpe_statements_minutes_speeches_press_conferences_zscore__4b_sent_sd_ev3.0,215,0.9721,0.9716,253.25,270.11,1973.2973,0.0,0.436296,0.426337,0.469204,0.333238,,
Sharpe_statements_minutes_speeches_press_conferences_zscore__4b_sent_var_ev3.0,215,0.9721,0.9716,253.25,270.11,1973.2973,0.0,0.436296,0.426337,0.469204,0.333238,,
Sharpe_statements_minutes_speeches_press_conferences_zscore__4b_sd_var_joint_ev3.0,215,0.9721,0.9716,253.25,270.11,1973.2973,0.0,0.436296,0.426337,0.469204,0.333238,,
Sharpe_statements_minutes_speeches_press_conferences_zscore__4b_consensus_ev3.0,215,0.9725,0.9719,251.91,272.14,1582.5115,0.0,0.430475,0.418478,0.457454,0.29409,1.5793,0.0571
Sharpe_statements_minutes_speeches_press_conferences_zscore__4e_total_interactions_ev3.0,215,0.9741,0.973,246.97,280.68,1051.6283,0.0,0.531525,0.451952,0.456006,0.295232,-0.684,
Sharpe_statements_minutes_speeches_press_conferences_zscore__4f_matched_interactions_ev3.0,215,0.9721,0.9716,253.25,270.11,1973.2973,0.0,0.436296,0.426337,0.469204,0.333238,,
Sharpe_statements_minutes_speeches_press_conferences_zscore__4g_novelty_ev3.0,214,0.9721,0.9714,253.7,273.9,1603.4107,0.0,0.437175,0.427457,0.470027,0.331679,3.1671,
