model_label,n_obs,r2,adj_r2,aic,bic,f_stat,f_pvalue,oos_rmse_60,oos_rmse_70,oos_rmse_80,oos_rmse_90
Gardner_statements_wordcount__4a_total_sent_ev1.0,151,0.9681,0.9668,191.2,212.32,1013.413,0.0,,,0.535354,
Gardner_statements_wordcount__4b_sent_sd_ev1.0,151,0.968,0.9669,189.71,207.81,1225.8998,0.0,,,0.534327,
Gardner_statements_wordcount__4b_sent_var_ev1.0,151,0.968,0.9669,189.71,207.81,1225.8998,0.0,,,0.534327,
Gardner_statements_wordcount__4b_sd_var_joint_ev1.0,151,0.968,0.9669,189.71,207.81,1225.8998,0.0,,,0.534327,
Gardner_statements_wordcount__4b_consensus_ev1.0,151,0.9743,0.9725,166.68,199.87,756.0294,0.0,,,0.540899,
Gardner_statements_wordcount__4b_consensus_matched_interactions_ev1.0,151,0.9702,0.9681,189.07,222.26,677.1382,0.0,,,0.583255,
Gardner_statements_wordcount__4c_all_topics_ev1.0,151,0.9704,0.9683,188.08,221.27,640.2223,0.0,,,0.514167,
Gardner_statements_wordcount__4d_topic_pca_ev1.0,151,0.9724,0.9704,177.51,210.7,779.74,0.0,,,0.486303,
Gardner_statements_wordcount__4e_total_interactions_ev1.0,151,0.9765,0.9747,154.97,191.17,699.5673,0.0,,,0.506881,
Gardner_statements_wordcount__4f_matched_interactions_ev1.0,151,0.9741,0.9722,168.01,201.2,800.107,0.0,,,0.431005,
Gardner_statements_wordcount__4g_novelty_ev1.0,150,0.968,0.9657,196.42,229.54,631.2468,0.0,,,0.530258,
Gardner_statements_wordcount__4a_total_sent_ev1.5,151,0.9681,0.9668,191.2,212.32,1013.413,0.0,,,0.535354,
Gardner_statements_wordcount__4b_sent_sd_ev1.5,151,0.968,0.9669,189.71,207.81,1225.8998,0.0,,,0.534327,
Gardner_statements_wordcount__4b_sent_var_ev1.5,151,0.968,0.9669,189.71,207.81,1225.8998,0.0,,,0.534327,
Gardner_statements_wordcount__4b_sd_var_joint_ev1.5,151,0.968,0.9669,189.71,207.81,1225.8998,0.0,,,0.534327,
Gardner_statements_wordcount__4b_consensus_ev1.5,151,0.9743,0.9725,166.68,199.87,756.0294,0.0,,,0.540899,
Gardner_statements_wordcount__4b_consensus_matched_interactions_ev1.5,151,0.9702,0.9681,189.07,222.26,677.1382,0.0,,,0.583255,
Gardner_statements_wordcount__4c_all_topics_ev1.5,151,0.9704,0.9683,188.08,221.27,640.2223,0.0,,,0.514167,
Gardner_statements_wordcount__4d_topic_pca_ev1.5,151,0.9724,0.9704,177.51,210.7,779.74,0.0,,,0.486303,
Gardner_statements_wordcount__4e_total_interactions_ev1.5,151,0.9765,0.9747,154.97,191.17,699.5673,0.0,,,0.506881,
Gardner_statements_wordcount__4f_matched_interactions_ev1.5,151,0.9741,0.9722,168.01,201.2,800.1071,0.0,,,0.431005,
Gardner_statements_wordcount__4g_novelty_ev1.5,150,0.968,0.9657,196.42,229.54,631.2468,0.0,,,0.530258,
Gardner_statements_wordcount__4a_total_sent_ev2.0,151,0.9681,0.9668,191.2,212.32,1013.413,0.0,,,0.535354,
Gardner_statements_wordcount__4b_sent_sd_ev2.0,151,0.968,0.9669,189.71,207.81,1225.8998,0.0,,,0.534327,
Gardner_statements_wordcount__4b_sent_var_ev2.0,151,0.968,0.9669,189.71,207.81,1225.8998,0.0,,,0.534327,
Gardner_statements_wordcount__4b_sd_var_joint_ev2.0,151,0.968,0.9669,189.71,207.81,1225.8998,0.0,,,0.534327,
Gardner_statements_wordcount__4b_consensus_ev2.0,151,0.9743,0.9725,166.68,199.87,756.0294,0.0,,,0.540899,
Gardner_statements_wordcount__4b_consensus_matched_interactions_ev2.0,151,0.9702,0.9681,189.07,222.26,677.1382,0.0,,,0.583255,
Gardner_statements_wordcount__4c_all_topics_ev2.0,151,0.9704,0.9683,188.08,221.27,640.2223,0.0,,,0.514167,
Gardner_statements_wordcount__4d_topic_pca_ev2.0,151,0.9724,0.9704,177.51,210.7,779.74,0.0,,,0.486303,
Gardner_statements_wordcount__4e_total_interactions_ev2.0,151,0.9765,0.9747,154.97,191.17,699.5673,0.0,,,0.506881,
Gardner_statements_wordcount__4f_matched_interactions_ev2.0,151,0.9741,0.9722,168.01,201.2,800.107,0.0,,,0.431005,
Gardner_statements_wordcount__4g_novelty_ev2.0,150,0.968,0.9657,196.42,229.54,631.2468,0.0,,,0.530258,
Gardner_statements_wordcount__4a_total_sent_ev2.5,151,0.9681,0.9668,191.2,212.32,1013.413,0.0,,,0.535354,
Gardner_statements_wordcount__4b_sent_sd_ev2.5,151,0.968,0.9669,189.71,207.81,1225.8998,0.0,,,0.534327,
Gardner_statements_wordcount__4b_sent_var_ev2.5,151,0.968,0.9669,189.71,207.81,1225.8998,0.0,,,0.534327,
Gardner_statements_wordcount__4b_sd_var_joint_ev2.5,151,0.968,0.9669,189.71,207.81,1225.8998,0.0,,,0.534327,
Gardner_statements_wordcount__4b_consensus_ev2.5,151,0.9743,0.9725,166.68,199.87,756.0294,0.0,,,0.540899,
Gardner_statements_wordcount__4b_consensus_matched_interactions_ev2.5,151,0.9702,0.9681,189.07,222.26,677.1382,0.0,,,0.583255,
Gardner_statements_wordcount__4c_all_topics_ev2.5,151,0.9704,0.9683,188.08,221.27,640.2223,0.0,,,0.514167,
Gardner_statements_wordcount__4d_topic_pca_ev2.5,151,0.9724,0.9704,177.51,210.7,779.74,0.0,,,0.486303,
Gardner_statements_wordcount__4e_total_interactions_ev2.5,151,0.9765,0.9747,154.97,191.17,699.5673,0.0,,,0.506881,
Gardner_statements_wordcount__4f_matched_interactions_ev2.5,151,0.9741,0.9722,168.01,201.2,800.107,0.0,,,0.431005,
Gardner_statements_wordcount__4g_novelty_ev2.5,150,0.968,0.9657,196.42,229.54,631.2468,0.0,,,0.530258,
Gardner_statements_wordcount__4a_total_sent_ev3.0,151,0.9681,0.9668,191.2,212.32,1013.413,0.0,,,0.535354,
Gardner_statements_wordcount__4b_sent_sd_ev3.0,151,0.968,0.9669,189.71,207.81,1225.8998,0.0,,,0.534327,
Gardner_statements_wordcount__4b_sent_var_ev3.0,151,0.968,0.9669,189.71,207.81,1225.8998,0.0,,,0.534327,
Gardner_statements_wordcount__4b_sd_var_joint_ev3.0,151,0.968,0.9669,189.71,207.81,1225.8998,0.0,,,0.534327,
Gardner_statements_wordcount__4b_consensus_ev3.0,151,0.9743,0.9725,166.68,199.87,756.0294,0.0,,,0.540899,
Gardner_statements_wordcount__4b_consensus_matched_interactions_ev3.0,151,0.9702,0.9681,189.07,222.26,677.1382,0.0,,,0.583255,
Gardner_statements_wordcount__4c_all_topics_ev3.0,151,0.9704,0.9683,188.08,221.27,640.2223,0.0,,,0.514167,
Gardner_statements_wordcount__4d_topic_pca_ev3.0,151,0.9724,0.9704,177.51,210.7,779.74,0.0,,,0.486303,
Gardner_statements_wordcount__4e_total_interactions_ev3.0,151,0.9765,0.9747,154.97,191.17,699.5673,0.0,,,0.506881,
Gardner_statements_wordcount__4f_matched_interactions_ev3.0,151,0.9741,0.9722,168.01,201.2,800.107,0.0,,,0.431005,
Gardner_statements_wordcount__4g_novelty_ev3.0,150,0.968,0.9657,196.42,229.54,631.2468,0.0,,,0.530258,
Gardner_statements_zscore__4a_total_sent_ev1.0,151,0.9686,0.9673,188.67,209.8,1050.8804,0.0,,,0.520601,
Gardner_statements_zscore__4b_sent_sd_ev1.0,151,0.968,0.9669,189.71,207.81,1225.8998,0.0,,,0.534327,
Gardner_statements_zscore__4b_sent_var_ev1.0,151,0.968,0.9669,189.71,207.81,1225.8998,0.0,,,0.534327,
Gardner_statements_zscore__4b_sd_var_joint_ev1.0,151,0.968,0.9669,189.71,207.81,1225.8998,0.0,,,0.534327,
Gardner_statements_zscore__4b_consensus_ev1.0,151,0.9724,0.9704,177.44,210.63,666.555,0.0,,,0.530215,
Gardner_statements_zscore__4b_consensus_matched_interactions_ev1.0,151,0.971,0.9689,185.14,218.33,676.9822,0.0,,,0.612996,
Gardner_statements_zscore__4c_all_topics_ev1.0,151,0.9702,0.9681,188.81,222.0,707.1429,0.0,,,0.506623,
Gardner_statements_zscore__4d_topic_pca_ev1.0,151,0.9703,0.9682,188.3,221.49,728.9474,0.0,,,0.482092,
Gardner_statements_zscore__4e_total_interactions_ev1.0,151,0.9755,0.9736,161.15,197.36,702.0933,0.0,,,0.538896,
Gardner_statements_zscore__4f_matched_interactions_ev1.0,151,0.974,0.9722,168.12,201.32,772.6829,0.0,,,0.472814,
Gardner_statements_zscore__4g_novelty_ev1.0,150,0.9687,0.9662,195.28,231.41,597.8972,0.0,,,0.509783,
Gardner_statements_zscore__4a_total_sent_ev1.5,151,0.9686,0.9673,188.67,209.8,1050.8804,0.0,,,0.520601,
Gardner_statements_zscore__4b_sent_sd_ev1.5,151,0.968,0.9669,189.71,207.81,1225.8998,0.0,,,0.534327,
Gardner_statements_zscore__4b_sent_var_ev1.5,151,0.968,0.9669,189.71,207.81,1225.8998,0.0,,,0.534327,
Gardner_statements_zscore__4b_sd_var_joint_ev1.5,151,0.968,0.9669,189.71,207.81,1225.8998,0.0,,,0.534327,
Gardner_statements_zscore__4b_consensus_ev1.5,151,0.9724,0.9704,177.44,210.63,666.555,0.0,,,0.530215,
Gardner_statements_zscore__4b_consensus_matched_interactions_ev1.5,151,0.971,0.9689,185.14,218.33,676.9822,0.0,,,0.612996,
Gardner_statements_zscore__4c_all_topics_ev1.5,151,0.9702,0.9681,188.81,222.0,707.1429,0.0,,,0.506623,
Gardner_statements_zscore__4d_topic_pca_ev1.5,151,0.9703,0.9682,188.3,221.49,728.9474,0.0,,,0.482092,
Gardner_statements_zscore__4e_total_interactions_ev1.5,151,0.9755,0.9736,161.15,197.36,702.0933,0.0,,,0.538896,
Gardner_statements_zscore__4f_matched_interactions_ev1.5,151,0.974,0.9722,168.12,201.32,772.6829,0.0,,,0.472814,
Gardner_statements_zscore__4g_novelty_ev1.5,150,0.9687,0.9662,195.28,231.41,597.8972,0.0,,,0.509783,
Gardner_statements_zscore__4a_total_sent_ev2.0,151,0.9686,0.9673,188.67,209.8,1050.8804,0.0,,,0.520601,
Gardner_statements_zscore__4b_sent_sd_ev2.0,151,0.968,0.9669,189.71,207.81,1225.8998,0.0,,,0.534327,
Gardner_statements_zscore__4b_sent_var_ev2.0,151,0.968,0.9669,189.71,207.81,1225.8998,0.0,,,0.534327,
Gardner_statements_zscore__4b_sd_var_joint_ev2.0,151,0.968,0.9669,189.71,207.81,1225.8998,0.0,,,0.534327,
Gardner_statements_zscore__4b_consensus_ev2.0,151,0.9724,0.9704,177.44,210.63,666.555,0.0,,,0.530215,
Gardner_statements_zscore__4b_consensus_matched_interactions_ev2.0,151,0.971,0.9689,185.14,218.33,676.9822,0.0,,,0.612996,
Gardner_statements_zscore__4c_all_topics_ev2.0,151,0.9702,0.9681,188.81,222.0,707.1429,0.0,,,0.506623,
Gardner_statements_zscore__4d_topic_pca_ev2.0,151,0.9703,0.9682,188.3,221.49,728.9474,0.0,,,0.482092,
Gardner_statements_zscore__4e_total_interactions_ev2.0,151,0.9755,0.9736,161.15,197.36,702.0933,0.0,,,0.538896,
Gardner_statements_zscore__4f_matched_interactions_ev2.0,151,0.974,0.9722,168.12,201.32,772.6829,0.0,,,0.472814,
Gardner_statements_zscore__4g_novelty_ev2.0,150,0.9687,0.9662,195.28,231.41,597.8972,0.0,,,0.509783,
Gardner_statements_zscore__4a_total_sent_ev2.5,151,0.9686,0.9673,188.67,209.8,1050.8804,0.0,,,0.520601,
Gardner_statements_zscore__4b_sent_sd_ev2.5,151,0.968,0.9669,189.71,207.81,1225.8998,0.0,,,0.534327,
Gardner_statements_zscore__4b_sent_var_ev2.5,151,0.968,0.9669,189.71,207.81,1225.8998,0.0,,,0.534327,
Gardner_statements_zscore__4b_sd_var_joint_ev2.5,151,0.968,0.9669,189.71,207.81,1225.8998,0.0,,,0.534327,
Gardner_statements_zscore__4b_consensus_ev2.5,151,0.9724,0.9704,177.44,210.63,666.555,0.0,,,0.530215,
Gardner_statements_zscore__4b_consensus_matched_interactions_ev2.5,151,0.971,0.9689,185.14,218.33,676.9822,0.0,,,0.612996,
Gardner_statements_zscore__4c_all_topics_ev2.5,151,0.9702,0.9681,188.81,222.0,707.1429,0.0,,,0.506623,
Gardner_statements_zscore__4d_topic_pca_ev2.5,151,0.9703,0.9682,188.3,221.49,728.9474,0.0,,,0.482092,
Gardner_statements_zscore__4e_total_interactions_ev2.5,151,0.9755,0.9736,161.15,197.36,702.0933,0.0,,,0.538896,
Gardner_statements_zscore__4f_matched_interactions_ev2.5,151,0.974,0.9722,168.12,201.32,772.6829,0.0,,,0.472814,
Gardner_statements_zscore__4g_novelty_ev2.5,150,0.9687,0.9662,195.28,231.41,597.8972,0.0,,,0.509783,
Gardner_statements_zscore__4a_total_sent_ev3.0,151,0.9686,0.9673,188.67,209.8,1050.8804,0.0,,,0.520601,
Gardner_statements_zscore__4b_sent_sd_ev3.0,151,0.968,0.9669,189.71,207.81,1225.8998,0.0,,,0.534327,
Gardner_statements_zscore__4b_sent_var_ev3.0,151,0.968,0.9669,189.71,207.81,1225.8998,0.0,,,0.534327,
Gardner_statements_zscore__4b_sd_var_joint_ev3.0,151,0.968,0.9669,189.71,207.81,1225.8998,0.0,,,0.534327,
Gardner_statements_zscore__4b_consensus_ev3.0,151,0.9724,0.9704,177.44,210.63,666.555,0.0,,,0.530215,
Gardner_statements_zscore__4b_consensus_matched_interactions_ev3.0,151,0.971,0.9689,185.14,218.33,676.9822,0.0,,,0.612996,
Gardner_statements_zscore__4c_all_topics_ev3.0,151,0.9702,0.9681,188.81,222.0,707.1429,0.0,,,0.506623,
Gardner_statements_zscore__4d_topic_pca_ev3.0,151,0.9703,0.9682,188.3,221.49,728.9474,0.0,,,0.482092,
Gardner_statements_zscore__4e_total_interactions_ev3.0,151,0.9755,0.9736,161.15,197.36,702.0933,0.0,,,0.538896,
Gardner_statements_zscore__4f_matched_interactions_ev3.0,151,0.974,0.9722,168.12,201.32,772.6829,0.0,,,0.472814,
Gardner_statements_zscore__4g_novelty_ev3.0,150,0.9687,0.9662,195.28,231.41,597.8972,0.0,,,0.509783,
Gardner_minutes_wordcount__4a_total_sent_ev1.0,151,0.9681,0.9668,191.32,212.44,1004.4464,0.0,,,0.534242,
Gardner_minutes_wordcount__4b_sent_sd_ev1.0,151,0.968,0.9669,189.71,207.81,1225.8998,0.0,,,0.534327,
Gardner_minutes_wordcount__4b_sent_var_ev1.0,151,0.968,0.9669,189.71,207.81,1225.8998,0.0,,,0.534327,
Gardner_minutes_wordcount__4b_sd_var_joint_ev1.0,151,0.968,0.9669,189.71,207.81,1225.8998,0.0,,,0.534327,
Gardner_minutes_wordcount__4b_consensus_ev1.0,151,0.9726,0.9706,176.58,209.77,681.6706,0.0,,,0.48257,
Gardner_minutes_wordcount__4b_consensus_matched_interactions_ev1.0,151,0.9706,0.9685,186.94,220.13,635.3597,0.0,,,0.514915,
Gardner_minutes_wordcount__4c_all_topics_ev1.0,151,0.9706,0.9685,187.14,220.33,682.0332,0.0,,,0.476009,
Gardner_minutes_wordcount__4d_topic_pca_ev1.0,151,0.9717,0.9697,181.21,214.4,720.5042,0.0,,,0.459596,
Gardner_minutes_wordcount__4e_total_interactions_ev1.0,151,0.9745,0.9725,167.23,203.43,583.9966,0.0,,,0.5502,
Gardner_minutes_wordcount__4f_matched_interactions_ev1.0,151,0.9726,0.9706,176.46,209.65,732.8036,0.0,,,0.46396,
Gardner_minutes_wordcount__4g_novelty_ev1.0,150,0.968,0.9657,196.36,229.48,591.7113,0.0,,,0.527988,
Gardner_minutes_wordcount__4a_total_sent_ev1.5,151,0.9681,0.9668,191.32,212.44,1004.4464,0.0,,,0.534242,
Gardner_minutes_wordcount__4b_sent_sd_ev1.5,151,0.968,0.9669,189.71,207.81,1225.8998,0.0,,,0.534327,
Gardner_minutes_wordcount__4b_sent_var_ev1.5,151,0.968,0.9669,189.71,207.81,1225.8998,0.0,,,0.534327,
Gardner_minutes_wordcount__4b_sd_var_joint_ev1.5,151,0.968,0.9669,189.71,207.81,1225.8998,0.0,,,0.534327,
Gardner_minutes_wordcount__4b_consensus_ev1.5,151,0.9726,0.9706,176.58,209.77,681.6706,0.0,,,0.48257,
Gardner_minutes_wordcount__4b_consensus_matched_interactions_ev1.5,151,0.9706,0.9685,186.94,220.13,635.3597,0.0,,,0.514915,
Gardner_minutes_wordcount__4c_all_topics_ev1.5,151,0.9706,0.9685,187.14,220.33,682.033,0.0,,,0.476009,
Gardner_minutes_wordcount__4d_topic_pca_ev1.5,151,0.9717,0.9697,181.21,214.4,720.5042,0.0,,,0.459596,
Gardner_minutes_wordcount__4e_total_interactions_ev1.5,151,0.9745,0.9725,167.23,203.43,583.9966,0.0,,,0.5502,
Gardner_minutes_wordcount__4f_matched_interactions_ev1.5,151,0.9726,0.9706,176.46,209.65,732.8046,0.0,,,0.46396,
Gardner_minutes_wordcount__4g_novelty_ev1.5,150,0.968,0.9657,196.36,229.48,591.7113,0.0,,,0.527988,
Gardner_minutes_wordcount__4a_total_sent_ev2.0,151,0.9681,0.9668,191.32,212.44,1004.4464,0.0,,,0.534242,
Gardner_minutes_wordcount__4b_sent_sd_ev2.0,151,0.968,0.9669,189.71,207.81,1225.8998,0.0,,,0.534327,
Gardner_minutes_wordcount__4b_sent_var_ev2.0,151,0.968,0.9669,189.71,207.81,1225.8998,0.0,,,0.534327,
Gardner_minutes_wordcount__4b_sd_var_joint_ev2.0,151,0.968,0.9669,189.71,207.81,1225.8998,0.0,,,0.534327,
Gardner_minutes_wordcount__4b_consensus_ev2.0,151,0.9726,0.9706,176.58,209.77,681.6706,0.0,,,0.48257,
Gardner_minutes_wordcount__4b_consensus_matched_interactions_ev2.0,151,0.9706,0.9685,186.94,220.13,635.3597,0.0,,,0.514915,
Gardner_minutes_wordcount__4c_all_topics_ev2.0,151,0.9706,0.9685,187.14,220.33,682.0334,0.0,,,0.476009,
Gardner_minutes_wordcount__4d_topic_pca_ev2.0,151,0.9717,0.9697,181.21,214.4,720.5042,0.0,,,0.459596,
Gardner_minutes_wordcount__4e_total_interactions_ev2.0,151,0.9745,0.9725,167.23,203.43,583.9966,0.0,,,0.5502,
Gardner_minutes_wordcount__4f_matched_interactions_ev2.0,151,0.9726,0.9706,176.46,209.65,732.8045,0.0,,,0.46396,
Gardner_minutes_wordcount__4g_novelty_ev2.0,150,0.968,0.9657,196.36,229.48,591.7113,0.0,,,0.527988,
Gardner_minutes_wordcount__4a_total_sent_ev2.5,151,0.9681,0.9668,191.32,212.44,1004.4464,0.0,,,0.534242,
Gardner_minutes_wordcount__4b_sent_sd_ev2.5,151,0.968,0.9669,189.71,207.81,1225.8998,0.0,,,0.534327,
Gardner_minutes_wordcount__4b_sent_var_ev2.5,151,0.968,0.9669,189.71,207.81,1225.8998,0.0,,,0.534327,
Gardner_minutes_wordcount__4b_sd_var_joint_ev2.5,151,0.968,0.9669,189.71,207.81,1225.8998,0.0,,,0.534327,
Gardner_minutes_wordcount__4b_consensus_ev2.5,151,0.9726,0.9706,176.58,209.77,681.6706,0.0,,,0.48257,
Gardner_minutes_wordcount__4b_consensus_matched_interactions_ev2.5,151,0.9706,0.9685,186.94,220.13,635.3597,0.0,,,0.514915,
Gardner_minutes_wordcount__4c_all_topics_ev2.5,151,0.9706,0.9685,187.14,220.33,682.0332,0.0,,,0.476009,
Gardner_minutes_wordcount__4d_topic_pca_ev2.5,151,0.9717,0.9697,181.21,214.4,720.5042,0.0,,,0.459596,
Gardner_minutes_wordcount__4e_total_interactions_ev2.5,151,0.9745,0.9725,167.23,203.43,583.9966,0.0,,,0.5502,
Gardner_minutes_wordcount__4f_matched_interactions_ev2.5,151,0.9726,0.9706,176.46,209.65,732.805,0.0,,,0.46396,
Gardner_minutes_wordcount__4g_novelty_ev2.5,150,0.968,0.9657,196.36,229.48,591.7113,0.0,,,0.527988,
Gardner_minutes_wordcount__4a_total_sent_ev3.0,151,0.9681,0.9668,191.32,212.44,1004.4464,0.0,,,0.534242,
Gardner_minutes_wordcount__4b_sent_sd_ev3.0,151,0.968,0.9669,189.71,207.81,1225.8998,0.0,,,0.534327,
Gardner_minutes_wordcount__4b_sent_var_ev3.0,151,0.968,0.9669,189.71,207.81,1225.8998,0.0,,,0.534327,
Gardner_minutes_wordcount__4b_sd_var_joint_ev3.0,151,0.968,0.9669,189.71,207.81,1225.8998,0.0,,,0.534327,
Gardner_minutes_wordcount__4b_consensus_ev3.0,151,0.9726,0.9706,176.58,209.77,681.6706,0.0,,,0.48257,
Gardner_minutes_wordcount__4b_consensus_matched_interactions_ev3.0,151,0.9706,0.9685,186.94,220.13,635.3597,0.0,,,0.514915,
Gardner_minutes_wordcount__4c_all_topics_ev3.0,151,0.9706,0.9685,187.14,220.33,682.0334,0.0,,,0.476009,
Gardner_minutes_wordcount__4d_topic_pca_ev3.0,151,0.9717,0.9697,181.21,214.4,720.5042,0.0,,,0.459596,
Gardner_minutes_wordcount__4e_total_interactions_ev3.0,151,0.9745,0.9725,167.23,203.43,583.9966,0.0,,,0.5502,
Gardner_minutes_wordcount__4f_matched_interactions_ev3.0,151,0.9726,0.9706,176.46,209.65,732.8048,0.0,,,0.46396,
Gardner_minutes_wordcount__4g_novelty_ev3.0,150,0.968,0.9657,196.36,229.48,591.7113,0.0,,,0.527988,
Gardner_minutes_zscore__4a_total_sent_ev1.0,151,0.9686,0.9672,189.1,210.22,1009.8822,0.0,,,0.533,
Gardner_minutes_zscore__4b_sent_sd_ev1.0,151,0.968,0.9669,189.71,207.81,1225.8998,0.0,,,0.534327,
Gardner_minutes_zscore__4b_sent_var_ev1.0,151,0.968,0.9669,189.71,207.81,1225.8998,0.0,,,0.534327,
Gardner_minutes_zscore__4b_sd_var_joint_ev1.0,151,0.968,0.9669,189.71,207.81,1225.8998,0.0,,,0.534327,
Gardner_minutes_zscore__4b_consensus_ev1.0,151,0.9741,0.9723,167.56,200.75,678.7804,0.0,,,0.480313,
Gardner_minutes_zscore__4b_consensus_matched_interactions_ev1.0,151,0.9716,0.9696,181.58,214.77,621.1129,0.0,,,0.548806,
Gardner_minutes_zscore__4c_all_topics_ev1.0,151,0.9697,0.9676,191.44,224.63,675.1743,0.0,,,0.515918,
Gardner_minutes_zscore__4d_topic_pca_ev1.0,151,0.9698,0.9677,190.91,224.1,706.7745,0.0,,,0.524206,
Gardner_minutes_zscore__4e_total_interactions_ev1.0,151,0.9749,0.9729,165.07,201.28,644.5362,0.0,,,0.488407,
Gardner_minutes_zscore__4f_matched_interactions_ev1.0,151,0.9741,0.9722,167.97,201.16,767.1513,0.0,,,0.445668,
Gardner_minutes_zscore__4g_novelty_ev1.0,150,0.9675,0.9649,200.74,236.87,499.422,0.0,,,0.526685,
Gardner_minutes_zscore__4a_total_sent_ev1.5,151,0.9686,0.9672,189.1,210.22,1009.8822,0.0,,,0.533,
Gardner_minutes_zscore__4b_sent_sd_ev1.5,151,0.968,0.9669,189.71,207.81,1225.8998,0.0,,,0.534327,
Gardner_minutes_zscore__4b_sent_var_ev1.5,151,0.968,0.9669,189.71,207.81,1225.8998,0.0,,,0.534327,
Gardner_minutes_zscore__4b_sd_var_joint_ev1.5,151,0.968,0.9669,189.71,207.81,1225.8998,0.0,,,0.534327,
Gardner_minutes_zscore__4b_consensus_ev1.5,151,0.9741,0.9723,167.56,200.75,678.7804,0.0,,,0.480313,
Gardner_minutes_zscore__4b_consensus_matched_interactions_ev1.5,151,0.9716,0.9696,181.58,214.77,621.1129,0.0,,,0.548806,
Gardner_minutes_zscore__4c_all_topics_ev1.5,151,0.9697,0.9676,191.44,224.63,675.1743,0.0,,,0.515918,
Gardner_minutes_zscore__4d_topic_pca_ev1.5,151,0.9698,0.9677,190.91,224.1,706.7745,0.0,,,0.524206,
Gardner_minutes_zscore__4e_total_interactions_ev1.5,151,0.9749,0.9729,165.07,201.28,644.5362,0.0,,,0.488407,
Gardner_minutes_zscore__4f_matched_interactions_ev1.5,151,0.9741,0.9722,167.97,201.16,767.1513,0.0,,,0.445668,
Gardner_minutes_zscore__4g_novelty_ev1.5,150,0.9675,0.9649,200.74,236.87,499.422,0.0,,,0.526685,
Gardner_minutes_zscore__4a_total_sent_ev2.0,151,0.9686,0.9672,189.1,210.22,1009.8822,0.0,,,0.533,
Gardner_minutes_zscore__4b_sent_sd_ev2.0,151,0.968,0.9669,189.71,207.81,1225.8998,0.0,,,0.534327,
Gardner_minutes_zscore__4b_sent_var_ev2.0,151,0.968,0.9669,189.71,207.81,1225.8998,0.0,,,0.534327,
Gardner_minutes_zscore__4b_sd_var_joint_ev2.0,151,0.968,0.9669,189.71,207.81,1225.8998,0.0,,,0.534327,
Gardner_minutes_zscore__4b_consensus_ev2.0,151,0.9741,0.9723,167.56,200.75,678.7804,0.0,,,0.480313,
Gardner_minutes_zscore__4b_consensus_matched_interactions_ev2.0,151,0.9716,0.9696,181.58,214.77,621.1129,0.0,,,0.548806,
Gardner_minutes_zscore__4c_all_topics_ev2.0,151,0.9697,0.9676,191.44,224.63,675.1743,0.0,,,0.515918,
Gardner_minutes_zscore__4d_topic_pca_ev2.0,151,0.9698,0.9677,190.91,224.1,706.7745,0.0,,,0.524206,
Gardner_minutes_zscore__4e_total_interactions_ev2.0,151,0.9749,0.9729,165.07,201.28,644.5362,0.0,,,0.488407,
Gardner_minutes_zscore__4f_matched_interactions_ev2.0,151,0.9741,0.9722,167.97,201.16,767.1513,0.0,,,0.445668,
Gardner_minutes_zscore__4g_novelty_ev2.0,150,0.9675,0.9649,200.74,236.87,499.422,0.0,,,0.526685,
Gardner_minutes_zscore__4a_total_sent_ev2.5,151,0.9686,0.9672,189.1,210.22,1009.8822,0.0,,,0.533,
Gardner_minutes_zscore__4b_sent_sd_ev2.5,151,0.968,0.9669,189.71,207.81,1225.8998,0.0,,,0.534327,
Gardner_minutes_zscore__4b_sent_var_ev2.5,151,0.968,0.9669,189.71,207.81,1225.8998,0.0,,,0.534327,
Gardner_minutes_zscore__4b_sd_var_joint_ev2.5,151,0.968,0.9669,189.71,207.81,1225.8998,0.0,,,0.534327,
Gardner_minutes_zscore__4b_consensus_ev2.5,151,0.9741,0.9723,167.56,200.75,678.7804,0.0,,,0.480313,
Gardner_minutes_zscore__4b_consensus_matched_interactions_ev2.5,151,0.9716,0.9696,181.58,214.77,621.1129,0.0,,,0.548806,
Gardner_minutes_zscore__4c_all_topics_ev2.5,151,0.9697,0.9676,191.44,224.63,675.1743,0.0,,,0.515918,
Gardner_minutes_zscore__4d_topic_pca_ev2.5,151,0.9698,0.9677,190.91,224.1,706.7745,0.0,,,0.524206,
Gardner_minutes_zscore__4e_total_interactions_ev2.5,151,0.9749,0.9729,165.07,201.28,644.5362,0.0,,,0.488407,
Gardner_minutes_zscore__4f_matched_interactions_ev2.5,151,0.9741,0.9722,167.97,201.16,767.1513,0.0,,,0.445668,
Gardner_minutes_zscore__4g_novelty_ev2.5,150,0.9675,0.9649,200.74,236.87,499.422,0.0,,,0.526685,
Gardner_minutes_zscore__4a_total_sent_ev3.0,151,0.9686,0.9672,189.1,210.22,1009.8822,0.0,,,0.533,
Gardner_minutes_zscore__4b_sent_sd_ev3.0,151,0.968,0.9669,189.71,207.81,1225.8998,0.0,,,0.534327,
Gardner_minutes_zscore__4b_sent_var_ev3.0,151,0.968,0.9669,189.71,207.81,1225.8998,0.0,,,0.534327,
Gardner_minutes_zscore__4b_sd_var_joint_ev3.0,151,0.968,0.9669,189.71,207.81,1225.8998,0.0,,,0.534327,
Gardner_minutes_zscore__4b_consensus_ev3.0,151,0.9741,0.9723,167.56,200.75,678.7804,0.0,,,0.480313,
Gardner_minutes_zscore__4b_consensus_matched_interactions_ev3.0,151,0.9716,0.9696,181.58,214.77,621.1129,0.0,,,0.548806,
Gardner_minutes_zscore__4c_all_topics_ev3.0,151,0.9697,0.9676,191.44,224.63,675.1743,0.0,,,0.515918,
Gardner_minutes_zscore__4d_topic_pca_ev3.0,151,0.9698,0.9677,190.91,224.1,706.7745,0.0,,,0.524206,
Gardner_minutes_zscore__4e_total_interactions_ev3.0,151,0.9749,0.9729,165.07,201.28,644.5362,0.0,,,0.488407,
Gardner_minutes_zscore__4f_matched_interactions_ev3.0,151,0.9741,0.9722,167.97,201.16,767.1513,0.0,,,0.445668,
Gardner_minutes_zscore__4g_novelty_ev3.0,150,0.9675,0.9649,200.74,236.87,499.422,0.0,,,0.526685,
Gardner_speeches_wordcount__4a_total_sent_ev1.0,151,0.9681,0.9668,191.08,212.2,1079.5201,0.0,,,0.533295,
Gardner_speeches_wordcount__4b_sent_sd_ev1.0,151,0.968,0.9669,189.71,207.81,1225.8998,0.0,,,0.534327,
Gardner_speeches_wordcount__4b_sent_var_ev1.0,151,0.968,0.9669,189.71,207.81,1225.8998,0.0,,,0.534327,
Gardner_speeches_wordcount__4b_sd_var_joint_ev1.0,151,0.968,0.9669,189.71,207.81,1225.8998,0.0,,,0.534327,
Gardner_speeches_wordcount__4b_consensus_ev1.0,151,0.9692,0.967,193.95,227.14,584.6629,0.0,,,0.520136,
Gardner_speeches_wordcount__4b_consensus_matched_interactions_ev1.0,151,0.9691,0.9669,194.31,227.5,605.173,0.0,,,0.520595,
Gardner_speeches_wordcount__4c_all_topics_ev1.0,151,0.9689,0.9667,195.43,228.62,658.3975,0.0,,,0.561619,
Gardner_speeches_wordcount__4d_topic_pca_ev1.0,151,0.969,0.9668,195.05,228.24,678.911,0.0,,,0.544905,
Gardner_speeches_wordcount__4e_total_interactions_ev1.0,151,0.9725,0.9703,179.01,215.22,705.402,0.0,,,0.427894,
Gardner_speeches_wordcount__4f_matched_interactions_ev1.0,151,0.9715,0.9694,182.38,215.57,697.4407,0.0,,,0.473811,
Gardner_speeches_wordcount__4g_novelty_ev1.0,150,0.9678,0.9655,197.2,230.32,551.1029,0.0,,,0.515577,
Gardner_speeches_wordcount__4a_total_sent_ev1.5,151,0.9681,0.9668,191.08,212.2,1079.5201,0.0,,,0.533295,
Gardner_speeches_wordcount__4b_sent_sd_ev1.5,151,0.968,0.9669,189.71,207.81,1225.8998,0.0,,,0.534327,
Gardner_speeches_wordcount__4b_sent_var_ev1.5,151,0.968,0.9669,189.71,207.81,1225.8998,0.0,,,0.534327,
Gardner_speeches_wordcount__4b_sd_var_joint_ev1.5,151,0.968,0.9669,189.71,207.81,1225.8998,0.0,,,0.534327,
Gardner_speeches_wordcount__4b_consensus_ev1.5,151,0.9692,0.967,193.95,227.14,584.6627,0.0,,,0.520136,
Gardner_speeches_wordcount__4b_consensus_matched_interactions_ev1.5,151,0.9691,0.9669,194.31,227.5,605.1729,0.0,,,0.520595,
Gardner_speeches_wordcount__4c_all_topics_ev1.5,151,0.9689,0.9667,195.43,228.62,658.3913,0.0,,,0.561619,
Gardner_speeches_wordcount__4d_topic_pca_ev1.5,151,0.969,0.9668,195.05,228.24,678.911,0.0,,,0.544905,
Gardner_speeches_wordcount__4e_total_interactions_ev1.5,151,0.9725,0.9703,179.01,215.22,705.402,0.0,,,0.427894,
Gardner_speeches_wordcount__4f_matched_interactions_ev1.5,151,0.9715,0.9694,182.38,215.57,697.4455,0.0,,,0.473811,
Gardner_speeches_wordcount__4g_novelty_ev1.5,150,0.9678,0.9655,197.2,230.32,551.1029,0.0,,,0.515577,
Gardner_speeches_wordcount__4a_total_sent_ev2.0,151,0.9681,0.9668,191.08,212.2,1079.5201,0.0,,,0.533295,
Gardner_speeches_wordcount__4b_sent_sd_ev2.0,151,0.968,0.9669,189.71,207.81,1225.8998,0.0,,,0.534327,
Gardner_speeches_wordcount__4b_sent_var_ev2.0,151,0.968,0.9669,189.71,207.81,1225.8998,0.0,,,0.534327,
Gardner_speeches_wordcount__4b_sd_var_joint_ev2.0,151,0.968,0.9669,189.71,207.81,1225.8998,0.0,,,0.534327,
Gardner_speeches_wordcount__4b_consensus_ev2.0,151,0.9692,0.967,193.95,227.14,584.6627,0.0,,,0.520136,
Gardner_speeches_wordcount__4b_consensus_matched_interactions_ev2.0,151,0.9691,0.9669,194.31,227.5,605.173,0.0,,,0.520595,
Gardner_speeches_wordcount__4c_all_topics_ev2.0,151,0.9689,0.9667,195.43,228.62,658.3997,0.0,,,0.561619,
Gardner_speeches_wordcount__4d_topic_pca_ev2.0,151,0.969,0.9668,195.05,228.24,678.911,0.0,,,0.544905,
Gardner_speeches_wordcount__4e_total_interactions_ev2.0,151,0.9725,0.9703,179.01,215.22,705.402,0.0,,,0.427894,
Gardner_speeches_wordcount__4f_matched_interactions_ev2.0,151,0.9715,0.9694,182.38,215.57,697.4513,0.0,,,0.473811,
Gardner_speeches_wordcount__4g_novelty_ev2.0,150,0.9678,0.9655,197.2,230.32,551.1029,0.0,,,0.515577,
Gardner_speeches_wordcount__4a_total_sent_ev2.5,151,0.9681,0.9668,191.08,212.2,1079.5201,0.0,,,0.533295,
Gardner_speeches_wordcount__4b_sent_sd_ev2.5,151,0.968,0.9669,189.71,207.81,1225.8998,0.0,,,0.534327,
Gardner_speeches_wordcount__4b_sent_var_ev2.5,151,0.968,0.9669,189.71,207.81,1225.8998,0.0,,,0.534327,
Gardner_speeches_wordcount__4b_sd_var_joint_ev2.5,151,0.968,0.9669,189.71,207.81,1225.8998,0.0,,,0.534327,
Gardner_speeches_wordcount__4b_consensus_ev2.5,151,0.9692,0.967,193.95,227.14,584.6627,0.0,,,0.520136,
Gardner_speeches_wordcount__4b_consensus_matched_interactions_ev2.5,151,0.9691,0.9669,194.31,227.5,605.1729,0.0,,,0.520595,
Gardner_speeches_wordcount__4c_all_topics_ev2.5,151,0.9689,0.9667,195.43,228.62,658.3914,0.0,,,0.561619,
Gardner_speeches_wordcount__4d_topic_pca_ev2.5,151,0.969,0.9668,195.05,228.24,678.911,0.0,,,0.544905,
Gardner_speeches_wordcount__4e_total_interactions_ev2.5,151,0.9725,0.9703,179.01,215.22,705.402,0.0,,,0.427894,
Gardner_speeches_wordcount__4f_matched_interactions_ev2.5,151,0.9715,0.9694,182.38,215.57,697.4504,0.0,,,0.473811,
Gardner_speeches_wordcount__4g_novelty_ev2.5,150,0.9678,0.9655,197.2,230.32,551.1029,0.0,,,0.515577,
Gardner_speeches_wordcount__4a_total_sent_ev3.0,151,0.9681,0.9668,191.08,212.2,1079.5201,0.0,,,0.533295,
Gardner_speeches_wordcount__4b_sent_sd_ev3.0,151,0.968,0.9669,189.71,207.81,1225.8998,0.0,,,0.534327,
Gardner_speeches_wordcount__4b_sent_var_ev3.0,151,0.968,0.9669,189.71,207.81,1225.8998,0.0,,,0.534327,
Gardner_speeches_wordcount__4b_sd_var_joint_ev3.0,151,0.968,0.9669,189.71,207.81,1225.8998,0.0,,,0.534327,
Gardner_speeches_wordcount__4b_consensus_ev3.0,151,0.9692,0.967,193.95,227.14,584.6627,0.0,,,0.520136,
Gardner_speeches_wordcount__4b_consensus_matched_interactions_ev3.0,151,0.9691,0.9669,194.31,227.5,605.1729,0.0,,,0.520595,
Gardner_speeches_wordcount__4c_all_topics_ev3.0,151,0.9689,0.9667,195.43,228.62,658.3921,0.0,,,0.561619,
Gardner_speeches_wordcount__4d_topic_pca_ev3.0,151,0.969,0.9668,195.05,228.24,678.911,0.0,,,0.544905,
Gardner_speeches_wordcount__4e_total_interactions_ev3.0,151,0.9725,0.9703,179.01,215.22,705.402,0.0,,,0.427894,
Gardner_speeches_wordcount__4f_matched_interactions_ev3.0,151,0.9715,0.9694,182.38,215.57,697.4492,0.0,,,0.473811,
Gardner_speeches_wordcount__4g_novelty_ev3.0,150,0.9678,0.9655,197.2,230.32,551.1029,0.0,,,0.515577,
Gardner_speeches_zscore__4a_total_sent_ev1.0,151,0.9683,0.967,190.46,211.58,1079.2021,0.0,,,0.530664,
Gardner_speeches_zscore__4b_sent_sd_ev1.0,151,0.968,0.9669,189.71,207.81,1225.8998,0.0,,,0.534327,
Gardner_speeches_zscore__4b_sent_var_ev1.0,151,0.968,0.9669,189.71,207.81,1225.8998,0.0,,,0.534327,
Gardner_speeches_zscore__4b_sd_var_joint_ev1.0,151,0.968,0.9669,189.71,207.81,1225.8998,0.0,,,0.534327,
Gardner_speeches_zscore__4b_consensus_ev1.0,151,0.9688,0.9666,195.96,229.15,602.5176,0.0,,,0.532744,
Gardner_speeches_zscore__4b_consensus_matched_interactions_ev1.0,151,0.9691,0.9669,194.24,227.43,659.1825,0.0,,,0.525201,
Gardner_speeches_zscore__4c_all_topics_ev1.0,151,0.9695,0.9673,192.4,225.59,637.4073,0.0,,,0.538763,
Gardner_speeches_zscore__4d_topic_pca_ev1.0,151,0.9694,0.9672,193.16,226.35,677.5416,0.0,,,0.514671,
Gardner_speeches_zscore__4e_total_interactions_ev1.0,151,0.9721,0.9699,181.2,217.41,706.2406,0.0,,,0.513925,
Gardner_speeches_zscore__4f_matched_interactions_ev1.0,151,0.9714,0.9694,182.78,215.97,702.6679,0.0,,,0.488005,
Gardner_speeches_zscore__4g_novelty_ev1.0,150,0.9677,0.9652,199.69,235.82,519.5128,0.0,,,0.521895,
Gardner_speeches_zscore__4a_total_sent_ev1.5,151,0.9683,0.967,190.46,211.58,1079.2021,0.0,,,0.530664,
Gardner_speeches_zscore__4b_sent_sd_ev1.5,151,0.968,0.9669,189.71,207.81,1225.8998,0.0,,,0.534327,
Gardner_speeches_zscore__4b_sent_var_ev1.5,151,0.968,0.9669,189.71,207.81,1225.8998,0.0,,,0.534327,
Gardner_speeches_zscore__4b_sd_var_joint_ev1.5,151,0.968,0.9669,189.71,207.81,1225.8998,0.0,,,0.534327,
Gardner_speeches_zscore__4b_consensus_ev1.5,151,0.9688,0.9666,195.96,229.15,602.5176,0.0,,,0.532744,
Gardner_speeches_zscore__4b_consensus_matched_interactions_ev1.5,151,0.9691,0.9669,194.24,227.43,659.1825,0.0,,,0.525201,
Gardner_speeches_zscore__4c_all_topics_ev1.5,151,0.9695,0.9673,192.4,225.59,637.4073,0.0,,,0.538763,
Gardner_speeches_zscore__4d_topic_pca_ev1.5,151,0.9694,0.9672,193.16,226.35,677.5416,0.0,,,0.514671,
Gardner_speeches_zscore__4e_total_interactions_ev1.5,151,0.9721,0.9699,181.2,217.41,706.2406,0.0,,,0.513925,
Gardner_speeches_zscore__4f_matched_interactions_ev1.5,151,0.9714,0.9694,182.78,215.97,702.6679,0.0,,,0.488005,
Gardner_speeches_zscore__4g_novelty_ev1.5,150,0.9677,0.9652,199.69,235.82,519.5128,0.0,,,0.521895,
Gardner_speeches_zscore__4a_total_sent_ev2.0,151,0.9683,0.967,190.46,211.58,1079.2021,0.0,,,0.530664,
Gardner_speeches_zscore__4b_sent_sd_ev2.0,151,0.968,0.9669,189.71,207.81,1225.8998,0.0,,,0.534327,
Gardner_speeches_zscore__4b_sent_var_ev2.0,151,0.968,0.9669,189.71,207.81,1225.8998,0.0,,,0.534327,
Gardner_speeches_zscore__4b_sd_var_joint_ev2.0,151,0.968,0.9669,189.71,207.81,1225.8998,0.0,,,0.534327,
Gardner_speeches_zscore__4b_consensus_ev2.0,151,0.9688,0.9666,195.96,229.15,602.5176,0.0,,,0.532744,
Gardner_speeches_zscore__4b_consensus_matched_interactions_ev2.0,151,0.9691,0.9669,194.24,227.43,659.1825,0.0,,,0.525201,
Gardner_speeches_zscore__4c_all_topics_ev2.0,151,0.9695,0.9673,192.4,225.59,637.4073,0.0,,,0.538763,
Gardner_speeches_zscore__4d_topic_pca_ev2.0,151,0.9694,0.9672,193.16,226.35,677.5416,0.0,,,0.514671,
Gardner_speeches_zscore__4e_total_interactions_ev2.0,151,0.9721,0.9699,181.2,217.41,706.2406,0.0,,,0.513925,
Gardner_speeches_zscore__4f_matched_interactions_ev2.0,151,0.9714,0.9694,182.78,215.97,702.6679,0.0,,,0.488005,
Gardner_speeches_zscore__4g_novelty_ev2.0,150,0.9677,0.9652,199.69,235.82,519.5128,0.0,,,0.521895,
Gardner_speeches_zscore__4a_total_sent_ev2.5,151,0.9683,0.967,190.46,211.58,1079.2021,0.0,,,0.530664,
Gardner_speeches_zscore__4b_sent_sd_ev2.5,151,0.968,0.9669,189.71,207.81,1225.8998,0.0,,,0.534327,
Gardner_speeches_zscore__4b_sent_var_ev2.5,151,0.968,0.9669,189.71,207.81,1225.8998,0.0,,,0.534327,
Gardner_speeches_zscore__4b_sd_var_joint_ev2.5,151,0.968,0.9669,189.71,207.81,1225.8998,0.0,,,0.534327,
Gardner_speeches_zscore__4b_consensus_ev2.5,151,0.9688,0.9666,195.96,229.15,602.5176,0.0,,,0.532744,
Gardner_speeches_zscore__4b_consensus_matched_interactions_ev2.5,151,0.9691,0.9669,194.24,227.43,659.1825,0.0,,,0.525201,
Gardner_speeches_zscore__4c_all_topics_ev2.5,151,0.9695,0.9673,192.4,225.59,637.4073,0.0,,,0.538763,
Gardner_speeches_zscore__4d_topic_pca_ev2.5,151,0.9694,0.9672,193.16,226.35,677.5416,0.0,,,0.514671,
Gardner_speeches_zscore__4e_total_interactions_ev2.5,151,0.9721,0.9699,181.2,217.41,706.2406,0.0,,,0.513925,
Gardner_speeches_zscore__4f_matched_interactions_ev2.5,151,0.9714,0.9694,182.78,215.97,702.6679,0.0,,,0.488005,
Gardner_speeches_zscore__4g_novelty_ev2.5,150,0.9677,0.9652,199.69,235.82,519.5128,0.0,,,0.521895,
Gardner_speeches_zscore__4a_total_sent_ev3.0,151,0.9683,0.967,190.46,211.58,1079.2021,0.0,,,0.530664,
Gardner_speeches_zscore__4b_sent_sd_ev3.0,151,0.968,0.9669,189.71,207.81,1225.8998,0.0,,,0.534327,
Gardner_speeches_zscore__4b_sent_var_ev3.0,151,0.968,0.9669,189.71,207.81,1225.8998,0.0,,,0.534327,
Gardner_speeches_zscore__4b_sd_var_joint_ev3.0,151,0.968,0.9669,189.71,207.81,1225.8998,0.0,,,0.534327,
Gardner_speeches_zscore__4b_consensus_ev3.0,151,0.9688,0.9666,195.96,229.15,602.5176,0.0,,,0.532744,
Gardner_speeches_zscore__4b_consensus_matched_interactions_ev3.0,151,0.9691,0.9669,194.24,227.43,659.1825,0.0,,,0.525201,
Gardner_speeches_zscore__4c_all_topics_ev3.0,151,0.9695,0.9673,192.4,225.59,637.4073,0.0,,,0.538763,
Gardner_speeches_zscore__4d_topic_pca_ev3.0,151,0.9694,0.9672,193.16,226.35,677.5416,0.0,,,0.514671,
Gardner_speeches_zscore__4e_total_interactions_ev3.0,151,0.9721,0.9699,181.2,217.41,706.2406,0.0,,,0.513925,
Gardner_speeches_zscore__4f_matched_interactions_ev3.0,151,0.9714,0.9694,182.78,215.97,702.6679,0.0,,,0.488005,
Gardner_speeches_zscore__4g_novelty_ev3.0,150,0.9677,0.9652,199.69,235.82,519.5128,0.0,,,0.521895,
Gardner_press_conferences_wordcount__4a_total_sent_ev1.0,118,0.9712,0.9696,145.29,164.68,920.017,0.0,,,0.548722,
Gardner_press_conferences_wordcount__4b_sent_sd_ev1.0,151,0.968,0.9669,189.71,207.81,1225.8998,0.0,,,0.534327,
Gardner_press_conferences_wordcount__4b_sent_var_ev1.0,151,0.968,0.9669,189.71,207.81,1225.8998,0.0,,,0.534327,
Gardner_press_conferences_wordcount__4b_sd_var_joint_ev1.0,151,0.968,0.9669,189.71,207.81,1225.8998,0.0,,,0.534327,
Gardner_press_conferences_wordcount__4b_consensus_ev1.0,118,0.9714,0.9687,152.46,182.94,668.1307,0.0,,,0.494569,
Gardner_press_conferences_wordcount__4b_consensus_matched_interactions_ev1.0,118,0.9722,0.9696,149.14,179.62,609.0555,0.0,,,0.484522,
Gardner_press_conferences_wordcount__4c_all_topics_ev1.0,118,0.9736,0.9711,143.07,173.55,608.2914,0.0,,,0.541107,
Gardner_press_conferences_wordcount__4d_topic_pca_ev1.0,118,0.9728,0.9702,146.47,176.95,625.8087,0.0,,,0.621238,
Gardner_press_conferences_wordcount__4e_total_interactions_ev1.0,118,0.9798,0.9777,113.39,146.64,682.3377,0.0,,,0.495927,
Gardner_press_conferences_wordcount__4f_matched_interactions_ev1.0,118,0.9748,0.9724,137.59,168.06,613.3671,0.0,,,0.439438,
Gardner_press_conferences_wordcount__4g_novelty_ev1.0,117,0.9703,0.9675,155.94,186.32,496.3269,0.0,,,0.564464,
Gardner_press_conferences_wordcount__4a_total_sent_ev1.5,118,0.9712,0.9696,145.29,164.68,920.017,0.0,,,0.548722,
Gardner_press_conferences_wordcount__4b_sent_sd_ev1.5,151,0.968,0.9669,189.71,207.81,1225.8998,0.0,,,0.534327,
Gardner_press_conferences_wordcount__4b_sent_var_ev1.5,151,0.968,0.9669,189.71,207.81,1225.8998,0.0,,,0.534327,
Gardner_press_conferences_wordcount__4b_sd_var_joint_ev1.5,151,0.968,0.9669,189.71,207.81,1225.8998,0.0,,,0.534327,
Gardner_press_conferences_wordcount__4b_consensus_ev1.5,118,0.9714,0.9687,152.46,182.94,668.1306,0.0,,,0.494569,
Gardner_press_conferences_wordcount__4b_consensus_matched_interactions_ev1.5,118,0.9722,0.9696,149.14,179.62,609.0554,0.0,,,0.484522,
Gardner_press_conferences_wordcount__4c_all_topics_ev1.5,118,0.9736,0.9711,143.07,173.55,608.2712,0.0,,,0.541107,
Gardner_press_conferences_wordcount__4d_topic_pca_ev1.5,118,0.9728,0.9702,146.47,176.95,625.8087,0.0,,,0.621238,
Gardner_press_conferences_wordcount__4e_total_interactions_ev1.5,118,0.9798,0.9777,113.39,146.64,682.3378,0.0,,,0.495927,
Gardner_press_conferences_wordcount__4f_matched_interactions_ev1.5,118,0.9748,0.9724,137.59,168.06,613.3684,0.0,,,0.439438,
Gardner_press_conferences_wordcount__4g_novelty_ev1.5,117,0.9703,0.9675,155.94,186.32,496.3269,0.0,,,0.564464,
Gardner_press_conferences_wordcount__4a_total_sent_ev2.0,118,0.9712,0.9696,145.29,164.68,920.017,0.0,,,0.548722,
Gardner_press_conferences_wordcount__4b_sent_sd_ev2.0,151,0.968,0.9669,189.71,207.81,1225.8998,0.0,,,0.534327,
Gardner_press_conferences_wordcount__4b_sent_var_ev2.0,151,0.968,0.9669,189.71,207.81,1225.8998,0.0,,,0.534327,
Gardner_press_conferences_wordcount__4b_sd_var_joint_ev2.0,151,0.968,0.9669,189.71,207.81,1225.8998,0.0,,,0.534327,
Gardner_press_conferences_wordcount__4b_consensus_ev2.0,118,0.9714,0.9687,152.46,182.94,668.1306,0.0,,,0.494569,
Gardner_press_conferences_wordcount__4b_consensus_matched_interactions_ev2.0,118,0.9722,0.9696,149.14,179.62,609.0554,0.0,,,0.484522,
Gardner_press_conferences_wordcount__4c_all_topics_ev2.0,118,0.9736,0.9711,143.07,173.55,608.2843,0.0,,,0.541107,
Gardner_press_conferences_wordcount__4d_topic_pca_ev2.0,118,0.9728,0.9702,146.47,176.95,625.8087,0.0,,,0.621238,
Gardner_press_conferences_wordcount__4e_total_interactions_ev2.0,118,0.9798,0.9777,113.39,146.64,682.3378,0.0,,,0.495927,
Gardner_press_conferences_wordcount__4f_matched_interactions_ev2.0,118,0.9748,0.9724,137.59,168.06,613.3712,0.0,,,0.439438,
Gardner_press_conferences_wordcount__4g_novelty_ev2.0,117,0.9703,0.9675,155.94,186.32,496.3269,0.0,,,0.564464,
Gardner_press_conferences_wordcount__4a_total_sent_ev2.5,118,0.9712,0.9696,145.29,164.68,920.017,0.0,,,0.548722,
Gardner_press_conferences_wordcount__4b_sent_sd_ev2.5,151,0.968,0.9669,189.71,207.81,1225.8998,0.0,,,0.534327,
Gardner_press_conferences_wordcount__4b_sent_var_ev2.5,151,0.968,0.9669,189.71,207.81,1225.8998,0.0,,,0.534327,
Gardner_press_conferences_wordcount__4b_sd_var_joint_ev2.5,151,0.968,0.9669,189.71,207.81,1225.8998,0.0,,,0.534327,
Gardner_press_conferences_wordcount__4b_consensus_ev2.5,118,0.9714,0.9687,152.46,182.94,668.1305,0.0,,,0.494569,
Gardner_press_conferences_wordcount__4b_consensus_matched_interactions_ev2.5,118,0.9722,0.9696,149.14,179.62,609.0554,0.0,,,0.484522,
Gardner_press_conferences_wordcount__4c_all_topics_ev2.5,118,0.9736,0.9711,143.07,173.55,608.2747,0.0,,,0.541107,
Gardner_press_conferences_wordcount__4d_topic_pca_ev2.5,118,0.9728,0.9702,146.47,176.95,625.8087,0.0,,,0.621238,
Gardner_press_conferences_wordcount__4e_total_interactions_ev2.5,118,0.9798,0.9777,113.39,146.64,682.3377,0.0,,,0.495927,
Gardner_press_conferences_wordcount__4f_matched_interactions_ev2.5,118,0.9748,0.9724,137.59,168.06,613.3786,0.0,,,0.439438,
Gardner_press_conferences_wordcount__4g_novelty_ev2.5,117,0.9703,0.9675,155.94,186.32,496.3269,0.0,,,0.564464,
Gardner_press_conferences_wordcount__4a_total_sent_ev3.0,118,0.9712,0.9696,145.29,164.68,920.017,0.0,,,0.548722,
Gardner_press_conferences_wordcount__4b_sent_sd_ev3.0,151,0.968,0.9669,189.71,207.81,1225.8998,0.0,,,0.534327,
Gardner_press_conferences_wordcount__4b_sent_var_ev3.0,151,0.968,0.9669,189.71,207.81,1225.8998,0.0,,,0.534327,
Gardner_press_conferences_wordcount__4b_sd_var_joint_ev3.0,151,0.968,0.9669,189.71,207.81,1225.8998,0.0,,,0.534327,
Gardner_press_conferences_wordcount__4b_consensus_ev3.0,118,0.9714,0.9687,152.46,182.94,668.1305,0.0,,,0.494569,
Gardner_press_conferences_wordcount__4b_consensus_matched_interactions_ev3.0,118,0.9722,0.9696,149.14,179.62,609.0554,0.0,,,0.484522,
Gardner_press_conferences_wordcount__4c_all_topics_ev3.0,118,0.9736,0.9711,143.07,173.55,608.2769,0.0,,,0.541107,
Gardner_press_conferences_wordcount__4d_topic_pca_ev3.0,118,0.9728,0.9702,146.47,176.95,625.8087,0.0,,,0.621238,
Gardner_press_conferences_wordcount__4e_total_interactions_ev3.0,118,0.9798,0.9777,113.39,146.64,682.3377,0.0,,,0.495927,
Gardner_press_conferences_wordcount__4f_matched_interactions_ev3.0,118,0.9748,0.9724,137.59,168.06,613.3718,0.0,,,0.439438,
Gardner_press_conferences_wordcount__4g_novelty_ev3.0,117,0.9703,0.9675,155.94,186.32,496.3269,0.0,,,0.564464,
Gardner_press_conferences_zscore__4a_total_sent_ev1.0,118,0.9695,0.9679,151.9,171.3,858.6178,0.0,,,0.58357,
Gardner_press_conferences_zscore__4b_sent_sd_ev1.0,151,0.968,0.9669,189.71,207.81,1225.8998,0.0,,,0.534327,
Gardner_press_conferences_zscore__4b_sent_var_ev1.0,151,0.968,0.9669,189.71,207.81,1225.8998,0.0,,,0.534327,
Gardner_press_conferences_zscore__4b_sd_var_joint_ev1.0,151,0.968,0.9669,189.71,207.81,1225.8998,0.0,,,0.534327,
Gardner_press_conferences_zscore__4b_consensus_ev1.0,118,0.9708,0.9681,154.7,185.18,611.0072,0.0,,,0.511199,
Gardner_press_conferences_zscore__4b_consensus_matched_interactions_ev1.0,118,0.9766,0.9744,128.86,159.34,755.5759,0.0,,,0.36548,
Gardner_press_conferences_zscore__4c_all_topics_ev1.0,118,0.9726,0.9701,147.07,177.54,672.215,0.0,,,0.545968,
Gardner_press_conferences_zscore__4d_topic_pca_ev1.0,118,0.9718,0.9692,150.55,181.03,584.2512,0.0,,,0.626859,
Gardner_press_conferences_zscore__4e_total_interactions_ev1.0,118,0.9791,0.9769,117.46,150.71,602.6811,0.0,,,0.580457,
Gardner_press_conferences_zscore__4f_matched_interactions_ev1.0,118,0.9766,0.9745,128.45,158.92,585.3275,0.0,,,0.417636,
Gardner_press_conferences_zscore__4g_novelty_ev1.0,117,0.9701,0.9669,158.94,192.09,450.1129,0.0,,,0.569392,
Gardner_press_conferences_zscore__4a_total_sent_ev1.5,118,0.9695,0.9679,151.9,171.3,858.6178,0.0,,,0.58357,
Gardner_press_conferences_zscore__4b_sent_sd_ev1.5,151,0.968,0.9669,189.71,207.81,1225.8998,0.0,,,0.534327,
Gardner_press_conferences_zscore__4b_sent_var_ev1.5,151,0.968,0.9669,189.71,207.81,1225.8998,0.0,,,0.534327,
Gardner_press_conferences_zscore__4b_sd_var_joint_ev1.5,151,0.968,0.9669,189.71,207.81,1225.8998,0.0,,,0.534327,
Gardner_press_conferences_zscore__4b_consensus_ev1.5,118,0.9708,0.9681,154.7,185.18,611.0072,0.0,,,0.511199,
Gardner_press_conferences_zscore__4b_consensus_matched_interactions_ev1.5,118,0.9766,0.9744,128.86,159.34,755.5759,0.0,,,0.36548,
Gardner_press_conferences_zscore__4c_all_topics_ev1.5,118,0.9726,0.9701,147.07,177.54,672.215,0.0,,,0.545968,
Gardner_press_conferences_zscore__4d_topic_pca_ev1.5,118,0.9718,0.9692,150.55,181.03,584.2512,0.0,,,0.626859,
Gardner_press_conferences_zscore__4e_total_interactions_ev1.5,118,0.9791,0.9769,117.46,150.71,602.6811,0.0,,,0.580457,
Gardner_press_conferences_zscore__4f_matched_interactions_ev1.5,118,0.9766,0.9745,128.45,158.92,585.3275,0.0,,,0.417636,
Gardner_press_conferences_zscore__4g_novelty_ev1.5,117,0.9701,0.9669,158.94,192.09,450.1129,0.0,,,0.569392,
Gardner_press_conferences_zscore__4a_total_sent_ev2.0,118,0.9695,0.9679,151.9,171.3,858.6178,0.0,,,0.58357,
Gardner_press_conferences_zscore__4b_sent_sd_ev2.0,151,0.968,0.9669,189.71,207.81,1225.8998,0.0,,,0.534327,
Gardner_press_conferences_zscore__4b_sent_var_ev2.0,151,0.968,0.9669,189.71,207.81,1225.8998,0.0,,,0.534327,
Gardner_press_conferences_zscore__4b_sd_var_joint_ev2.0,151,0.968,0.9669,189.71,207.81,1225.8998,0.0,,,0.534327,
Gardner_press_conferences_zscore__4b_consensus_ev2.0,118,0.9708,0.9681,154.7,185.18,611.0072,0.0,,,0.511199,
Gardner_press_conferences_zscore__4b_consensus_matched_interactions_ev2.0,118,0.9766,0.9744,128.86,159.34,755.5759,0.0,,,0.36548,
Gardner_press_conferences_zscore__4c_all_topics_ev2.0,118,0.9726,0.9701,147.07,177.54,672.215,0.0,,,0.545968,
Gardner_press_conferences_zscore__4d_topic_pca_ev2.0,118,0.9718,0.9692,150.55,181.03,584.2512,0.0,,,0.626859,
Gardner_press_conferences_zscore__4e_total_interactions_ev2.0,118,0.9791,0.9769,117.46,150.71,602.6811,0.0,,,0.580457,
Gardner_press_conferences_zscore__4f_matched_interactions_ev2.0,118,0.9766,0.9745,128.45,158.92,585.3275,0.0,,,0.417636,
Gardner_press_conferences_zscore__4g_novelty_ev2.0,117,0.9701,0.9669,158.94,192.09,450.1129,0.0,,,0.569392,
Gardner_press_conferences_zscore__4a_total_sent_ev2.5,118,0.9695,0.9679,151.9,171.3,858.6178,0.0,,,0.58357,
Gardner_press_conferences_zscore__4b_sent_sd_ev2.5,151,0.968,0.9669,189.71,207.81,1225.8998,0.0,,,0.534327,
Gardner_press_conferences_zscore__4b_sent_var_ev2.5,151,0.968,0.9669,189.71,207.81,1225.8998,0.0,,,0.534327,
Gardner_press_conferences_zscore__4b_sd_var_joint_ev2.5,151,0.968,0.9669,189.71,207.81,1225.8998,0.0,,,0.534327,
Gardner_press_conferences_zscore__4b_consensus_ev2.5,118,0.9708,0.9681,154.7,185.18,611.0072,0.0,,,0.511199,
Gardner_press_conferences_zscore__4b_consensus_matched_interactions_ev2.5,118,0.9766,0.9744,128.86,159.34,755.5759,0.0,,,0.36548,
Gardner_press_conferences_zscore__4c_all_topics_ev2.5,118,0.9726,0.9701,147.07,177.54,672.215,0.0,,,0.545968,
Gardner_press_conferences_zscore__4d_topic_pca_ev2.5,118,0.9718,0.9692,150.55,181.03,584.2512,0.0,,,0.626859,
Gardner_press_conferences_zscore__4e_total_interactions_ev2.5,118,0.9791,0.9769,117.46,150.71,602.6811,0.0,,,0.580457,
Gardner_press_conferences_zscore__4f_matched_interactions_ev2.5,118,0.9766,0.9745,128.45,158.92,585.3275,0.0,,,0.417636,
Gardner_press_conferences_zscore__4g_novelty_ev2.5,117,0.9701,0.9669,158.94,192.09,450.1129,0.0,,,0.569392,
Gardner_press_conferences_zscore__4a_total_sent_ev3.0,118,0.9695,0.9679,151.9,171.3,858.6178,0.0,,,0.58357,
Gardner_press_conferences_zscore__4b_sent_sd_ev3.0,151,0.968,0.9669,189.71,207.81,1225.8998,0.0,,,0.534327,
Gardner_press_conferences_zscore__4b_sent_var_ev3.0,151,0.968,0.9669,189.71,207.81,1225.8998,0.0,,,0.534327,
Gardner_press_conferences_zscore__4b_sd_var_joint_ev3.0,151,0.968,0.9669,189.71,207.81,1225.8998,0.0,,,0.534327,
Gardner_press_conferences_zscore__4b_consensus_ev3.0,118,0.9708,0.9681,154.7,185.18,611.0072,0.0,,,0.511199,
Gardner_press_conferences_zscore__4b_consensus_matched_interactions_ev3.0,118,0.9766,0.9744,128.86,159.34,755.5759,0.0,,,0.36548,
Gardner_press_conferences_zscore__4c_all_topics_ev3.0,118,0.9726,0.9701,147.07,177.54,672.215,0.0,,,0.545968,
Gardner_press_conferences_zscore__4d_topic_pca_ev3.0,118,0.9718,0.9692,150.55,181.03,584.2512,0.0,,,0.626859,
Gardner_press_conferences_zscore__4e_total_interactions_ev3.0,118,0.9791,0.9769,117.46,150.71,602.6811,0.0,,,0.580457,
Gardner_press_conferences_zscore__4f_matched_interactions_ev3.0,118,0.9766,0.9745,128.45,158.92,585.3275,0.0,,,0.417636,
Gardner_press_conferences_zscore__4g_novelty_ev3.0,117,0.9701,0.9669,158.94,192.09,450.1129,0.0,,,0.569392,
Gardner_statements_minutes_speeches_press_conferences_wordcount__4a_total_sent_ev1.0,151,0.9681,0.9667,191.5,212.62,1012.9428,0.0,,,0.534667,
Gardner_statements_minutes_speeches_press_conferences_wordcount__4b_sent_sd_ev1.0,151,0.968,0.9669,189.71,207.81,1225.8998,0.0,,,0.534327,
Gardner_statements_minutes_speeches_press_conferences_wordcount__4b_sent_var_ev1.0,151,0.968,0.9669,189.71,207.81,1225.8998,0.0,,,0.534327,
Gardner_statements_minutes_speeches_press_conferences_wordcount__4b_sd_var_joint_ev1.0,151,0.968,0.9669,189.71,207.81,1225.8998,0.0,,,0.534327,
Gardner_statements_minutes_speeches_press_conferences_wordcount__4b_consensus_ev1.0,151,0.9747,0.9729,164.35,197.54,760.4569,0.0,,,0.526919,
Gardner_statements_minutes_speeches_press_conferences_wordcount__4b_consensus_matched_interactions_ev1.0,151,0.9708,0.9687,186.08,219.27,701.1471,0.0,,,0.54745,
Gardner_statements_minutes_speeches_press_conferences_wordcount__4c_all_topics_ev1.0,151,0.9705,0.9684,187.23,220.42,651.5644,0.0,,,0.503955,
Gardner_statements_minutes_speeches_press_conferences_wordcount__4d_topic_pca_ev1.0,151,0.9725,0.9706,176.75,209.94,785.8351,0.0,,,0.475554,
Gardner_statements_minutes_speeches_press_conferences_wordcount__4e_total_interactions_ev1.0,151,0.977,0.9752,151.65,187.86,681.0823,0.0,,,0.485031,
Gardner_statements_minutes_speeches_press_conferences_wordcount__4f_matched_interactions_ev1.0,151,0.9748,0.973,163.71,196.9,832.8542,0.0,,,0.401388,
Gardner_statements_minutes_speeches_press_conferences_wordcount__4g_novelty_ev1.0,150,0.9679,0.9656,196.81,229.93,622.3125,0.0,,,0.521723,
Gardner_statements_minutes_speeches_press_conferences_wordcount__4a_total_sent_ev1.5,151,0.9681,0.9667,191.5,212.62,1012.9428,0.0,,,0.534667,
Gardner_statements_minutes_speeches_press_conferences_wordcount__4b_sent_sd_ev1.5,151,0.968,0.9669,189.71,207.81,1225.8998,0.0,,,0.534327,
Gardner_statements_minutes_speeches_press_conferences_wordcount__4b_sent_var_ev1.5,151,0.968,0.9669,189.71,207.81,1225.8998,0.0,,,0.534327,
Gardner_statements_minutes_speeches_press_conferences_wordcount__4b_sd_var_joint_ev1.5,151,0.968,0.9669,189.71,207.81,1225.8998,0.0,,,0.534327,
Gardner_statements_minutes_speeches_press_conferences_wordcount__4b_consensus_ev1.5,151,0.9747,0.9729,164.35,197.54,760.4569,0.0,,,0.526919,
Gardner_statements_minutes_speeches_press_conferences_wordcount__4b_consensus_matched_interactions_ev1.5,151,0.9708,0.9687,186.08,219.27,701.1471,0.0,,,0.54745,
Gardner_statements_minutes_speeches_press_conferences_wordcount__4c_all_topics_ev1.5,151,0.9705,0.9684,187.23,220.42,651.5644,0.0,,,0.503955,
Gardner_statements_minutes_speeches_press_conferences_wordcount__4d_topic_pca_ev1.5,151,0.9725,0.9706,176.75,209.94,785.8351,0.0,,,0.475554,
Gardner_statements_minutes_speeches_press_conferences_wordcount__4e_total_interactions_ev1.5,151,0.977,0.9752,151.65,187.86,681.0823,0.0,,,0.485031,
Gardner_statements_minutes_speeches_press_conferences_wordcount__4f_matched_interactions_ev1.5,151,0.9748,0.973,163.71,196.9,832.8547,0.0,,,0.401388,
Gardner_statements_minutes_speeches_press_conferences_wordcount__4g_novelty_ev1.5,150,0.9679,0.9656,196.81,229.93,622.3125,0.0,,,0.521723,
Gardner_statements_minutes_speeches_press_conferences_wordcount__4a_total_sent_ev2.0,151,0.9681,0.9667,191.5,212.62,1012.9428,0.0,,,0.534667,
Gardner_statements_minutes_speeches_press_conferences_wordcount__4b_sent_sd_ev2.0,151,0.968,0.9669,189.71,207.81,1225.8998,0.0,,,0.534327,
Gardner_statements_minutes_speeches_press_conferences_wordcount__4b_sent_var_ev2.0,151,0.968,0.9669,189.71,207.81,1225.8998,0.0,,,0.534327,
Gardner_statements_minutes_speeches_press_conferences_wordcount__4b_sd_var_joint_ev2.0,151,0.968,0.9669,189.71,207.81,1225.8998,0.0,,,0.534327,
Gardner_statements_minutes_speeches_press_conferences_wordcount__4b_consensus_ev2.0,151,0.9747,0.9729,164.35,197.54,760.4569,0.0,,,0.526919,
Gardner_statements_minutes_speeches_press_conferences_wordcount__4b_consensus_matched_interactions_ev2.0,151,0.9708,0.9687,186.08,219.27,701.1471,0.0,,,0.54745,
Gardner_statements_minutes_speeches_press_conferences_wordcount__4c_all_topics_ev2.0,151,0.9705,0.9684,187.23,220.42,651.5644,0.0,,,0.503955,
Gardner_statements_minutes_speeches_press_conferences_wordcount__4d_topic_pca_ev2.0,151,0.9725,0.9706,176.75,209.94,785.8351,0.0,,,0.475554,
Gardner_statements_minutes_speeches_press_conferences_wordcount__4e_total_interactions_ev2.0,151,0.977,0.9752,151.65,187.86,681.0823,0.0,,,0.485031,
Gardner_statements_minutes_speeches_press_conferences_wordcount__4f_matched_interactions_ev2.0,151,0.9748,0.973,163.71,196.9,832.8547,0.0,,,0.401388,
Gardner_statements_minutes_speeches_press_conferences_wordcount__4g_novelty_ev2.0,150,0.9679,0.9656,196.81,229.93,622.3125,0.0,,,0.521723,
Gardner_statements_minutes_speeches_press_conferences_wordcount__4a_total_sent_ev2.5,151,0.9681,0.9667,191.5,212.62,1012.9428,0.0,,,0.534667,
Gardner_statements_minutes_speeches_press_conferences_wordcount__4b_sent_sd_ev2.5,151,0.968,0.9669,189.71,207.81,1225.8998,0.0,,,0.534327,
Gardner_statements_minutes_speeches_press_conferences_wordcount__4b_sent_var_ev2.5,151,0.968,0.9669,189.71,207.81,1225.8998,0.0,,,0.534327,
Gardner_statements_minutes_speeches_press_conferences_wordcount__4b_sd_var_joint_ev2.5,151,0.968,0.9669,189.71,207.81,1225.8998,0.0,,,0.534327,
Gardner_statements_minutes_speeches_press_conferences_wordcount__4b_consensus_ev2.5,151,0.9747,0.9729,164.35,197.54,760.4569,0.0,,,0.526919,
Gardner_statements_minutes_speeches_press_conferences_wordcount__4b_consensus_matched_interactions_ev2.5,151,0.9708,0.9687,186.08,219.27,701.1471,0.0,,,0.54745,
Gardner_statements_minutes_speeches_press_conferences_wordcount__4c_all_topics_ev2.5,151,0.9705,0.9684,187.23,220.42,651.5644,0.0,,,0.503955,
Gardner_statements_minutes_speeches_press_conferences_wordcount__4d_topic_pca_ev2.5,151,0.9725,0.9706,176.75,209.94,785.8351,0.0,,,0.475554,
Gardner_statements_minutes_speeches_press_conferences_wordcount__4e_total_interactions_ev2.5,151,0.977,0.9752,151.65,187.86,681.0823,0.0,,,0.485031,
Gardner_statements_minutes_speeches_press_conferences_wordcount__4f_matched_interactions_ev2.5,151,0.9748,0.973,163.71,196.9,832.8547,0.0,,,0.401388,
Gardner_statements_minutes_speeches_press_conferences_wordcount__4g_novelty_ev2.5,150,0.9679,0.9656,196.81,229.93,622.3125,0.0,,,0.521723,
Gardner_statements_minutes_speeches_press_conferences_wordcount__4a_total_sent_ev3.0,151,0.9681,0.9667,191.5,212.62,1012.9428,0.0,,,0.534667,
Gardner_statements_minutes_speeches_press_conferences_wordcount__4b_sent_sd_ev3.0,151,0.968,0.9669,189.71,207.81,1225.8998,0.0,,,0.534327,
Gardner_statements_minutes_speeches_press_conferences_wordcount__4b_sent_var_ev3.0,151,0.968,0.9669,189.71,207.81,1225.8998,0.0,,,0.534327,
Gardner_statements_minutes_speeches_press_conferences_wordcount__4b_sd_var_joint_ev3.0,151,0.968,0.9669,189.71,207.81,1225.8998,0.0,,,0.534327,
Gardner_statements_minutes_speeches_press_conferences_wordcount__4b_consensus_ev3.0,151,0.9747,0.9729,164.35,197.54,760.4569,0.0,,,0.526919,
Gardner_statements_minutes_speeches_press_conferences_wordcount__4b_consensus_matched_interactions_ev3.0,151,0.9708,0.9687,186.08,219.27,701.1471,0.0,,,0.54745,
Gardner_statements_minutes_speeches_press_conferences_wordcount__4c_all_topics_ev3.0,151,0.9705,0.9684,187.23,220.42,651.5644,0.0,,,0.503955,
Gardner_statements_minutes_speeches_press_conferences_wordcount__4d_topic_pca_ev3.0,151,0.9725,0.9706,176.75,209.94,785.8351,0.0,,,0.475554,
Gardner_statements_minutes_speeches_press_conferences_wordcount__4e_total_interactions_ev3.0,151,0.977,0.9752,151.65,187.86,681.0823,0.0,,,0.485031,
Gardner_statements_minutes_speeches_press_conferences_wordcount__4f_matched_interactions_ev3.0,151,0.9748,0.973,163.71,196.9,832.8547,0.0,,,0.401388,
Gardner_statements_minutes_speeches_press_conferences_wordcount__4g_novelty_ev3.0,150,0.9679,0.9656,196.81,229.93,622.3125,0.0,,,0.521723,
Gardner_statements_minutes_speeches_press_conferences_zscore__4a_total_sent_ev1.0,151,0.9682,0.9669,190.76,211.88,1020.0075,0.0,,,0.547003,
Gardner_statements_minutes_speeches_press_conferences_zscore__4b_sent_sd_ev1.0,151,0.968,0.9669,189.71,207.81,1225.8998,0.0,,,0.534327,
Gardner_statements_minutes_speeches_press_conferences_zscore__4b_sent_var_ev1.0,151,0.968,0.9669,189.71,207.81,1225.8998,0.0,,,0.534327,
Gardner_statements_minutes_speeches_press_conferences_zscore__4b_sd_var_joint_ev1.0,151,0.968,0.9669,189.71,207.81,1225.8998,0.0,,,0.534327,
Gardner_statements_minutes_speeches_press_conferences_zscore__4b_consensus_ev1.0,151,0.9728,0.9709,175.14,208.33,635.6507,0.0,,,0.52937,
Gardner_statements_minutes_speeches_press_conferences_zscore__4b_consensus_matched_interactions_ev1.0,151,0.9703,0.9682,188.54,221.73,658.426,0.0,,,0.548774,
Gardner_statements_minutes_speeches_press_conferences_zscore__4c_all_topics_ev1.0,151,0.9694,0.9672,193.2,226.39,684.0282,0.0,,,0.520386,
Gardner_statements_minutes_speeches_press_conferences_zscore__4d_topic_pca_ev1.0,151,0.9699,0.9678,190.4,223.59,694.2411,0.0,,,0.508103,
Gardner_statements_minutes_speeches_press_conferences_zscore__4e_total_interactions_ev1.0,151,0.9765,0.9746,155.15,191.36,731.969,0.0,,,0.445335,
Gardner_statements_minutes_speeches_press_conferences_zscore__4f_matched_interactions_ev1.0,151,0.9763,0.9746,154.6,187.79,854.624,0.0,,,0.440014,
Gardner_statements_minutes_speeches_press_conferences_zscore__4g_novelty_ev1.0,150,0.9677,0.9651,199.99,236.12,549.6155,0.0,,,0.528899,
Gardner_statements_minutes_speeches_press_conferences_zscore__4a_total_sent_ev1.5,151,0.9682,0.9669,190.76,211.88,1020.0075,0.0,,,0.547003,
Gardner_statements_minutes_speeches_press_conferences_zscore__4b_sent_sd_ev1.5,151,0.968,0.9669,189.71,207.81,1225.8998,0.0,,,0.534327,
Gardner_statements_minutes_speeches_press_conferences_zscore__4b_sent_var_ev1.5,151,0.968,0.9669,189.71,207.81,1225.8998,0.0,,,0.534327,
Gardner_statements_minutes_speeches_press_conferences_zscore__4b_sd_var_joint_ev1.5,151,0.968,0.9669,189.71,207.81,1225.8998,0.0,,,0.534327,
Gardner_statements_minutes_speeches_press_conferences_zscore__4b_consensus_ev1.5,151,0.9728,0.9709,175.14,208.33,635.6507,0.0,,,0.52937,
Gardner_statements_minutes_speeches_press_conferences_zscore__4b_consensus_matched_interactions_ev1.5,151,0.9703,0.9682,188.54,221.73,658.426,0.0,,,0.548774,
Gardner_statements_minutes_speeches_press_conferences_zscore__4c_all_topics_ev1.5,151,0.9694,0.9672,193.2,226.39,684.0282,0.0,,,0.520386,
Gardner_statements_minutes_speeches_press_conferences_zscore__4d_topic_pca_ev1.5,151,0.9699,0.9678,190.4,223.59,694.2411,0.0,,,0.508103,
Gardner_statements_minutes_speeches_press_conferences_zscore__4e_total_interactions_ev1.5,151,0.9765,0.9746,155.15,191.36,731.969,0.0,,,0.445335,
Gardner_statements_minutes_speeches_press_conferences_zscore__4f_matched_interactions_ev1.5,151,0.9763,0.9746,154.6,187.79,854.624,0.0,,,0.440014,
Gardner_statements_minutes_speeches_press_conferences_zscore__4g_novelty_ev1.5,150,0.9677,0.9651,199.99,236.12,549.6155,0.0,,,0.528899,
Gardner_statements_minutes_speeches_press_conferences_zscore__4a_total_sent_ev2.0,151,0.9682,0.9669,190.76,211.88,1020.0075,0.0,,,0.547003,
Gardner_statements_minutes_speeches_press_conferences_zscore__4b_sent_sd_ev2.0,151,0.968,0.9669,189.71,207.81,1225.8998,0.0,,,0.534327,
Gardner_statements_minutes_speeches_press_conferences_zscore__4b_sent_var_ev2.0,151,0.968,0.9669,189.71,207.81,1225.8998,0.0,,,0.534327,
Gardner_statements_minutes_speeches_press_conferences_zscore__4b_sd_var_joint_ev2.0,151,0.968,0.9669,189.71,207.81,1225.8998,0.0,,,0.534327,
Gardner_statements_minutes_speeches_press_conferences_zscore__4b_consensus_ev2.0,151,0.9728,0.9709,175.14,208.33,635.6507,0.0,,,0.52937,
Gardner_statements_minutes_speeches_press_conferences_zscore__4b_consensus_matched_interactions_ev2.0,151,0.9703,0.9682,188.54,221.73,658.426,0.0,,,0.548774,
Gardner_statements_minutes_speeches_press_conferences_zscore__4c_all_topics_ev2.0,151,0.9694,0.9672,193.2,226.39,684.0282,0.0,,,0.520386,
Gardner_statements_minutes_speeches_press_conferences_zscore__4d_topic_pca_ev2.0,151,0.9699,0.9678,190.4,223.59,694.2411,0.0,,,0.508103,
Gardner_statements_minutes_speeches_press_conferences_zscore__4e_total_interactions_ev2.0,151,0.9765,0.9746,155.15,191.36,731.969,0.0,,,0.445335,
Gardner_statements_minutes_speeches_press_conferences_zscore__4f_matched_interactions_ev2.0,151,0.9763,0.9746,154.6,187.79,854.624,0.0,,,0.440014,
Gardner_statements_minutes_speeches_press_conferences_zscore__4g_novelty_ev2.0,150,0.9677,0.9651,199.99,236.12,549.6155,0.0,,,0.528899,
Gardner_statements_minutes_speeches_press_conferences_zscore__4a_total_sent_ev2.5,151,0.9682,0.9669,190.76,211.88,1020.0075,0.0,,,0.547003,
Gardner_statements_minutes_speeches_press_conferences_zscore__4b_sent_sd_ev2.5,151,0.968,0.9669,189.71,207.81,1225.8998,0.0,,,0.534327,
Gardner_statements_minutes_speeches_press_conferences_zscore__4b_sent_var_ev2.5,151,0.968,0.9669,189.71,207.81,1225.8998,0.0,,,0.534327,
Gardner_statements_minutes_speeches_press_conferences_zscore__4b_sd_var_joint_ev2.5,151,0.968,0.9669,189.71,207.81,1225.8998,0.0,,,0.534327,
Gardner_statements_minutes_speeches_press_conferences_zscore__4b_consensus_ev2.5,151,0.9728,0.9709,175.14,208.33,635.6507,0.0,,,0.52937,
Gardner_statements_minutes_speeches_press_conferences_zscore__4b_consensus_matched_interactions_ev2.5,151,0.9703,0.9682,188.54,221.73,658.426,0.0,,,0.548774,
Gardner_statements_minutes_speeches_press_conferences_zscore__4c_all_topics_ev2.5,151,0.9694,0.9672,193.2,226.39,684.0282,0.0,,,0.520386,
Gardner_statements_minutes_speeches_press_conferences_zscore__4d_topic_pca_ev2.5,151,0.9699,0.9678,190.4,223.59,694.2411,0.0,,,0.508103,
Gardner_statements_minutes_speeches_press_conferences_zscore__4e_total_interactions_ev2.5,151,0.9765,0.9746,155.15,191.36,731.969,0.0,,,0.445335,
Gardner_statements_minutes_speeches_press_conferences_zscore__4f_matched_interactions_ev2.5,151,0.9763,0.9746,154.6,187.79,854.624,0.0,,,0.440014,
Gardner_statements_minutes_speeches_press_conferences_zscore__4g_novelty_ev2.5,150,0.9677,0.9651,199.99,236.12,549.6155,0.0,,,0.528899,
Gardner_statements_minutes_speeches_press_conferences_zscore__4a_total_sent_ev3.0,151,0.9682,0.9669,190.76,211.88,1020.0075,0.0,,,0.547003,
Gardner_statements_minutes_speeches_press_conferences_zscore__4b_sent_sd_ev3.0,151,0.968,0.9669,189.71,207.81,1225.8998,0.0,,,0.534327,
Gardner_statements_minutes_speeches_press_conferences_zscore__4b_sent_var_ev3.0,151,0.968,0.9669,189.71,207.81,1225.8998,0.0,,,0.534327,
Gardner_statements_minutes_speeches_press_conferences_zscore__4b_sd_var_joint_ev3.0,151,0.968,0.9669,189.71,207.81,1225.8998,0.0,,,0.534327,
Gardner_statements_minutes_speeches_press_conferences_zscore__4b_consensus_ev3.0,151,0.9728,0.9709,175.14,208.33,635.6507,0.0,,,0.52937,
Gardner_statements_minutes_speeches_press_conferences_zscore__4b_consensus_matched_interactions_ev3.0,151,0.9703,0.9682,188.54,221.73,658.426,0.0,,,0.548774,
Gardner_statements_minutes_speeches_press_conferences_zscore__4c_all_topics_ev3.0,151,0.9694,0.9672,193.2,226.39,684.0282,0.0,,,0.520386,
Gardner_statements_minutes_speeches_press_conferences_zscore__4d_topic_pca_ev3.0,151,0.9699,0.9678,190.4,223.59,694.2411,0.0,,,0.508103,
Gardner_statements_minutes_speeches_press_conferences_zscore__4e_total_interactions_ev3.0,151,0.9765,0.9746,155.15,191.36,731.969,0.0,,,0.445335,
Gardner_statements_minutes_speeches_press_conferences_zscore__4f_matched_interactions_ev3.0,151,0.9763,0.9746,154.6,187.79,854.624,0.0,,,0.440014,
Gardner_statements_minutes_speeches_press_conferences_zscore__4g_novelty_ev3.0,150,0.9677,0.9651,199.99,236.12,549.6155,0.0,,,0.528899,
Sharpe_statements_wordcount__4a_total_sent_ev1.0,151,0.9706,0.9694,178.85,199.97,1008.7161,0.0,,,0.478207,
Sharpe_statements_wordcount__4b_sent_sd_ev1.0,151,0.968,0.9669,189.71,207.81,1225.8998,0.0,,,0.534327,
Sharpe_statements_wordcount__4b_sent_var_ev1.0,151,0.968,0.9669,189.71,207.81,1225.8998,0.0,,,0.534327,
Sharpe_statements_wordcount__4b_sd_var_joint_ev1.0,151,0.968,0.9669,189.71,207.81,1225.8998,0.0,,,0.534327,
Sharpe_statements_wordcount__4b_consensus_ev1.0,151,0.968,0.9667,191.65,212.77,1010.9535,0.0,,,0.535579,
Sharpe_statements_wordcount__4e_total_interactions_ev1.0,151,0.9765,0.9747,154.89,191.1,727.1129,0.0,,,0.436009,
Sharpe_statements_wordcount__4f_matched_interactions_ev1.0,151,0.968,0.9669,189.71,207.81,1225.8998,0.0,,,0.534327,
Sharpe_statements_wordcount__4g_novelty_ev1.0,150,0.9674,0.966,191.45,212.52,1023.2602,0.0,,,0.519491,
Sharpe_statements_wordcount__4a_total_sent_ev1.5,151,0.9706,0.9694,178.85,199.97,1008.7161,0.0,,,0.478207,
Sharpe_statements_wordcount__4b_sent_sd_ev1.5,151,0.968,0.9669,189.71,207.81,1225.8998,0.0,,,0.534327,
Sharpe_statements_wordcount__4b_sent_var_ev1.5,151,0.968,0.9669,189.71,207.81,1225.8998,0.0,,,0.534327,
Sharpe_statements_wordcount__4b_sd_var_joint_ev1.5,151,0.968,0.9669,189.71,207.81,1225.8998,0.0,,,0.534327,
Sharpe_statements_wordcount__4b_consensus_ev1.5,151,0.968,0.9667,191.65,212.77,1010.9535,0.0,,,0.535579,
Sharpe_statements_wordcount__4e_total_interactions_ev1.5,151,0.9765,0.9747,154.89,191.1,727.1129,0.0,,,0.436009,
Sharpe_statements_wordcount__4f_matched_interactions_ev1.5,151,0.968,0.9669,189.71,207.81,1225.8998,0.0,,,0.534327,
Sharpe_statements_wordcount__4g_novelty_ev1.5,150,0.9674,0.966,191.45,212.52,1023.2602,0.0,,,0.519491,
Sharpe_statements_wordcount__4a_total_sent_ev2.0,151,0.9706,0.9694,178.85,199.97,1008.7161,0.0,,,0.478207,
Sharpe_statements_wordcount__4b_sent_sd_ev2.0,151,0.968,0.9669,189.71,207.81,1225.8998,0.0,,,0.534327,
Sharpe_statements_wordcount__4b_sent_var_ev2.0,151,0.968,0.9669,189.71,207.81,1225.8998,0.0,,,0.534327,
Sharpe_statements_wordcount__4b_sd_var_joint_ev2.0,151,0.968,0.9669,189.71,207.81,1225.8998,0.0,,,0.534327,
Sharpe_statements_wordcount__4b_consensus_ev2.0,151,0.968,0.9667,191.65,212.77,1010.9535,0.0,,,0.535579,
Sharpe_statements_wordcount__4e_total_interactions_ev2.0,151,0.9765,0.9747,154.89,191.1,727.1129,0.0,,,0.436009,
Sharpe_statements_wordcount__4f_matched_interactions_ev2.0,151,0.968,0.9669,189.71,207.81,1225.8998,0.0,,,0.534327,
Sharpe_statements_wordcount__4g_novelty_ev2.0,150,0.9674,0.966,191.45,212.52,1023.2602,0.0,,,0.519491,
Sharpe_statements_wordcount__4a_total_sent_ev2.5,151,0.9706,0.9694,178.85,199.97,1008.7161,0.0,,,0.478207,
Sharpe_statements_wordcount__4b_sent_sd_ev2.5,151,0.968,0.9669,189.71,207.81,1225.8998,0.0,,,0.534327,
Sharpe_statements_wordcount__4b_sent_var_ev2.5,151,0.968,0.9669,189.71,207.81,1225.8998,0.0,,,0.534327,
Sharpe_statements_wordcount__4b_sd_var_joint_ev2.5,151,0.968,0.9669,189.71,207.81,1225.8998,0.0,,,0.534327,
Sharpe_statements_wordcount__4b_consensus_ev2.5,151,0.968,0.9667,191.65,212.77,1010.9535,0.0,,,0.535579,
Sharpe_statements_wordcount__4e_total_interactions_ev2.5,151,0.9765,0.9747,154.89,191.1,727.1129,0.0,,,0.436009,
Sharpe_statements_wordcount__4f_matched_interactions_ev2.5,151,0.968,0.9669,189.71,207.81,1225.8998,0.0,,,0.534327,
Sharpe_statements_wordcount__4g_novelty_ev2.5,150,0.9674,0.966,191.45,212.52,1023.2602,0.0,,,0.519491,
Sharpe_statements_wordcount__4a_total_sent_ev3.0,151,0.9706,0.9694,178.85,199.97,1008.7161,0.0,,,0.478207,
Sharpe_statements_wordcount__4b_sent_sd_ev3.0,151,0.968,0.9669,189.71,207.81,1225.8998,0.0,,,0.534327,
Sharpe_statements_wordcount__4b_sent_var_ev3.0,151,0.968,0.9669,189.71,207.81,1225.8998,0.0,,,0.534327,
Sharpe_statements_wordcount__4b_sd_var_joint_ev3.0,151,0.968,0.9669,189.71,207.81,1225.8998,0.0,,,0.534327,
Sharpe_statements_wordcount__4b_consensus_ev3.0,151,0.968,0.9667,191.65,212.77,1010.9535,0.0,,,0.535579,
Sharpe_statements_wordcount__4e_total_interactions_ev3.0,151,0.9765,0.9747,154.89,191.1,727.1129,0.0,,,0.436009,
Sharpe_statements_wordcount__4f_matched_interactions_ev3.0,151,0.968,0.9669,189.71,207.81,1225.8998,0.0,,,0.534327,
Sharpe_statements_wordcount__4g_novelty_ev3.0,150,0.9674,0.966,191.45,212.52,1023.2602,0.0,,,0.519491,
Sharpe_statements_zscore__4a_total_sent_ev1.0,151,0.9707,0.9694,178.62,199.74,1141.4115,0.0,,,0.472682,
Sharpe_statements_zscore__4b_sent_sd_ev1.0,151,0.968,0.9669,189.71,207.81,1225.8998,0.0,,,0.534327,
Sharpe_statements_zscore__4b_sent_var_ev1.0,151,0.968,0.9669,189.71,207.81,1225.8998,0.0,,,0.534327,
Sharpe_statements_zscore__4b_sd_var_joint_ev1.0,151,0.968,0.9669,189.71,207.81,1225.8998,0.0,,,0.534327,
Sharpe_statements_zscore__4b_consensus_ev1.0,151,0.968,0.9667,191.65,212.77,1008.3172,0.0,,,0.542968,
Sharpe_statements_zscore__4e_total_interactions_ev1.0,151,0.9834,0.9821,102.81,139.02,1180.8596,0.0,,,0.295724,
Sharpe_statements_zscore__4f_matched_interactions_ev1.0,151,0.968,0.9669,189.71,207.81,1225.8998,0.0,,,0.534327,
Sharpe_statements_zscore__4g_novelty_ev1.0,150,0.9674,0.966,191.27,212.34,1021.1839,0.0,,,0.518529,
Sharpe_statements_zscore__4a_total_sent_ev1.5,151,0.9707,0.9694,178.62,199.74,1141.4115,0.0,,,0.472682,
Sharpe_statements_zscore__4b_sent_sd_ev1.5,151,0.968,0.9669,189.71,207.81,1225.8998,0.0,,,0.534327,
Sharpe_statements_zscore__4b_sent_var_ev1.5,151,0.968,0.9669,189.71,207.81,1225.8998,0.0,,,0.534327,
Sharpe_statements_zscore__4b_sd_var_joint_ev1.5,151,0.968,0.9669,189.71,207.81,1225.8998,0.0,,,0.534327,
Sharpe_statements_zscore__4b_consensus_ev1.5,151,0.968,0.9667,191.65,212.77,1008.3172,0.0,,,0.542968,
Sharpe_statements_zscore__4e_total_interactions_ev1.5,151,0.9834,0.9821,102.81,139.02,1180.8596,0.0,,,0.295724,
Sharpe_statements_zscore__4f_matched_interactions_ev1.5,151,0.968,0.9669,189.71,207.81,1225.8998,0.0,,,0.534327,
Sharpe_statements_zscore__4g_novelty_ev1.5,150,0.9674,0.966,191.27,212.34,1021.1839,0.0,,,0.518529,
Sharpe_statements_zscore__4a_total_sent_ev2.0,151,0.9707,0.9694,178.62,199.74,1141.4115,0.0,,,0.472682,
Sharpe_statements_zscore__4b_sent_sd_ev2.0,151,0.968,0.9669,189.71,207.81,1225.8998,0.0,,,0.534327,
Sharpe_statements_zscore__4b_sent_var_ev2.0,151,0.968,0.9669,189.71,207.81,1225.8998,0.0,,,0.534327,
Sharpe_statements_zscore__4b_sd_var_joint_ev2.0,151,0.968,0.9669,189.71,207.81,1225.8998,0.0,,,0.534327,
Sharpe_statements_zscore__4b_consensus_ev2.0,151,0.968,0.9667,191.65,212.77,1008.3172,0.0,,,0.542968,
Sharpe_statements_zscore__4e_total_interactions_ev2.0,151,0.9834,0.9821,102.81,139.02,1180.8596,0.0,,,0.295724,
Sharpe_statements_zscore__4f_matched_interactions_ev2.0,151,0.968,0.9669,189.71,207.81,1225.8998,0.0,,,0.534327,
Sharpe_statements_zscore__4g_novelty_ev2.0,150,0.9674,0.966,191.27,212.34,1021.1839,0.0,,,0.518529,
Sharpe_statements_zscore__4a_total_sent_ev2.5,151,0.9707,0.9694,178.62,199.74,1141.4115,0.0,,,0.472682,
Sharpe_statements_zscore__4b_sent_sd_ev2.5,151,0.968,0.9669,189.71,207.81,1225.8998,0.0,,,0.534327,
Sharpe_statements_zscore__4b_sent_var_ev2.5,151,0.968,0.9669,189.71,207.81,1225.8998,0.0,,,0.534327,
Sharpe_statements_zscore__4b_sd_var_joint_ev2.5,151,0.968,0.9669,189.71,207.81,1225.8998,0.0,,,0.534327,
Sharpe_statements_zscore__4b_consensus_ev2.5,151,0.968,0.9667,191.65,212.77,1008.3172,0.0,,,0.542968,
Sharpe_statements_zscore__4e_total_interactions_ev2.5,151,0.9834,0.9821,102.81,139.02,1180.8596,0.0,,,0.295724,
Sharpe_statements_zscore__4f_matched_interactions_ev2.5,151,0.968,0.9669,189.71,207.81,1225.8998,0.0,,,0.534327,
Sharpe_statements_zscore__4g_novelty_ev2.5,150,0.9674,0.966,191.27,212.34,1021.1839,0.0,,,0.518529,
Sharpe_statements_zscore__4a_total_sent_ev3.0,151,0.9707,0.9694,178.62,199.74,1141.4115,0.0,,,0.472682,
Sharpe_statements_zscore__4b_sent_sd_ev3.0,151,0.968,0.9669,189.71,207.81,1225.8998,0.0,,,0.534327,
Sharpe_statements_zscore__4b_sent_var_ev3.0,151,0.968,0.9669,189.71,207.81,1225.8998,0.0,,,0.534327,
Sharpe_statements_zscore__4b_sd_var_joint_ev3.0,151,0.968,0.9669,189.71,207.81,1225.8998,0.0,,,0.534327,
Sharpe_statements_zscore__4b_consensus_ev3.0,151,0.968,0.9667,191.65,212.77,1008.3172,0.0,,,0.542968,
Sharpe_statements_zscore__4e_total_interactions_ev3.0,151,0.9834,0.9821,102.81,139.02,1180.8596,0.0,,,0.295724,
Sharpe_statements_zscore__4f_matched_interactions_ev3.0,151,0.968,0.9669,189.71,207.81,1225.8998,0.0,,,0.534327,
Sharpe_statements_zscore__4g_novelty_ev3.0,150,0.9674,0.966,191.27,212.34,1021.1839,0.0,,,0.518529,
Sharpe_minutes_wordcount__4a_total_sent_ev1.0,151,0.9699,0.9686,182.6,203.72,969.8326,0.0,,,0.511724,
Sharpe_minutes_wordcount__4b_sent_sd_ev1.0,151,0.968,0.9669,189.71,207.81,1225.8998,0.0,,,0.534327,
Sharpe_minutes_wordcount__4b_sent_var_ev1.0,151,0.968,0.9669,189.71,207.81,1225.8998,0.0,,,0.534327,
Sharpe_minutes_wordcount__4b_sd_var_joint_ev1.0,151,0.968,0.9669,189.71,207.81,1225.8998,0.0,,,0.534327,
Sharpe_minutes_wordcount__4b_consensus_ev1.0,151,0.9707,0.9695,178.51,199.63,1168.891,0.0,,,0.464212,
Sharpe_minutes_wordcount__4e_total_interactions_ev1.0,151,0.9737,0.9716,172.12,208.32,515.6556,0.0,,,0.581367,
Sharpe_minutes_wordcount__4f_matched_interactions_ev1.0,151,0.968,0.9669,189.71,207.81,1225.8998,0.0,,,0.534327,
Sharpe_minutes_wordcount__4g_novelty_ev1.0,150,0.9674,0.966,191.45,212.53,994.0943,0.0,,,0.519993,
Sharpe_minutes_wordcount__4a_total_sent_ev1.5,151,0.9699,0.9686,182.6,203.72,969.8326,0.0,,,0.511724,
Sharpe_minutes_wordcount__4b_sent_sd_ev1.5,151,0.968,0.9669,189.71,207.81,1225.8998,0.0,,,0.534327,
Sharpe_minutes_wordcount__4b_sent_var_ev1.5,151,0.968,0.9669,189.71,207.81,1225.8998,0.0,,,0.534327,
Sharpe_minutes_wordcount__4b_sd_var_joint_ev1.5,151,0.968,0.9669,189.71,207.81,1225.8998,0.0,,,0.534327,
Sharpe_minutes_wordcount__4b_consensus_ev1.5,151,0.9707,0.9695,178.51,199.63,1168.891,0.0,,,0.464212,
Sharpe_minutes_wordcount__4e_total_interactions_ev1.5,151,0.9737,0.9716,172.12,208.32,515.6556,0.0,,,0.581367,
Sharpe_minutes_wordcount__4f_matched_interactions_ev1.5,151,0.968,0.9669,189.71,207.81,1225.8998,0.0,,,0.534327,
Sharpe_minutes_wordcount__4g_novelty_ev1.5,150,0.9674,0.966,191.45,212.53,994.0943,0.0,,,0.519993,
Sharpe_minutes_wordcount__4a_total_sent_ev2.0,151,0.9699,0.9686,182.6,203.72,969.8326,0.0,,,0.511724,
Sharpe_minutes_wordcount__4b_sent_sd_ev2.0,151,0.968,0.9669,189.71,207.81,1225.8998,0.0,,,0.534327,
Sharpe_minutes_wordcount__4b_sent_var_ev2.0,151,0.968,0.9669,189.71,207.81,1225.8998,0.0,,,0.534327,
Sharpe_minutes_wordcount__4b_sd_var_joint_ev2.0,151,0.968,0.9669,189.71,207.81,1225.8998,0.0,,,0.534327,
Sharpe_minutes_wordcount__4b_consensus_ev2.0,151,0.9707,0.9695,178.51,199.63,1168.891,0.0,,,0.464212,
Sharpe_minutes_wordcount__4e_total_interactions_ev2.0,151,0.9737,0.9716,172.12,208.32,515.6556,0.0,,,0.581367,
Sharpe_minutes_wordcount__4f_matched_interactions_ev2.0,151,0.968,0.9669,189.71,207.81,1225.8998,0.0,,,0.534327,
Sharpe_minutes_wordcount__4g_novelty_ev2.0,150,0.9674,0.966,191.45,212.53,994.0943,0.0,,,0.519993,
Sharpe_minutes_wordcount__4a_total_sent_ev2.5,151,0.9699,0.9686,182.6,203.72,969.8326,0.0,,,0.511724,
Sharpe_minutes_wordcount__4b_sent_sd_ev2.5,151,0.968,0.9669,189.71,207.81,1225.8998,0.0,,,0.534327,
Sharpe_minutes_wordcount__4b_sent_var_ev2.5,151,0.968,0.9669,189.71,207.81,1225.8998,0.0,,,0.534327,
Sharpe_minutes_wordcount__4b_sd_var_joint_ev2.5,151,0.968,0.9669,189.71,207.81,1225.8998,0.0,,,0.534327,
Sharpe_minutes_wordcount__4b_consensus_ev2.5,151,0.9707,0.9695,178.51,199.63,1168.891,0.0,,,0.464212,
Sharpe_minutes_wordcount__4e_total_interactions_ev2.5,151,0.9737,0.9716,172.12,208.32,515.6556,0.0,,,0.581367,
Sharpe_minutes_wordcount__4f_matched_interactions_ev2.5,151,0.968,0.9669,189.71,207.81,1225.8998,0.0,,,0.534327,
Sharpe_minutes_wordcount__4g_novelty_ev2.5,150,0.9674,0.966,191.45,212.53,994.0943,0.0,,,0.519993,
Sharpe_minutes_wordcount__4a_total_sent_ev3.0,151,0.9699,0.9686,182.6,203.72,969.8326,0.0,,,0.511724,
Sharpe_minutes_wordcount__4b_sent_sd_ev3.0,151,0.968,0.9669,189.71,207.81,1225.8998,0.0,,,0.534327,
Sharpe_minutes_wordcount__4b_sent_var_ev3.0,151,0.968,0.9669,189.71,207.81,1225.8998,0.0,,,0.534327,
Sharpe_minutes_wordcount__4b_sd_var_joint_ev3.0,151,0.968,0.9669,189.71,207.81,1225.8998,0.0,,,0.534327,
Sharpe_minutes_wordcount__4b_consensus_ev3.0,151,0.9707,0.9695,178.51,199.63,1168.891,0.0,,,0.464212,
Sharpe_minutes_wordcount__4e_total_interactions_ev3.0,151,0.9737,0.9716,172.12,208.32,515.6556,0.0,,,0.581367,
Sharpe_minutes_wordcount__4f_matched_interactions_ev3.0,151,0.968,0.9669,189.71,207.81,1225.8998,0.0,,,0.534327,
Sharpe_minutes_wordcount__4g_novelty_ev3.0,150,0.9674,0.966,191.45,212.53,994.0943,0.0,,,0.519993,
Sharpe_minutes_zscore__4a_total_sent_ev1.0,151,0.9682,0.9668,190.97,212.09,983.1583,0.0,,,0.538618,
Sharpe_minutes_zscore__4b_sent_sd_ev1.0,151,0.968,0.9669,189.71,207.81,1225.8998,0.0,,,0.534327,
Sharpe_minutes_zscore__4b_sent_var_ev1.0,151,0.968,0.9669,189.71,207.81,1225.8998,0.0,,,0.534327,
Sharpe_minutes_zscore__4b_sd_var_joint_ev1.0,151,0.968,0.9669,189.71,207.81,1225.8998,0.0,,,0.534327,
Sharpe_minutes_zscore__4b_consensus_ev1.0,151,0.9688,0.9675,187.79,208.91,1058.3195,0.0,,,0.513636,
Sharpe_minutes_zscore__4e_total_interactions_ev1.0,151,0.9717,0.9695,183.13,219.34,670.3877,0.0,,,0.537609,
Sharpe_minutes_zscore__4f_matched_interactions_ev1.0,151,0.968,0.9669,189.71,207.81,1225.8998,0.0,,,0.534327,
Sharpe_minutes_zscore__4g_novelty_ev1.0,150,0.9673,0.966,191.51,212.58,1007.4986,0.0,,,0.518812,
Sharpe_minutes_zscore__4a_total_sent_ev1.5,151,0.9682,0.9668,190.97,212.09,983.1583,0.0,,,0.538618,
Sharpe_minutes_zscore__4b_sent_sd_ev1.5,151,0.968,0.9669,189.71,207.81,1225.8998,0.0,,,0.534327,
Sharpe_minutes_zscore__4b_sent_var_ev1.5,151,0.968,0.9669,189.71,207.81,1225.8998,0.0,,,0.534327,
Sharpe_minutes_zscore__4b_sd_var_joint_ev1.5,151,0.968,0.9669,189.71,207.81,1225.8998,0.0,,,0.534327,
Sharpe_minutes_zscore__4b_consensus_ev1.5,151,0.9688,0.9675,187.79,208.91,1058.3195,0.0,,,0.513636,
Sharpe_minutes_zscore__4e_total_interactions_ev1.5,151,0.9717,0.9695,183.13,219.34,670.3876,0.0,,,0.537609,
Sharpe_minutes_zscore__4f_matched_interactions_ev1.5,151,0.968,0.9669,189.71,207.81,1225.8998,0.0,,,0.534327,
Sharpe_minutes_zscore__4g_novelty_ev1.5,150,0.9673,0.966,191.51,212.58,1007.4986,0.0,,,0.518812,
Sharpe_minutes_zscore__4a_total_sent_ev2.0,151,0.9682,0.9668,190.97,212.09,983.1583,0.0,,,0.538618,
Sharpe_minutes_zscore__4b_sent_sd_ev2.0,151,0.968,0.9669,189.71,207.81,1225.8998,0.0,,,0.534327,
Sharpe_minutes_zscore__4b_sent_var_ev2.0,151,0.968,0.9669,189.71,207.81,1225.8998,0.0,,,0.534327,
Sharpe_minutes_zscore__4b_sd_var_joint_ev2.0,151,0.968,0.9669,189.71,207.81,1225.8998,0.0,,,0.534327,
Sharpe_minutes_zscore__4b_consensus_ev2.0,151,0.9688,0.9675,187.79,208.91,1058.3195,0.0,,,0.513636,
Sharpe_minutes_zscore__4e_total_interactions_ev2.0,151,0.9717,0.9695,183.13,219.34,670.3876,0.0,,,0.537609,
Sharpe_minutes_zscore__4f_matched_interactions_ev2.0,151,0.968,0.9669,189.71,207.81,1225.8998,0.0,,,0.534327,
Sharpe_minutes_zscore__4g_novelty_ev2.0,150,0.9673,0.966,191.51,212.58,1007.4986,0.0,,,0.518812,
Sharpe_minutes_zscore__4a_total_sent_ev2.5,151,0.9682,0.9668,190.97,212.09,983.1583,0.0,,,0.538618,
Sharpe_minutes_zscore__4b_sent_sd_ev2.5,151,0.968,0.9669,189.71,207.81,1225.8998,0.0,,,0.534327,
Sharpe_minutes_zscore__4b_sent_var_ev2.5,151,0.968,0.9669,189.71,207.81,1225.8998,0.0,,,0.534327,
Sharpe_minutes_zscore__4b_sd_var_joint_ev2.5,151,0.968,0.9669,189.71,207.81,1225.8998,0.0,,,0.534327,
Sharpe_minutes_zscore__4b_consensus_ev2.5,151,0.9688,0.9675,187.79,208.91,1058.3195,0.0,,,0.513636,
Sharpe_minutes_zscore__4e_total_interactions_ev2.5,151,0.9717,0.9695,183.13,219.34,670.3876,0.0,,,0.537609,
Sharpe_minutes_zscore__4f_matched_interactions_ev2.5,151,0.968,0.9669,189.71,207.81,1225.8998,0.0,,,0.534327,
Sharpe_minutes_zscore__4g_novelty_ev2.5,150,0.9673,0.966,191.51,212.58,1007.4986,0.0,,,0.518812,
Sharpe_minutes_zscore__4a_total_sent_ev3.0,151,0.9682,0.9668,190.97,212.09,983.1583,0.0,,,0.538618,
Sharpe_minutes_zscore__4b_sent_sd_ev3.0,151,0.968,0.9669,189.71,207.81,1225.8998,0.0,,,0.534327,
Sharpe_minutes_zscore__4b_sent_var_ev3.0,151,0.968,0.9669,189.71,207.81,1225.8998,0.0,,,0.534327,
Sharpe_minutes_zscore__4b_sd_var_joint_ev3.0,151,0.968,0.9669,189.71,207.81,1225.8998,0.0,,,0.534327,
Sharpe_minutes_zscore__4b_consensus_ev3.0,151,0.9688,0.9675,187.79,208.91,1058.3195,0.0,,,0.513636,
Sharpe_minutes_zscore__4e_total_interactions_ev3.0,151,0.9717,0.9695,183.13,219.34,670.3877,0.0,,,0.537609,
Sharpe_minutes_zscore__4f_matched_interactions_ev3.0,151,0.968,0.9669,189.71,207.81,1225.8998,0.0,,,0.534327,
Sharpe_minutes_zscore__4g_novelty_ev3.0,150,0.9673,0.966,191.51,212.58,1007.4986,0.0,,,0.518812,
Sharpe_speeches_wordcount__4a_total_sent_ev1.0,151,0.9681,0.9667,191.42,212.54,1049.2499,0.0,,,0.533986,
Sharpe_speeches_wordcount__4b_sent_sd_ev1.0,151,0.968,0.9669,189.71,207.81,1225.8998,0.0,,,0.534327,
Sharpe_speeches_wordcount__4b_sent_var_ev1.0,151,0.968,0.9669,189.71,207.81,1225.8998,0.0,,,0.534327,
Sharpe_speeches_wordcount__4b_sd_var_joint_ev1.0,151,0.968,0.9669,189.71,207.81,1225.8998,0.0,,,0.534327,
Sharpe_speeches_wordcount__4b_consensus_ev1.0,151,0.9684,0.967,190.03,211.15,1023.9067,0.0,,,0.52505,
Sharpe_speeches_wordcount__4e_total_interactions_ev1.0,151,0.9755,0.9735,161.66,197.87,743.1355,0.0,,,0.561889,
Sharpe_speeches_wordcount__4f_matched_interactions_ev1.0,151,0.968,0.9669,189.71,207.81,1225.8998,0.0,,,0.534327,
Sharpe_speeches_wordcount__4g_novelty_ev1.0,150,0.9674,0.966,191.18,212.25,1008.2526,0.0,,,0.518159,
Sharpe_speeches_wordcount__4a_total_sent_ev1.5,151,0.9681,0.9667,191.42,212.54,1049.2499,0.0,,,0.533986,
Sharpe_speeches_wordcount__4b_sent_sd_ev1.5,151,0.968,0.9669,189.71,207.81,1225.8998,0.0,,,0.534327,
Sharpe_speeches_wordcount__4b_sent_var_ev1.5,151,0.968,0.9669,189.71,207.81,1225.8998,0.0,,,0.534327,
Sharpe_speeches_wordcount__4b_sd_var_joint_ev1.5,151,0.968,0.9669,189.71,207.81,1225.8998,0.0,,,0.534327,
Sharpe_speeches_wordcount__4b_consensus_ev1.5,151,0.9684,0.967,190.03,211.15,1023.9067,0.0,,,0.52505,
Sharpe_speeches_wordcount__4e_total_interactions_ev1.5,151,0.9755,0.9735,161.66,197.87,743.1355,0.0,,,0.561889,
Sharpe_speeches_wordcount__4f_matched_interactions_ev1.5,151,0.968,0.9669,189.71,207.81,1225.8998,0.0,,,0.534327,
Sharpe_speeches_wordcount__4g_novelty_ev1.5,150,0.9674,0.966,191.18,212.25,1008.2526,0.0,,,0.518159,
Sharpe_speeches_wordcount__4a_total_sent_ev2.0,151,0.9681,0.9667,191.42,212.54,1049.2499,0.0,,,0.533986,
Sharpe_speeches_wordcount__4b_sent_sd_ev2.0,151,0.968,0.9669,189.71,207.81,1225.8998,0.0,,,0.534327,
Sharpe_speeches_wordcount__4b_sent_var_ev2.0,151,0.968,0.9669,189.71,207.81,1225.8998,0.0,,,0.534327,
Sharpe_speeches_wordcount__4b_sd_var_joint_ev2.0,151,0.968,0.9669,189.71,207.81,1225.8998,0.0,,,0.534327,
Sharpe_speeches_wordcount__4b_consensus_ev2.0,151,0.9684,0.967,190.03,211.15,1023.9067,0.0,,,0.52505,
Sharpe_speeches_wordcount__4e_total_interactions_ev2.0,151,0.9755,0.9735,161.66,197.87,743.1355,0.0,,,0.561889,
Sharpe_speeches_wordcount__4f_matched_interactions_ev2.0,151,0.968,0.9669,189.71,207.81,1225.8998,0.0,,,0.534327,
Sharpe_speeches_wordcount__4g_novelty_ev2.0,150,0.9674,0.966,191.18,212.25,1008.2526,0.0,,,0.518159,
Sharpe_speeches_wordcount__4a_total_sent_ev2.5,151,0.9681,0.9667,191.42,212.54,1049.2499,0.0,,,0.533986,
Sharpe_speeches_wordcount__4b_sent_sd_ev2.5,151,0.968,0.9669,189.71,207.81,1225.8998,0.0,,,0.534327,
Sharpe_speeches_wordcount__4b_sent_var_ev2.5,151,0.968,0.9669,189.71,207.81,1225.8998,0.0,,,0.534327,
Sharpe_speeches_wordcount__4b_sd_var_joint_ev2.5,151,0.968,0.9669,189.71,207.81,1225.8998,0.0,,,0.534327,
Sharpe_speeches_wordcount__4b_consensus_ev2.5,151,0.9684,0.967,190.03,211.15,1023.9067,0.0,,,0.52505,
Sharpe_speeches_wordcount__4e_total_interactions_ev2.5,151,0.9755,0.9735,161.66,197.87,743.1355,0.0,,,0.561889,
Sharpe_speeches_wordcount__4f_matched_interactions_ev2.5,151,0.968,0.9669,189.71,207.81,1225.8998,0.0,,,0.534327,
Sharpe_speeches_wordcount__4g_novelty_ev2.5,150,0.9674,0.966,191.18,212.25,1008.2526,0.0,,,0.518159,
Sharpe_speeches_wordcount__4a_total_sent_ev3.0,151,0.9681,0.9667,191.42,212.54,1049.2499,0.0,,,0.533986,
Sharpe_speeches_wordcount__4b_sent_sd_ev3.0,151,0.968,0.9669,189.71,207.81,1225.8998,0.0,,,0.534327,
Sharpe_speeches_wordcount__4b_sent_var_ev3.0,151,0.968,0.9669,189.71,207.81,1225.8998,0.0,,,0.534327,
Sharpe_speeches_wordcount__4b_sd_var_joint_ev3.0,151,0.968,0.9669,189.71,207.81,1225.8998,0.0,,,0.534327,
Sharpe_speeches_wordcount__4b_consensus_ev3.0,151,0.9684,0.967,190.03,211.15,1023.9067,0.0,,,0.52505,
Sharpe_speeches_wordcount__4e_total_interactions_ev3.0,151,0.9755,0.9735,161.66,197.87,743.1355,0.0,,,0.561889,
Sharpe_speeches_wordcount__4f_matched_interactions_ev3.0,151,0.968,0.9669,189.71,207.81,1225.8998,0.0,,,0.534327,
Sharpe_speeches_wordcount__4g_novelty_ev3.0,150,0.9674,0.966,191.18,212.25,1008.2526,0.0,,,0.518159,
Sharpe_speeches_zscore__4a_total_sent_ev1.0,151,0.9682,0.9669,190.82,211.94,1016.6128,0.0,,,0.533481,
Sharpe_speeches_zscore__4b_sent_sd_ev1.0,151,0.968,0.9669,189.71,207.81,1225.8998,0.0,,,0.534327,
Sharpe_speeches_zscore__4b_sent_var_ev1.0,151,0.968,0.9669,189.71,207.81,1225.8998,0.0,,,0.534327,
Sharpe_speeches_zscore__4b_sd_var_joint_ev1.0,151,0.968,0.9669,189.71,207.81,1225.8998,0.0,,,0.534327,
Sharpe_speeches_zscore__4b_consensus_ev1.0,151,0.9681,0.9668,191.35,212.47,1023.1536,0.0,,,0.535124,
Sharpe_speeches_zscore__4e_total_interactions_ev1.0,151,0.9699,0.9675,192.47,228.68,639.9563,0.0,,,0.525055,
Sharpe_speeches_zscore__4f_matched_interactions_ev1.0,151,0.968,0.9669,189.71,207.81,1225.8998,0.0,,,0.534327,
Sharpe_speeches_zscore__4g_novelty_ev1.0,150,0.9675,0.9662,190.67,211.74,1001.5294,0.0,,,0.518579,
Sharpe_speeches_zscore__4a_total_sent_ev1.5,151,0.9682,0.9669,190.82,211.94,1016.6128,0.0,,,0.533481,
Sharpe_speeches_zscore__4b_sent_sd_ev1.5,151,0.968,0.9669,189.71,207.81,1225.8998,0.0,,,0.534327,
Sharpe_speeches_zscore__4b_sent_var_ev1.5,151,0.968,0.9669,189.71,207.81,1225.8998,0.0,,,0.534327,
Sharpe_speeches_zscore__4b_sd_var_joint_ev1.5,151,0.968,0.9669,189.71,207.81,1225.8998,0.0,,,0.534327,
Sharpe_speeches_zscore__4b_consensus_ev1.5,151,0.9681,0.9668,191.35,212.47,1023.1536,0.0,,,0.535124,
Sharpe_speeches_zscore__4e_total_interactions_ev1.5,151,0.9699,0.9675,192.47,228.68,639.9563,0.0,,,0.525055,
Sharpe_speeches_zscore__4f_matched_interactions_ev1.5,151,0.968,0.9669,189.71,207.81,1225.8998,0.0,,,0.534327,
Sharpe_speeches_zscore__4g_novelty_ev1.5,150,0.9675,0.9662,190.67,211.74,1001.5294,0.0,,,0.518579,
Sharpe_speeches_zscore__4a_total_sent_ev2.0,151,0.9682,0.9669,190.82,211.94,1016.6128,0.0,,,0.533481,
Sharpe_speeches_zscore__4b_sent_sd_ev2.0,151,0.968,0.9669,189.71,207.81,1225.8998,0.0,,,0.534327,
Sharpe_speeches_zscore__4b_sent_var_ev2.0,151,0.968,0.9669,189.71,207.81,1225.8998,0.0,,,0.534327,
Sharpe_speeches_zscore__4b_sd_var_joint_ev2.0,151,0.968,0.9669,189.71,207.81,1225.8998,0.0,,,0.534327,
Sharpe_speeches_zscore__4b_consensus_ev2.0,151,0.9681,0.9668,191.35,212.47,1023.1536,0.0,,,0.535124,
Sharpe_speeches_zscore__4e_total_interactions_ev2.0,151,0.9699,0.9675,192.47,228.68,639.9563,0.0,,,0.525055,
Sharpe_speeches_zscore__4f_matched_interactions_ev2.0,151,0.968,0.9669,189.71,207.81,1225.8998,0.0,,,0.534327,
Sharpe_speeches_zscore__4g_novelty_ev2.0,150,0.9675,0.9662,190.67,211.74,1001.5294,0.0,,,0.518579,
Sharpe_speeches_zscore__4a_total_sent_ev2.5,151,0.9682,0.9669,190.82,211.94,1016.6128,0.0,,,0.533481,
Sharpe_speeches_zscore__4b_sent_sd_ev2.5,151,0.968,0.9669,189.71,207.81,1225.8998,0.0,,,0.534327,
Sharpe_speeches_zscore__4b_sent_var_ev2.5,151,0.968,0.9669,189.71,207.81,1225.8998,0.0,,,0.534327,
Sharpe_speeches_zscore__4b_sd_var_joint_ev2.5,151,0.968,0.9669,189.71,207.81,1225.8998,0.0,,,0.534327,
Sharpe_speeches_zscore__4b_consensus_ev2.5,151,0.9681,0.9668,191.35,212.47,1023.1536,0.0,,,0.535124,
Sharpe_speeches_zscore__4e_total_interactions_ev2.5,151,0.9699,0.9675,192.47,228.68,639.9563,0.0,,,0.525055,
Sharpe_speeches_zscore__4f_matched_interactions_ev2.5,151,0.968,0.9669,189.71,207.81,1225.8998,0.0,,,0.534327,
Sharpe_speeches_zscore__4g_novelty_ev2.5,150,0.9675,0.9662,190.67,211.74,1001.5294,0.0,,,0.518579,
Sharpe_speeches_zscore__4a_total_sent_ev3.0,151,0.9682,0.9669,190.82,211.94,1016.6128,0.0,,,0.533481,
Sharpe_speeches_zscore__4b_sent_sd_ev3.0,151,0.968,0.9669,189.71,207.81,1225.8998,0.0,,,0.534327,
Sharpe_speeches_zscore__4b_sent_var_ev3.0,151,0.968,0.9669,189.71,207.81,1225.8998,0.0,,,0.534327,
Sharpe_speeches_zscore__4b_sd_var_joint_ev3.0,151,0.968,0.9669,189.71,207.81,1225.8998,0.0,,,0.534327,
Sharpe_speeches_zscore__4b_consensus_ev3.0,151,0.9681,0.9668,191.35,212.47,1023.1536,0.0,,,0.535124,
Sharpe_speeches_zscore__4e_total_interactions_ev3.0,151,0.9699,0.9675,192.47,228.68,639.9563,0.0,,,0.525055,
Sharpe_speeches_zscore__4f_matched_interactions_ev3.0,151,0.968,0.9669,189.71,207.81,1225.8998,0.0,,,0.534327,
Sharpe_speeches_zscore__4g_novelty_ev3.0,150,0.9675,0.9662,190.67,211.74,1001.5294,0.0,,,0.518579,
Sharpe_press_conferences_wordcount__4a_total_sent_ev1.0,118,0.9705,0.9689,147.9,167.29,820.9729,0.0,,,0.554273,
Sharpe_press_conferences_wordcount__4b_sent_sd_ev1.0,151,0.968,0.9669,189.71,207.81,1225.8998,0.0,,,0.534327,
Sharpe_press_conferences_wordcount__4b_sent_var_ev1.0,151,0.968,0.9669,189.71,207.81,1225.8998,0.0,,,0.534327,
Sharpe_press_conferences_wordcount__4b_sd_var_joint_ev1.0,151,0.968,0.9669,189.71,207.81,1225.8998,0.0,,,0.534327,
Sharpe_press_conferences_wordcount__4b_consensus_ev1.0,118,0.9697,0.968,151.21,170.61,867.5711,0.0,,,0.566648,
Sharpe_press_conferences_wordcount__4e_total_interactions_ev1.0,118,0.9792,0.9771,116.62,149.87,575.7254,0.0,,,0.551576,
Sharpe_press_conferences_wordcount__4f_matched_interactions_ev1.0,151,0.968,0.9669,189.71,207.81,1225.8998,0.0,,,0.534327,
Sharpe_press_conferences_wordcount__4g_novelty_ev1.0,117,0.9684,0.9667,155.06,174.4,844.0269,0.0,,,0.567476,
Sharpe_press_conferences_wordcount__4a_total_sent_ev1.5,118,0.9705,0.9689,147.9,167.29,820.9729,0.0,,,0.554273,
Sharpe_press_conferences_wordcount__4b_sent_sd_ev1.5,151,0.968,0.9669,189.71,207.81,1225.8998,0.0,,,0.534327,
Sharpe_press_conferences_wordcount__4b_sent_var_ev1.5,151,0.968,0.9669,189.71,207.81,1225.8998,0.0,,,0.534327,
Sharpe_press_conferences_wordcount__4b_sd_var_joint_ev1.5,151,0.968,0.9669,189.71,207.81,1225.8998,0.0,,,0.534327,
Sharpe_press_conferences_wordcount__4b_consensus_ev1.5,118,0.9697,0.968,151.21,170.61,867.5711,0.0,,,0.566648,
Sharpe_press_conferences_wordcount__4e_total_interactions_ev1.5,118,0.9792,0.9771,116.62,149.87,575.7254,0.0,,,0.551576,
Sharpe_press_conferences_wordcount__4f_matched_interactions_ev1.5,151,0.968,0.9669,189.71,207.81,1225.8998,0.0,,,0.534327,
Sharpe_press_conferences_wordcount__4g_novelty_ev1.5,117,0.9684,0.9667,155.06,174.4,844.0269,0.0,,,0.567476,
Sharpe_press_conferences_wordcount__4a_total_sent_ev2.0,118,0.9705,0.9689,147.9,167.29,820.9729,0.0,,,0.554273,
Sharpe_press_conferences_wordcount__4b_sent_sd_ev2.0,151,0.968,0.9669,189.71,207.81,1225.8998,0.0,,,0.534327,
Sharpe_press_conferences_wordcount__4b_sent_var_ev2.0,151,0.968,0.9669,189.71,207.81,1225.8998,0.0,,,0.534327,
Sharpe_press_conferences_wordcount__4b_sd_var_joint_ev2.0,151,0.968,0.9669,189.71,207.81,1225.8998,0.0,,,0.534327,
Sharpe_press_conferences_wordcount__4b_consensus_ev2.0,118,0.9697,0.968,151.21,170.61,867.5711,0.0,,,0.566648,
Sharpe_press_conferences_wordcount__4e_total_interactions_ev2.0,118,0.9792,0.9771,116.62,149.87,575.7254,0.0,,,0.551576,
Sharpe_press_conferences_wordcount__4f_matched_interactions_ev2.0,151,0.968,0.9669,189.71,207.81,1225.8998,0.0,,,0.534327,
Sharpe_press_conferences_wordcount__4g_novelty_ev2.0,117,0.9684,0.9667,155.06,174.4,844.0269,0.0,,,0.567476,
Sharpe_press_conferences_wordcount__4a_total_sent_ev2.5,118,0.9705,0.9689,147.9,167.29,820.9729,0.0,,,0.554273,
Sharpe_press_conferences_wordcount__4b_sent_sd_ev2.5,151,0.968,0.9669,189.71,207.81,1225.8998,0.0,,,0.534327,
Sharpe_press_conferences_wordcount__4b_sent_var_ev2.5,151,0.968,0.9669,189.71,207.81,1225.8998,0.0,,,0.534327,
Sharpe_press_conferences_wordcount__4b_sd_var_joint_ev2.5,151,0.968,0.9669,189.71,207.81,1225.8998,0.0,,,0.534327,
Sharpe_press_conferences_wordcount__4b_consensus_ev2.5,118,0.9697,0.968,151.21,170.61,867.5711,0.0,,,0.566648,
Sharpe_press_conferences_wordcount__4e_total_interactions_ev2.5,118,0.9792,0.9771,116.62,149.87,575.7254,0.0,,,0.551576,
Sharpe_press_conferences_wordcount__4f_matched_interactions_ev2.5,151,0.968,0.9669,189.71,207.81,1225.8998,0.0,,,0.534327,
Sharpe_press_conferences_wordcount__4g_novelty_ev2.5,117,0.9684,0.9667,155.06,174.4,844.0269,0.0,,,0.567476,
Sharpe_press_conferences_wordcount__4a_total_sent_ev3.0,118,0.9705,0.9689,147.9,167.29,820.9729,0.0,,,0.554273,
Sharpe_press_conferences_wordcount__4b_sent_sd_ev3.0,151,0.968,0.9669,189.71,207.81,1225.8998,0.0,,,0.534327,
Sharpe_press_conferences_wordcount__4b_sent_var_ev3.0,151,0.968,0.9669,189.71,207.81,1225.8998,0.0,,,0.534327,
Sharpe_press_conferences_wordcount__4b_sd_var_joint_ev3.0,151,0.968,0.9669,189.71,207.81,1225.8998,0.0,,,0.534327,
Sharpe_press_conferences_wordcount__4b_consensus_ev3.0,118,0.9697,0.968,151.21,170.61,867.5711,0.0,,,0.566648,
Sharpe_press_conferences_wordcount__4e_total_interactions_ev3.0,118,0.9792,0.9771,116.62,149.87,575.7254,0.0,,,0.551576,
Sharpe_press_conferences_wordcount__4f_matched_interactions_ev3.0,151,0.968,0.9669,189.71,207.81,1225.8998,0.0,,,0.534327,
Sharpe_press_conferences_wordcount__4g_novelty_ev3.0,117,0.9684,0.9667,155.06,174.4,844.0269,0.0,,,0.567476,
Sharpe_press_conferences_zscore__4a_total_sent_ev1.0,118,0.9695,0.9678,151.96,171.35,874.3488,0.0,,,0.565045,
Sharpe_press_conferences_zscore__4b_sent_sd_ev1.0,151,0.968,0.9669,189.71,207.81,1225.8998,0.0,,,0.534327,
Sharpe_press_conferences_zscore__4b_sent_var_ev1.0,151,0.968,0.9669,189.71,207.81,1225.8998,0.0,,,0.534327,
Sharpe_press_conferences_zscore__4b_sd_var_joint_ev1.0,151,0.968,0.9669,189.71,207.81,1225.8998,0.0,,,0.534327,
Sharpe_press_conferences_zscore__4b_consensus_ev1.0,118,0.9721,0.9706,141.37,160.76,917.1538,0.0,,,0.533811,
Sharpe_press_conferences_zscore__4e_total_interactions_ev1.0,118,0.9763,0.9738,132.14,165.39,610.0164,0.0,,,0.550371,
Sharpe_press_conferences_zscore__4f_matched_interactions_ev1.0,151,0.968,0.9669,189.71,207.81,1225.8998,0.0,,,0.534327,
Sharpe_press_conferences_zscore__4g_novelty_ev1.0,117,0.9684,0.9667,155.13,174.46,835.4319,0.0,,,0.567625,
Sharpe_press_conferences_zscore__4a_total_sent_ev1.5,118,0.9695,0.9678,151.96,171.35,874.3488,0.0,,,0.565045,
Sharpe_press_conferences_zscore__4b_sent_sd_ev1.5,151,0.968,0.9669,189.71,207.81,1225.8998,0.0,,,0.534327,
Sharpe_press_conferences_zscore__4b_sent_var_ev1.5,151,0.968,0.9669,189.71,207.81,1225.8998,0.0,,,0.534327,
Sharpe_press_conferences_zscore__4b_sd_var_joint_ev1.5,151,0.968,0.9669,189.71,207.81,1225.8998,0.0,,,0.534327,
Sharpe_press_conferences_zscore__4b_consensus_ev1.5,118,0.9721,0.9706,141.37,160.76,917.1538,0.0,,,0.533811,
Sharpe_press_conferences_zscore__4e_total_interactions_ev1.5,118,0.9763,0.9738,132.14,165.39,610.0164,0.0,,,0.550371,
Sharpe_press_conferences_zscore__4f_matched_interactions_ev1.5,151,0.968,0.9669,189.71,207.81,1225.8998,0.0,,,0.534327,
Sharpe_press_conferences_zscore__4g_novelty_ev1.5,117,0.9684,0.9667,155.13,174.46,835.4319,0.0,,,0.567625,
Sharpe_press_conferences_zscore__4a_total_sent_ev2.0,118,0.9695,0.9678,151.96,171.35,874.3488,0.0,,,0.565045,
Sharpe_press_conferences_zscore__4b_sent_sd_ev2.0,151,0.968,0.9669,189.71,207.81,1225.8998,0.0,,,0.534327,
Sharpe_press_conferences_zscore__4b_sent_var_ev2.0,151,0.968,0.9669,189.71,207.81,1225.8998,0.0,,,0.534327,
Sharpe_press_conferences_zscore__4b_sd_var_joint_ev2.0,151,0.968,0.9669,189.71,207.81,1225.8998,0.0,,,0.534327,
Sharpe_press_conferences_zscore__4b_consensus_ev2.0,118,0.9721,0.9706,141.37,160.76,917.1538,0.0,,,0.533811,
Sharpe_press_conferences_zscore__4e_total_interactions_ev2.0,118,0.9763,0.9738,132.14,165.39,610.0164,0.0,,,0.550371,
Sharpe_press_conferences_zscore__4f_matched_interactions_ev2.0,151,0.968,0.9669,189.71,207.81,1225.8998,0.0,,,0.534327,
Sharpe_press_conferences_zscore__4g_novelty_ev2.0,117,0.9684,0.9667,155.13,174.46,835.4319,0.0,,,0.567625,
Sharpe_press_conferences_zscore__4a_total_sent_ev2.5,118,0.9695,0.9678,151.96,171.35,874.3488,0.0,,,0.565045,
Sharpe_press_conferences_zscore__4b_sent_sd_ev2.5,151,0.968,0.9669,189.71,207.81,1225.8998,0.0,,,0.534327,
Sharpe_press_conferences_zscore__4b_sent_var_ev2.5,151,0.968,0.9669,189.71,207.81,1225.8998,0.0,,,0.534327,
Sharpe_press_conferences_zscore__4b_sd_var_joint_ev2.5,151,0.968,0.9669,189.71,207.81,1225.8998,0.0,,,0.534327,
Sharpe_press_conferences_zscore__4b_consensus_ev2.5,118,0.9721,0.9706,141.37,160.76,917.1538,0.0,,,0.533811,
Sharpe_press_conferences_zscore__4e_total_interactions_ev2.5,118,0.9763,0.9738,132.14,165.39,610.0164,0.0,,,0.550371,
Sharpe_press_conferences_zscore__4f_matched_interactions_ev2.5,151,0.968,0.9669,189.71,207.81,1225.8998,0.0,,,0.534327,
Sharpe_press_conferences_zscore__4g_novelty_ev2.5,117,0.9684,0.9667,155.13,174.46,835.4319,0.0,,,0.567625,
Sharpe_press_conferences_zscore__4a_total_sent_ev3.0,118,0.9695,0.9678,151.96,171.35,874.3488,0.0,,,0.565045,
Sharpe_press_conferences_zscore__4b_sent_sd_ev3.0,151,0.968,0.9669,189.71,207.81,1225.8998,0.0,,,0.534327,
Sharpe_press_conferences_zscore__4b_sent_var_ev3.0,151,0.968,0.9669,189.71,207.81,1225.8998,0.0,,,0.534327,
Sharpe_press_conferences_zscore__4b_sd_var_joint_ev3.0,151,0.968,0.9669,189.71,207.81,1225.8998,0.0,,,0.534327,
Sharpe_press_conferences_zscore__4b_consensus_ev3.0,118,0.9721,0.9706,141.37,160.76,917.1538,0.0,,,0.533811,
Sharpe_press_conferences_zscore__4e_total_interactions_ev3.0,118,0.9763,0.9738,132.14,165.39,610.0164,0.0,,,0.550371,
Sharpe_press_conferences_zscore__4f_matched_interactions_ev3.0,151,0.968,0.9669,189.71,207.81,1225.8998,0.0,,,0.534327,
Sharpe_press_conferences_zscore__4g_novelty_ev3.0,117,0.9684,0.9667,155.13,174.46,835.4319,0.0,,,0.567625,
Sharpe_statements_minutes_speeches_press_conferences_wordcount__4a_total_sent_ev1.0,151,0.9705,0.9693,179.3,200.42,981.7703,0.0,,,0.510395,
Sharpe_statements_minutes_speeches_press_conferences_wordcount__4b_sent_sd_ev1.0,151,0.968,0.9669,189.71,207.81,1225.8998,0.0,,,0.534327,
Sharpe_statements_minutes_speeches_press_conferences_wordcount__4b_sent_var_ev1.0,151,0.968,0.9669,189.71,207.81,1225.8998,0.0,,,0.534327,
Sharpe_statements_minutes_speeches_press_conferences_wordcount__4b_sd_var_joint_ev1.0,151,0.968,0.9669,189.71,207.81,1225.8998,0.0,,,0.534327,
Sharpe_statements_minutes_speeches_press_conferences_wordcount__4b_consensus_ev1.0,151,0.968,0.9667,191.59,212.71,1009.4171,0.0,,,0.536108,
Sharpe_statements_minutes_speeches_press_conferences_wordcount__4e_total_interactions_ev1.0,151,0.9749,0.973,164.79,201.0,604.3741,0.0,,,0.490826,
Sharpe_statements_minutes_speeches_press_conferences_wordcount__4f_matched_interactions_ev1.0,151,0.968,0.9669,189.71,207.81,1225.8998,0.0,,,0.534327,
Sharpe_statements_minutes_speeches_press_conferences_wordcount__4g_novelty_ev1.0,150,0.9674,0.966,191.33,212.41,997.8408,0.0,,,0.518211,
Sharpe_statements_minutes_speeches_press_conferences_wordcount__4a_total_sent_ev1.5,151,0.9705,0.9693,179.3,200.42,981.7703,0.0,,,0.510395,
Sharpe_statements_minutes_speeches_press_conferences_wordcount__4b_sent_sd_ev1.5,151,0.968,0.9669,189.71,207.81,1225.8998,0.0,,,0.534327,
Sharpe_statements_minutes_speeches_press_conferences_wordcount__4b_sent_var_ev1.5,151,0.968,0.9669,189.71,207.81,1225.8998,0.0,,,0.534327,
Sharpe_statements_minutes_speeches_press_conferences_wordcount__4b_sd_var_joint_ev1.5,151,0.968,0.9669,189.71,207.81,1225.8998,0.0,,,0.534327,
Sharpe_statements_minutes_speeches_press_conferences_wordcount__4b_consensus_ev1.5,151,0.968,0.9667,191.59,212.71,1009.4171,0.0,,,0.536108,
Sharpe_statements_minutes_speeches_press_conferences_wordcount__4e_total_interactions_ev1.5,151,0.9749,0.973,164.79,201.0,604.3741,0.0,,,0.490826,
Sharpe_statements_minutes_speeches_press_conferences_wordcount__4f_matched_interactions_ev1.5,151,0.968,0.9669,189.71,207.81,1225.8998,0.0,,,0.534327,
Sharpe_statements_minutes_speeches_press_conferences_wordcount__4g_novelty_ev1.5,150,0.9674,0.966,191.33,212.41,997.8408,0.0,,,0.518211,
Sharpe_statements_minutes_speeches_press_conferences_wordcount__4a_total_sent_ev2.0,151,0.9705,0.9693,179.3,200.42,981.7703,0.0,,,0.510395,
Sharpe_statements_minutes_speeches_press_conferences_wordcount__4b_sent_sd_ev2.0,151,0.968,0.9669,189.71,207.81,1225.8998,0.0,,,0.534327,
Sharpe_statements_minutes_speeches_press_conferences_wordcount__4b_sent_var_ev2.0,151,0.968,0.9669,189.71,207.81,1225.8998,0.0,,,0.534327,
Sharpe_statements_minutes_speeches_press_conferences_wordcount__4b_sd_var_joint_ev2.0,151,0.968,0.9669,189.71,207.81,1225.8998,0.0,,,0.534327,
Sharpe_statements_minutes_speeches_press_conferences_wordcount__4b_consensus_ev2.0,151,0.968,0.9667,191.59,212.71,1009.4171,0.0,,,0.536108,
Sharpe_statements_minutes_speeches_press_conferences_wordcount__4e_total_interactions_ev2.0,151,0.9749,0.973,164.79,201.0,604.3741,0.0,,,0.490826,
Sharpe_statements_minutes_speeches_press_conferences_wordcount__4f_matched_interactions_ev2.0,151,0.968,0.9669,189.71,207.81,1225.8998,0.0,,,0.534327,
Sharpe_statements_minutes_speeches_press_conferences_wordcount__4g_novelty_ev2.0,150,0.9674,0.966,191.33,212.41,997.8408,0.0,,,0.518211,
Sharpe_statements_minutes_speeches_press_conferences_wordcount__4a_total_sent_ev2.5,151,0.9705,0.9693,179.3,200.42,981.7703,0.0,,,0.510395,
Sharpe_statements_minutes_speeches_press_conferences_wordcount__4b_sent_sd_ev2.5,151,0.968,0.9669,189.71,207.81,1225.8998,0.0,,,0.534327,
Sharpe_statements_minutes_speeches_press_conferences_wordcount__4b_sent_var_ev2.5,151,0.968,0.9669,189.71,207.81,1225.8998,0.0,,,0.534327,
Sharpe_statements_minutes_speeches_press_conferences_wordcount__4b_sd_var_joint_ev2.5,151,0.968,0.9669,189.71,207.81,1225.8998,0.0,,,0.534327,
Sharpe_statements_minutes_speeches_press_conferences_wordcount__4b_consensus_ev2.5,151,0.968,0.9667,191.59,212.71,1009.4171,0.0,,,0.536108,
Sharpe_statements_minutes_speeches_press_conferences_wordcount__4e_total_interactions_ev2.5,151,0.9749,0.973,164.79,201.0,604.3741,0.0,,,0.490826,
Sharpe_statements_minutes_speeches_press_conferences_wordcount__4f_matched_interactions_ev2.5,151,0.968,0.9669,189.71,207.81,1225.8998,0.0,,,0.534327,
Sharpe_statements_minutes_speeches_press_conferences_wordcount__4g_novelty_ev2.5,150,0.9674,0.966,191.33,212.41,997.8408,0.0,,,0.518211,
Sharpe_statements_minutes_speeches_press_conferences_wordcount__4a_total_sent_ev3.0,151,0.9705,0.9693,179.3,200.42,981.7703,0.0,,,0.510395,
Sharpe_statements_minutes_speeches_press_conferences_wordcount__4b_sent_sd_ev3.0,151,0.968,0.9669,189.71,207.81,1225.8998,0.0,,,0.534327,
Sharpe_statements_minutes_speeches_press_conferences_wordcount__4b_sent_var_ev3.0,151,0.968,0.9669,189.71,207.81,1225.8998,0.0,,,0.534327,
Sharpe_statements_minutes_speeches_press_conferences_wordcount__4b_sd_var_joint_ev3.0,151,0.968,0.9669,189.71,207.81,1225.8998,0.0,,,0.534327,
Sharpe_statements_minutes_speeches_press_conferences_wordcount__4b_consensus_ev3.0,151,0.968,0.9667,191.59,212.71,1009.4171,0.0,,,0.536108,
Sharpe_statements_minutes_speeches_press_conferences_wordcount__4e_total_interactions_ev3.0,151,0.9749,0.973,164.79,201.0,604.3741,0.0,,,0.490826,
Sharpe_statements_minutes_speeches_press_conferences_wordcount__4f_matched_interactions_ev3.0,151,0.968,0.9669,189.71,207.81,1225.8998,0.0,,,0.534327,
Sharpe_statements_minutes_speeches_press_conferences_wordcount__4g_novelty_ev3.0,150,0.9674,0.966,191.33,212.41,997.8408,0.0,,,0.518211,
Sharpe_statements_minutes_speeches_press_conferences_zscore__4a_total_sent_ev1.0,151,0.9685,0.9671,189.61,210.73,994.8081,0.0,,,0.524625,
Sharpe_statements_minutes_speeches_press_conferences_zscore__4b_sent_sd_ev1.0,151,0.968,0.9669,189.71,207.81,1225.8998,0.0,,,0.534327,
Sharpe_statements_minutes_speeches_press_conferences_zscore__4b_sent_var_ev1.0,151,0.968,0.9669,189.71,207.81,1225.8998,0.0,,,0.534327,
Sharpe_statements_minutes_speeches_press_conferences_zscore__4b_sd_var_joint_ev1.0,151,0.968,0.9669,189.71,207.81,1225.8998,0.0,,,0.534327,
Sharpe_statements_minutes_speeches_press_conferences_zscore__4b_consensus_ev1.0,151,0.9687,0.9674,188.32,209.44,1020.3005,0.0,,,0.515749,
Sharpe_statements_minutes_speeches_press_conferences_zscore__4e_total_interactions_ev1.0,151,0.971,0.9687,186.99,223.2,655.9144,0.0,,,0.521193,
Sharpe_statements_minutes_speeches_press_conferences_zscore__4f_matched_interactions_ev1.0,151,0.968,0.9669,189.71,207.81,1225.8998,0.0,,,0.534327,
Sharpe_statements_minutes_speeches_press_conferences_zscore__4g_novelty_ev1.0,150,0.9677,0.9663,189.97,211.04,1008.5586,0.0,,,0.51575,
Sharpe_statements_minutes_speeches_press_conferences_zscore__4a_total_sent_ev1.5,151,0.9685,0.9671,189.61,210.73,994.8081,0.0,,,0.524625,
Sharpe_statements_minutes_speeches_press_conferences_zscore__4b_sent_sd_ev1.5,151,0.968,0.9669,189.71,207.81,1225.8998,0.0,,,0.534327,
Sharpe_statements_minutes_speeches_press_conferences_zscore__4b_sent_var_ev1.5,151,0.968,0.9669,189.71,207.81,1225.8998,0.0,,,0.534327,
Sharpe_statements_minutes_speeches_press_conferences_zscore__4b_sd_var_joint_ev1.5,151,0.968,0.9669,189.71,207.81,1225.8998,0.0,,,0.534327,
Sharpe_statements_minutes_speeches_press_conferences_zscore__4b_consensus_ev1.5,151,0.9687,0.9674,188.32,209.44,1020.3005,0.0,,,0.515749,
Sharpe_statements_minutes_speeches_press_conferences_zscore__4e_total_interactions_ev1.5,151,0.971,0.9687,186.99,223.2,655.9144,0.0,,,0.521193,
Sharpe_statements_minutes_speeches_press_conferences_zscore__4f_matched_interactions_ev1.5,151,0.968,0.9669,189.71,207.81,1225.8998,0.0,,,0.534327,
Sharpe_statements_minutes_speeches_press_conferences_zscore__4g_novelty_ev1.5,150,0.9677,0.9663,189.97,211.04,1008.5586,0.0,,,0.51575,
Sharpe_statements_minutes_speeches_press_conferences_zscore__4a_total_sent_ev2.0,151,0.9685,0.9671,189.61,210.73,994.8081,0.0,,,0.524625,
Sharpe_statements_minutes_speeches_press_conferences_zscore__4b_sent_sd_ev2.0,151,0.968,0.9669,189.71,207.81,1225.8998,0.0,,,0.534327,
Sharpe_statements_minutes_speeches_press_conferences_zscore__4b_sent_var_ev2.0,151,0.968,0.9669,189.71,207.81,1225.8998,0.0,,,0.534327,
Sharpe_statements_minutes_speeches_press_conferences_zscore__4b_sd_var_joint_ev2.0,151,0.968,0.9669,189.71,207.81,1225.8998,0.0,,,0.534327,
Sharpe_statements_minutes_speeches_press_conferences_zscore__4b_consensus_ev2.0,151,0.9687,0.9674,188.32,209.44,1020.3005,0.0,,,0.515749,
Sharpe_statements_minutes_speeches_press_conferences_zscore__4e_total_interactions_ev2.0,151,0.971,0.9687,186.99,223.2,655.9144,0.0,,,0.521193,
Sharpe_statements_minutes_speeches_press_conferences_zscore__4f_matched_interactions_ev2.0,151,0.968,0.9669,189.71,207.81,1225.8998,0.0,,,0.534327,
Sharpe_statements_minutes_speeches_press_conferences_zscore__4g_novelty_ev2.0,150,0.9677,0.9663,189.97,211.04,1008.5586,0.0,,,0.51575,
Sharpe_statements_minutes_speeches_press_conferences_zscore__4a_total_sent_ev2.5,151,0.9685,0.9671,189.61,210.73,994.8081,0.0,,,0.524625,
Sharpe_statements_minutes_speeches_press_conferences_zscore__4b_sent_sd_ev2.5,151,0.968,0.9669,189.71,207.81,1225.8998,0.0,,,0.534327,
Sharpe_statements_minutes_speeches_press_conferences_zscore__4b_sent_var_ev2.5,151,0.968,0.9669,189.71,207.81,1225.8998,0.0,,,0.534327,
Sharpe_statements_minutes_speeches_press_conferences_zscore__4b_sd_var_joint_ev2.5,151,0.968,0.9669,189.71,207.81,1225.8998,0.0,,,0.534327,
Sharpe_statements_minutes_speeches_press_conferences_zscore__4b_consensus_ev2.5,151,0.9687,0.9674,188.32,209.44,1020.3005,0.0,,,0.515749,
Sharpe_statements_minutes_speeches_press_conferences_zscore__4e_total_interactions_ev2.5,151,0.971,0.9687,186.99,223.2,655.9144,0.0,,,0.521193,
Sharpe_statements_minutes_speeches_press_conferences_zscore__4f_matched_interactions_ev2.5,151,0.968,0.9669,189.71,207.81,1225.8998,0.0,,,0.534327,
Sharpe_statements_minutes_speeches_press_conferences_zscore__4g_novelty_ev2.5,150,0.9677,0.9663,189.97,211.04,1008.5586,0.0,,,0.51575,
Sharpe_statements_minutes_speeches_press_conferences_zscore__4a_total_sent_ev3.0,151,0.9685,0.9671,189.61,210.73,994.8081,0.0,,,0.524625,
Sharpe_statements_minutes_speeches_press_conferences_zscore__4b_sent_sd_ev3.0,151,0.968,0.9669,189.71,207.81,1225.8998,0.0,,,0.534327,
Sharpe_statements_minutes_speeches_press_conferences_zscore__4b_sent_var_ev3.0,151,0.968,0.9669,189.71,207.81,1225.8998,0.0,,,0.534327,
Sharpe_statements_minutes_speeches_press_conferences_zscore__4b_sd_var_joint_ev3.0,151,0.968,0.9669,189.71,207.81,1225.8998,0.0,,,0.534327,
Sharpe_statements_minutes_speeches_press_conferences_zscore__4b_consensus_ev3.0,151,0.9687,0.9674,188.32,209.44,1020.3005,0.0,,,0.515749,
Sharpe_statements_minutes_speeches_press_conferences_zscore__4e_total_interactions_ev3.0,151,0.971,0.9687,186.99,223.2,655.9144,0.0,,,0.521193,
Sharpe_statements_minutes_speeches_press_conferences_zscore__4f_matched_interactions_ev3.0,151,0.968,0.9669,189.71,207.81,1225.8998,0.0,,,0.534327,
Sharpe_statements_minutes_speeches_press_conferences_zscore__4g_novelty_ev3.0,150,0.9677,0.9663,189.97,211.04,1008.5586,0.0,,,0.51575,
