model_label,n_obs,r2,adj_r2,aic,bic,f_stat,f_pvalue,oos_rmse_80,cw_tstat,cw_pval
Gardner_statements_wordcount__4a_total_sent_ev1.0,213,0.9672,0.9663,288.36,311.89,1124.6465,0.0,0.471214,2.7212,0.0033
Gardner_statements_wordcount__4b_sent_sd_ev1.0,215,0.9676,0.9669,287.32,307.55,1358.1498,0.0,0.469296,,
Gardner_statements_wordcount__4b_sent_var_ev1.0,215,0.9676,0.9669,287.32,307.55,1358.1498,0.0,0.469296,,
Gardner_statements_wordcount__4b_sd_var_joint_ev1.0,215,0.9676,0.9669,287.32,307.55,1358.1498,0.0,0.469296,,
Gardner_statements_wordcount__4b_consensus_ev1.0,213,0.9691,0.9676,283.77,320.74,719.9846,0.0,0.4731,2.8031,0.0025
Gardner_statements_wordcount__4b_consensus_matched_interactions_ev1.0,213,0.9708,0.9693,271.9,308.87,791.6846,0.0,0.48386,2.77,
Gardner_statements_wordcount__4c_all_topics_ev1.0,213,0.9689,0.9673,285.52,322.5,716.5294,0.0,0.497622,2.5303,
Gardner_statements_wordcount__4d_topic_pca_ev1.0,213,0.9686,0.9672,285.25,318.86,798.9297,0.0,0.490428,2.5815,,4d,1.0
Gardner_statements_wordcount__4e_total_interactions_ev1.0,213,0.9725,0.9712,258.71,295.69,939.3616,0.0,0.43064,2.8568,0.0021
Gardner_statements_wordcount__4f_matched_interactions_ev1.0,213,0.97,0.9685,277.62,314.59,831.2815,0.0,0.415109,2.8843,0.002
Gardner_statements_wordcount__4g_novelty_ev1.0,212,0.9679,0.9663,290.2,327.12,713.7332,0.0,0.475159,2.5136,0.006
Gardner_statements_wordcount__4a_total_sent_ev1.5,213,0.9672,0.9663,288.36,311.89,1124.6465,0.0,0.471214,2.7212,0.0033
Gardner_statements_wordcount__4b_sent_sd_ev1.5,215,0.9676,0.9669,287.32,307.55,1358.1498,0.0,0.469296,,
Gardner_statements_wordcount__4b_sent_var_ev1.5,215,0.9676,0.9669,287.32,307.55,1358.1498,0.0,0.469296,,
Gardner_statements_wordcount__4b_sd_var_joint_ev1.5,215,0.9676,0.9669,287.32,307.55,1358.1498,0.0,0.469296,,
Gardner_statements_wordcount__4b_consensus_ev1.5,213,0.9691,0.9676,283.77,320.74,719.9846,0.0,0.4731,2.8031,0.0025
Gardner_statements_wordcount__4b_consensus_matched_interactions_ev1.5,213,0.9708,0.9693,271.9,308.87,791.6846,0.0,0.48386,2.77,
Gardner_statements_wordcount__4c_all_topics_ev1.5,213,0.9689,0.9673,285.52,322.5,716.5294,0.0,0.497622,2.5303,
Gardner_statements_wordcount__4d_topic_pca_ev1.5,213,0.9686,0.9672,285.25,318.86,798.9297,0.0,0.490428,2.5815,,4d,1.5
Gardner_statements_wordcount__4e_total_interactions_ev1.5,213,0.9725,0.9712,258.71,295.69,939.3616,0.0,0.43064,2.8568,0.0021
Gardner_statements_wordcount__4f_matched_interactions_ev1.5,213,0.97,0.9685,277.62,314.59,831.2815,0.0,0.415109,2.8843,0.002
Gardner_statements_wordcount__4g_novelty_ev1.5,212,0.9679,0.9663,290.2,327.12,713.7332,0.0,0.475159,2.5136,0.006
Gardner_statements_wordcount__4a_total_sent_ev2.0,213,0.9672,0.9663,288.36,311.89,1124.6465,0.0,0.471214,2.7212,0.0033
Gardner_statements_wordcount__4b_sent_sd_ev2.0,215,0.9676,0.9669,287.32,307.55,1358.1498,0.0,0.469296,,
Gardner_statements_wordcount__4b_sent_var_ev2.0,215,0.9676,0.9669,287.32,307.55,1358.1498,0.0,0.469296,,
Gardner_statements_wordcount__4b_sd_var_joint_ev2.0,215,0.9676,0.9669,287.32,307.55,1358.1498,0.0,0.469296,,
Gardner_statements_wordcount__4b_consensus_ev2.0,213,0.9691,0.9676,283.77,320.74,719.9846,0.0,0.4731,2.8031,0.0025
Gardner_statements_wordcount__4b_consensus_matched_interactions_ev2.0,213,0.9708,0.9693,271.9,308.87,791.6846,0.0,0.48386,2.77,
Gardner_statements_wordcount__4c_all_topics_ev2.0,213,0.9689,0.9673,285.52,322.5,716.5294,0.0,0.497622,2.5303,
Gardner_statements_wordcount__4d_topic_pca_ev2.0,213,0.9686,0.9672,285.25,318.86,798.9297,0.0,0.490428,2.5815,,4d,2.0
Gardner_statements_wordcount__4e_total_interactions_ev2.0,213,0.9725,0.9712,258.71,295.69,939.3616,0.0,0.43064,2.8568,0.0021
Gardner_statements_wordcount__4f_matched_interactions_ev2.0,213,0.97,0.9685,277.62,314.59,831.2815,0.0,0.415109,2.8843,0.002
Gardner_statements_wordcount__4g_novelty_ev2.0,212,0.9679,0.9663,290.2,327.12,713.7332,0.0,0.475159,2.5136,0.006
Gardner_statements_wordcount__4a_total_sent_ev2.5,213,0.9672,0.9663,288.36,311.89,1124.6465,0.0,0.471214,2.7212,0.0033
Gardner_statements_wordcount__4b_sent_sd_ev2.5,215,0.9676,0.9669,287.32,307.55,1358.1498,0.0,0.469296,,
Gardner_statements_wordcount__4b_sent_var_ev2.5,215,0.9676,0.9669,287.32,307.55,1358.1498,0.0,0.469296,,
Gardner_statements_wordcount__4b_sd_var_joint_ev2.5,215,0.9676,0.9669,287.32,307.55,1358.1498,0.0,0.469296,,
Gardner_statements_wordcount__4b_consensus_ev2.5,213,0.9691,0.9676,283.77,320.74,719.9846,0.0,0.4731,2.8031,0.0025
Gardner_statements_wordcount__4b_consensus_matched_interactions_ev2.5,213,0.9708,0.9693,271.9,308.87,791.6846,0.0,0.48386,2.77,
Gardner_statements_wordcount__4c_all_topics_ev2.5,213,0.9689,0.9673,285.52,322.5,716.5294,0.0,0.497622,2.5303,
Gardner_statements_wordcount__4d_topic_pca_ev2.5,213,0.9686,0.9672,285.25,318.86,798.9297,0.0,0.490428,2.5815,,4d,2.5
Gardner_statements_wordcount__4e_total_interactions_ev2.5,213,0.9725,0.9712,258.71,295.69,939.3616,0.0,0.43064,2.8568,0.0021
Gardner_statements_wordcount__4f_matched_interactions_ev2.5,213,0.97,0.9685,277.62,314.59,831.2815,0.0,0.415109,2.8843,0.002
Gardner_statements_wordcount__4g_novelty_ev2.5,212,0.9679,0.9663,290.2,327.12,713.7332,0.0,0.475159,2.5136,0.006
Gardner_statements_wordcount__4a_total_sent_ev3.0,213,0.9672,0.9663,288.36,311.89,1124.6465,0.0,0.471214,2.7212,0.0033
Gardner_statements_wordcount__4b_sent_sd_ev3.0,215,0.9676,0.9669,287.32,307.55,1358.1498,0.0,0.469296,,
Gardner_statements_wordcount__4b_sent_var_ev3.0,215,0.9676,0.9669,287.32,307.55,1358.1498,0.0,0.469296,,
Gardner_statements_wordcount__4b_sd_var_joint_ev3.0,215,0.9676,0.9669,287.32,307.55,1358.1498,0.0,0.469296,,
Gardner_statements_wordcount__4b_consensus_ev3.0,213,0.9691,0.9676,283.77,320.74,719.9846,0.0,0.4731,2.8031,0.0025
Gardner_statements_wordcount__4b_consensus_matched_interactions_ev3.0,213,0.9708,0.9693,271.9,308.87,791.6846,0.0,0.48386,2.77,
Gardner_statements_wordcount__4c_all_topics_ev3.0,213,0.9689,0.9673,285.52,322.5,716.5294,0.0,0.497622,2.5303,
Gardner_statements_wordcount__4d_topic_pca_ev3.0,213,0.9686,0.9672,285.25,318.86,798.9297,0.0,0.490428,2.5815,,4d,3.0
Gardner_statements_wordcount__4e_total_interactions_ev3.0,213,0.9725,0.9712,258.71,295.69,939.3616,0.0,0.43064,2.8568,0.0021
Gardner_statements_wordcount__4f_matched_interactions_ev3.0,213,0.97,0.9685,277.62,314.59,831.2815,0.0,0.415109,2.8843,0.002
Gardner_statements_wordcount__4g_novelty_ev3.0,212,0.9679,0.9663,290.2,327.12,713.7332,0.0,0.475159,2.5136,0.006
Gardner_statements_zscore__4a_total_sent_ev1.0,213,0.9673,0.9663,288.29,311.82,1117.9839,0.0,0.471856,2.7235,0.0032
Gardner_statements_zscore__4b_sent_sd_ev1.0,215,0.9676,0.9669,287.32,307.55,1358.1498,0.0,0.469296,,
Gardner_statements_zscore__4b_sent_var_ev1.0,215,0.9676,0.9669,287.32,307.55,1358.1498,0.0,0.469296,,
Gardner_statements_zscore__4b_sd_var_joint_ev1.0,215,0.9676,0.9669,287.32,307.55,1358.1498,0.0,0.469296,,
Gardner_statements_zscore__4b_consensus_ev1.0,213,0.9683,0.9667,289.34,326.31,708.3713,0.0,0.478146,2.8391,
Gardner_statements_zscore__4b_consensus_matched_interactions_ev1.0,213,0.9677,0.9661,293.1,330.07,660.1192,0.0,0.646408,2.3467,
Gardner_statements_zscore__4c_all_topics_ev1.0,213,0.9696,0.9681,280.68,317.65,761.1489,0.0,0.510863,2.5994,
Gardner_statements_zscore__4d_topic_pca_ev1.0,213,0.9692,0.9679,280.99,314.6,833.8743,0.0,0.503133,2.6415,,4d,1.0
Gardner_statements_zscore__4e_total_interactions_ev1.0,213,0.9741,0.9728,246.06,283.03,865.4318,0.0,0.478396,3.1944,
Gardner_statements_zscore__4f_matched_interactions_ev1.0,213,0.9715,0.9701,266.83,303.81,796.1796,0.0,0.45187,2.9861,0.0014
Gardner_statements_zscore__4g_novelty_ev1.0,212,0.968,0.9662,291.77,332.05,656.1948,0.0,0.472255,2.4997,0.0062
Gardner_statements_zscore__4a_total_sent_ev1.5,213,0.9673,0.9663,288.29,311.82,1117.9839,0.0,0.471856,2.7235,0.0032
Gardner_statements_zscore__4b_sent_sd_ev1.5,215,0.9676,0.9669,287.32,307.55,1358.1498,0.0,0.469296,,
Gardner_statements_zscore__4b_sent_var_ev1.5,215,0.9676,0.9669,287.32,307.55,1358.1498,0.0,0.469296,,
Gardner_statements_zscore__4b_sd_var_joint_ev1.5,215,0.9676,0.9669,287.32,307.55,1358.1498,0.0,0.469296,,
Gardner_statements_zscore__4b_consensus_ev1.5,213,0.9683,0.9667,289.34,326.31,708.3713,0.0,0.478146,2.8391,
Gardner_statements_zscore__4b_consensus_matched_interactions_ev1.5,213,0.9677,0.9661,293.1,330.07,660.1192,0.0,0.646408,2.3467,
Gardner_statements_zscore__4c_all_topics_ev1.5,213,0.9696,0.9681,280.68,317.65,761.1489,0.0,0.510863,2.5994,
Gardner_statements_zscore__4d_topic_pca_ev1.5,213,0.9692,0.9679,280.99,314.6,833.8743,0.0,0.503133,2.6415,,4d,1.5
Gardner_statements_zscore__4e_total_interactions_ev1.5,213,0.9741,0.9728,246.06,283.03,865.4318,0.0,0.478396,3.1944,
Gardner_statements_zscore__4f_matched_interactions_ev1.5,213,0.9715,0.9701,266.83,303.81,796.1796,0.0,0.45187,2.9861,0.0014
Gardner_statements_zscore__4g_novelty_ev1.5,212,0.968,0.9662,291.77,332.05,656.1948,0.0,0.472255,2.4997,0.0062
Gardner_statements_zscore__4a_total_sent_ev2.0,213,0.9673,0.9663,288.29,311.82,1117.9839,0.0,0.471856,2.7235,0.0032
Gardner_statements_zscore__4b_sent_sd_ev2.0,215,0.9676,0.9669,287.32,307.55,1358.1498,0.0,0.469296,,
Gardner_statements_zscore__4b_sent_var_ev2.0,215,0.9676,0.9669,287.32,307.55,1358.1498,0.0,0.469296,,
Gardner_statements_zscore__4b_sd_var_joint_ev2.0,215,0.9676,0.9669,287.32,307.55,1358.1498,0.0,0.469296,,
Gardner_statements_zscore__4b_consensus_ev2.0,213,0.9683,0.9667,289.34,326.31,708.3713,0.0,0.478146,2.8391,
Gardner_statements_zscore__4b_consensus_matched_interactions_ev2.0,213,0.9677,0.9661,293.1,330.07,660.1192,0.0,0.646408,2.3467,
Gardner_statements_zscore__4c_all_topics_ev2.0,213,0.9696,0.9681,280.68,317.65,761.1489,0.0,0.510863,2.5994,
Gardner_statements_zscore__4d_topic_pca_ev2.0,213,0.9692,0.9679,280.99,314.6,833.8743,0.0,0.503133,2.6415,,4d,2.0
Gardner_statements_zscore__4e_total_interactions_ev2.0,213,0.9741,0.9728,246.06,283.03,865.4318,0.0,0.478396,3.1944,
Gardner_statements_zscore__4f_matched_interactions_ev2.0,213,0.9715,0.9701,266.83,303.81,796.1796,0.0,0.45187,2.9861,0.0014
Gardner_statements_zscore__4g_novelty_ev2.0,212,0.968,0.9662,291.77,332.05,656.1948,0.0,0.472255,2.4997,0.0062
Gardner_statements_zscore__4a_total_sent_ev2.5,213,0.9673,0.9663,288.29,311.82,1117.9839,0.0,0.471856,2.7235,0.0032
Gardner_statements_zscore__4b_sent_sd_ev2.5,215,0.9676,0.9669,287.32,307.55,1358.1498,0.0,0.469296,,
Gardner_statements_zscore__4b_sent_var_ev2.5,215,0.9676,0.9669,287.32,307.55,1358.1498,0.0,0.469296,,
Gardner_statements_zscore__4b_sd_var_joint_ev2.5,215,0.9676,0.9669,287.32,307.55,1358.1498,0.0,0.469296,,
Gardner_statements_zscore__4b_consensus_ev2.5,213,0.9683,0.9667,289.34,326.31,708.3713,0.0,0.478146,2.8391,
Gardner_statements_zscore__4b_consensus_matched_interactions_ev2.5,213,0.9677,0.9661,293.1,330.07,660.1192,0.0,0.646408,2.3467,
Gardner_statements_zscore__4c_all_topics_ev2.5,213,0.9696,0.9681,280.68,317.65,761.1489,0.0,0.510863,2.5994,
Gardner_statements_zscore__4d_topic_pca_ev2.5,213,0.9692,0.9679,280.99,314.6,833.8743,0.0,0.503133,2.6415,,4d,2.5
Gardner_statements_zscore__4e_total_interactions_ev2.5,213,0.9741,0.9728,246.06,283.03,865.4318,0.0,0.478396,3.1944,
Gardner_statements_zscore__4f_matched_interactions_ev2.5,213,0.9715,0.9701,266.83,303.81,796.1796,0.0,0.45187,2.9861,0.0014
Gardner_statements_zscore__4g_novelty_ev2.5,212,0.968,0.9662,291.77,332.05,656.1948,0.0,0.472255,2.4997,0.0062
Gardner_statements_zscore__4a_total_sent_ev3.0,213,0.9673,0.9663,288.29,311.82,1117.9839,0.0,0.471856,2.7235,0.0032
Gardner_statements_zscore__4b_sent_sd_ev3.0,215,0.9676,0.9669,287.32,307.55,1358.1498,0.0,0.469296,,
Gardner_statements_zscore__4b_sent_var_ev3.0,215,0.9676,0.9669,287.32,307.55,1358.1498,0.0,0.469296,,
Gardner_statements_zscore__4b_sd_var_joint_ev3.0,215,0.9676,0.9669,287.32,307.55,1358.1498,0.0,0.469296,,
Gardner_statements_zscore__4b_consensus_ev3.0,213,0.9683,0.9667,289.34,326.31,708.3713,0.0,0.478146,2.8391,
Gardner_statements_zscore__4b_consensus_matched_interactions_ev3.0,213,0.9677,0.9661,293.1,330.07,660.1192,0.0,0.646408,2.3467,
Gardner_statements_zscore__4c_all_topics_ev3.0,213,0.9696,0.9681,280.68,317.65,761.1489,0.0,0.510863,2.5994,
Gardner_statements_zscore__4d_topic_pca_ev3.0,213,0.9692,0.9679,280.99,314.6,833.8743,0.0,0.503133,2.6415,,4d,3.0
Gardner_statements_zscore__4e_total_interactions_ev3.0,213,0.9741,0.9728,246.06,283.03,865.4318,0.0,0.478396,3.1944,
Gardner_statements_zscore__4f_matched_interactions_ev3.0,213,0.9715,0.9701,266.83,303.81,796.1796,0.0,0.45187,2.9861,0.0014
Gardner_statements_zscore__4g_novelty_ev3.0,212,0.968,0.9662,291.77,332.05,656.1948,0.0,0.472255,2.4997,0.0062
Gardner_minutes_wordcount__4a_total_sent_ev1.0,119,0.9657,0.9639,166.62,186.07,839.774,0.0,0.503565,,
Gardner_minutes_wordcount__4b_sent_sd_ev1.0,215,0.9676,0.9669,287.32,307.55,1358.1498,0.0,0.469296,,
Gardner_minutes_wordcount__4b_sent_var_ev1.0,215,0.9676,0.9669,287.32,307.55,1358.1498,0.0,0.469296,,
Gardner_minutes_wordcount__4b_sd_var_joint_ev1.0,215,0.9676,0.9669,287.32,307.55,1358.1498,0.0,0.469296,,
Gardner_minutes_wordcount__4b_consensus_ev1.0,119,0.9684,0.9654,165.03,195.6,501.3799,0.0,0.542965,,
Gardner_minutes_wordcount__4b_consensus_matched_interactions_ev1.0,119,0.9673,0.9642,169.14,199.71,514.268,0.0,0.661755,,
Gardner_minutes_wordcount__4c_all_topics_ev1.0,119,0.9696,0.9668,160.22,190.79,525.6859,0.0,0.526869,,
Gardner_minutes_wordcount__4d_topic_pca_ev1.0,119,0.9659,0.963,172.12,199.91,570.2536,0.0,0.58047,,,4d,1.0
Gardner_minutes_wordcount__4e_total_interactions_ev1.0,119,0.9713,0.9687,153.29,183.86,509.6523,0.0,0.414778,,
Gardner_minutes_wordcount__4f_matched_interactions_ev1.0,119,0.9674,0.9644,168.69,199.26,530.8706,0.0,0.528719,,
Gardner_minutes_wordcount__4g_novelty_ev1.0,118,0.9654,0.9622,174.78,205.26,452.8163,0.0,0.494809,,
Gardner_minutes_wordcount__4a_total_sent_ev1.5,119,0.9657,0.9639,166.62,186.07,839.774,0.0,0.503565,,
Gardner_minutes_wordcount__4b_sent_sd_ev1.5,215,0.9676,0.9669,287.32,307.55,1358.1498,0.0,0.469296,,
Gardner_minutes_wordcount__4b_sent_var_ev1.5,215,0.9676,0.9669,287.32,307.55,1358.1498,0.0,0.469296,,
Gardner_minutes_wordcount__4b_sd_var_joint_ev1.5,215,0.9676,0.9669,287.32,307.55,1358.1498,0.0,0.469296,,
Gardner_minutes_wordcount__4b_consensus_ev1.5,119,0.9684,0.9654,165.03,195.6,501.3799,0.0,0.542965,,
Gardner_minutes_wordcount__4b_consensus_matched_interactions_ev1.5,119,0.9673,0.9642,169.14,199.71,514.2681,0.0,0.661755,,
Gardner_minutes_wordcount__4c_all_topics_ev1.5,119,0.9696,0.9668,160.22,190.79,525.6849,0.0,0.526869,,
Gardner_minutes_wordcount__4d_topic_pca_ev1.5,119,0.9659,0.963,172.12,199.91,570.2536,0.0,0.58047,,,4d,1.5
Gardner_minutes_wordcount__4e_total_interactions_ev1.5,119,0.9713,0.9687,153.29,183.86,509.6523,0.0,0.414778,,
Gardner_minutes_wordcount__4f_matched_interactions_ev1.5,119,0.9674,0.9644,168.69,199.26,530.8706,0.0,0.528719,,
Gardner_minutes_wordcount__4g_novelty_ev1.5,118,0.9654,0.9622,174.78,205.26,452.8163,0.0,0.494809,,
Gardner_minutes_wordcount__4a_total_sent_ev2.0,119,0.9657,0.9639,166.62,186.07,839.774,0.0,0.503565,,
Gardner_minutes_wordcount__4b_sent_sd_ev2.0,215,0.9676,0.9669,287.32,307.55,1358.1498,0.0,0.469296,,
Gardner_minutes_wordcount__4b_sent_var_ev2.0,215,0.9676,0.9669,287.32,307.55,1358.1498,0.0,0.469296,,
Gardner_minutes_wordcount__4b_sd_var_joint_ev2.0,215,0.9676,0.9669,287.32,307.55,1358.1498,0.0,0.469296,,
Gardner_minutes_wordcount__4b_consensus_ev2.0,119,0.9684,0.9654,165.03,195.6,501.3798,0.0,0.542965,,
Gardner_minutes_wordcount__4b_consensus_matched_interactions_ev2.0,119,0.9673,0.9642,169.14,199.71,514.2681,0.0,0.661755,,
Gardner_minutes_wordcount__4c_all_topics_ev2.0,119,0.9696,0.9668,160.22,190.79,525.6822,0.0,0.526869,,
Gardner_minutes_wordcount__4d_topic_pca_ev2.0,119,0.9659,0.963,172.12,199.91,570.2536,0.0,0.58047,,,4d,2.0
Gardner_minutes_wordcount__4e_total_interactions_ev2.0,119,0.9713,0.9687,153.29,183.86,509.6523,0.0,0.414778,,
Gardner_minutes_wordcount__4f_matched_interactions_ev2.0,119,0.9674,0.9644,168.69,199.26,530.8707,0.0,0.528719,,
Gardner_minutes_wordcount__4g_novelty_ev2.0,118,0.9654,0.9622,174.78,205.26,452.8163,0.0,0.494809,,
Gardner_minutes_wordcount__4a_total_sent_ev2.5,119,0.9657,0.9639,166.62,186.07,839.774,0.0,0.503565,,
Gardner_minutes_wordcount__4b_sent_sd_ev2.5,215,0.9676,0.9669,287.32,307.55,1358.1498,0.0,0.469296,,
Gardner_minutes_wordcount__4b_sent_var_ev2.5,215,0.9676,0.9669,287.32,307.55,1358.1498,0.0,0.469296,,
Gardner_minutes_wordcount__4b_sd_var_joint_ev2.5,215,0.9676,0.9669,287.32,307.55,1358.1498,0.0,0.469296,,
Gardner_minutes_wordcount__4b_consensus_ev2.5,119,0.9684,0.9654,165.03,195.6,501.3798,0.0,0.542965,,
Gardner_minutes_wordcount__4b_consensus_matched_interactions_ev2.5,119,0.9673,0.9642,169.14,199.71,514.2681,0.0,0.661755,,
Gardner_minutes_wordcount__4c_all_topics_ev2.5,119,0.9696,0.9668,160.22,190.79,525.6829,0.0,0.526869,,
Gardner_minutes_wordcount__4d_topic_pca_ev2.5,119,0.9659,0.963,172.12,199.91,570.2536,0.0,0.58047,,,4d,2.5
Gardner_minutes_wordcount__4e_total_interactions_ev2.5,119,0.9713,0.9687,153.29,183.86,509.6523,0.0,0.414778,,
Gardner_minutes_wordcount__4f_matched_interactions_ev2.5,119,0.9674,0.9644,168.69,199.26,530.8707,0.0,0.528719,,
Gardner_minutes_wordcount__4g_novelty_ev2.5,118,0.9654,0.9622,174.78,205.26,452.8163,0.0,0.494809,,
Gardner_minutes_wordcount__4a_total_sent_ev3.0,119,0.9657,0.9639,166.62,186.07,839.774,0.0,0.503565,,
Gardner_minutes_wordcount__4b_sent_sd_ev3.0,215,0.9676,0.9669,287.32,307.55,1358.1498,0.0,0.469296,,
Gardner_minutes_wordcount__4b_sent_var_ev3.0,215,0.9676,0.9669,287.32,307.55,1358.1498,0.0,0.469296,,
Gardner_minutes_wordcount__4b_sd_var_joint_ev3.0,215,0.9676,0.9669,287.32,307.55,1358.1498,0.0,0.469296,,
Gardner_minutes_wordcount__4b_consensus_ev3.0,119,0.9684,0.9654,165.03,195.6,501.3799,0.0,0.542965,,
Gardner_minutes_wordcount__4b_consensus_matched_interactions_ev3.0,119,0.9673,0.9642,169.14,199.71,514.2681,0.0,0.661755,,
Gardner_minutes_wordcount__4c_all_topics_ev3.0,119,0.9696,0.9668,160.22,190.79,525.6832,0.0,0.526869,,
Gardner_minutes_wordcount__4d_topic_pca_ev3.0,119,0.9659,0.963,172.12,199.91,570.2536,0.0,0.58047,,,4d,3.0
Gardner_minutes_wordcount__4e_total_interactions_ev3.0,119,0.9713,0.9687,153.29,183.86,509.6523,0.0,0.414778,,
Gardner_minutes_wordcount__4f_matched_interactions_ev3.0,119,0.9674,0.9644,168.69,199.26,530.8707,0.0,0.528719,,
Gardner_minutes_wordcount__4g_novelty_ev3.0,118,0.9654,0.9622,174.78,205.26,452.8163,0.0,0.494809,,
Gardner_minutes_zscore__4a_total_sent_ev1.0,119,0.9656,0.9638,167.0,186.46,839.9754,0.0,0.502851,,
Gardner_minutes_zscore__4b_sent_sd_ev1.0,215,0.9676,0.9669,287.32,307.55,1358.1498,0.0,0.469296,,
Gardner_minutes_zscore__4b_sent_var_ev1.0,215,0.9676,0.9669,287.32,307.55,1358.1498,0.0,0.469296,,
Gardner_minutes_zscore__4b_sd_var_joint_ev1.0,215,0.9676,0.9669,287.32,307.55,1358.1498,0.0,0.469296,,
Gardner_minutes_zscore__4b_consensus_ev1.0,119,0.9712,0.9686,153.75,184.32,473.2317,0.0,0.490202,,
Gardner_minutes_zscore__4b_consensus_matched_interactions_ev1.0,119,0.971,0.9684,154.5,185.07,515.0442,0.0,0.552436,,
Gardner_minutes_zscore__4c_all_topics_ev1.0,119,0.9702,0.9674,158.04,188.61,535.6547,0.0,0.467036,,
Gardner_minutes_zscore__4d_topic_pca_ev1.0,119,0.9668,0.964,168.84,196.63,560.6378,0.0,0.511682,,,4d,1.0
Gardner_minutes_zscore__4e_total_interactions_ev1.0,119,0.9765,0.9743,129.9,160.47,661.2698,0.0,0.33316,,
Gardner_minutes_zscore__4f_matched_interactions_ev1.0,119,0.9698,0.967,159.35,189.92,506.6055,0.0,0.381496,,
Gardner_minutes_zscore__4g_novelty_ev1.0,118,0.9656,0.9621,176.03,209.28,410.3412,0.0,0.487189,,
Gardner_minutes_zscore__4a_total_sent_ev1.5,119,0.9656,0.9638,167.0,186.46,839.9754,0.0,0.502851,,
Gardner_minutes_zscore__4b_sent_sd_ev1.5,215,0.9676,0.9669,287.32,307.55,1358.1498,0.0,0.469296,,
Gardner_minutes_zscore__4b_sent_var_ev1.5,215,0.9676,0.9669,287.32,307.55,1358.1498,0.0,0.469296,,
Gardner_minutes_zscore__4b_sd_var_joint_ev1.5,215,0.9676,0.9669,287.32,307.55,1358.1498,0.0,0.469296,,
Gardner_minutes_zscore__4b_consensus_ev1.5,119,0.9712,0.9686,153.75,184.32,473.2317,0.0,0.490202,,
Gardner_minutes_zscore__4b_consensus_matched_interactions_ev1.5,119,0.971,0.9684,154.5,185.07,515.0442,0.0,0.552436,,
Gardner_minutes_zscore__4c_all_topics_ev1.5,119,0.9702,0.9674,158.04,188.61,535.6547,0.0,0.467036,,
Gardner_minutes_zscore__4d_topic_pca_ev1.5,119,0.9668,0.964,168.84,196.63,560.6378,0.0,0.511682,,,4d,1.5
Gardner_minutes_zscore__4e_total_interactions_ev1.5,119,0.9765,0.9743,129.9,160.47,661.2698,0.0,0.33316,,
Gardner_minutes_zscore__4f_matched_interactions_ev1.5,119,0.9698,0.967,159.35,189.92,506.6055,0.0,0.381496,,
Gardner_minutes_zscore__4g_novelty_ev1.5,118,0.9656,0.9621,176.03,209.28,410.3412,0.0,0.487189,,
Gardner_minutes_zscore__4a_total_sent_ev2.0,119,0.9656,0.9638,167.0,186.46,839.9754,0.0,0.502851,,
Gardner_minutes_zscore__4b_sent_sd_ev2.0,215,0.9676,0.9669,287.32,307.55,1358.1498,0.0,0.469296,,
Gardner_minutes_zscore__4b_sent_var_ev2.0,215,0.9676,0.9669,287.32,307.55,1358.1498,0.0,0.469296,,
Gardner_minutes_zscore__4b_sd_var_joint_ev2.0,215,0.9676,0.9669,287.32,307.55,1358.1498,0.0,0.469296,,
Gardner_minutes_zscore__4b_consensus_ev2.0,119,0.9712,0.9686,153.75,184.32,473.2317,0.0,0.490202,,
Gardner_minutes_zscore__4b_consensus_matched_interactions_ev2.0,119,0.971,0.9684,154.5,185.07,515.0442,0.0,0.552436,,
Gardner_minutes_zscore__4c_all_topics_ev2.0,119,0.9702,0.9674,158.04,188.61,535.6547,0.0,0.467036,,
Gardner_minutes_zscore__4d_topic_pca_ev2.0,119,0.9668,0.964,168.84,196.63,560.6378,0.0,0.511682,,,4d,2.0
Gardner_minutes_zscore__4e_total_interactions_ev2.0,119,0.9765,0.9743,129.9,160.47,661.2698,0.0,0.33316,,
Gardner_minutes_zscore__4f_matched_interactions_ev2.0,119,0.9698,0.967,159.35,189.92,506.6055,0.0,0.381496,,
Gardner_minutes_zscore__4g_novelty_ev2.0,118,0.9656,0.9621,176.03,209.28,410.3412,0.0,0.487189,,
Gardner_minutes_zscore__4a_total_sent_ev2.5,119,0.9656,0.9638,167.0,186.46,839.9754,0.0,0.502851,,
Gardner_minutes_zscore__4b_sent_sd_ev2.5,215,0.9676,0.9669,287.32,307.55,1358.1498,0.0,0.469296,,
Gardner_minutes_zscore__4b_sent_var_ev2.5,215,0.9676,0.9669,287.32,307.55,1358.1498,0.0,0.469296,,
Gardner_minutes_zscore__4b_sd_var_joint_ev2.5,215,0.9676,0.9669,287.32,307.55,1358.1498,0.0,0.469296,,
Gardner_minutes_zscore__4b_consensus_ev2.5,119,0.9712,0.9686,153.75,184.32,473.2317,0.0,0.490202,,
Gardner_minutes_zscore__4b_consensus_matched_interactions_ev2.5,119,0.971,0.9684,154.5,185.07,515.0442,0.0,0.552436,,
Gardner_minutes_zscore__4c_all_topics_ev2.5,119,0.9702,0.9674,158.04,188.61,535.6547,0.0,0.467036,,
Gardner_minutes_zscore__4d_topic_pca_ev2.5,119,0.9668,0.964,168.84,196.63,560.6378,0.0,0.511682,,,4d,2.5
Gardner_minutes_zscore__4e_total_interactions_ev2.5,119,0.9765,0.9743,129.9,160.47,661.2698,0.0,0.33316,,
Gardner_minutes_zscore__4f_matched_interactions_ev2.5,119,0.9698,0.967,159.35,189.92,506.6055,0.0,0.381496,,
Gardner_minutes_zscore__4g_novelty_ev2.5,118,0.9656,0.9621,176.03,209.28,410.3412,0.0,0.487189,,
Gardner_minutes_zscore__4a_total_sent_ev3.0,119,0.9656,0.9638,167.0,186.46,839.9754,0.0,0.502851,,
Gardner_minutes_zscore__4b_sent_sd_ev3.0,215,0.9676,0.9669,287.32,307.55,1358.1498,0.0,0.469296,,
Gardner_minutes_zscore__4b_sent_var_ev3.0,215,0.9676,0.9669,287.32,307.55,1358.1498,0.0,0.469296,,
Gardner_minutes_zscore__4b_sd_var_joint_ev3.0,215,0.9676,0.9669,287.32,307.55,1358.1498,0.0,0.469296,,
Gardner_minutes_zscore__4b_consensus_ev3.0,119,0.9712,0.9686,153.75,184.32,473.2317,0.0,0.490202,,
Gardner_minutes_zscore__4b_consensus_matched_interactions_ev3.0,119,0.971,0.9684,154.5,185.07,515.0442,0.0,0.552436,,
Gardner_minutes_zscore__4c_all_topics_ev3.0,119,0.9702,0.9674,158.04,188.61,535.6547,0.0,0.467036,,
Gardner_minutes_zscore__4d_topic_pca_ev3.0,119,0.9668,0.964,168.84,196.63,560.6378,0.0,0.511682,,,4d,3.0
Gardner_minutes_zscore__4e_total_interactions_ev3.0,119,0.9765,0.9743,129.9,160.47,661.2698,0.0,0.33316,,
Gardner_minutes_zscore__4f_matched_interactions_ev3.0,119,0.9698,0.967,159.35,189.92,506.6055,0.0,0.381496,,
Gardner_minutes_zscore__4g_novelty_ev3.0,118,0.9656,0.9621,176.03,209.28,410.3412,0.0,0.487189,,
Gardner_speeches_wordcount__4a_total_sent_ev1.0,215,0.9678,0.9669,287.91,311.51,1201.2046,0.0,0.472557,-0.1366,
Gardner_speeches_wordcount__4b_sent_sd_ev1.0,215,0.9676,0.9669,287.32,307.55,1358.1498,0.0,0.469296,,
Gardner_speeches_wordcount__4b_sent_var_ev1.0,215,0.9676,0.9669,287.32,307.55,1358.1498,0.0,0.469296,,
Gardner_speeches_wordcount__4b_sd_var_joint_ev1.0,215,0.9676,0.9669,287.32,307.55,1358.1498,0.0,0.469296,,
Gardner_speeches_wordcount__4b_consensus_ev1.0,215,0.9698,0.9684,282.05,319.13,664.3162,0.0,0.476417,0.2536,
Gardner_speeches_wordcount__4b_consensus_matched_interactions_ev1.0,215,0.9687,0.9672,289.98,327.05,710.5449,0.0,0.545136,-0.8908,
Gardner_speeches_wordcount__4c_all_topics_ev1.0,215,0.9685,0.9669,291.74,328.82,693.877,0.0,0.517683,-1.2838,
Gardner_speeches_wordcount__4d_topic_pca_ev1.0,215,0.9682,0.9668,291.24,324.94,782.7434,0.0,0.510446,-1.1792,,4d,1.0
Gardner_speeches_wordcount__4e_total_interactions_ev1.0,215,0.97,0.9685,281.1,318.18,778.1828,0.0,0.481502,0.6681,
Gardner_speeches_wordcount__4f_matched_interactions_ev1.0,215,0.9689,0.9674,288.34,325.41,746.8839,0.0,0.469383,1.4069,
Gardner_speeches_wordcount__4g_novelty_ev1.0,214,0.9676,0.966,295.56,332.59,628.3542,0.0,0.477194,2.9261,0.0017
Gardner_speeches_wordcount__4a_total_sent_ev1.5,215,0.9678,0.9669,287.91,311.51,1201.2046,0.0,0.472557,-0.1366,
Gardner_speeches_wordcount__4b_sent_sd_ev1.5,215,0.9676,0.9669,287.32,307.55,1358.1498,0.0,0.469296,,
Gardner_speeches_wordcount__4b_sent_var_ev1.5,215,0.9676,0.9669,287.32,307.55,1358.1498,0.0,0.469296,,
Gardner_speeches_wordcount__4b_sd_var_joint_ev1.5,215,0.9676,0.9669,287.32,307.55,1358.1498,0.0,0.469296,,
Gardner_speeches_wordcount__4b_consensus_ev1.5,215,0.9698,0.9684,282.05,319.13,664.3162,0.0,0.476417,0.2536,
Gardner_speeches_wordcount__4b_consensus_matched_interactions_ev1.5,215,0.9687,0.9672,289.98,327.05,710.5449,0.0,0.545136,-0.8908,
Gardner_speeches_wordcount__4c_all_topics_ev1.5,215,0.9685,0.9669,291.74,328.82,693.873,0.0,0.517683,-1.2838,
Gardner_speeches_wordcount__4d_topic_pca_ev1.5,215,0.9682,0.9668,291.24,324.94,782.7434,0.0,0.510446,-1.1792,,4d,1.5
Gardner_speeches_wordcount__4e_total_interactions_ev1.5,215,0.97,0.9685,281.1,318.18,778.183,0.0,0.481502,0.6681,
Gardner_speeches_wordcount__4f_matched_interactions_ev1.5,215,0.9689,0.9674,288.34,325.41,746.8645,0.0,0.469383,1.4069,
Gardner_speeches_wordcount__4g_novelty_ev1.5,214,0.9676,0.966,295.56,332.59,628.3542,0.0,0.477194,2.9261,0.0017
Gardner_speeches_wordcount__4a_total_sent_ev2.0,215,0.9678,0.9669,287.91,311.51,1201.2046,0.0,0.472557,-0.1366,
Gardner_speeches_wordcount__4b_sent_sd_ev2.0,215,0.9676,0.9669,287.32,307.55,1358.1498,0.0,0.469296,,
Gardner_speeches_wordcount__4b_sent_var_ev2.0,215,0.9676,0.9669,287.32,307.55,1358.1498,0.0,0.469296,,
Gardner_speeches_wordcount__4b_sd_var_joint_ev2.0,215,0.9676,0.9669,287.32,307.55,1358.1498,0.0,0.469296,,
Gardner_speeches_wordcount__4b_consensus_ev2.0,215,0.9698,0.9684,282.05,319.13,664.3162,0.0,0.476417,0.2536,
Gardner_speeches_wordcount__4b_consensus_matched_interactions_ev2.0,215,0.9687,0.9672,289.98,327.05,710.5449,0.0,0.545136,-0.8908,
Gardner_speeches_wordcount__4c_all_topics_ev2.0,215,0.9685,0.9669,291.74,328.82,693.8674,0.0,0.517683,-1.2838,
Gardner_speeches_wordcount__4d_topic_pca_ev2.0,215,0.9682,0.9668,291.24,324.94,782.7434,0.0,0.510446,-1.1792,,4d,2.0
Gardner_speeches_wordcount__4e_total_interactions_ev2.0,215,0.97,0.9685,281.1,318.18,778.1829,0.0,0.481502,0.6681,
Gardner_speeches_wordcount__4f_matched_interactions_ev2.0,215,0.9689,0.9674,288.34,325.41,746.866,0.0,0.469383,1.4069,
Gardner_speeches_wordcount__4g_novelty_ev2.0,214,0.9676,0.966,295.56,332.59,628.3542,0.0,0.477194,2.9261,0.0017
Gardner_speeches_wordcount__4a_total_sent_ev2.5,215,0.9678,0.9669,287.91,311.51,1201.2046,0.0,0.472557,-0.1366,
Gardner_speeches_wordcount__4b_sent_sd_ev2.5,215,0.9676,0.9669,287.32,307.55,1358.1498,0.0,0.469296,,
Gardner_speeches_wordcount__4b_sent_var_ev2.5,215,0.9676,0.9669,287.32,307.55,1358.1498,0.0,0.469296,,
Gardner_speeches_wordcount__4b_sd_var_joint_ev2.5,215,0.9676,0.9669,287.32,307.55,1358.1498,0.0,0.469296,,
Gardner_speeches_wordcount__4b_consensus_ev2.5,215,0.9698,0.9684,282.05,319.13,664.3162,0.0,0.476417,0.2536,
Gardner_speeches_wordcount__4b_consensus_matched_interactions_ev2.5,215,0.9687,0.9672,289.98,327.05,710.5449,0.0,0.545136,-0.8908,
Gardner_speeches_wordcount__4c_all_topics_ev2.5,215,0.9685,0.9669,291.74,328.82,693.8695,0.0,0.517683,-1.2838,
Gardner_speeches_wordcount__4d_topic_pca_ev2.5,215,0.9682,0.9668,291.24,324.94,782.7434,0.0,0.510446,-1.1792,,4d,2.5
Gardner_speeches_wordcount__4e_total_interactions_ev2.5,215,0.97,0.9685,281.1,318.18,778.1829,0.0,0.481502,0.6681,
Gardner_speeches_wordcount__4f_matched_interactions_ev2.5,215,0.9689,0.9674,288.34,325.41,746.8684,0.0,0.469383,1.4069,
Gardner_speeches_wordcount__4g_novelty_ev2.5,214,0.9676,0.966,295.56,332.59,628.3542,0.0,0.477194,2.9261,0.0017
Gardner_speeches_wordcount__4a_total_sent_ev3.0,215,0.9678,0.9669,287.91,311.51,1201.2046,0.0,0.472557,-0.1366,
Gardner_speeches_wordcount__4b_sent_sd_ev3.0,215,0.9676,0.9669,287.32,307.55,1358.1498,0.0,0.469296,,
Gardner_speeches_wordcount__4b_sent_var_ev3.0,215,0.9676,0.9669,287.32,307.55,1358.1498,0.0,0.469296,,
Gardner_speeches_wordcount__4b_sd_var_joint_ev3.0,215,0.9676,0.9669,287.32,307.55,1358.1498,0.0,0.469296,,
Gardner_speeches_wordcount__4b_consensus_ev3.0,215,0.9698,0.9684,282.05,319.13,664.3162,0.0,0.476417,0.2536,
Gardner_speeches_wordcount__4b_consensus_matched_interactions_ev3.0,215,0.9687,0.9672,289.98,327.05,710.5449,0.0,0.545136,-0.8908,
Gardner_speeches_wordcount__4c_all_topics_ev3.0,215,0.9685,0.9669,291.74,328.82,693.869,0.0,0.517683,-1.2838,
Gardner_speeches_wordcount__4d_topic_pca_ev3.0,215,0.9682,0.9668,291.24,324.94,782.7434,0.0,0.510446,-1.1792,,4d,3.0
Gardner_speeches_wordcount__4e_total_interactions_ev3.0,215,0.97,0.9685,281.1,318.18,778.1829,0.0,0.481502,0.6681,
Gardner_speeches_wordcount__4f_matched_interactions_ev3.0,215,0.9689,0.9674,288.34,325.41,746.8679,0.0,0.469383,1.4069,
Gardner_speeches_wordcount__4g_novelty_ev3.0,214,0.9676,0.966,295.56,332.59,628.3542,0.0,0.477194,2.9261,0.0017
Gardner_speeches_zscore__4a_total_sent_ev1.0,215,0.9678,0.9669,288.17,311.76,1156.3034,0.0,0.485559,-1.0501,
Gardner_speeches_zscore__4b_sent_sd_ev1.0,215,0.9676,0.9669,287.32,307.55,1358.1498,0.0,0.469296,,
Gardner_speeches_zscore__4b_sent_var_ev1.0,215,0.9676,0.9669,287.32,307.55,1358.1498,0.0,0.469296,,
Gardner_speeches_zscore__4b_sd_var_joint_ev1.0,215,0.9676,0.9669,287.32,307.55,1358.1498,0.0,0.469296,,
Gardner_speeches_zscore__4b_consensus_ev1.0,215,0.9681,0.9665,294.31,331.38,690.8301,0.0,0.469111,0.4428,0.329
Gardner_speeches_zscore__4b_consensus_matched_interactions_ev1.0,215,0.9682,0.9666,293.62,330.7,758.245,0.0,0.464565,1.8326,0.0334
Gardner_speeches_zscore__4c_all_topics_ev1.0,215,0.968,0.9664,294.84,331.92,683.3543,0.0,0.493522,-1.7849,
Gardner_speeches_zscore__4d_topic_pca_ev1.0,215,0.9679,0.9665,293.18,326.88,769.3127,0.0,0.485718,-1.6019,,4d,1.0
Gardner_speeches_zscore__4e_total_interactions_ev1.0,215,0.9719,0.9705,267.01,304.09,837.5423,0.0,0.459875,1.4984,0.067
Gardner_speeches_zscore__4f_matched_interactions_ev1.0,215,0.9703,0.9689,278.54,315.62,720.9509,0.0,0.435273,1.6498,0.0495
Gardner_speeches_zscore__4g_novelty_ev1.0,214,0.9677,0.9659,297.19,337.58,608.5545,0.0,0.476834,2.9195,0.0018
Gardner_speeches_zscore__4a_total_sent_ev1.5,215,0.9678,0.9669,288.17,311.76,1156.3034,0.0,0.485559,-1.0501,
Gardner_speeches_zscore__4b_sent_sd_ev1.5,215,0.9676,0.9669,287.32,307.55,1358.1498,0.0,0.469296,,
Gardner_speeches_zscore__4b_sent_var_ev1.5,215,0.9676,0.9669,287.32,307.55,1358.1498,0.0,0.469296,,
Gardner_speeches_zscore__4b_sd_var_joint_ev1.5,215,0.9676,0.9669,287.32,307.55,1358.1498,0.0,0.469296,,
Gardner_speeches_zscore__4b_consensus_ev1.5,215,0.9681,0.9665,294.31,331.38,690.8301,0.0,0.469111,0.4428,0.329
Gardner_speeches_zscore__4b_consensus_matched_interactions_ev1.5,215,0.9682,0.9666,293.62,330.7,758.245,0.0,0.464565,1.8326,0.0334
Gardner_speeches_zscore__4c_all_topics_ev1.5,215,0.968,0.9664,294.84,331.92,683.3543,0.0,0.493522,-1.7849,
Gardner_speeches_zscore__4d_topic_pca_ev1.5,215,0.9679,0.9665,293.18,326.88,769.3127,0.0,0.485718,-1.6019,,4d,1.5
Gardner_speeches_zscore__4e_total_interactions_ev1.5,215,0.9719,0.9705,267.01,304.09,837.5423,0.0,0.459875,1.4984,0.067
Gardner_speeches_zscore__4f_matched_interactions_ev1.5,215,0.9703,0.9689,278.54,315.62,720.9509,0.0,0.435273,1.6498,0.0495
Gardner_speeches_zscore__4g_novelty_ev1.5,214,0.9677,0.9659,297.19,337.58,608.5545,0.0,0.476834,2.9195,0.0018
Gardner_speeches_zscore__4a_total_sent_ev2.0,215,0.9678,0.9669,288.17,311.76,1156.3034,0.0,0.485559,-1.0501,
Gardner_speeches_zscore__4b_sent_sd_ev2.0,215,0.9676,0.9669,287.32,307.55,1358.1498,0.0,0.469296,,
Gardner_speeches_zscore__4b_sent_var_ev2.0,215,0.9676,0.9669,287.32,307.55,1358.1498,0.0,0.469296,,
Gardner_speeches_zscore__4b_sd_var_joint_ev2.0,215,0.9676,0.9669,287.32,307.55,1358.1498,0.0,0.469296,,
Gardner_speeches_zscore__4b_consensus_ev2.0,215,0.9681,0.9665,294.31,331.38,690.8301,0.0,0.469111,0.4428,0.329
Gardner_speeches_zscore__4b_consensus_matched_interactions_ev2.0,215,0.9682,0.9666,293.62,330.7,758.245,0.0,0.464565,1.8326,0.0334
Gardner_speeches_zscore__4c_all_topics_ev2.0,215,0.968,0.9664,294.84,331.92,683.3543,0.0,0.493522,-1.7849,
Gardner_speeches_zscore__4d_topic_pca_ev2.0,215,0.9679,0.9665,293.18,326.88,769.3127,0.0,0.485718,-1.6019,,4d,2.0
Gardner_speeches_zscore__4e_total_interactions_ev2.0,215,0.9719,0.9705,267.01,304.09,837.5423,0.0,0.459875,1.4984,0.067
Gardner_speeches_zscore__4f_matched_interactions_ev2.0,215,0.9703,0.9689,278.54,315.62,720.9509,0.0,0.435273,1.6498,0.0495
Gardner_speeches_zscore__4g_novelty_ev2.0,214,0.9677,0.9659,297.19,337.58,608.5545,0.0,0.476834,2.9195,0.0018
Gardner_speeches_zscore__4a_total_sent_ev2.5,215,0.9678,0.9669,288.17,311.76,1156.3034,0.0,0.485559,-1.0501,
Gardner_speeches_zscore__4b_sent_sd_ev2.5,215,0.9676,0.9669,287.32,307.55,1358.1498,0.0,0.469296,,
Gardner_speeches_zscore__4b_sent_var_ev2.5,215,0.9676,0.9669,287.32,307.55,1358.1498,0.0,0.469296,,
Gardner_speeches_zscore__4b_sd_var_joint_ev2.5,215,0.9676,0.9669,287.32,307.55,1358.1498,0.0,0.469296,,
Gardner_speeches_zscore__4b_consensus_ev2.5,215,0.9681,0.9665,294.31,331.38,690.8301,0.0,0.469111,0.4428,0.329
Gardner_speeches_zscore__4b_consensus_matched_interactions_ev2.5,215,0.9682,0.9666,293.62,330.7,758.245,0.0,0.464565,1.8326,0.0334
Gardner_speeches_zscore__4c_all_topics_ev2.5,215,0.968,0.9664,294.84,331.92,683.3543,0.0,0.493522,-1.7849,
Gardner_speeches_zscore__4d_topic_pca_ev2.5,215,0.9679,0.9665,293.18,326.88,769.3127,0.0,0.485718,-1.6019,,4d,2.5
Gardner_speeches_zscore__4e_total_interactions_ev2.5,215,0.9719,0.9705,267.01,304.09,837.5423,0.0,0.459875,1.4984,0.067
Gardner_speeches_zscore__4f_matched_interactions_ev2.5,215,0.9703,0.9689,278.54,315.62,720.9509,0.0,0.435273,1.6498,0.0495
Gardner_speeches_zscore__4g_novelty_ev2.5,214,0.9677,0.9659,297.19,337.58,608.5545,0.0,0.476834,2.9195,0.0018
Gardner_speeches_zscore__4a_total_sent_ev3.0,215,0.9678,0.9669,288.17,311.76,1156.3034,0.0,0.485559,-1.0501,
Gardner_speeches_zscore__4b_sent_sd_ev3.0,215,0.9676,0.9669,287.32,307.55,1358.1498,0.0,0.469296,,
Gardner_speeches_zscore__4b_sent_var_ev3.0,215,0.9676,0.9669,287.32,307.55,1358.1498,0.0,0.469296,,
Gardner_speeches_zscore__4b_sd_var_joint_ev3.0,215,0.9676,0.9669,287.32,307.55,1358.1498,0.0,0.469296,,
Gardner_speeches_zscore__4b_consensus_ev3.0,215,0.9681,0.9665,294.31,331.38,690.8301,0.0,0.469111,0.4428,0.329
Gardner_speeches_zscore__4b_consensus_matched_interactions_ev3.0,215,0.9682,0.9666,293.62,330.7,758.245,0.0,0.464565,1.8326,0.0334
Gardner_speeches_zscore__4c_all_topics_ev3.0,215,0.968,0.9664,294.84,331.92,683.3543,0.0,0.493522,-1.7849,
Gardner_speeches_zscore__4d_topic_pca_ev3.0,215,0.9679,0.9665,293.18,326.88,769.3127,0.0,0.485718,-1.6019,,4d,3.0
Gardner_speeches_zscore__4e_total_interactions_ev3.0,215,0.9719,0.9705,267.01,304.09,837.5423,0.0,0.459875,1.4984,0.067
Gardner_speeches_zscore__4f_matched_interactions_ev3.0,215,0.9703,0.9689,278.54,315.62,720.9509,0.0,0.435273,1.6498,0.0495
Gardner_speeches_zscore__4g_novelty_ev3.0,214,0.9677,0.9659,297.19,337.58,608.5545,0.0,0.476834,2.9195,0.0018
Gardner_press_conferences_wordcount__4a_total_sent_ev1.0,118,0.968,0.9662,157.72,177.11,879.8803,0.0,0.455887,,
Gardner_press_conferences_wordcount__4b_sent_sd_ev1.0,215,0.9676,0.9669,287.32,307.55,1358.1498,0.0,0.469296,,
Gardner_press_conferences_wordcount__4b_sent_var_ev1.0,215,0.9676,0.9669,287.32,307.55,1358.1498,0.0,0.469296,,
Gardner_press_conferences_wordcount__4b_sd_var_joint_ev1.0,215,0.9676,0.9669,287.32,307.55,1358.1498,0.0,0.469296,,
Gardner_press_conferences_wordcount__4b_consensus_ev1.0,118,0.9676,0.9646,166.89,197.37,600.0403,0.0,0.435123,,
Gardner_press_conferences_wordcount__4b_consensus_matched_interactions_ev1.0,118,0.969,0.9661,161.68,192.15,625.971,0.0,0.48714,,
Gardner_press_conferences_wordcount__4c_all_topics_ev1.0,118,0.9695,0.9667,159.77,190.25,644.2808,0.0,0.463619,,
Gardner_press_conferences_wordcount__4d_topic_pca_ev1.0,118,0.9689,0.9663,160.28,187.99,650.6621,0.0,0.456704,,,4d,1.0
Gardner_press_conferences_wordcount__4e_total_interactions_ev1.0,118,0.9725,0.97,147.49,177.97,583.8506,0.0,0.423559,,
Gardner_press_conferences_wordcount__4f_matched_interactions_ev1.0,118,0.969,0.9661,161.93,192.4,607.3597,0.0,0.424074,,
Gardner_press_conferences_wordcount__4g_novelty_ev1.0,117,0.9657,0.9625,172.66,203.05,507.666,0.0,0.489924,,
Gardner_press_conferences_wordcount__4a_total_sent_ev1.5,118,0.968,0.9662,157.72,177.11,879.8803,0.0,0.455887,,
Gardner_press_conferences_wordcount__4b_sent_sd_ev1.5,215,0.9676,0.9669,287.32,307.55,1358.1498,0.0,0.469296,,
Gardner_press_conferences_wordcount__4b_sent_var_ev1.5,215,0.9676,0.9669,287.32,307.55,1358.1498,0.0,0.469296,,
Gardner_press_conferences_wordcount__4b_sd_var_joint_ev1.5,215,0.9676,0.9669,287.32,307.55,1358.1498,0.0,0.469296,,
Gardner_press_conferences_wordcount__4b_consensus_ev1.5,118,0.9676,0.9646,166.89,197.37,600.04,0.0,0.435123,,
Gardner_press_conferences_wordcount__4b_consensus_matched_interactions_ev1.5,118,0.969,0.9661,161.68,192.15,625.9709,0.0,0.48714,,
Gardner_press_conferences_wordcount__4c_all_topics_ev1.5,118,0.9695,0.9667,159.77,190.25,644.3025,0.0,0.463619,,
Gardner_press_conferences_wordcount__4d_topic_pca_ev1.5,118,0.9689,0.9663,160.28,187.99,650.6621,0.0,0.456704,,,4d,1.5
Gardner_press_conferences_wordcount__4e_total_interactions_ev1.5,118,0.9725,0.97,147.49,177.97,583.8505,0.0,0.423559,,
Gardner_press_conferences_wordcount__4f_matched_interactions_ev1.5,118,0.969,0.9661,161.93,192.4,607.3568,0.0,0.424074,,
Gardner_press_conferences_wordcount__4g_novelty_ev1.5,117,0.9657,0.9625,172.66,203.05,507.666,0.0,0.489924,,
Gardner_press_conferences_wordcount__4a_total_sent_ev2.0,118,0.968,0.9662,157.72,177.11,879.8803,0.0,0.455887,,
Gardner_press_conferences_wordcount__4b_sent_sd_ev2.0,215,0.9676,0.9669,287.32,307.55,1358.1498,0.0,0.469296,,
Gardner_press_conferences_wordcount__4b_sent_var_ev2.0,215,0.9676,0.9669,287.32,307.55,1358.1498,0.0,0.469296,,
Gardner_press_conferences_wordcount__4b_sd_var_joint_ev2.0,215,0.9676,0.9669,287.32,307.55,1358.1498,0.0,0.469296,,
Gardner_press_conferences_wordcount__4b_consensus_ev2.0,118,0.9676,0.9646,166.89,197.37,600.0399,0.0,0.435123,,
Gardner_press_conferences_wordcount__4b_consensus_matched_interactions_ev2.0,118,0.969,0.9661,161.68,192.15,625.9709,0.0,0.48714,,
Gardner_press_conferences_wordcount__4c_all_topics_ev2.0,118,0.9695,0.9667,159.77,190.25,644.3048,0.0,0.463619,,
Gardner_press_conferences_wordcount__4d_topic_pca_ev2.0,118,0.9689,0.9663,160.28,187.99,650.6621,0.0,0.456704,,,4d,2.0
Gardner_press_conferences_wordcount__4e_total_interactions_ev2.0,118,0.9725,0.97,147.49,177.97,583.8505,0.0,0.423559,,
Gardner_press_conferences_wordcount__4f_matched_interactions_ev2.0,118,0.969,0.9661,161.93,192.4,607.3578,0.0,0.424074,,
Gardner_press_conferences_wordcount__4g_novelty_ev2.0,117,0.9657,0.9625,172.66,203.05,507.666,0.0,0.489924,,
Gardner_press_conferences_wordcount__4a_total_sent_ev2.5,118,0.968,0.9662,157.72,177.11,879.8803,0.0,0.455887,,
Gardner_press_conferences_wordcount__4b_sent_sd_ev2.5,215,0.9676,0.9669,287.32,307.55,1358.1498,0.0,0.469296,,
Gardner_press_conferences_wordcount__4b_sent_var_ev2.5,215,0.9676,0.9669,287.32,307.55,1358.1498,0.0,0.469296,,
Gardner_press_conferences_wordcount__4b_sd_var_joint_ev2.5,215,0.9676,0.9669,287.32,307.55,1358.1498,0.0,0.469296,,
Gardner_press_conferences_wordcount__4b_consensus_ev2.5,118,0.9676,0.9646,166.89,197.37,600.0399,0.0,0.435123,,
Gardner_press_conferences_wordcount__4b_consensus_matched_interactions_ev2.5,118,0.969,0.9661,161.68,192.15,625.9709,0.0,0.48714,,
Gardner_press_conferences_wordcount__4c_all_topics_ev2.5,118,0.9695,0.9667,159.77,190.25,644.3025,0.0,0.463619,,
Gardner_press_conferences_wordcount__4d_topic_pca_ev2.5,118,0.9689,0.9663,160.28,187.99,650.6621,0.0,0.456704,,,4d,2.5
Gardner_press_conferences_wordcount__4e_total_interactions_ev2.5,118,0.9725,0.97,147.49,177.97,583.8505,0.0,0.423559,,
Gardner_press_conferences_wordcount__4f_matched_interactions_ev2.5,118,0.969,0.9661,161.93,192.4,607.3585,0.0,0.424074,,
Gardner_press_conferences_wordcount__4g_novelty_ev2.5,117,0.9657,0.9625,172.66,203.05,507.666,0.0,0.489924,,
Gardner_press_conferences_wordcount__4a_total_sent_ev3.0,118,0.968,0.9662,157.72,177.11,879.8803,0.0,0.455887,,
Gardner_press_conferences_wordcount__4b_sent_sd_ev3.0,215,0.9676,0.9669,287.32,307.55,1358.1498,0.0,0.469296,,
Gardner_press_conferences_wordcount__4b_sent_var_ev3.0,215,0.9676,0.9669,287.32,307.55,1358.1498,0.0,0.469296,,
Gardner_press_conferences_wordcount__4b_sd_var_joint_ev3.0,215,0.9676,0.9669,287.32,307.55,1358.1498,0.0,0.469296,,
Gardner_press_conferences_wordcount__4b_consensus_ev3.0,118,0.9676,0.9646,166.89,197.37,600.0399,0.0,0.435123,,
Gardner_press_conferences_wordcount__4b_consensus_matched_interactions_ev3.0,118,0.969,0.9661,161.68,192.15,625.971,0.0,0.48714,,
Gardner_press_conferences_wordcount__4c_all_topics_ev3.0,118,0.9695,0.9667,159.77,190.25,644.3025,0.0,0.463619,,
Gardner_press_conferences_wordcount__4d_topic_pca_ev3.0,118,0.9689,0.9663,160.28,187.99,650.6621,0.0,0.456704,,,4d,3.0
Gardner_press_conferences_wordcount__4e_total_interactions_ev3.0,118,0.9725,0.97,147.49,177.97,583.8505,0.0,0.423559,,
Gardner_press_conferences_wordcount__4f_matched_interactions_ev3.0,118,0.969,0.9661,161.93,192.4,607.3583,0.0,0.424074,,
Gardner_press_conferences_wordcount__4g_novelty_ev3.0,117,0.9657,0.9625,172.66,203.05,507.666,0.0,0.489924,,
Gardner_press_conferences_zscore__4a_total_sent_ev1.0,118,0.9665,0.9647,163.02,182.42,864.0039,0.0,0.487232,,
Gardner_press_conferences_zscore__4b_sent_sd_ev1.0,215,0.9676,0.9669,287.32,307.55,1358.1498,0.0,0.469296,,
Gardner_press_conferences_zscore__4b_sent_var_ev1.0,215,0.9676,0.9669,287.32,307.55,1358.1498,0.0,0.469296,,
Gardner_press_conferences_zscore__4b_sd_var_joint_ev1.0,215,0.9676,0.9669,287.32,307.55,1358.1498,0.0,0.469296,,
Gardner_press_conferences_zscore__4b_consensus_ev1.0,118,0.9663,0.9631,171.7,202.18,613.1019,0.0,0.472192,,
Gardner_press_conferences_zscore__4b_consensus_matched_interactions_ev1.0,118,0.9703,0.9675,156.83,187.31,700.9675,0.0,0.362849,,
Gardner_press_conferences_zscore__4c_all_topics_ev1.0,118,0.9683,0.9654,164.42,194.89,666.3447,0.0,0.482473,,
Gardner_press_conferences_zscore__4d_topic_pca_ev1.0,118,0.9677,0.965,164.77,192.48,659.9079,0.0,0.483447,,,4d,1.0
Gardner_press_conferences_zscore__4e_total_interactions_ev1.0,118,0.9673,0.9643,168.06,198.54,555.0277,0.0,0.570159,,
Gardner_press_conferences_zscore__4f_matched_interactions_ev1.0,118,0.9701,0.9673,157.63,188.11,604.6392,0.0,0.37725,,
Gardner_press_conferences_zscore__4g_novelty_ev1.0,117,0.9659,0.9623,174.31,207.45,449.0623,0.0,0.490362,,
Gardner_press_conferences_zscore__4a_total_sent_ev1.5,118,0.9665,0.9647,163.02,182.42,864.0039,0.0,0.487232,,
Gardner_press_conferences_zscore__4b_sent_sd_ev1.5,215,0.9676,0.9669,287.32,307.55,1358.1498,0.0,0.469296,,
Gardner_press_conferences_zscore__4b_sent_var_ev1.5,215,0.9676,0.9669,287.32,307.55,1358.1498,0.0,0.469296,,
Gardner_press_conferences_zscore__4b_sd_var_joint_ev1.5,215,0.9676,0.9669,287.32,307.55,1358.1498,0.0,0.469296,,
Gardner_press_conferences_zscore__4b_consensus_ev1.5,118,0.9663,0.9631,171.7,202.18,613.1019,0.0,0.472192,,
Gardner_press_conferences_zscore__4b_consensus_matched_interactions_ev1.5,118,0.9703,0.9675,156.83,187.31,700.9675,0.0,0.362849,,
Gardner_press_conferences_zscore__4c_all_topics_ev1.5,118,0.9683,0.9654,164.42,194.89,666.3447,0.0,0.482473,,
Gardner_press_conferences_zscore__4d_topic_pca_ev1.5,118,0.9677,0.965,164.77,192.48,659.9079,0.0,0.483447,,,4d,1.5
Gardner_press_conferences_zscore__4e_total_interactions_ev1.5,118,0.9673,0.9643,168.06,198.54,555.0277,0.0,0.570159,,
Gardner_press_conferences_zscore__4f_matched_interactions_ev1.5,118,0.9701,0.9673,157.63,188.11,604.6392,0.0,0.37725,,
Gardner_press_conferences_zscore__4g_novelty_ev1.5,117,0.9659,0.9623,174.31,207.45,449.0623,0.0,0.490362,,
Gardner_press_conferences_zscore__4a_total_sent_ev2.0,118,0.9665,0.9647,163.02,182.42,864.0039,0.0,0.487232,,
Gardner_press_conferences_zscore__4b_sent_sd_ev2.0,215,0.9676,0.9669,287.32,307.55,1358.1498,0.0,0.469296,,
Gardner_press_conferences_zscore__4b_sent_var_ev2.0,215,0.9676,0.9669,287.32,307.55,1358.1498,0.0,0.469296,,
Gardner_press_conferences_zscore__4b_sd_var_joint_ev2.0,215,0.9676,0.9669,287.32,307.55,1358.1498,0.0,0.469296,,
Gardner_press_conferences_zscore__4b_consensus_ev2.0,118,0.9663,0.9631,171.7,202.18,613.1019,0.0,0.472192,,
Gardner_press_conferences_zscore__4b_consensus_matched_interactions_ev2.0,118,0.9703,0.9675,156.83,187.31,700.9675,0.0,0.362849,,
Gardner_press_conferences_zscore__4c_all_topics_ev2.0,118,0.9683,0.9654,164.42,194.89,666.3447,0.0,0.482473,,
Gardner_press_conferences_zscore__4d_topic_pca_ev2.0,118,0.9677,0.965,164.77,192.48,659.9079,0.0,0.483447,,,4d,2.0
Gardner_press_conferences_zscore__4e_total_interactions_ev2.0,118,0.9673,0.9643,168.06,198.54,555.0277,0.0,0.570159,,
Gardner_press_conferences_zscore__4f_matched_interactions_ev2.0,118,0.9701,0.9673,157.63,188.11,604.6392,0.0,0.37725,,
Gardner_press_conferences_zscore__4g_novelty_ev2.0,117,0.9659,0.9623,174.31,207.45,449.0623,0.0,0.490362,,
Gardner_press_conferences_zscore__4a_total_sent_ev2.5,118,0.9665,0.9647,163.02,182.42,864.0039,0.0,0.487232,,
Gardner_press_conferences_zscore__4b_sent_sd_ev2.5,215,0.9676,0.9669,287.32,307.55,1358.1498,0.0,0.469296,,
Gardner_press_conferences_zscore__4b_sent_var_ev2.5,215,0.9676,0.9669,287.32,307.55,1358.1498,0.0,0.469296,,
Gardner_press_conferences_zscore__4b_sd_var_joint_ev2.5,215,0.9676,0.9669,287.32,307.55,1358.1498,0.0,0.469296,,
Gardner_press_conferences_zscore__4b_consensus_ev2.5,118,0.9663,0.9631,171.7,202.18,613.1019,0.0,0.472192,,
Gardner_press_conferences_zscore__4b_consensus_matched_interactions_ev2.5,118,0.9703,0.9675,156.83,187.31,700.9675,0.0,0.362849,,
Gardner_press_conferences_zscore__4c_all_topics_ev2.5,118,0.9683,0.9654,164.42,194.89,666.3447,0.0,0.482473,,
Gardner_press_conferences_zscore__4d_topic_pca_ev2.5,118,0.9677,0.965,164.77,192.48,659.9079,0.0,0.483447,,,4d,2.5
Gardner_press_conferences_zscore__4e_total_interactions_ev2.5,118,0.9673,0.9643,168.06,198.54,555.0277,0.0,0.570159,,
Gardner_press_conferences_zscore__4f_matched_interactions_ev2.5,118,0.9701,0.9673,157.63,188.11,604.6392,0.0,0.37725,,
Gardner_press_conferences_zscore__4g_novelty_ev2.5,117,0.9659,0.9623,174.31,207.45,449.0623,0.0,0.490362,,
Gardner_press_conferences_zscore__4a_total_sent_ev3.0,118,0.9665,0.9647,163.02,182.42,864.0039,0.0,0.487232,,
Gardner_press_conferences_zscore__4b_sent_sd_ev3.0,215,0.9676,0.9669,287.32,307.55,1358.1498,0.0,0.469296,,
Gardner_press_conferences_zscore__4b_sent_var_ev3.0,215,0.9676,0.9669,287.32,307.55,1358.1498,0.0,0.469296,,
Gardner_press_conferences_zscore__4b_sd_var_joint_ev3.0,215,0.9676,0.9669,287.32,307.55,1358.1498,0.0,0.469296,,
Gardner_press_conferences_zscore__4b_consensus_ev3.0,118,0.9663,0.9631,171.7,202.18,613.1019,0.0,0.472192,,
Gardner_press_conferences_zscore__4b_consensus_matched_interactions_ev3.0,118,0.9703,0.9675,156.83,187.31,700.9675,0.0,0.362849,,
Gardner_press_conferences_zscore__4c_all_topics_ev3.0,118,0.9683,0.9654,164.42,194.89,666.3447,0.0,0.482473,,
Gardner_press_conferences_zscore__4d_topic_pca_ev3.0,118,0.9677,0.965,164.77,192.48,659.9079,0.0,0.483447,,,4d,3.0
Gardner_press_conferences_zscore__4e_total_interactions_ev3.0,118,0.9673,0.9643,168.06,198.54,555.0277,0.0,0.570159,,
Gardner_press_conferences_zscore__4f_matched_interactions_ev3.0,118,0.9701,0.9673,157.63,188.11,604.6392,0.0,0.37725,,
Gardner_press_conferences_zscore__4g_novelty_ev3.0,117,0.9659,0.9623,174.31,207.45,449.0623,0.0,0.490362,,
Gardner_statements_minutes_speeches_press_conferences_wordcount__4a_total_sent_ev1.0,215,0.9676,0.9667,289.24,312.83,1131.767,0.0,0.46932,-0.0196,
Gardner_statements_minutes_speeches_press_conferences_wordcount__4b_sent_sd_ev1.0,215,0.9676,0.9669,287.32,307.55,1358.1498,0.0,0.469296,,
Gardner_statements_minutes_speeches_press_conferences_wordcount__4b_sent_var_ev1.0,215,0.9676,0.9669,287.32,307.55,1358.1498,0.0,0.469296,,
Gardner_statements_minutes_speeches_press_conferences_wordcount__4b_sd_var_joint_ev1.0,215,0.9676,0.9669,287.32,307.55,1358.1498,0.0,0.469296,,
Gardner_statements_minutes_speeches_press_conferences_wordcount__4b_consensus_ev1.0,215,0.9696,0.9681,283.97,321.05,728.2676,0.0,0.472801,0.2716,
Gardner_statements_minutes_speeches_press_conferences_wordcount__4b_consensus_matched_interactions_ev1.0,215,0.9713,0.9699,271.2,308.27,821.1984,0.0,0.476631,0.3224,
Gardner_statements_minutes_speeches_press_conferences_wordcount__4c_all_topics_ev1.0,215,0.9695,0.968,284.76,321.84,736.225,0.0,0.50079,-0.5452,
Gardner_statements_minutes_speeches_press_conferences_wordcount__4d_topic_pca_ev1.0,215,0.9692,0.9679,284.3,318.01,821.2714,0.0,0.492948,-0.9659,,4d,1.0
Gardner_statements_minutes_speeches_press_conferences_wordcount__4e_total_interactions_ev1.0,215,0.9729,0.9716,258.94,296.02,894.6204,0.0,0.422411,1.5275,0.0633
Gardner_statements_minutes_speeches_press_conferences_wordcount__4f_matched_interactions_ev1.0,215,0.971,0.9696,273.84,310.92,894.7588,0.0,0.402097,3.0602,0.0011
Gardner_statements_minutes_speeches_press_conferences_wordcount__4g_novelty_ev1.0,214,0.9681,0.9665,292.68,329.7,704.5775,0.0,0.472613,2.934,0.0017
Gardner_statements_minutes_speeches_press_conferences_wordcount__4a_total_sent_ev1.5,215,0.9676,0.9667,289.24,312.83,1131.767,0.0,0.46932,-0.0196,
Gardner_statements_minutes_speeches_press_conferences_wordcount__4b_sent_sd_ev1.5,215,0.9676,0.9669,287.32,307.55,1358.1498,0.0,0.469296,,
Gardner_statements_minutes_speeches_press_conferences_wordcount__4b_sent_var_ev1.5,215,0.9676,0.9669,287.32,307.55,1358.1498,0.0,0.469296,,
Gardner_statements_minutes_speeches_press_conferences_wordcount__4b_sd_var_joint_ev1.5,215,0.9676,0.9669,287.32,307.55,1358.1498,0.0,0.469296,,
Gardner_statements_minutes_speeches_press_conferences_wordcount__4b_consensus_ev1.5,215,0.9696,0.9681,283.97,321.05,728.2676,0.0,0.472801,0.2716,
Gardner_statements_minutes_speeches_press_conferences_wordcount__4b_consensus_matched_interactions_ev1.5,215,0.9713,0.9699,271.2,308.27,821.1984,0.0,0.476631,0.3224,
Gardner_statements_minutes_speeches_press_conferences_wordcount__4c_all_topics_ev1.5,215,0.9695,0.968,284.76,321.84,736.225,0.0,0.50079,-0.5452,
Gardner_statements_minutes_speeches_press_conferences_wordcount__4d_topic_pca_ev1.5,215,0.9692,0.9679,284.3,318.01,821.2714,0.0,0.492948,-0.9659,,4d,1.5
Gardner_statements_minutes_speeches_press_conferences_wordcount__4e_total_interactions_ev1.5,215,0.9729,0.9716,258.94,296.02,894.6204,0.0,0.422411,1.5275,0.0633
Gardner_statements_minutes_speeches_press_conferences_wordcount__4f_matched_interactions_ev1.5,215,0.971,0.9696,273.84,310.92,894.7588,0.0,0.402097,3.0602,0.0011
Gardner_statements_minutes_speeches_press_conferences_wordcount__4g_novelty_ev1.5,214,0.9681,0.9665,292.68,329.7,704.5775,0.0,0.472613,2.934,0.0017
Gardner_statements_minutes_speeches_press_conferences_wordcount__4a_total_sent_ev2.0,215,0.9676,0.9667,289.24,312.83,1131.767,0.0,0.46932,-0.0196,
Gardner_statements_minutes_speeches_press_conferences_wordcount__4b_sent_sd_ev2.0,215,0.9676,0.9669,287.32,307.55,1358.1498,0.0,0.469296,,
Gardner_statements_minutes_speeches_press_conferences_wordcount__4b_sent_var_ev2.0,215,0.9676,0.9669,287.32,307.55,1358.1498,0.0,0.469296,,
Gardner_statements_minutes_speeches_press_conferences_wordcount__4b_sd_var_joint_ev2.0,215,0.9676,0.9669,287.32,307.55,1358.1498,0.0,0.469296,,
Gardner_statements_minutes_speeches_press_conferences_wordcount__4b_consensus_ev2.0,215,0.9696,0.9681,283.97,321.05,728.2676,0.0,0.472801,0.2716,
Gardner_statements_minutes_speeches_press_conferences_wordcount__4b_consensus_matched_interactions_ev2.0,215,0.9713,0.9699,271.2,308.27,821.1984,0.0,0.476631,0.3224,
Gardner_statements_minutes_speeches_press_conferences_wordcount__4c_all_topics_ev2.0,215,0.9695,0.968,284.76,321.84,736.225,0.0,0.50079,-0.5452,
Gardner_statements_minutes_speeches_press_conferences_wordcount__4d_topic_pca_ev2.0,215,0.9692,0.9679,284.3,318.01,821.2714,0.0,0.492948,-0.9659,,4d,2.0
Gardner_statements_minutes_speeches_press_conferences_wordcount__4e_total_interactions_ev2.0,215,0.9729,0.9716,258.94,296.02,894.6204,0.0,0.422411,1.5275,0.0633
Gardner_statements_minutes_speeches_press_conferences_wordcount__4f_matched_interactions_ev2.0,215,0.971,0.9696,273.84,310.92,894.7588,0.0,0.402097,3.0602,0.0011
Gardner_statements_minutes_speeches_press_conferences_wordcount__4g_novelty_ev2.0,214,0.9681,0.9665,292.68,329.7,704.5775,0.0,0.472613,2.934,0.0017
Gardner_statements_minutes_speeches_press_conferences_wordcount__4a_total_sent_ev2.5,215,0.9676,0.9667,289.24,312.83,1131.767,0.0,0.46932,-0.0196,
Gardner_statements_minutes_speeches_press_conferences_wordcount__4b_sent_sd_ev2.5,215,0.9676,0.9669,287.32,307.55,1358.1498,0.0,0.469296,,
Gardner_statements_minutes_speeches_press_conferences_wordcount__4b_sent_var_ev2.5,215,0.9676,0.9669,287.32,307.55,1358.1498,0.0,0.469296,,
Gardner_statements_minutes_speeches_press_conferences_wordcount__4b_sd_var_joint_ev2.5,215,0.9676,0.9669,287.32,307.55,1358.1498,0.0,0.469296,,
Gardner_statements_minutes_speeches_press_conferences_wordcount__4b_consensus_ev2.5,215,0.9696,0.9681,283.97,321.05,728.2676,0.0,0.472801,0.2716,
Gardner_statements_minutes_speeches_press_conferences_wordcount__4b_consensus_matched_interactions_ev2.5,215,0.9713,0.9699,271.2,308.27,821.1984,0.0,0.476631,0.3224,
Gardner_statements_minutes_speeches_press_conferences_wordcount__4c_all_topics_ev2.5,215,0.9695,0.968,284.76,321.84,736.225,0.0,0.50079,-0.5452,
Gardner_statements_minutes_speeches_press_conferences_wordcount__4d_topic_pca_ev2.5,215,0.9692,0.9679,284.3,318.01,821.2714,0.0,0.492948,-0.9659,,4d,2.5
Gardner_statements_minutes_speeches_press_conferences_wordcount__4e_total_interactions_ev2.5,215,0.9729,0.9716,258.94,296.02,894.6204,0.0,0.422411,1.5275,0.0633
Gardner_statements_minutes_speeches_press_conferences_wordcount__4f_matched_interactions_ev2.5,215,0.971,0.9696,273.84,310.92,894.7588,0.0,0.402097,3.0602,0.0011
Gardner_statements_minutes_speeches_press_conferences_wordcount__4g_novelty_ev2.5,214,0.9681,0.9665,292.68,329.7,704.5775,0.0,0.472613,2.934,0.0017
Gardner_statements_minutes_speeches_press_conferences_wordcount__4a_total_sent_ev3.0,215,0.9676,0.9667,289.24,312.83,1131.767,0.0,0.46932,-0.0196,
Gardner_statements_minutes_speeches_press_conferences_wordcount__4b_sent_sd_ev3.0,215,0.9676,0.9669,287.32,307.55,1358.1498,0.0,0.469296,,
Gardner_statements_minutes_speeches_press_conferences_wordcount__4b_sent_var_ev3.0,215,0.9676,0.9669,287.32,307.55,1358.1498,0.0,0.469296,,
Gardner_statements_minutes_speeches_press_conferences_wordcount__4b_sd_var_joint_ev3.0,215,0.9676,0.9669,287.32,307.55,1358.1498,0.0,0.469296,,
Gardner_statements_minutes_speeches_press_conferences_wordcount__4b_consensus_ev3.0,215,0.9696,0.9681,283.97,321.05,728.2676,0.0,0.472801,0.2716,
Gardner_statements_minutes_speeches_press_conferences_wordcount__4b_consensus_matched_interactions_ev3.0,215,0.9713,0.9699,271.2,308.27,821.1984,0.0,0.476631,0.3224,
Gardner_statements_minutes_speeches_press_conferences_wordcount__4c_all_topics_ev3.0,215,0.9695,0.968,284.76,321.84,736.225,0.0,0.50079,-0.5452,
Gardner_statements_minutes_speeches_press_conferences_wordcount__4d_topic_pca_ev3.0,215,0.9692,0.9679,284.3,318.01,821.2714,0.0,0.492948,-0.9659,,4d,3.0
Gardner_statements_minutes_speeches_press_conferences_wordcount__4e_total_interactions_ev3.0,215,0.9729,0.9716,258.94,296.02,894.6204,0.0,0.422411,1.5275,0.0633
Gardner_statements_minutes_speeches_press_conferences_wordcount__4f_matched_interactions_ev3.0,215,0.971,0.9696,273.84,310.92,894.7588,0.0,0.402097,3.0602,0.0011
Gardner_statements_minutes_speeches_press_conferences_wordcount__4g_novelty_ev3.0,214,0.9681,0.9665,292.68,329.7,704.5775,0.0,0.472613,2.934,0.0017
Gardner_statements_minutes_speeches_press_conferences_zscore__4a_total_sent_ev1.0,215,0.9676,0.9667,289.31,312.91,1163.9701,0.0,0.472132,-1.0139,
Gardner_statements_minutes_speeches_press_conferences_zscore__4b_sent_sd_ev1.0,215,0.9676,0.9669,287.32,307.55,1358.1498,0.0,0.469296,,
Gardner_statements_minutes_speeches_press_conferences_zscore__4b_sent_var_ev1.0,215,0.9676,0.9669,287.32,307.55,1358.1498,0.0,0.469296,,
Gardner_statements_minutes_speeches_press_conferences_zscore__4b_sd_var_joint_ev1.0,215,0.9676,0.9669,287.32,307.55,1358.1498,0.0,0.469296,,
Gardner_statements_minutes_speeches_press_conferences_zscore__4b_consensus_ev1.0,215,0.9692,0.9677,286.44,323.52,731.1059,0.0,0.485118,0.3406,
Gardner_statements_minutes_speeches_press_conferences_zscore__4b_consensus_matched_interactions_ev1.0,215,0.9684,0.9668,292.31,329.38,723.0625,0.0,0.604843,-0.8606,
Gardner_statements_minutes_speeches_press_conferences_zscore__4c_all_topics_ev1.0,215,0.9703,0.9688,279.01,316.09,768.9751,0.0,0.550942,-1.8485,
Gardner_statements_minutes_speeches_press_conferences_zscore__4d_topic_pca_ev1.0,215,0.9696,0.9683,281.67,315.37,843.024,0.0,0.526661,-1.6626,,4d,1.0
Gardner_statements_minutes_speeches_press_conferences_zscore__4e_total_interactions_ev1.0,215,0.9732,0.9719,256.32,293.4,782.4738,0.0,0.429667,2.2775,0.0114
Gardner_statements_minutes_speeches_press_conferences_zscore__4f_matched_interactions_ev1.0,215,0.9717,0.9703,268.26,305.34,757.2274,0.0,0.545658,-0.5068,
Gardner_statements_minutes_speeches_press_conferences_zscore__4g_novelty_ev1.0,214,0.9676,0.9658,297.69,338.08,620.0202,0.0,0.484977,2.9416,
Gardner_statements_minutes_speeches_press_conferences_zscore__4a_total_sent_ev1.5,215,0.9676,0.9667,289.31,312.91,1163.9701,0.0,0.472132,-1.0139,
Gardner_statements_minutes_speeches_press_conferences_zscore__4b_sent_sd_ev1.5,215,0.9676,0.9669,287.32,307.55,1358.1498,0.0,0.469296,,
Gardner_statements_minutes_speeches_press_conferences_zscore__4b_sent_var_ev1.5,215,0.9676,0.9669,287.32,307.55,1358.1498,0.0,0.469296,,
Gardner_statements_minutes_speeches_press_conferences_zscore__4b_sd_var_joint_ev1.5,215,0.9676,0.9669,287.32,307.55,1358.1498,0.0,0.469296,,
Gardner_statements_minutes_speeches_press_conferences_zscore__4b_consensus_ev1.5,215,0.9692,0.9677,286.44,323.52,731.1059,0.0,0.485118,0.3406,
Gardner_statements_minutes_speeches_press_conferences_zscore__4b_consensus_matched_interactions_ev1.5,215,0.9684,0.9668,292.31,329.38,723.0625,0.0,0.604843,-0.8606,
Gardner_statements_minutes_speeches_press_conferences_zscore__4c_all_topics_ev1.5,215,0.9703,0.9688,279.01,316.09,768.9751,0.0,0.550942,-1.8485,
Gardner_statements_minutes_speeches_press_conferences_zscore__4d_topic_pca_ev1.5,215,0.9696,0.9683,281.67,315.37,843.024,0.0,0.526661,-1.6626,,4d,1.5
Gardner_statements_minutes_speeches_press_conferences_zscore__4e_total_interactions_ev1.5,215,0.9732,0.9719,256.32,293.4,782.4738,0.0,0.429667,2.2775,0.0114
Gardner_statements_minutes_speeches_press_conferences_zscore__4f_matched_interactions_ev1.5,215,0.9717,0.9703,268.26,305.34,757.2274,0.0,0.545658,-0.5068,
Gardner_statements_minutes_speeches_press_conferences_zscore__4g_novelty_ev1.5,214,0.9676,0.9658,297.69,338.08,620.0202,0.0,0.484977,2.9416,
Gardner_statements_minutes_speeches_press_conferences_zscore__4a_total_sent_ev2.0,215,0.9676,0.9667,289.31,312.91,1163.9701,0.0,0.472132,-1.0139,
Gardner_statements_minutes_speeches_press_conferences_zscore__4b_sent_sd_ev2.0,215,0.9676,0.9669,287.32,307.55,1358.1498,0.0,0.469296,,
Gardner_statements_minutes_speeches_press_conferences_zscore__4b_sent_var_ev2.0,215,0.9676,0.9669,287.32,307.55,1358.1498,0.0,0.469296,,
Gardner_statements_minutes_speeches_press_conferences_zscore__4b_sd_var_joint_ev2.0,215,0.9676,0.9669,287.32,307.55,1358.1498,0.0,0.469296,,
Gardner_statements_minutes_speeches_press_conferences_zscore__4b_consensus_ev2.0,215,0.9692,0.9677,286.44,323.52,731.1059,0.0,0.485118,0.3406,
Gardner_statements_minutes_speeches_press_conferences_zscore__4b_consensus_matched_interactions_ev2.0,215,0.9684,0.9668,292.31,329.38,723.0625,0.0,0.604843,-0.8606,
Gardner_statements_minutes_speeches_press_conferences_zscore__4c_all_topics_ev2.0,215,0.9703,0.9688,279.01,316.09,768.9751,0.0,0.550942,-1.8485,
Gardner_statements_minutes_speeches_press_conferences_zscore__4d_topic_pca_ev2.0,215,0.9696,0.9683,281.67,315.37,843.024,0.0,0.526661,-1.6626,,4d,2.0
Gardner_statements_minutes_speeches_press_conferences_zscore__4e_total_interactions_ev2.0,215,0.9732,0.9719,256.32,293.4,782.4738,0.0,0.429667,2.2775,0.0114
Gardner_statements_minutes_speeches_press_conferences_zscore__4f_matched_interactions_ev2.0,215,0.9717,0.9703,268.26,305.34,757.2274,0.0,0.545658,-0.5068,
Gardner_statements_minutes_speeches_press_conferences_zscore__4g_novelty_ev2.0,214,0.9676,0.9658,297.69,338.08,620.0202,0.0,0.484977,2.9416,
Gardner_statements_minutes_speeches_press_conferences_zscore__4a_total_sent_ev2.5,215,0.9676,0.9667,289.31,312.91,1163.9701,0.0,0.472132,-1.0139,
Gardner_statements_minutes_speeches_press_conferences_zscore__4b_sent_sd_ev2.5,215,0.9676,0.9669,287.32,307.55,1358.1498,0.0,0.469296,,
Gardner_statements_minutes_speeches_press_conferences_zscore__4b_sent_var_ev2.5,215,0.9676,0.9669,287.32,307.55,1358.1498,0.0,0.469296,,
Gardner_statements_minutes_speeches_press_conferences_zscore__4b_sd_var_joint_ev2.5,215,0.9676,0.9669,287.32,307.55,1358.1498,0.0,0.469296,,
Gardner_statements_minutes_speeches_press_conferences_zscore__4b_consensus_ev2.5,215,0.9692,0.9677,286.44,323.52,731.1059,0.0,0.485118,0.3406,
Gardner_statements_minutes_speeches_press_conferences_zscore__4b_consensus_matched_interactions_ev2.5,215,0.9684,0.9668,292.31,329.38,723.0625,0.0,0.604843,-0.8606,
Gardner_statements_minutes_speeches_press_conferences_zscore__4c_all_topics_ev2.5,215,0.9703,0.9688,279.01,316.09,768.9751,0.0,0.550942,-1.8485,
Gardner_statements_minutes_speeches_press_conferences_zscore__4d_topic_pca_ev2.5,215,0.9696,0.9683,281.67,315.37,843.024,0.0,0.526661,-1.6626,,4d,2.5
Gardner_statements_minutes_speeches_press_conferences_zscore__4e_total_interactions_ev2.5,215,0.9732,0.9719,256.32,293.4,782.4738,0.0,0.429667,2.2775,0.0114
Gardner_statements_minutes_speeches_press_conferences_zscore__4f_matched_interactions_ev2.5,215,0.9717,0.9703,268.26,305.34,757.2274,0.0,0.545658,-0.5068,
Gardner_statements_minutes_speeches_press_conferences_zscore__4g_novelty_ev2.5,214,0.9676,0.9658,297.69,338.08,620.0202,0.0,0.484977,2.9416,
Gardner_statements_minutes_speeches_press_conferences_zscore__4a_total_sent_ev3.0,215,0.9676,0.9667,289.31,312.91,1163.9701,0.0,0.472132,-1.0139,
Gardner_statements_minutes_speeches_press_conferences_zscore__4b_sent_sd_ev3.0,215,0.9676,0.9669,287.32,307.55,1358.1498,0.0,0.469296,,
Gardner_statements_minutes_speeches_press_conferences_zscore__4b_sent_var_ev3.0,215,0.9676,0.9669,287.32,307.55,1358.1498,0.0,0.469296,,
Gardner_statements_minutes_speeches_press_conferences_zscore__4b_sd_var_joint_ev3.0,215,0.9676,0.9669,287.32,307.55,1358.1498,0.0,0.469296,,
Gardner_statements_minutes_speeches_press_conferences_zscore__4b_consensus_ev3.0,215,0.9692,0.9677,286.44,323.52,731.1059,0.0,0.485118,0.3406,
Gardner_statements_minutes_speeches_press_conferences_zscore__4b_consensus_matched_interactions_ev3.0,215,0.9684,0.9668,292.31,329.38,723.0625,0.0,0.604843,-0.8606,
Gardner_statements_minutes_speeches_press_conferences_zscore__4c_all_topics_ev3.0,215,0.9703,0.9688,279.01,316.09,768.9751,0.0,0.550942,-1.8485,
Gardner_statements_minutes_speeches_press_conferences_zscore__4d_topic_pca_ev3.0,215,0.9696,0.9683,281.67,315.37,843.024,0.0,0.526661,-1.6626,,4d,3.0
Gardner_statements_minutes_speeches_press_conferences_zscore__4e_total_interactions_ev3.0,215,0.9732,0.9719,256.32,293.4,782.4738,0.0,0.429667,2.2775,0.0114
Gardner_statements_minutes_speeches_press_conferences_zscore__4f_matched_interactions_ev3.0,215,0.9717,0.9703,268.26,305.34,757.2274,0.0,0.545658,-0.5068,
Gardner_statements_minutes_speeches_press_conferences_zscore__4g_novelty_ev3.0,214,0.9676,0.9658,297.69,338.08,620.0202,0.0,0.484977,2.9416,
Sharpe_statements_wordcount__4a_total_sent_ev1.0,213,0.9673,0.9664,287.75,311.28,1162.2965,0.0,0.469062,2.728,0.0032
Sharpe_statements_wordcount__4b_sent_sd_ev1.0,215,0.9676,0.9669,287.32,307.55,1358.1498,0.0,0.469296,,
Sharpe_statements_wordcount__4b_sent_var_ev1.0,215,0.9676,0.9669,287.32,307.55,1358.1498,0.0,0.469296,,
Sharpe_statements_wordcount__4b_sd_var_joint_ev1.0,215,0.9676,0.9669,287.32,307.55,1358.1498,0.0,0.469296,,
Sharpe_statements_wordcount__4b_consensus_ev1.0,213,0.9677,0.9667,285.41,308.94,1165.8578,0.0,0.492017,2.7351,
Sharpe_statements_wordcount__4e_total_interactions_ev1.0,213,0.9791,0.9781,200.65,237.63,1188.0748,0.0,0.413236,2.8427,0.0022
Sharpe_statements_wordcount__4f_matched_interactions_ev1.0,215,0.9676,0.9669,287.32,307.55,1358.1498,0.0,0.469296,,
Sharpe_statements_wordcount__4g_novelty_ev1.0,212,0.9671,0.9661,287.67,311.17,1138.204,0.0,0.474811,2.5379,0.0056
Sharpe_statements_wordcount__4a_total_sent_ev1.5,213,0.9673,0.9664,287.75,311.28,1162.2965,0.0,0.469062,2.728,0.0032
Sharpe_statements_wordcount__4b_sent_sd_ev1.5,215,0.9676,0.9669,287.32,307.55,1358.1498,0.0,0.469296,,
Sharpe_statements_wordcount__4b_sent_var_ev1.5,215,0.9676,0.9669,287.32,307.55,1358.1498,0.0,0.469296,,
Sharpe_statements_wordcount__4b_sd_var_joint_ev1.5,215,0.9676,0.9669,287.32,307.55,1358.1498,0.0,0.469296,,
Sharpe_statements_wordcount__4b_consensus_ev1.5,213,0.9677,0.9667,285.41,308.94,1165.8578,0.0,0.492017,2.7351,
Sharpe_statements_wordcount__4e_total_interactions_ev1.5,213,0.9791,0.9781,200.65,237.63,1188.0748,0.0,0.413236,2.8427,0.0022
Sharpe_statements_wordcount__4f_matched_interactions_ev1.5,215,0.9676,0.9669,287.32,307.55,1358.1498,0.0,0.469296,,
Sharpe_statements_wordcount__4g_novelty_ev1.5,212,0.9671,0.9661,287.67,311.17,1138.204,0.0,0.474811,2.5379,0.0056
Sharpe_statements_wordcount__4a_total_sent_ev2.0,213,0.9673,0.9664,287.75,311.28,1162.2965,0.0,0.469062,2.728,0.0032
Sharpe_statements_wordcount__4b_sent_sd_ev2.0,215,0.9676,0.9669,287.32,307.55,1358.1498,0.0,0.469296,,
Sharpe_statements_wordcount__4b_sent_var_ev2.0,215,0.9676,0.9669,287.32,307.55,1358.1498,0.0,0.469296,,
Sharpe_statements_wordcount__4b_sd_var_joint_ev2.0,215,0.9676,0.9669,287.32,307.55,1358.1498,0.0,0.469296,,
Sharpe_statements_wordcount__4b_consensus_ev2.0,213,0.9677,0.9667,285.41,308.94,1165.8578,0.0,0.492017,2.7351,
Sharpe_statements_wordcount__4e_total_interactions_ev2.0,213,0.9791,0.9781,200.65,237.63,1188.0748,0.0,0.413236,2.8427,0.0022
Sharpe_statements_wordcount__4f_matched_interactions_ev2.0,215,0.9676,0.9669,287.32,307.55,1358.1498,0.0,0.469296,,
Sharpe_statements_wordcount__4g_novelty_ev2.0,212,0.9671,0.9661,287.67,311.17,1138.204,0.0,0.474811,2.5379,0.0056
Sharpe_statements_wordcount__4a_total_sent_ev2.5,213,0.9673,0.9664,287.75,311.28,1162.2965,0.0,0.469062,2.728,0.0032
Sharpe_statements_wordcount__4b_sent_sd_ev2.5,215,0.9676,0.9669,287.32,307.55,1358.1498,0.0,0.469296,,
Sharpe_statements_wordcount__4b_sent_var_ev2.5,215,0.9676,0.9669,287.32,307.55,1358.1498,0.0,0.469296,,
Sharpe_statements_wordcount__4b_sd_var_joint_ev2.5,215,0.9676,0.9669,287.32,307.55,1358.1498,0.0,0.469296,,
Sharpe_statements_wordcount__4b_consensus_ev2.5,213,0.9677,0.9667,285.41,308.94,1165.8578,0.0,0.492017,2.7351,
Sharpe_statements_wordcount__4e_total_interactions_ev2.5,213,0.9791,0.9781,200.65,237.63,1188.0748,0.0,0.413236,2.8427,0.0022
Sharpe_statements_wordcount__4f_matched_interactions_ev2.5,215,0.9676,0.9669,287.32,307.55,1358.1498,0.0,0.469296,,
Sharpe_statements_wordcount__4g_novelty_ev2.5,212,0.9671,0.9661,287.67,311.17,1138.204,0.0,0.474811,2.5379,0.0056
Sharpe_statements_wordcount__4a_total_sent_ev3.0,213,0.9673,0.9664,287.75,311.28,1162.2965,0.0,0.469062,2.728,0.0032
Sharpe_statements_wordcount__4b_sent_sd_ev3.0,215,0.9676,0.9669,287.32,307.55,1358.1498,0.0,0.469296,,
Sharpe_statements_wordcount__4b_sent_var_ev3.0,215,0.9676,0.9669,287.32,307.55,1358.1498,0.0,0.469296,,
Sharpe_statements_wordcount__4b_sd_var_joint_ev3.0,215,0.9676,0.9669,287.32,307.55,1358.1498,0.0,0.469296,,
Sharpe_statements_wordcount__4b_consensus_ev3.0,213,0.9677,0.9667,285.41,308.94,1165.8578,0.0,0.492017,2.7351,
Sharpe_statements_wordcount__4e_total_interactions_ev3.0,213,0.9791,0.9781,200.65,237.63,1188.0748,0.0,0.413236,2.8427,0.0022
Sharpe_statements_wordcount__4f_matched_interactions_ev3.0,215,0.9676,0.9669,287.32,307.55,1358.1498,0.0,0.469296,,
Sharpe_statements_wordcount__4g_novelty_ev3.0,212,0.9671,0.9661,287.67,311.17,1138.204,0.0,0.474811,2.5379,0.0056
Sharpe_statements_zscore__4a_total_sent_ev1.0,213,0.9675,0.9665,286.83,310.36,1254.4275,0.0,0.466113,2.8027,0.0025
Sharpe_statements_zscore__4b_sent_sd_ev1.0,215,0.9676,0.9669,287.32,307.55,1358.1498,0.0,0.469296,,
Sharpe_statements_zscore__4b_sent_var_ev1.0,215,0.9676,0.9669,287.32,307.55,1358.1498,0.0,0.469296,,
Sharpe_statements_zscore__4b_sd_var_joint_ev1.0,215,0.9676,0.9669,287.32,307.55,1358.1498,0.0,0.469296,,
Sharpe_statements_zscore__4b_consensus_ev1.0,213,0.9672,0.9663,288.43,311.96,1119.0833,0.0,0.477553,2.7237,
Sharpe_statements_zscore__4e_total_interactions_ev1.0,213,0.9784,0.9773,207.94,244.91,1484.4627,0.0,0.442836,2.8638,0.0021
Sharpe_statements_zscore__4f_matched_interactions_ev1.0,215,0.9676,0.9669,287.32,307.55,1358.1498,0.0,0.469296,,
Sharpe_statements_zscore__4g_novelty_ev1.0,212,0.9671,0.9661,287.7,311.19,1134.5976,0.0,0.472874,2.534,0.0056
Sharpe_statements_zscore__4a_total_sent_ev1.5,213,0.9675,0.9665,286.83,310.36,1254.4275,0.0,0.466113,2.8027,0.0025
Sharpe_statements_zscore__4b_sent_sd_ev1.5,215,0.9676,0.9669,287.32,307.55,1358.1498,0.0,0.469296,,
Sharpe_statements_zscore__4b_sent_var_ev1.5,215,0.9676,0.9669,287.32,307.55,1358.1498,0.0,0.469296,,
Sharpe_statements_zscore__4b_sd_var_joint_ev1.5,215,0.9676,0.9669,287.32,307.55,1358.1498,0.0,0.469296,,
Sharpe_statements_zscore__4b_consensus_ev1.5,213,0.9672,0.9663,288.43,311.96,1119.0833,0.0,0.477553,2.7237,
Sharpe_statements_zscore__4e_total_interactions_ev1.5,213,0.9784,0.9773,207.94,244.91,1484.4627,0.0,0.442836,2.8638,0.0021
Sharpe_statements_zscore__4f_matched_interactions_ev1.5,215,0.9676,0.9669,287.32,307.55,1358.1498,0.0,0.469296,,
Sharpe_statements_zscore__4g_novelty_ev1.5,212,0.9671,0.9661,287.7,311.19,1134.5976,0.0,0.472874,2.534,0.0056
Sharpe_statements_zscore__4a_total_sent_ev2.0,213,0.9675,0.9665,286.83,310.36,1254.4275,0.0,0.466113,2.8027,0.0025
Sharpe_statements_zscore__4b_sent_sd_ev2.0,215,0.9676,0.9669,287.32,307.55,1358.1498,0.0,0.469296,,
Sharpe_statements_zscore__4b_sent_var_ev2.0,215,0.9676,0.9669,287.32,307.55,1358.1498,0.0,0.469296,,
Sharpe_statements_zscore__4b_sd_var_joint_ev2.0,215,0.9676,0.9669,287.32,307.55,1358.1498,0.0,0.469296,,
Sharpe_statements_zscore__4b_consensus_ev2.0,213,0.9672,0.9663,288.43,311.96,1119.0833,0.0,0.477553,2.7237,
Sharpe_statements_zscore__4e_total_interactions_ev2.0,213,0.9784,0.9773,207.94,244.91,1484.4627,0.0,0.442836,2.8638,0.0021
Sharpe_statements_zscore__4f_matched_interactions_ev2.0,215,0.9676,0.9669,287.32,307.55,1358.1498,0.0,0.469296,,
Sharpe_statements_zscore__4g_novelty_ev2.0,212,0.9671,0.9661,287.7,311.19,1134.5976,0.0,0.472874,2.534,0.0056
Sharpe_statements_zscore__4a_total_sent_ev2.5,213,0.9675,0.9665,286.83,310.36,1254.4275,0.0,0.466113,2.8027,0.0025
Sharpe_statements_zscore__4b_sent_sd_ev2.5,215,0.9676,0.9669,287.32,307.55,1358.1498,0.0,0.469296,,
Sharpe_statements_zscore__4b_sent_var_ev2.5,215,0.9676,0.9669,287.32,307.55,1358.1498,0.0,0.469296,,
Sharpe_statements_zscore__4b_sd_var_joint_ev2.5,215,0.9676,0.9669,287.32,307.55,1358.1498,0.0,0.469296,,
Sharpe_statements_zscore__4b_consensus_ev2.5,213,0.9672,0.9663,288.43,311.96,1119.0833,0.0,0.477553,2.7237,
Sharpe_statements_zscore__4e_total_interactions_ev2.5,213,0.9784,0.9773,207.94,244.91,1484.4627,0.0,0.442836,2.8638,0.0021
Sharpe_statements_zscore__4f_matched_interactions_ev2.5,215,0.9676,0.9669,287.32,307.55,1358.1498,0.0,0.469296,,
Sharpe_statements_zscore__4g_novelty_ev2.5,212,0.9671,0.9661,287.7,311.19,1134.5976,0.0,0.472874,2.534,0.0056
Sharpe_statements_zscore__4a_total_sent_ev3.0,213,0.9675,0.9665,286.83,310.36,1254.4275,0.0,0.466113,2.8027,0.0025
Sharpe_statements_zscore__4b_sent_sd_ev3.0,215,0.9676,0.9669,287.32,307.55,1358.1498,0.0,0.469296,,
Sharpe_statements_zscore__4b_sent_var_ev3.0,215,0.9676,0.9669,287.32,307.55,1358.1498,0.0,0.469296,,
Sharpe_statements_zscore__4b_sd_var_joint_ev3.0,215,0.9676,0.9669,287.32,307.55,1358.1498,0.0,0.469296,,
Sharpe_statements_zscore__4b_consensus_ev3.0,213,0.9672,0.9663,288.43,311.96,1119.0833,0.0,0.477553,2.7237,
Sharpe_statements_zscore__4e_total_interactions_ev3.0,213,0.9784,0.9773,207.94,244.91,1484.4627,0.0,0.442836,2.8638,0.0021
Sharpe_statements_zscore__4f_matched_interactions_ev3.0,215,0.9676,0.9669,287.32,307.55,1358.1498,0.0,0.469296,,
Sharpe_statements_zscore__4g_novelty_ev3.0,212,0.9671,0.9661,287.7,311.19,1134.5976,0.0,0.472874,2.534,0.0056
Sharpe_minutes_wordcount__4a_total_sent_ev1.0,119,0.9675,0.9658,160.16,179.61,755.7096,0.0,0.463245,,
Sharpe_minutes_wordcount__4b_sent_sd_ev1.0,215,0.9676,0.9669,287.32,307.55,1358.1498,0.0,0.469296,,
Sharpe_minutes_wordcount__4b_sent_var_ev1.0,215,0.9676,0.9669,287.32,307.55,1358.1498,0.0,0.469296,,
Sharpe_minutes_wordcount__4b_sd_var_joint_ev1.0,215,0.9676,0.9669,287.32,307.55,1358.1498,0.0,0.469296,,
Sharpe_minutes_wordcount__4b_consensus_ev1.0,119,0.9684,0.9667,157.09,176.54,929.6681,0.0,0.368336,,
Sharpe_minutes_wordcount__4e_total_interactions_ev1.0,119,0.979,0.9771,116.11,146.68,515.9469,0.0,0.582292,,
Sharpe_minutes_wordcount__4f_matched_interactions_ev1.0,215,0.9676,0.9669,287.32,307.55,1358.1498,0.0,0.469296,,
Sharpe_minutes_wordcount__4g_novelty_ev1.0,118,0.9653,0.9634,167.26,186.66,824.018,0.0,0.485865,,
Sharpe_minutes_wordcount__4a_total_sent_ev1.5,119,0.9675,0.9658,160.16,179.61,755.7096,0.0,0.463245,,
Sharpe_minutes_wordcount__4b_sent_sd_ev1.5,215,0.9676,0.9669,287.32,307.55,1358.1498,0.0,0.469296,,
Sharpe_minutes_wordcount__4b_sent_var_ev1.5,215,0.9676,0.9669,287.32,307.55,1358.1498,0.0,0.469296,,
Sharpe_minutes_wordcount__4b_sd_var_joint_ev1.5,215,0.9676,0.9669,287.32,307.55,1358.1498,0.0,0.469296,,
Sharpe_minutes_wordcount__4b_consensus_ev1.5,119,0.9684,0.9667,157.09,176.54,929.6681,0.0,0.368336,,
Sharpe_minutes_wordcount__4e_total_interactions_ev1.5,119,0.979,0.9771,116.11,146.68,515.9469,0.0,0.582292,,
Sharpe_minutes_wordcount__4f_matched_interactions_ev1.5,215,0.9676,0.9669,287.32,307.55,1358.1498,0.0,0.469296,,
Sharpe_minutes_wordcount__4g_novelty_ev1.5,118,0.9653,0.9634,167.26,186.66,824.018,0.0,0.485865,,
Sharpe_minutes_wordcount__4a_total_sent_ev2.0,119,0.9675,0.9658,160.16,179.61,755.7096,0.0,0.463245,,
Sharpe_minutes_wordcount__4b_sent_sd_ev2.0,215,0.9676,0.9669,287.32,307.55,1358.1498,0.0,0.469296,,
Sharpe_minutes_wordcount__4b_sent_var_ev2.0,215,0.9676,0.9669,287.32,307.55,1358.1498,0.0,0.469296,,
Sharpe_minutes_wordcount__4b_sd_var_joint_ev2.0,215,0.9676,0.9669,287.32,307.55,1358.1498,0.0,0.469296,,
Sharpe_minutes_wordcount__4b_consensus_ev2.0,119,0.9684,0.9667,157.09,176.54,929.6681,0.0,0.368336,,
Sharpe_minutes_wordcount__4e_total_interactions_ev2.0,119,0.979,0.9771,116.11,146.68,515.9469,0.0,0.582292,,
Sharpe_minutes_wordcount__4f_matched_interactions_ev2.0,215,0.9676,0.9669,287.32,307.55,1358.1498,0.0,0.469296,,
Sharpe_minutes_wordcount__4g_novelty_ev2.0,118,0.9653,0.9634,167.26,186.66,824.018,0.0,0.485865,,
Sharpe_minutes_wordcount__4a_total_sent_ev2.5,119,0.9675,0.9658,160.16,179.61,755.7096,0.0,0.463245,,
Sharpe_minutes_wordcount__4b_sent_sd_ev2.5,215,0.9676,0.9669,287.32,307.55,1358.1498,0.0,0.469296,,
Sharpe_minutes_wordcount__4b_sent_var_ev2.5,215,0.9676,0.9669,287.32,307.55,1358.1498,0.0,0.469296,,
Sharpe_minutes_wordcount__4b_sd_var_joint_ev2.5,215,0.9676,0.9669,287.32,307.55,1358.1498,0.0,0.469296,,
Sharpe_minutes_wordcount__4b_consensus_ev2.5,119,0.9684,0.9667,157.09,176.54,929.6681,0.0,0.368336,,
Sharpe_minutes_wordcount__4e_total_interactions_ev2.5,119,0.979,0.9771,116.11,146.68,515.9469,0.0,0.582292,,
Sharpe_minutes_wordcount__4f_matched_interactions_ev2.5,215,0.9676,0.9669,287.32,307.55,1358.1498,0.0,0.469296,,
Sharpe_minutes_wordcount__4g_novelty_ev2.5,118,0.9653,0.9634,167.26,186.66,824.018,0.0,0.485865,,
Sharpe_minutes_wordcount__4a_total_sent_ev3.0,119,0.9675,0.9658,160.16,179.61,755.7096,0.0,0.463245,,
Sharpe_minutes_wordcount__4b_sent_sd_ev3.0,215,0.9676,0.9669,287.32,307.55,1358.1498,0.0,0.469296,,
Sharpe_minutes_wordcount__4b_sent_var_ev3.0,215,0.9676,0.9669,287.32,307.55,1358.1498,0.0,0.469296,,
Sharpe_minutes_wordcount__4b_sd_var_joint_ev3.0,215,0.9676,0.9669,287.32,307.55,1358.1498,0.0,0.469296,,
Sharpe_minutes_wordcount__4b_consensus_ev3.0,119,0.9684,0.9667,157.09,176.54,929.6681,0.0,0.368336,,
Sharpe_minutes_wordcount__4e_total_interactions_ev3.0,119,0.979,0.9771,116.11,146.68,515.9469,0.0,0.582292,,
Sharpe_minutes_wordcount__4f_matched_interactions_ev3.0,215,0.9676,0.9669,287.32,307.55,1358.1498,0.0,0.469296,,
Sharpe_minutes_wordcount__4g_novelty_ev3.0,118,0.9653,0.9634,167.26,186.66,824.018,0.0,0.485865,,
Sharpe_minutes_zscore__4a_total_sent_ev1.0,119,0.9664,0.9646,164.27,183.73,786.3637,0.0,0.529017,,
Sharpe_minutes_zscore__4b_sent_sd_ev1.0,215,0.9676,0.9669,287.32,307.55,1358.1498,0.0,0.469296,,
Sharpe_minutes_zscore__4b_sent_var_ev1.0,215,0.9676,0.9669,287.32,307.55,1358.1498,0.0,0.469296,,
Sharpe_minutes_zscore__4b_sd_var_joint_ev1.0,215,0.9676,0.9669,287.32,307.55,1358.1498,0.0,0.469296,,
Sharpe_minutes_zscore__4b_consensus_ev1.0,119,0.9688,0.9672,155.2,174.66,876.3656,0.0,0.398827,,
Sharpe_minutes_zscore__4e_total_interactions_ev1.0,119,0.9725,0.97,148.28,178.85,552.0089,0.0,0.449715,,
Sharpe_minutes_zscore__4f_matched_interactions_ev1.0,215,0.9676,0.9669,287.32,307.55,1358.1498,0.0,0.469296,,
Sharpe_minutes_zscore__4g_novelty_ev1.0,118,0.9654,0.9636,166.71,186.11,830.5171,0.0,0.483543,,
Sharpe_minutes_zscore__4a_total_sent_ev1.5,119,0.9664,0.9646,164.27,183.73,786.3637,0.0,0.529017,,
Sharpe_minutes_zscore__4b_sent_sd_ev1.5,215,0.9676,0.9669,287.32,307.55,1358.1498,0.0,0.469296,,
Sharpe_minutes_zscore__4b_sent_var_ev1.5,215,0.9676,0.9669,287.32,307.55,1358.1498,0.0,0.469296,,
Sharpe_minutes_zscore__4b_sd_var_joint_ev1.5,215,0.9676,0.9669,287.32,307.55,1358.1498,0.0,0.469296,,
Sharpe_minutes_zscore__4b_consensus_ev1.5,119,0.9688,0.9672,155.2,174.66,876.3656,0.0,0.398827,,
Sharpe_minutes_zscore__4e_total_interactions_ev1.5,119,0.9725,0.97,148.28,178.85,552.0089,0.0,0.449715,,
Sharpe_minutes_zscore__4f_matched_interactions_ev1.5,215,0.9676,0.9669,287.32,307.55,1358.1498,0.0,0.469296,,
Sharpe_minutes_zscore__4g_novelty_ev1.5,118,0.9654,0.9636,166.71,186.11,830.5171,0.0,0.483543,,
Sharpe_minutes_zscore__4a_total_sent_ev2.0,119,0.9664,0.9646,164.27,183.73,786.3637,0.0,0.529017,,
Sharpe_minutes_zscore__4b_sent_sd_ev2.0,215,0.9676,0.9669,287.32,307.55,1358.1498,0.0,0.469296,,
Sharpe_minutes_zscore__4b_sent_var_ev2.0,215,0.9676,0.9669,287.32,307.55,1358.1498,0.0,0.469296,,
Sharpe_minutes_zscore__4b_sd_var_joint_ev2.0,215,0.9676,0.9669,287.32,307.55,1358.1498,0.0,0.469296,,
Sharpe_minutes_zscore__4b_consensus_ev2.0,119,0.9688,0.9672,155.2,174.66,876.3656,0.0,0.398827,,
Sharpe_minutes_zscore__4e_total_interactions_ev2.0,119,0.9725,0.97,148.28,178.85,552.0089,0.0,0.449715,,
Sharpe_minutes_zscore__4f_matched_interactions_ev2.0,215,0.9676,0.9669,287.32,307.55,1358.1498,0.0,0.469296,,
Sharpe_minutes_zscore__4g_novelty_ev2.0,118,0.9654,0.9636,166.71,186.11,830.5171,0.0,0.483543,,
Sharpe_minutes_zscore__4a_total_sent_ev2.5,119,0.9664,0.9646,164.27,183.73,786.3637,0.0,0.529017,,
Sharpe_minutes_zscore__4b_sent_sd_ev2.5,215,0.9676,0.9669,287.32,307.55,1358.1498,0.0,0.469296,,
Sharpe_minutes_zscore__4b_sent_var_ev2.5,215,0.9676,0.9669,287.32,307.55,1358.1498,0.0,0.469296,,
Sharpe_minutes_zscore__4b_sd_var_joint_ev2.5,215,0.9676,0.9669,287.32,307.55,1358.1498,0.0,0.469296,,
Sharpe_minutes_zscore__4b_consensus_ev2.5,119,0.9688,0.9672,155.2,174.66,876.3656,0.0,0.398827,,
Sharpe_minutes_zscore__4e_total_interactions_ev2.5,119,0.9725,0.97,148.28,178.85,552.0089,0.0,0.449715,,
Sharpe_minutes_zscore__4f_matched_interactions_ev2.5,215,0.9676,0.9669,287.32,307.55,1358.1498,0.0,0.469296,,
Sharpe_minutes_zscore__4g_novelty_ev2.5,118,0.9654,0.9636,166.71,186.11,830.5171,0.0,0.483543,,
Sharpe_minutes_zscore__4a_total_sent_ev3.0,119,0.9664,0.9646,164.27,183.73,786.3637,0.0,0.529017,,
Sharpe_minutes_zscore__4b_sent_sd_ev3.0,215,0.9676,0.9669,287.32,307.55,1358.1498,0.0,0.469296,,
Sharpe_minutes_zscore__4b_sent_var_ev3.0,215,0.9676,0.9669,287.32,307.55,1358.1498,0.0,0.469296,,
Sharpe_minutes_zscore__4b_sd_var_joint_ev3.0,215,0.9676,0.9669,287.32,307.55,1358.1498,0.0,0.469296,,
Sharpe_minutes_zscore__4b_consensus_ev3.0,119,0.9688,0.9672,155.2,174.66,876.3656,0.0,0.398827,,
Sharpe_minutes_zscore__4e_total_interactions_ev3.0,119,0.9725,0.97,148.28,178.85,552.0089,0.0,0.449715,,
Sharpe_minutes_zscore__4f_matched_interactions_ev3.0,215,0.9676,0.9669,287.32,307.55,1358.1498,0.0,0.469296,,
Sharpe_minutes_zscore__4g_novelty_ev3.0,118,0.9654,0.9636,166.71,186.11,830.5171,0.0,0.483543,,
Sharpe_speeches_wordcount__4a_total_sent_ev1.0,215,0.9679,0.967,287.17,310.76,1155.7771,0.0,0.469379,0.2757,
Sharpe_speeches_wordcount__4b_sent_sd_ev1.0,215,0.9676,0.9669,287.32,307.55,1358.1498,0.0,0.469296,,
Sharpe_speeches_wordcount__4b_sent_var_ev1.0,215,0.9676,0.9669,287.32,307.55,1358.1498,0.0,0.469296,,
Sharpe_speeches_wordcount__4b_sd_var_joint_ev1.0,215,0.9676,0.9669,287.32,307.55,1358.1498,0.0,0.469296,,
Sharpe_speeches_wordcount__4b_consensus_ev1.0,215,0.9677,0.9668,288.54,312.13,1128.0986,0.0,0.466777,1.3697,0.0854
Sharpe_speeches_wordcount__4e_total_interactions_ev1.0,215,0.9744,0.9731,247.2,284.28,986.7641,0.0,0.497571,0.3765,
Sharpe_speeches_wordcount__4f_matched_interactions_ev1.0,215,0.9676,0.9669,287.32,307.55,1358.1498,0.0,0.469296,,
Sharpe_speeches_wordcount__4g_novelty_ev1.0,214,0.9675,0.9666,288.09,311.65,1148.2878,0.0,0.468054,2.9431,0.0016
Sharpe_speeches_wordcount__4a_total_sent_ev1.5,215,0.9679,0.967,287.17,310.76,1155.7771,0.0,0.469379,0.2757,
Sharpe_speeches_wordcount__4b_sent_sd_ev1.5,215,0.9676,0.9669,287.32,307.55,1358.1498,0.0,0.469296,,
Sharpe_speeches_wordcount__4b_sent_var_ev1.5,215,0.9676,0.9669,287.32,307.55,1358.1498,0.0,0.469296,,
Sharpe_speeches_wordcount__4b_sd_var_joint_ev1.5,215,0.9676,0.9669,287.32,307.55,1358.1498,0.0,0.469296,,
Sharpe_speeches_wordcount__4b_consensus_ev1.5,215,0.9677,0.9668,288.54,312.13,1128.0986,0.0,0.466777,1.3697,0.0854
Sharpe_speeches_wordcount__4e_total_interactions_ev1.5,215,0.9744,0.9731,247.2,284.28,986.7641,0.0,0.497571,0.3765,
Sharpe_speeches_wordcount__4f_matched_interactions_ev1.5,215,0.9676,0.9669,287.32,307.55,1358.1498,0.0,0.469296,,
Sharpe_speeches_wordcount__4g_novelty_ev1.5,214,0.9675,0.9666,288.09,311.65,1148.2878,0.0,0.468054,2.9431,0.0016
Sharpe_speeches_wordcount__4a_total_sent_ev2.0,215,0.9679,0.967,287.17,310.76,1155.7771,0.0,0.469379,0.2757,
Sharpe_speeches_wordcount__4b_sent_sd_ev2.0,215,0.9676,0.9669,287.32,307.55,1358.1498,0.0,0.469296,,
Sharpe_speeches_wordcount__4b_sent_var_ev2.0,215,0.9676,0.9669,287.32,307.55,1358.1498,0.0,0.469296,,
Sharpe_speeches_wordcount__4b_sd_var_joint_ev2.0,215,0.9676,0.9669,287.32,307.55,1358.1498,0.0,0.469296,,
Sharpe_speeches_wordcount__4b_consensus_ev2.0,215,0.9677,0.9668,288.54,312.13,1128.0986,0.0,0.466777,1.3697,0.0854
Sharpe_speeches_wordcount__4e_total_interactions_ev2.0,215,0.9744,0.9731,247.2,284.28,986.7641,0.0,0.497571,0.3765,
Sharpe_speeches_wordcount__4f_matched_interactions_ev2.0,215,0.9676,0.9669,287.32,307.55,1358.1498,0.0,0.469296,,
Sharpe_speeches_wordcount__4g_novelty_ev2.0,214,0.9675,0.9666,288.09,311.65,1148.2878,0.0,0.468054,2.9431,0.0016
Sharpe_speeches_wordcount__4a_total_sent_ev2.5,215,0.9679,0.967,287.17,310.76,1155.7771,0.0,0.469379,0.2757,
Sharpe_speeches_wordcount__4b_sent_sd_ev2.5,215,0.9676,0.9669,287.32,307.55,1358.1498,0.0,0.469296,,
Sharpe_speeches_wordcount__4b_sent_var_ev2.5,215,0.9676,0.9669,287.32,307.55,1358.1498,0.0,0.469296,,
Sharpe_speeches_wordcount__4b_sd_var_joint_ev2.5,215,0.9676,0.9669,287.32,307.55,1358.1498,0.0,0.469296,,
Sharpe_speeches_wordcount__4b_consensus_ev2.5,215,0.9677,0.9668,288.54,312.13,1128.0986,0.0,0.466777,1.3697,0.0854
Sharpe_speeches_wordcount__4e_total_interactions_ev2.5,215,0.9744,0.9731,247.2,284.28,986.7641,0.0,0.497571,0.3765,
Sharpe_speeches_wordcount__4f_matched_interactions_ev2.5,215,0.9676,0.9669,287.32,307.55,1358.1498,0.0,0.469296,,
Sharpe_speeches_wordcount__4g_novelty_ev2.5,214,0.9675,0.9666,288.09,311.65,1148.2878,0.0,0.468054,2.9431,0.0016
Sharpe_speeches_wordcount__4a_total_sent_ev3.0,215,0.9679,0.967,287.17,310.76,1155.7771,0.0,0.469379,0.2757,
Sharpe_speeches_wordcount__4b_sent_sd_ev3.0,215,0.9676,0.9669,287.32,307.55,1358.1498,0.0,0.469296,,
Sharpe_speeches_wordcount__4b_sent_var_ev3.0,215,0.9676,0.9669,287.32,307.55,1358.1498,0.0,0.469296,,
Sharpe_speeches_wordcount__4b_sd_var_joint_ev3.0,215,0.9676,0.9669,287.32,307.55,1358.1498,0.0,0.469296,,
Sharpe_speeches_wordcount__4b_consensus_ev3.0,215,0.9677,0.9668,288.54,312.13,1128.0986,0.0,0.466777,1.3697,0.0854
Sharpe_speeches_wordcount__4e_total_interactions_ev3.0,215,0.9744,0.9731,247.2,284.28,986.7641,0.0,0.497571,0.3765,
Sharpe_speeches_wordcount__4f_matched_interactions_ev3.0,215,0.9676,0.9669,287.32,307.55,1358.1498,0.0,0.469296,,
Sharpe_speeches_wordcount__4g_novelty_ev3.0,214,0.9675,0.9666,288.09,311.65,1148.2878,0.0,0.468054,2.9431,0.0016
Sharpe_speeches_zscore__4a_total_sent_ev1.0,215,0.9677,0.9668,288.84,312.43,1163.1997,0.0,0.488848,-1.0724,
Sharpe_speeches_zscore__4b_sent_sd_ev1.0,215,0.9676,0.9669,287.32,307.55,1358.1498,0.0,0.469296,,
Sharpe_speeches_zscore__4b_sent_var_ev1.0,215,0.9676,0.9669,287.32,307.55,1358.1498,0.0,0.469296,,
Sharpe_speeches_zscore__4b_sd_var_joint_ev1.0,215,0.9676,0.9669,287.32,307.55,1358.1498,0.0,0.469296,,
Sharpe_speeches_zscore__4b_consensus_ev1.0,215,0.9676,0.9667,289.21,312.81,1134.37,0.0,0.47016,-1.0888,
Sharpe_speeches_zscore__4e_total_interactions_ev1.0,215,0.9699,0.9685,281.39,318.47,725.2685,0.0,0.481738,0.6101,
Sharpe_speeches_zscore__4f_matched_interactions_ev1.0,215,0.9676,0.9669,287.32,307.55,1358.1498,0.0,0.469296,,
Sharpe_speeches_zscore__4g_novelty_ev1.0,214,0.9675,0.9666,288.41,311.97,1130.8472,0.0,0.470554,2.9222,0.0017
Sharpe_speeches_zscore__4a_total_sent_ev1.5,215,0.9677,0.9668,288.84,312.43,1163.1997,0.0,0.488848,-1.0724,
Sharpe_speeches_zscore__4b_sent_sd_ev1.5,215,0.9676,0.9669,287.32,307.55,1358.1498,0.0,0.469296,,
Sharpe_speeches_zscore__4b_sent_var_ev1.5,215,0.9676,0.9669,287.32,307.55,1358.1498,0.0,0.469296,,
Sharpe_speeches_zscore__4b_sd_var_joint_ev1.5,215,0.9676,0.9669,287.32,307.55,1358.1498,0.0,0.469296,,
Sharpe_speeches_zscore__4b_consensus_ev1.5,215,0.9676,0.9667,289.21,312.81,1134.37,0.0,0.47016,-1.0888,
Sharpe_speeches_zscore__4e_total_interactions_ev1.5,215,0.9699,0.9685,281.39,318.47,725.2685,0.0,0.481738,0.6101,
Sharpe_speeches_zscore__4f_matched_interactions_ev1.5,215,0.9676,0.9669,287.32,307.55,1358.1498,0.0,0.469296,,
Sharpe_speeches_zscore__4g_novelty_ev1.5,214,0.9675,0.9666,288.41,311.97,1130.8472,0.0,0.470554,2.9222,0.0017
Sharpe_speeches_zscore__4a_total_sent_ev2.0,215,0.9677,0.9668,288.84,312.43,1163.1997,0.0,0.488848,-1.0724,
Sharpe_speeches_zscore__4b_sent_sd_ev2.0,215,0.9676,0.9669,287.32,307.55,1358.1498,0.0,0.469296,,
Sharpe_speeches_zscore__4b_sent_var_ev2.0,215,0.9676,0.9669,287.32,307.55,1358.1498,0.0,0.469296,,
Sharpe_speeches_zscore__4b_sd_var_joint_ev2.0,215,0.9676,0.9669,287.32,307.55,1358.1498,0.0,0.469296,,
Sharpe_speeches_zscore__4b_consensus_ev2.0,215,0.9676,0.9667,289.21,312.81,1134.37,0.0,0.47016,-1.0888,
Sharpe_speeches_zscore__4e_total_interactions_ev2.0,215,0.9699,0.9685,281.39,318.47,725.2685,0.0,0.481738,0.6101,
Sharpe_speeches_zscore__4f_matched_interactions_ev2.0,215,0.9676,0.9669,287.32,307.55,1358.1498,0.0,0.469296,,
Sharpe_speeches_zscore__4g_novelty_ev2.0,214,0.9675,0.9666,288.41,311.97,1130.8472,0.0,0.470554,2.9222,0.0017
Sharpe_speeches_zscore__4a_total_sent_ev2.5,215,0.9677,0.9668,288.84,312.43,1163.1997,0.0,0.488848,-1.0724,
Sharpe_speeches_zscore__4b_sent_sd_ev2.5,215,0.9676,0.9669,287.32,307.55,1358.1498,0.0,0.469296,,
Sharpe_speeches_zscore__4b_sent_var_ev2.5,215,0.9676,0.9669,287.32,307.55,1358.1498,0.0,0.469296,,
Sharpe_speeches_zscore__4b_sd_var_joint_ev2.5,215,0.9676,0.9669,287.32,307.55,1358.1498,0.0,0.469296,,
Sharpe_speeches_zscore__4b_consensus_ev2.5,215,0.9676,0.9667,289.21,312.81,1134.37,0.0,0.47016,-1.0888,
Sharpe_speeches_zscore__4e_total_interactions_ev2.5,215,0.9699,0.9685,281.39,318.47,725.2685,0.0,0.481738,0.6101,
Sharpe_speeches_zscore__4f_matched_interactions_ev2.5,215,0.9676,0.9669,287.32,307.55,1358.1498,0.0,0.469296,,
Sharpe_speeches_zscore__4g_novelty_ev2.5,214,0.9675,0.9666,288.41,311.97,1130.8472,0.0,0.470554,2.9222,0.0017
Sharpe_speeches_zscore__4a_total_sent_ev3.0,215,0.9677,0.9668,288.84,312.43,1163.1997,0.0,0.488848,-1.0724,
Sharpe_speeches_zscore__4b_sent_sd_ev3.0,215,0.9676,0.9669,287.32,307.55,1358.1498,0.0,0.469296,,
Sharpe_speeches_zscore__4b_sent_var_ev3.0,215,0.9676,0.9669,287.32,307.55,1358.1498,0.0,0.469296,,
Sharpe_speeches_zscore__4b_sd_var_joint_ev3.0,215,0.9676,0.9669,287.32,307.55,1358.1498,0.0,0.469296,,
Sharpe_speeches_zscore__4b_consensus_ev3.0,215,0.9676,0.9667,289.21,312.81,1134.37,0.0,0.47016,-1.0888,
Sharpe_speeches_zscore__4e_total_interactions_ev3.0,215,0.9699,0.9685,281.39,318.47,725.2685,0.0,0.481738,0.6101,
Sharpe_speeches_zscore__4f_matched_interactions_ev3.0,215,0.9676,0.9669,287.32,307.55,1358.1498,0.0,0.469296,,
Sharpe_speeches_zscore__4g_novelty_ev3.0,214,0.9675,0.9666,288.41,311.97,1130.8472,0.0,0.470554,2.9222,0.0017
Sharpe_press_conferences_wordcount__4a_total_sent_ev1.0,118,0.9683,0.9666,156.5,175.9,806.6238,0.0,0.449548,,
Sharpe_press_conferences_wordcount__4b_sent_sd_ev1.0,215,0.9676,0.9669,287.32,307.55,1358.1498,0.0,0.469296,,
Sharpe_press_conferences_wordcount__4b_sent_var_ev1.0,215,0.9676,0.9669,287.32,307.55,1358.1498,0.0,0.469296,,
Sharpe_press_conferences_wordcount__4b_sd_var_joint_ev1.0,215,0.9676,0.9669,287.32,307.55,1358.1498,0.0,0.469296,,
Sharpe_press_conferences_wordcount__4b_consensus_ev1.0,118,0.9664,0.9646,163.25,182.64,874.7689,0.0,0.505251,,
Sharpe_press_conferences_wordcount__4e_total_interactions_ev1.0,118,0.979,0.977,115.98,146.46,750.3835,0.0,0.518266,,
Sharpe_press_conferences_wordcount__4f_matched_interactions_ev1.0,215,0.9676,0.9669,287.32,307.55,1358.1498,0.0,0.469296,,
Sharpe_press_conferences_wordcount__4g_novelty_ev1.0,117,0.9653,0.9634,166.24,185.58,822.7776,0.0,0.486269,,
Sharpe_press_conferences_wordcount__4a_total_sent_ev1.5,118,0.9683,0.9666,156.5,175.9,806.6238,0.0,0.449548,,
Sharpe_press_conferences_wordcount__4b_sent_sd_ev1.5,215,0.9676,0.9669,287.32,307.55,1358.1498,0.0,0.469296,,
Sharpe_press_conferences_wordcount__4b_sent_var_ev1.5,215,0.9676,0.9669,287.32,307.55,1358.1498,0.0,0.469296,,
Sharpe_press_conferences_wordcount__4b_sd_var_joint_ev1.5,215,0.9676,0.9669,287.32,307.55,1358.1498,0.0,0.469296,,
Sharpe_press_conferences_wordcount__4b_consensus_ev1.5,118,0.9664,0.9646,163.25,182.64,874.7689,0.0,0.505251,,
Sharpe_press_conferences_wordcount__4e_total_interactions_ev1.5,118,0.979,0.977,115.98,146.46,750.3835,0.0,0.518266,,
Sharpe_press_conferences_wordcount__4f_matched_interactions_ev1.5,215,0.9676,0.9669,287.32,307.55,1358.1498,0.0,0.469296,,
Sharpe_press_conferences_wordcount__4g_novelty_ev1.5,117,0.9653,0.9634,166.24,185.58,822.7776,0.0,0.486269,,
Sharpe_press_conferences_wordcount__4a_total_sent_ev2.0,118,0.9683,0.9666,156.5,175.9,806.6238,0.0,0.449548,,
Sharpe_press_conferences_wordcount__4b_sent_sd_ev2.0,215,0.9676,0.9669,287.32,307.55,1358.1498,0.0,0.469296,,
Sharpe_press_conferences_wordcount__4b_sent_var_ev2.0,215,0.9676,0.9669,287.32,307.55,1358.1498,0.0,0.469296,,
Sharpe_press_conferences_wordcount__4b_sd_var_joint_ev2.0,215,0.9676,0.9669,287.32,307.55,1358.1498,0.0,0.469296,,
Sharpe_press_conferences_wordcount__4b_consensus_ev2.0,118,0.9664,0.9646,163.25,182.64,874.7689,0.0,0.505251,,
Sharpe_press_conferences_wordcount__4e_total_interactions_ev2.0,118,0.979,0.977,115.98,146.46,750.3835,0.0,0.518266,,
Sharpe_press_conferences_wordcount__4f_matched_interactions_ev2.0,215,0.9676,0.9669,287.32,307.55,1358.1498,0.0,0.469296,,
Sharpe_press_conferences_wordcount__4g_novelty_ev2.0,117,0.9653,0.9634,166.24,185.58,822.7776,0.0,0.486269,,
Sharpe_press_conferences_wordcount__4a_total_sent_ev2.5,118,0.9683,0.9666,156.5,175.9,806.6238,0.0,0.449548,,
Sharpe_press_conferences_wordcount__4b_sent_sd_ev2.5,215,0.9676,0.9669,287.32,307.55,1358.1498,0.0,0.469296,,
Sharpe_press_conferences_wordcount__4b_sent_var_ev2.5,215,0.9676,0.9669,287.32,307.55,1358.1498,0.0,0.469296,,
Sharpe_press_conferences_wordcount__4b_sd_var_joint_ev2.5,215,0.9676,0.9669,287.32,307.55,1358.1498,0.0,0.469296,,
Sharpe_press_conferences_wordcount__4b_consensus_ev2.5,118,0.9664,0.9646,163.25,182.64,874.7689,0.0,0.505251,,
Sharpe_press_conferences_wordcount__4e_total_interactions_ev2.5,118,0.979,0.977,115.98,146.46,750.3835,0.0,0.518266,,
Sharpe_press_conferences_wordcount__4f_matched_interactions_ev2.5,215,0.9676,0.9669,287.32,307.55,1358.1498,0.0,0.469296,,
Sharpe_press_conferences_wordcount__4g_novelty_ev2.5,117,0.9653,0.9634,166.24,185.58,822.7776,0.0,0.486269,,
Sharpe_press_conferences_wordcount__4a_total_sent_ev3.0,118,0.9683,0.9666,156.5,175.9,806.6238,0.0,0.449548,,
Sharpe_press_conferences_wordcount__4b_sent_sd_ev3.0,215,0.9676,0.9669,287.32,307.55,1358.1498,0.0,0.469296,,
Sharpe_press_conferences_wordcount__4b_sent_var_ev3.0,215,0.9676,0.9669,287.32,307.55,1358.1498,0.0,0.469296,,
Sharpe_press_conferences_wordcount__4b_sd_var_joint_ev3.0,215,0.9676,0.9669,287.32,307.55,1358.1498,0.0,0.469296,,
Sharpe_press_conferences_wordcount__4b_consensus_ev3.0,118,0.9664,0.9646,163.25,182.64,874.7689,0.0,0.505251,,
Sharpe_press_conferences_wordcount__4e_total_interactions_ev3.0,118,0.979,0.977,115.98,146.46,750.3835,0.0,0.518266,,
Sharpe_press_conferences_wordcount__4f_matched_interactions_ev3.0,215,0.9676,0.9669,287.32,307.55,1358.1498,0.0,0.469296,,
Sharpe_press_conferences_wordcount__4g_novelty_ev3.0,117,0.9653,0.9634,166.24,185.58,822.7776,0.0,0.486269,,
Sharpe_press_conferences_zscore__4a_total_sent_ev1.0,118,0.9674,0.9656,159.94,179.34,792.4057,0.0,0.464479,,
Sharpe_press_conferences_zscore__4b_sent_sd_ev1.0,215,0.9676,0.9669,287.32,307.55,1358.1498,0.0,0.469296,,
Sharpe_press_conferences_zscore__4b_sent_var_ev1.0,215,0.9676,0.9669,287.32,307.55,1358.1498,0.0,0.469296,,
Sharpe_press_conferences_zscore__4b_sd_var_joint_ev1.0,215,0.9676,0.9669,287.32,307.55,1358.1498,0.0,0.469296,,
Sharpe_press_conferences_zscore__4b_consensus_ev1.0,118,0.9673,0.9655,160.29,179.68,850.75,0.0,0.496436,,
Sharpe_press_conferences_zscore__4e_total_interactions_ev1.0,118,0.9696,0.9668,159.41,189.89,661.6359,0.0,0.552125,,
Sharpe_press_conferences_zscore__4f_matched_interactions_ev1.0,215,0.9676,0.9669,287.32,307.55,1358.1498,0.0,0.469296,,
Sharpe_press_conferences_zscore__4g_novelty_ev1.0,117,0.9653,0.9634,166.25,185.58,819.6296,0.0,0.488098,,
Sharpe_press_conferences_zscore__4a_total_sent_ev1.5,118,0.9674,0.9656,159.94,179.34,792.4057,0.0,0.464479,,
Sharpe_press_conferences_zscore__4b_sent_sd_ev1.5,215,0.9676,0.9669,287.32,307.55,1358.1498,0.0,0.469296,,
Sharpe_press_conferences_zscore__4b_sent_var_ev1.5,215,0.9676,0.9669,287.32,307.55,1358.1498,0.0,0.469296,,
Sharpe_press_conferences_zscore__4b_sd_var_joint_ev1.5,215,0.9676,0.9669,287.32,307.55,1358.1498,0.0,0.469296,,
Sharpe_press_conferences_zscore__4b_consensus_ev1.5,118,0.9673,0.9655,160.29,179.68,850.75,0.0,0.496436,,
Sharpe_press_conferences_zscore__4e_total_interactions_ev1.5,118,0.9696,0.9668,159.41,189.89,661.6359,0.0,0.552125,,
Sharpe_press_conferences_zscore__4f_matched_interactions_ev1.5,215,0.9676,0.9669,287.32,307.55,1358.1498,0.0,0.469296,,
Sharpe_press_conferences_zscore__4g_novelty_ev1.5,117,0.9653,0.9634,166.25,185.58,819.6296,0.0,0.488098,,
Sharpe_press_conferences_zscore__4a_total_sent_ev2.0,118,0.9674,0.9656,159.94,179.34,792.4057,0.0,0.464479,,
Sharpe_press_conferences_zscore__4b_sent_sd_ev2.0,215,0.9676,0.9669,287.32,307.55,1358.1498,0.0,0.469296,,
Sharpe_press_conferences_zscore__4b_sent_var_ev2.0,215,0.9676,0.9669,287.32,307.55,1358.1498,0.0,0.469296,,
Sharpe_press_conferences_zscore__4b_sd_var_joint_ev2.0,215,0.9676,0.9669,287.32,307.55,1358.1498,0.0,0.469296,,
Sharpe_press_conferences_zscore__4b_consensus_ev2.0,118,0.9673,0.9655,160.29,179.68,850.75,0.0,0.496436,,
Sharpe_press_conferences_zscore__4e_total_interactions_ev2.0,118,0.9696,0.9668,159.41,189.89,661.6359,0.0,0.552125,,
Sharpe_press_conferences_zscore__4f_matched_interactions_ev2.0,215,0.9676,0.9669,287.32,307.55,1358.1498,0.0,0.469296,,
Sharpe_press_conferences_zscore__4g_novelty_ev2.0,117,0.9653,0.9634,166.25,185.58,819.6296,0.0,0.488098,,
Sharpe_press_conferences_zscore__4a_total_sent_ev2.5,118,0.9674,0.9656,159.94,179.34,792.4057,0.0,0.464479,,
Sharpe_press_conferences_zscore__4b_sent_sd_ev2.5,215,0.9676,0.9669,287.32,307.55,1358.1498,0.0,0.469296,,
Sharpe_press_conferences_zscore__4b_sent_var_ev2.5,215,0.9676,0.9669,287.32,307.55,1358.1498,0.0,0.469296,,
Sharpe_press_conferences_zscore__4b_sd_var_joint_ev2.5,215,0.9676,0.9669,287.32,307.55,1358.1498,0.0,0.469296,,
Sharpe_press_conferences_zscore__4b_consensus_ev2.5,118,0.9673,0.9655,160.29,179.68,850.75,0.0,0.496436,,
Sharpe_press_conferences_zscore__4e_total_interactions_ev2.5,118,0.9696,0.9668,159.41,189.89,661.6359,0.0,0.552125,,
Sharpe_press_conferences_zscore__4f_matched_interactions_ev2.5,215,0.9676,0.9669,287.32,307.55,1358.1498,0.0,0.469296,,
Sharpe_press_conferences_zscore__4g_novelty_ev2.5,117,0.9653,0.9634,166.25,185.58,819.6296,0.0,0.488098,,
Sharpe_press_conferences_zscore__4a_total_sent_ev3.0,118,0.9674,0.9656,159.94,179.34,792.4057,0.0,0.464479,,
Sharpe_press_conferences_zscore__4b_sent_sd_ev3.0,215,0.9676,0.9669,287.32,307.55,1358.1498,0.0,0.469296,,
Sharpe_press_conferences_zscore__4b_sent_var_ev3.0,215,0.9676,0.9669,287.32,307.55,1358.1498,0.0,0.469296,,
Sharpe_press_conferences_zscore__4b_sd_var_joint_ev3.0,215,0.9676,0.9669,287.32,307.55,1358.1498,0.0,0.469296,,
Sharpe_press_conferences_zscore__4b_consensus_ev3.0,118,0.9673,0.9655,160.29,179.68,850.75,0.0,0.496436,,
Sharpe_press_conferences_zscore__4e_total_interactions_ev3.0,118,0.9696,0.9668,159.41,189.89,661.6359,0.0,0.552125,,
Sharpe_press_conferences_zscore__4f_matched_interactions_ev3.0,215,0.9676,0.9669,287.32,307.55,1358.1498,0.0,0.469296,,
Sharpe_press_conferences_zscore__4g_novelty_ev3.0,117,0.9653,0.9634,166.25,185.58,819.6296,0.0,0.488098,,
Sharpe_statements_minutes_speeches_press_conferences_wordcount__4a_total_sent_ev1.0,215,0.9699,0.9691,273.43,297.03,1176.3211,0.0,0.422099,2.0052,0.0225
Sharpe_statements_minutes_speeches_press_conferences_wordcount__4b_sent_sd_ev1.0,215,0.9676,0.9669,287.32,307.55,1358.1498,0.0,0.469296,,
Sharpe_statements_minutes_speeches_press_conferences_wordcount__4b_sent_var_ev1.0,215,0.9676,0.9669,287.32,307.55,1358.1498,0.0,0.469296,,
Sharpe_statements_minutes_speeches_press_conferences_wordcount__4b_sd_var_joint_ev1.0,215,0.9676,0.9669,287.32,307.55,1358.1498,0.0,0.469296,,
Sharpe_statements_minutes_speeches_press_conferences_wordcount__4b_consensus_ev1.0,215,0.968,0.9671,286.61,310.21,1172.894,0.0,0.489268,-1.0043,
Sharpe_statements_minutes_speeches_press_conferences_wordcount__4e_total_interactions_ev1.0,215,0.978,0.9769,214.11,251.19,937.9032,0.0,0.434154,1.9386,0.0263
Sharpe_statements_minutes_speeches_press_conferences_wordcount__4f_matched_interactions_ev1.0,215,0.9676,0.9669,287.32,307.55,1358.1498,0.0,0.469296,,
Sharpe_statements_minutes_speeches_press_conferences_wordcount__4g_novelty_ev1.0,214,0.9676,0.9666,287.86,311.43,1142.368,0.0,0.475047,2.9259,0.0017
Sharpe_statements_minutes_speeches_press_conferences_wordcount__4a_total_sent_ev1.5,215,0.9699,0.9691,273.43,297.03,1176.3211,0.0,0.422099,2.0052,0.0225
Sharpe_statements_minutes_speeches_press_conferences_wordcount__4b_sent_sd_ev1.5,215,0.9676,0.9669,287.32,307.55,1358.1498,0.0,0.469296,,
Sharpe_statements_minutes_speeches_press_conferences_wordcount__4b_sent_var_ev1.5,215,0.9676,0.9669,287.32,307.55,1358.1498,0.0,0.469296,,
Sharpe_statements_minutes_speeches_press_conferences_wordcount__4b_sd_var_joint_ev1.5,215,0.9676,0.9669,287.32,307.55,1358.1498,0.0,0.469296,,
Sharpe_statements_minutes_speeches_press_conferences_wordcount__4b_consensus_ev1.5,215,0.968,0.9671,286.61,310.21,1172.894,0.0,0.489268,-1.0043,
Sharpe_statements_minutes_speeches_press_conferences_wordcount__4e_total_interactions_ev1.5,215,0.978,0.9769,214.11,251.19,937.9032,0.0,0.434154,1.9386,0.0263
Sharpe_statements_minutes_speeches_press_conferences_wordcount__4f_matched_interactions_ev1.5,215,0.9676,0.9669,287.32,307.55,1358.1498,0.0,0.469296,,
Sharpe_statements_minutes_speeches_press_conferences_wordcount__4g_novelty_ev1.5,214,0.9676,0.9666,287.86,311.43,1142.368,0.0,0.475047,2.9259,0.0017
Sharpe_statements_minutes_speeches_press_conferences_wordcount__4a_total_sent_ev2.0,215,0.9699,0.9691,273.43,297.03,1176.3211,0.0,0.422099,2.0052,0.0225
Sharpe_statements_minutes_speeches_press_conferences_wordcount__4b_sent_sd_ev2.0,215,0.9676,0.9669,287.32,307.55,1358.1498,0.0,0.469296,,
Sharpe_statements_minutes_speeches_press_conferences_wordcount__4b_sent_var_ev2.0,215,0.9676,0.9669,287.32,307.55,1358.1498,0.0,0.469296,,
Sharpe_statements_minutes_speeches_press_conferences_wordcount__4b_sd_var_joint_ev2.0,215,0.9676,0.9669,287.32,307.55,1358.1498,0.0,0.469296,,
Sharpe_statements_minutes_speeches_press_conferences_wordcount__4b_consensus_ev2.0,215,0.968,0.9671,286.61,310.21,1172.894,0.0,0.489268,-1.0043,
Sharpe_statements_minutes_speeches_press_conferences_wordcount__4e_total_interactions_ev2.0,215,0.978,0.9769,214.11,251.19,937.9032,0.0,0.434154,1.9386,0.0263
Sharpe_statements_minutes_speeches_press_conferences_wordcount__4f_matched_interactions_ev2.0,215,0.9676,0.9669,287.32,307.55,1358.1498,0.0,0.469296,,
Sharpe_statements_minutes_speeches_press_conferences_wordcount__4g_novelty_ev2.0,214,0.9676,0.9666,287.86,311.43,1142.368,0.0,0.475047,2.9259,0.0017
Sharpe_statements_minutes_speeches_press_conferences_wordcount__4a_total_sent_ev2.5,215,0.9699,0.9691,273.43,297.03,1176.3211,0.0,0.422099,2.0052,0.0225
Sharpe_statements_minutes_speeches_press_conferences_wordcount__4b_sent_sd_ev2.5,215,0.9676,0.9669,287.32,307.55,1358.1498,0.0,0.469296,,
Sharpe_statements_minutes_speeches_press_conferences_wordcount__4b_sent_var_ev2.5,215,0.9676,0.9669,287.32,307.55,1358.1498,0.0,0.469296,,
Sharpe_statements_minutes_speeches_press_conferences_wordcount__4b_sd_var_joint_ev2.5,215,0.9676,0.9669,287.32,307.55,1358.1498,0.0,0.469296,,
Sharpe_statements_minutes_speeches_press_conferences_wordcount__4b_consensus_ev2.5,215,0.968,0.9671,286.61,310.21,1172.894,0.0,0.489268,-1.0043,
Sharpe_statements_minutes_speeches_press_conferences_wordcount__4e_total_interactions_ev2.5,215,0.978,0.9769,214.11,251.19,937.9032,0.0,0.434154,1.9386,0.0263
Sharpe_statements_minutes_speeches_press_conferences_wordcount__4f_matched_interactions_ev2.5,215,0.9676,0.9669,287.32,307.55,1358.1498,0.0,0.469296,,
Sharpe_statements_minutes_speeches_press_conferences_wordcount__4g_novelty_ev2.5,214,0.9676,0.9666,287.86,311.43,1142.368,0.0,0.475047,2.9259,0.0017
Sharpe_statements_minutes_speeches_press_conferences_wordcount__4a_total_sent_ev3.0,215,0.9699,0.9691,273.43,297.03,1176.3211,0.0,0.422099,2.0052,0.0225
Sharpe_statements_minutes_speeches_press_conferences_wordcount__4b_sent_sd_ev3.0,215,0.9676,0.9669,287.32,307.55,1358.1498,0.0,0.469296,,
Sharpe_statements_minutes_speeches_press_conferences_wordcount__4b_sent_var_ev3.0,215,0.9676,0.9669,287.32,307.55,1358.1498,0.0,0.469296,,
Sharpe_statements_minutes_speeches_press_conferences_wordcount__4b_sd_var_joint_ev3.0,215,0.9676,0.9669,287.32,307.55,1358.1498,0.0,0.469296,,
Sharpe_statements_minutes_speeches_press_conferences_wordcount__4b_consensus_ev3.0,215,0.968,0.9671,286.61,310.21,1172.894,0.0,0.489268,-1.0043,
Sharpe_statements_minutes_speeches_press_conferences_wordcount__4e_total_interactions_ev3.0,215,0.978,0.9769,214.11,251.19,937.9032,0.0,0.434154,1.9386,0.0263
Sharpe_statements_minutes_speeches_press_conferences_wordcount__4f_matched_interactions_ev3.0,215,0.9676,0.9669,287.32,307.55,1358.1498,0.0,0.469296,,
Sharpe_statements_minutes_speeches_press_conferences_wordcount__4g_novelty_ev3.0,214,0.9676,0.9666,287.86,311.43,1142.368,0.0,0.475047,2.9259,0.0017
Sharpe_statements_minutes_speeches_press_conferences_zscore__4a_total_sent_ev1.0,215,0.9677,0.9668,288.79,312.38,1147.5301,0.0,0.518026,-1.991,
Sharpe_statements_minutes_speeches_press_conferences_zscore__4b_sent_sd_ev1.0,215,0.9676,0.9669,287.32,307.55,1358.1498,0.0,0.469296,,
Sharpe_statements_minutes_speeches_press_conferences_zscore__4b_sent_var_ev1.0,215,0.9676,0.9669,287.32,307.55,1358.1498,0.0,0.469296,,
Sharpe_statements_minutes_speeches_press_conferences_zscore__4b_sd_var_joint_ev1.0,215,0.9676,0.9669,287.32,307.55,1358.1498,0.0,0.469296,,
Sharpe_statements_minutes_speeches_press_conferences_zscore__4b_consensus_ev1.0,215,0.9682,0.9673,285.39,308.98,1126.2944,0.0,0.448457,3.1945,0.0007
Sharpe_statements_minutes_speeches_press_conferences_zscore__4e_total_interactions_ev1.0,215,0.9711,0.9697,273.0,310.07,786.7039,0.0,0.472831,1.5673,
Sharpe_statements_minutes_speeches_press_conferences_zscore__4f_matched_interactions_ev1.0,215,0.9676,0.9669,287.32,307.55,1358.1498,0.0,0.469296,,
Sharpe_statements_minutes_speeches_press_conferences_zscore__4g_novelty_ev1.0,214,0.9676,0.9667,287.64,311.2,1140.3011,0.0,0.47022,2.9201,0.0017
Sharpe_statements_minutes_speeches_press_conferences_zscore__4a_total_sent_ev1.5,215,0.9677,0.9668,288.79,312.38,1147.5301,0.0,0.518026,-1.991,
Sharpe_statements_minutes_speeches_press_conferences_zscore__4b_sent_sd_ev1.5,215,0.9676,0.9669,287.32,307.55,1358.1498,0.0,0.469296,,
Sharpe_statements_minutes_speeches_press_conferences_zscore__4b_sent_var_ev1.5,215,0.9676,0.9669,287.32,307.55,1358.1498,0.0,0.469296,,
Sharpe_statements_minutes_speeches_press_conferences_zscore__4b_sd_var_joint_ev1.5,215,0.9676,0.9669,287.32,307.55,1358.1498,0.0,0.469296,,
Sharpe_statements_minutes_speeches_press_conferences_zscore__4b_consensus_ev1.5,215,0.9682,0.9673,285.39,308.98,1126.2944,0.0,0.448457,3.1945,0.0007
Sharpe_statements_minutes_speeches_press_conferences_zscore__4e_total_interactions_ev1.5,215,0.9711,0.9697,273.0,310.07,786.7039,0.0,0.472831,1.5673,
Sharpe_statements_minutes_speeches_press_conferences_zscore__4f_matched_interactions_ev1.5,215,0.9676,0.9669,287.32,307.55,1358.1498,0.0,0.469296,,
Sharpe_statements_minutes_speeches_press_conferences_zscore__4g_novelty_ev1.5,214,0.9676,0.9667,287.64,311.2,1140.3011,0.0,0.47022,2.9201,0.0017
Sharpe_statements_minutes_speeches_press_conferences_zscore__4a_total_sent_ev2.0,215,0.9677,0.9668,288.79,312.38,1147.5301,0.0,0.518026,-1.991,
Sharpe_statements_minutes_speeches_press_conferences_zscore__4b_sent_sd_ev2.0,215,0.9676,0.9669,287.32,307.55,1358.1498,0.0,0.469296,,
Sharpe_statements_minutes_speeches_press_conferences_zscore__4b_sent_var_ev2.0,215,0.9676,0.9669,287.32,307.55,1358.1498,0.0,0.469296,,
Sharpe_statements_minutes_speeches_press_conferences_zscore__4b_sd_var_joint_ev2.0,215,0.9676,0.9669,287.32,307.55,1358.1498,0.0,0.469296,,
Sharpe_statements_minutes_speeches_press_conferences_zscore__4b_consensus_ev2.0,215,0.9682,0.9673,285.39,308.98,1126.2944,0.0,0.448457,3.1945,0.0007
Sharpe_statements_minutes_speeches_press_conferences_zscore__4e_total_interactions_ev2.0,215,0.9711,0.9697,273.0,310.07,786.7038,0.0,0.472831,1.5673,
Sharpe_statements_minutes_speeches_press_conferences_zscore__4f_matched_interactions_ev2.0,215,0.9676,0.9669,287.32,307.55,1358.1498,0.0,0.469296,,
Sharpe_statements_minutes_speeches_press_conferences_zscore__4g_novelty_ev2.0,214,0.9676,0.9667,287.64,311.2,1140.3011,0.0,0.47022,2.9201,0.0017
Sharpe_statements_minutes_speeches_press_conferences_zscore__4a_total_sent_ev2.5,215,0.9677,0.9668,288.79,312.38,1147.5301,0.0,0.518026,-1.991,
Sharpe_statements_minutes_speeches_press_conferences_zscore__4b_sent_sd_ev2.5,215,0.9676,0.9669,287.32,307.55,1358.1498,0.0,0.469296,,
Sharpe_statements_minutes_speeches_press_conferences_zscore__4b_sent_var_ev2.5,215,0.9676,0.9669,287.32,307.55,1358.1498,0.0,0.469296,,
Sharpe_statements_minutes_speeches_press_conferences_zscore__4b_sd_var_joint_ev2.5,215,0.9676,0.9669,287.32,307.55,1358.1498,0.0,0.469296,,
Sharpe_statements_minutes_speeches_press_conferences_zscore__4b_consensus_ev2.5,215,0.9682,0.9673,285.39,308.98,1126.2944,0.0,0.448457,3.1945,0.0007
Sharpe_statements_minutes_speeches_press_conferences_zscore__4e_total_interactions_ev2.5,215,0.9711,0.9697,273.0,310.07,786.7039,0.0,0.472831,1.5673,
Sharpe_statements_minutes_speeches_press_conferences_zscore__4f_matched_interactions_ev2.5,215,0.9676,0.9669,287.32,307.55,1358.1498,0.0,0.469296,,
Sharpe_statements_minutes_speeches_press_conferences_zscore__4g_novelty_ev2.5,214,0.9676,0.9667,287.64,311.2,1140.3011,0.0,0.47022,2.9201,0.0017
Sharpe_statements_minutes_speeches_press_conferences_zscore__4a_total_sent_ev3.0,215,0.9677,0.9668,288.79,312.38,1147.5301,0.0,0.518026,-1.991,
Sharpe_statements_minutes_speeches_press_conferences_zscore__4b_sent_sd_ev3.0,215,0.9676,0.9669,287.32,307.55,1358.1498,0.0,0.469296,,
Sharpe_statements_minutes_speeches_press_conferences_zscore__4b_sent_var_ev3.0,215,0.9676,0.9669,287.32,307.55,1358.1498,0.0,0.469296,,
Sharpe_statements_minutes_speeches_press_conferences_zscore__4b_sd_var_joint_ev3.0,215,0.9676,0.9669,287.32,307.55,1358.1498,0.0,0.469296,,
Sharpe_statements_minutes_speeches_press_conferences_zscore__4b_consensus_ev3.0,215,0.9682,0.9673,285.39,308.98,1126.2944,0.0,0.448457,3.1945,0.0007
Sharpe_statements_minutes_speeches_press_conferences_zscore__4e_total_interactions_ev3.0,215,0.9711,0.9697,273.0,310.07,786.7039,0.0,0.472831,1.5673,
Sharpe_statements_minutes_speeches_press_conferences_zscore__4f_matched_interactions_ev3.0,215,0.9676,0.9669,287.32,307.55,1358.1498,0.0,0.469296,,
Sharpe_statements_minutes_speeches_press_conferences_zscore__4g_novelty_ev3.0,214,0.9676,0.9667,287.64,311.2,1140.3011,0.0,0.47022,2.9201,0.0017
