model_label,n_obs,r2,adj_r2,aic,bic,f_stat,f_pvalue,oos_rmse_60,oos_rmse_70,oos_rmse_80,oos_rmse_90
Gardner_statements_wordcount__4a_total_sent_ev1.0,151,0.9685,0.9672,189.16,210.28,1185.979,0.0,,,0.563719,
Gardner_statements_wordcount__4b_sent_sd_ev1.0,151,0.968,0.9669,189.71,207.81,1225.8998,0.0,,,0.534327,
Gardner_statements_wordcount__4b_sent_var_ev1.0,151,0.968,0.9669,189.71,207.81,1225.8998,0.0,,,0.534327,
Gardner_statements_wordcount__4b_sd_var_joint_ev1.0,151,0.968,0.9669,189.71,207.81,1225.8998,0.0,,,0.534327,
Gardner_statements_wordcount__4b_consensus_ev1.0,151,0.9815,0.9802,116.99,150.18,1149.5364,0.0,,,0.478675,
Gardner_statements_wordcount__4b_consensus_matched_interactions_ev1.0,151,0.9772,0.9756,148.54,181.73,846.4772,0.0,,,0.450485,
Gardner_statements_wordcount__4c_all_topics_ev1.0,151,0.9751,0.9734,161.6,194.79,772.7091,0.0,,,0.574777,
Gardner_statements_wordcount__4d_topic_pca_ev1.0,151,0.9813,0.9801,117.02,147.19,1336.6784,0.0,,,0.354165,
Gardner_statements_wordcount__4e_total_interactions_ev1.0,151,0.9777,0.9759,147.43,183.64,919.8283,0.0,,,0.363683,
Gardner_statements_wordcount__4f_matched_interactions_ev1.0,151,0.9736,0.9717,170.75,203.94,872.3899,0.0,,,0.468177,
Gardner_statements_wordcount__4g_novelty_ev1.0,150,0.9684,0.9662,194.41,227.53,672.2831,0.0,,,0.535155,
Gardner_statements_wordcount__4a_total_sent_ev1.5,151,0.9685,0.9672,189.16,210.28,1185.979,0.0,,,0.563719,
Gardner_statements_wordcount__4b_sent_sd_ev1.5,151,0.968,0.9669,189.71,207.81,1225.8998,0.0,,,0.534327,
Gardner_statements_wordcount__4b_sent_var_ev1.5,151,0.968,0.9669,189.71,207.81,1225.8998,0.0,,,0.534327,
Gardner_statements_wordcount__4b_sd_var_joint_ev1.5,151,0.968,0.9669,189.71,207.81,1225.8998,0.0,,,0.534327,
Gardner_statements_wordcount__4b_consensus_ev1.5,151,0.9815,0.9802,116.99,150.18,1149.5364,0.0,,,0.478675,
Gardner_statements_wordcount__4b_consensus_matched_interactions_ev1.5,151,0.9772,0.9756,148.54,181.73,846.4772,0.0,,,0.450485,
Gardner_statements_wordcount__4c_all_topics_ev1.5,151,0.9751,0.9734,161.6,194.79,772.7091,0.0,,,0.574777,
Gardner_statements_wordcount__4d_topic_pca_ev1.5,151,0.9813,0.9801,117.02,147.19,1336.6784,0.0,,,0.354165,
Gardner_statements_wordcount__4e_total_interactions_ev1.5,151,0.9777,0.9759,147.43,183.64,919.8283,0.0,,,0.363683,
Gardner_statements_wordcount__4f_matched_interactions_ev1.5,151,0.9736,0.9717,170.75,203.94,872.3899,0.0,,,0.468177,
Gardner_statements_wordcount__4g_novelty_ev1.5,150,0.9684,0.9662,194.41,227.53,672.2831,0.0,,,0.535155,
Gardner_statements_wordcount__4a_total_sent_ev2.0,151,0.9685,0.9672,189.16,210.28,1185.979,0.0,,,0.563719,
Gardner_statements_wordcount__4b_sent_sd_ev2.0,151,0.968,0.9669,189.71,207.81,1225.8998,0.0,,,0.534327,
Gardner_statements_wordcount__4b_sent_var_ev2.0,151,0.968,0.9669,189.71,207.81,1225.8998,0.0,,,0.534327,
Gardner_statements_wordcount__4b_sd_var_joint_ev2.0,151,0.968,0.9669,189.71,207.81,1225.8998,0.0,,,0.534327,
Gardner_statements_wordcount__4b_consensus_ev2.0,151,0.9815,0.9802,116.99,150.18,1149.5364,0.0,,,0.478675,
Gardner_statements_wordcount__4b_consensus_matched_interactions_ev2.0,151,0.9772,0.9756,148.54,181.73,846.4772,0.0,,,0.450485,
Gardner_statements_wordcount__4c_all_topics_ev2.0,151,0.9751,0.9734,161.6,194.79,772.7091,0.0,,,0.574777,
Gardner_statements_wordcount__4d_topic_pca_ev2.0,151,0.9813,0.9801,117.02,147.19,1336.6784,0.0,,,0.354165,
Gardner_statements_wordcount__4e_total_interactions_ev2.0,151,0.9777,0.9759,147.43,183.64,919.8283,0.0,,,0.363683,
Gardner_statements_wordcount__4f_matched_interactions_ev2.0,151,0.9736,0.9717,170.75,203.94,872.3899,0.0,,,0.468177,
Gardner_statements_wordcount__4g_novelty_ev2.0,150,0.9684,0.9662,194.41,227.53,672.2831,0.0,,,0.535155,
Gardner_statements_wordcount__4a_total_sent_ev2.5,151,0.9685,0.9672,189.16,210.28,1185.979,0.0,,,0.563719,
Gardner_statements_wordcount__4b_sent_sd_ev2.5,151,0.968,0.9669,189.71,207.81,1225.8998,0.0,,,0.534327,
Gardner_statements_wordcount__4b_sent_var_ev2.5,151,0.968,0.9669,189.71,207.81,1225.8998,0.0,,,0.534327,
Gardner_statements_wordcount__4b_sd_var_joint_ev2.5,151,0.968,0.9669,189.71,207.81,1225.8998,0.0,,,0.534327,
Gardner_statements_wordcount__4b_consensus_ev2.5,151,0.9815,0.9802,116.99,150.18,1149.5364,0.0,,,0.478675,
Gardner_statements_wordcount__4b_consensus_matched_interactions_ev2.5,151,0.9772,0.9756,148.54,181.73,846.4772,0.0,,,0.450485,
Gardner_statements_wordcount__4c_all_topics_ev2.5,151,0.9751,0.9734,161.6,194.79,772.7091,0.0,,,0.574777,
Gardner_statements_wordcount__4d_topic_pca_ev2.5,151,0.9813,0.9801,117.02,147.19,1336.6784,0.0,,,0.354165,
Gardner_statements_wordcount__4e_total_interactions_ev2.5,151,0.9777,0.9759,147.43,183.64,919.8283,0.0,,,0.363683,
Gardner_statements_wordcount__4f_matched_interactions_ev2.5,151,0.9736,0.9717,170.75,203.94,872.3899,0.0,,,0.468177,
Gardner_statements_wordcount__4g_novelty_ev2.5,150,0.9684,0.9662,194.41,227.53,672.2831,0.0,,,0.535155,
Gardner_statements_wordcount__4a_total_sent_ev3.0,151,0.9685,0.9672,189.16,210.28,1185.979,0.0,,,0.563719,
Gardner_statements_wordcount__4b_sent_sd_ev3.0,151,0.968,0.9669,189.71,207.81,1225.8998,0.0,,,0.534327,
Gardner_statements_wordcount__4b_sent_var_ev3.0,151,0.968,0.9669,189.71,207.81,1225.8998,0.0,,,0.534327,
Gardner_statements_wordcount__4b_sd_var_joint_ev3.0,151,0.968,0.9669,189.71,207.81,1225.8998,0.0,,,0.534327,
Gardner_statements_wordcount__4b_consensus_ev3.0,151,0.9815,0.9802,116.99,150.18,1149.5364,0.0,,,0.478675,
Gardner_statements_wordcount__4b_consensus_matched_interactions_ev3.0,151,0.9772,0.9756,148.54,181.73,846.4772,0.0,,,0.450485,
Gardner_statements_wordcount__4c_all_topics_ev3.0,151,0.9751,0.9734,161.6,194.79,772.7091,0.0,,,0.574777,
Gardner_statements_wordcount__4d_topic_pca_ev3.0,151,0.9813,0.9801,117.02,147.19,1336.6784,0.0,,,0.354165,
Gardner_statements_wordcount__4e_total_interactions_ev3.0,151,0.9777,0.9759,147.43,183.64,919.8283,0.0,,,0.363683,
Gardner_statements_wordcount__4f_matched_interactions_ev3.0,151,0.9736,0.9717,170.75,203.94,872.3899,0.0,,,0.468177,
Gardner_statements_wordcount__4g_novelty_ev3.0,150,0.9684,0.9662,194.41,227.53,672.2831,0.0,,,0.535155,
Gardner_statements_zscore__4a_total_sent_ev1.0,151,0.9695,0.9682,184.61,205.73,1353.2943,0.0,,,0.529274,
Gardner_statements_zscore__4b_sent_sd_ev1.0,151,0.968,0.9669,189.71,207.81,1225.8998,0.0,,,0.534327,
Gardner_statements_zscore__4b_sent_var_ev1.0,151,0.968,0.9669,189.71,207.81,1225.8998,0.0,,,0.534327,
Gardner_statements_zscore__4b_sd_var_joint_ev1.0,151,0.968,0.9669,189.71,207.81,1225.8998,0.0,,,0.534327,
Gardner_statements_zscore__4b_consensus_ev1.0,151,0.9783,0.9768,141.02,174.21,844.4863,0.0,,,0.602379,
Gardner_statements_zscore__4b_consensus_matched_interactions_ev1.0,151,0.9775,0.9759,146.55,179.74,928.9633,0.0,,,0.54295,
Gardner_statements_zscore__4c_all_topics_ev1.0,151,0.9729,0.9709,174.85,208.04,873.7658,0.0,,,0.586477,
Gardner_statements_zscore__4d_topic_pca_ev1.0,151,0.9734,0.9717,169.73,199.9,1089.806,0.0,,,0.485971,
Gardner_statements_zscore__4e_total_interactions_ev1.0,151,0.9811,0.9797,121.88,158.09,1163.8417,0.0,,,0.352638,
Gardner_statements_zscore__4f_matched_interactions_ev1.0,151,0.9778,0.9762,144.82,178.01,1002.8143,0.0,,,0.420024,
Gardner_statements_zscore__4g_novelty_ev1.0,150,0.9696,0.9672,190.66,226.79,653.7907,0.0,,,0.479848,
Gardner_statements_zscore__4a_total_sent_ev1.5,151,0.9695,0.9682,184.61,205.73,1353.2943,0.0,,,0.529274,
Gardner_statements_zscore__4b_sent_sd_ev1.5,151,0.968,0.9669,189.71,207.81,1225.8998,0.0,,,0.534327,
Gardner_statements_zscore__4b_sent_var_ev1.5,151,0.968,0.9669,189.71,207.81,1225.8998,0.0,,,0.534327,
Gardner_statements_zscore__4b_sd_var_joint_ev1.5,151,0.968,0.9669,189.71,207.81,1225.8998,0.0,,,0.534327,
Gardner_statements_zscore__4b_consensus_ev1.5,151,0.9783,0.9768,141.02,174.21,844.4863,0.0,,,0.602379,
Gardner_statements_zscore__4b_consensus_matched_interactions_ev1.5,151,0.9775,0.9759,146.55,179.74,928.9633,0.0,,,0.54295,
Gardner_statements_zscore__4c_all_topics_ev1.5,151,0.9729,0.9709,174.85,208.04,873.7658,0.0,,,0.586477,
Gardner_statements_zscore__4d_topic_pca_ev1.5,151,0.9734,0.9717,169.73,199.9,1089.806,0.0,,,0.485971,
Gardner_statements_zscore__4e_total_interactions_ev1.5,151,0.9811,0.9797,121.88,158.09,1163.8417,0.0,,,0.352638,
Gardner_statements_zscore__4f_matched_interactions_ev1.5,151,0.9778,0.9762,144.82,178.01,1002.8143,0.0,,,0.420024,
Gardner_statements_zscore__4g_novelty_ev1.5,150,0.9696,0.9672,190.66,226.79,653.7907,0.0,,,0.479848,
Gardner_statements_zscore__4a_total_sent_ev2.0,151,0.9695,0.9682,184.61,205.73,1353.2943,0.0,,,0.529274,
Gardner_statements_zscore__4b_sent_sd_ev2.0,151,0.968,0.9669,189.71,207.81,1225.8998,0.0,,,0.534327,
Gardner_statements_zscore__4b_sent_var_ev2.0,151,0.968,0.9669,189.71,207.81,1225.8998,0.0,,,0.534327,
Gardner_statements_zscore__4b_sd_var_joint_ev2.0,151,0.968,0.9669,189.71,207.81,1225.8998,0.0,,,0.534327,
Gardner_statements_zscore__4b_consensus_ev2.0,151,0.9783,0.9768,141.02,174.21,844.4863,0.0,,,0.602379,
Gardner_statements_zscore__4b_consensus_matched_interactions_ev2.0,151,0.9775,0.9759,146.55,179.74,928.9633,0.0,,,0.54295,
Gardner_statements_zscore__4c_all_topics_ev2.0,151,0.9729,0.9709,174.85,208.04,873.7658,0.0,,,0.586477,
Gardner_statements_zscore__4d_topic_pca_ev2.0,151,0.9734,0.9717,169.73,199.9,1089.806,0.0,,,0.485971,
Gardner_statements_zscore__4e_total_interactions_ev2.0,151,0.9811,0.9797,121.88,158.09,1163.8417,0.0,,,0.352638,
Gardner_statements_zscore__4f_matched_interactions_ev2.0,151,0.9778,0.9762,144.82,178.01,1002.8143,0.0,,,0.420024,
Gardner_statements_zscore__4g_novelty_ev2.0,150,0.9696,0.9672,190.66,226.79,653.7907,0.0,,,0.479848,
Gardner_statements_zscore__4a_total_sent_ev2.5,151,0.9695,0.9682,184.61,205.73,1353.2943,0.0,,,0.529274,
Gardner_statements_zscore__4b_sent_sd_ev2.5,151,0.968,0.9669,189.71,207.81,1225.8998,0.0,,,0.534327,
Gardner_statements_zscore__4b_sent_var_ev2.5,151,0.968,0.9669,189.71,207.81,1225.8998,0.0,,,0.534327,
Gardner_statements_zscore__4b_sd_var_joint_ev2.5,151,0.968,0.9669,189.71,207.81,1225.8998,0.0,,,0.534327,
Gardner_statements_zscore__4b_consensus_ev2.5,151,0.9783,0.9768,141.02,174.21,844.4863,0.0,,,0.602379,
Gardner_statements_zscore__4b_consensus_matched_interactions_ev2.5,151,0.9775,0.9759,146.55,179.74,928.9633,0.0,,,0.54295,
Gardner_statements_zscore__4c_all_topics_ev2.5,151,0.9729,0.9709,174.85,208.04,873.7658,0.0,,,0.586477,
Gardner_statements_zscore__4d_topic_pca_ev2.5,151,0.9734,0.9717,169.73,199.9,1089.806,0.0,,,0.485971,
Gardner_statements_zscore__4e_total_interactions_ev2.5,151,0.9811,0.9797,121.88,158.09,1163.8417,0.0,,,0.352638,
Gardner_statements_zscore__4f_matched_interactions_ev2.5,151,0.9778,0.9762,144.82,178.01,1002.8143,0.0,,,0.420024,
Gardner_statements_zscore__4g_novelty_ev2.5,150,0.9696,0.9672,190.66,226.79,653.7907,0.0,,,0.479848,
Gardner_statements_zscore__4a_total_sent_ev3.0,151,0.9695,0.9682,184.61,205.73,1353.2943,0.0,,,0.529274,
Gardner_statements_zscore__4b_sent_sd_ev3.0,151,0.968,0.9669,189.71,207.81,1225.8998,0.0,,,0.534327,
Gardner_statements_zscore__4b_sent_var_ev3.0,151,0.968,0.9669,189.71,207.81,1225.8998,0.0,,,0.534327,
Gardner_statements_zscore__4b_sd_var_joint_ev3.0,151,0.968,0.9669,189.71,207.81,1225.8998,0.0,,,0.534327,
Gardner_statements_zscore__4b_consensus_ev3.0,151,0.9783,0.9768,141.02,174.21,844.4863,0.0,,,0.602379,
Gardner_statements_zscore__4b_consensus_matched_interactions_ev3.0,151,0.9775,0.9759,146.55,179.74,928.9633,0.0,,,0.54295,
Gardner_statements_zscore__4c_all_topics_ev3.0,151,0.9729,0.9709,174.85,208.04,873.7658,0.0,,,0.586477,
Gardner_statements_zscore__4d_topic_pca_ev3.0,151,0.9734,0.9717,169.73,199.9,1089.806,0.0,,,0.485971,
Gardner_statements_zscore__4e_total_interactions_ev3.0,151,0.9811,0.9797,121.88,158.09,1163.8417,0.0,,,0.352638,
Gardner_statements_zscore__4f_matched_interactions_ev3.0,151,0.9778,0.9762,144.82,178.01,1002.8143,0.0,,,0.420024,
Gardner_statements_zscore__4g_novelty_ev3.0,150,0.9696,0.9672,190.66,226.79,653.7907,0.0,,,0.479848,
Gardner_minutes_wordcount__4a_total_sent_ev1.0,151,0.968,0.9667,191.7,212.82,1024.2485,0.0,,,0.547111,
Gardner_minutes_wordcount__4b_sent_sd_ev1.0,151,0.968,0.9669,189.71,207.81,1225.8998,0.0,,,0.534327,
Gardner_minutes_wordcount__4b_sent_var_ev1.0,151,0.968,0.9669,189.71,207.81,1225.8998,0.0,,,0.534327,
Gardner_minutes_wordcount__4b_sd_var_joint_ev1.0,151,0.968,0.9669,189.71,207.81,1225.8998,0.0,,,0.534327,
Gardner_minutes_wordcount__4b_consensus_ev1.0,151,0.9746,0.9728,164.77,197.96,812.5976,0.0,,,0.425518,
Gardner_minutes_wordcount__4b_consensus_matched_interactions_ev1.0,151,0.9707,0.9686,186.26,219.45,805.6873,0.0,,,0.535598,
Gardner_minutes_wordcount__4c_all_topics_ev1.0,151,0.9731,0.9712,173.41,206.6,849.6599,0.0,,,0.41973,
Gardner_minutes_wordcount__4d_topic_pca_ev1.0,151,0.9702,0.9683,187.05,217.22,880.3193,0.0,,,0.491412,
Gardner_minutes_wordcount__4e_total_interactions_ev1.0,151,0.9801,0.9785,130.12,166.33,799.9323,0.0,,,0.377648,
Gardner_minutes_wordcount__4f_matched_interactions_ev1.0,151,0.9731,0.9712,173.37,206.56,1076.3784,0.0,,,0.496263,
Gardner_minutes_wordcount__4g_novelty_ev1.0,150,0.9686,0.9663,193.83,226.94,664.133,0.0,,,0.53804,
Gardner_minutes_wordcount__4a_total_sent_ev1.5,151,0.968,0.9667,191.7,212.82,1024.2485,0.0,,,0.547111,
Gardner_minutes_wordcount__4b_sent_sd_ev1.5,151,0.968,0.9669,189.71,207.81,1225.8998,0.0,,,0.534327,
Gardner_minutes_wordcount__4b_sent_var_ev1.5,151,0.968,0.9669,189.71,207.81,1225.8998,0.0,,,0.534327,
Gardner_minutes_wordcount__4b_sd_var_joint_ev1.5,151,0.968,0.9669,189.71,207.81,1225.8998,0.0,,,0.534327,
Gardner_minutes_wordcount__4b_consensus_ev1.5,151,0.9746,0.9728,164.77,197.96,812.5973,0.0,,,0.425518,
Gardner_minutes_wordcount__4b_consensus_matched_interactions_ev1.5,151,0.9707,0.9686,186.26,219.45,805.6873,0.0,,,0.535598,
Gardner_minutes_wordcount__4c_all_topics_ev1.5,151,0.9731,0.9712,173.41,206.6,849.6493,0.0,,,0.41973,
Gardner_minutes_wordcount__4d_topic_pca_ev1.5,151,0.9702,0.9683,187.05,217.22,880.3193,0.0,,,0.491412,
Gardner_minutes_wordcount__4e_total_interactions_ev1.5,151,0.9801,0.9785,130.12,166.33,799.9321,0.0,,,0.377648,
Gardner_minutes_wordcount__4f_matched_interactions_ev1.5,151,0.9731,0.9712,173.37,206.56,1076.3806,0.0,,,0.496263,
Gardner_minutes_wordcount__4g_novelty_ev1.5,150,0.9686,0.9663,193.83,226.94,664.133,0.0,,,0.53804,
Gardner_minutes_wordcount__4a_total_sent_ev2.0,151,0.968,0.9667,191.7,212.82,1024.2485,0.0,,,0.547111,
Gardner_minutes_wordcount__4b_sent_sd_ev2.0,151,0.968,0.9669,189.71,207.81,1225.8998,0.0,,,0.534327,
Gardner_minutes_wordcount__4b_sent_var_ev2.0,151,0.968,0.9669,189.71,207.81,1225.8998,0.0,,,0.534327,
Gardner_minutes_wordcount__4b_sd_var_joint_ev2.0,151,0.968,0.9669,189.71,207.81,1225.8998,0.0,,,0.534327,
Gardner_minutes_wordcount__4b_consensus_ev2.0,151,0.9746,0.9728,164.77,197.96,812.5972,0.0,,,0.425518,
Gardner_minutes_wordcount__4b_consensus_matched_interactions_ev2.0,151,0.9707,0.9686,186.26,219.45,805.6873,0.0,,,0.535598,
Gardner_minutes_wordcount__4c_all_topics_ev2.0,151,0.9731,0.9712,173.41,206.6,849.6498,0.0,,,0.41973,
Gardner_minutes_wordcount__4d_topic_pca_ev2.0,151,0.9702,0.9683,187.05,217.22,880.3193,0.0,,,0.491412,
Gardner_minutes_wordcount__4e_total_interactions_ev2.0,151,0.9801,0.9785,130.12,166.33,799.9321,0.0,,,0.377648,
Gardner_minutes_wordcount__4f_matched_interactions_ev2.0,151,0.9731,0.9712,173.37,206.56,1076.3809,0.0,,,0.496263,
Gardner_minutes_wordcount__4g_novelty_ev2.0,150,0.9686,0.9663,193.83,226.94,664.133,0.0,,,0.53804,
Gardner_minutes_wordcount__4a_total_sent_ev2.5,151,0.968,0.9667,191.7,212.82,1024.2485,0.0,,,0.547111,
Gardner_minutes_wordcount__4b_sent_sd_ev2.5,151,0.968,0.9669,189.71,207.81,1225.8998,0.0,,,0.534327,
Gardner_minutes_wordcount__4b_sent_var_ev2.5,151,0.968,0.9669,189.71,207.81,1225.8998,0.0,,,0.534327,
Gardner_minutes_wordcount__4b_sd_var_joint_ev2.5,151,0.968,0.9669,189.71,207.81,1225.8998,0.0,,,0.534327,
Gardner_minutes_wordcount__4b_consensus_ev2.5,151,0.9746,0.9728,164.77,197.96,812.5974,0.0,,,0.425518,
Gardner_minutes_wordcount__4b_consensus_matched_interactions_ev2.5,151,0.9707,0.9686,186.26,219.45,805.6873,0.0,,,0.535598,
Gardner_minutes_wordcount__4c_all_topics_ev2.5,151,0.9731,0.9712,173.41,206.6,849.6481,0.0,,,0.41973,
Gardner_minutes_wordcount__4d_topic_pca_ev2.5,151,0.9702,0.9683,187.05,217.22,880.3193,0.0,,,0.491412,
Gardner_minutes_wordcount__4e_total_interactions_ev2.5,151,0.9801,0.9785,130.12,166.33,799.9321,0.0,,,0.377648,
Gardner_minutes_wordcount__4f_matched_interactions_ev2.5,151,0.9731,0.9712,173.37,206.56,1076.3812,0.0,,,0.496263,
Gardner_minutes_wordcount__4g_novelty_ev2.5,150,0.9686,0.9663,193.83,226.94,664.133,0.0,,,0.53804,
Gardner_minutes_wordcount__4a_total_sent_ev3.0,151,0.968,0.9667,191.7,212.82,1024.2485,0.0,,,0.547111,
Gardner_minutes_wordcount__4b_sent_sd_ev3.0,151,0.968,0.9669,189.71,207.81,1225.8998,0.0,,,0.534327,
Gardner_minutes_wordcount__4b_sent_var_ev3.0,151,0.968,0.9669,189.71,207.81,1225.8998,0.0,,,0.534327,
Gardner_minutes_wordcount__4b_sd_var_joint_ev3.0,151,0.968,0.9669,189.71,207.81,1225.8998,0.0,,,0.534327,
Gardner_minutes_wordcount__4b_consensus_ev3.0,151,0.9746,0.9728,164.77,197.96,812.5971,0.0,,,0.425518,
Gardner_minutes_wordcount__4b_consensus_matched_interactions_ev3.0,151,0.9707,0.9686,186.26,219.45,805.6873,0.0,,,0.535598,
Gardner_minutes_wordcount__4c_all_topics_ev3.0,151,0.9731,0.9712,173.41,206.6,849.644,0.0,,,0.41973,
Gardner_minutes_wordcount__4d_topic_pca_ev3.0,151,0.9702,0.9683,187.05,217.22,880.3193,0.0,,,0.491412,
Gardner_minutes_wordcount__4e_total_interactions_ev3.0,151,0.9801,0.9785,130.12,166.33,799.9321,0.0,,,0.377648,
Gardner_minutes_wordcount__4f_matched_interactions_ev3.0,151,0.9731,0.9712,173.37,206.56,1076.3806,0.0,,,0.496263,
Gardner_minutes_wordcount__4g_novelty_ev3.0,150,0.9686,0.9663,193.83,226.94,664.133,0.0,,,0.53804,
Gardner_minutes_zscore__4a_total_sent_ev1.0,151,0.969,0.9677,187.1,208.22,967.0096,0.0,,,0.509165,
Gardner_minutes_zscore__4b_sent_sd_ev1.0,151,0.968,0.9669,189.71,207.81,1225.8998,0.0,,,0.534327,
Gardner_minutes_zscore__4b_sent_var_ev1.0,151,0.968,0.9669,189.71,207.81,1225.8998,0.0,,,0.534327,
Gardner_minutes_zscore__4b_sd_var_joint_ev1.0,151,0.968,0.9669,189.71,207.81,1225.8998,0.0,,,0.534327,
Gardner_minutes_zscore__4b_consensus_ev1.0,151,0.979,0.9775,135.89,169.08,739.5633,0.0,,,0.382303,
Gardner_minutes_zscore__4b_consensus_matched_interactions_ev1.0,151,0.9736,0.9717,170.76,203.95,734.7625,0.0,,,0.489846,
Gardner_minutes_zscore__4c_all_topics_ev1.0,151,0.9726,0.9706,176.42,209.61,900.0586,0.0,,,0.462904,
Gardner_minutes_zscore__4d_topic_pca_ev1.0,151,0.9708,0.9689,184.07,214.25,772.6376,0.0,,,0.50102,
Gardner_minutes_zscore__4e_total_interactions_ev1.0,151,0.9808,0.9792,125.01,161.22,995.1786,0.0,,,0.343174,
Gardner_minutes_zscore__4f_matched_interactions_ev1.0,151,0.976,0.9743,156.41,189.6,1073.8471,0.0,,,0.44496,
Gardner_minutes_zscore__4g_novelty_ev1.0,150,0.968,0.9655,198.37,234.49,587.3558,0.0,,,0.54253,
Gardner_minutes_zscore__4a_total_sent_ev1.5,151,0.969,0.9677,187.1,208.22,967.0096,0.0,,,0.509165,
Gardner_minutes_zscore__4b_sent_sd_ev1.5,151,0.968,0.9669,189.71,207.81,1225.8998,0.0,,,0.534327,
Gardner_minutes_zscore__4b_sent_var_ev1.5,151,0.968,0.9669,189.71,207.81,1225.8998,0.0,,,0.534327,
Gardner_minutes_zscore__4b_sd_var_joint_ev1.5,151,0.968,0.9669,189.71,207.81,1225.8998,0.0,,,0.534327,
Gardner_minutes_zscore__4b_consensus_ev1.5,151,0.979,0.9775,135.89,169.08,739.5633,0.0,,,0.382303,
Gardner_minutes_zscore__4b_consensus_matched_interactions_ev1.5,151,0.9736,0.9717,170.76,203.95,734.7625,0.0,,,0.489846,
Gardner_minutes_zscore__4c_all_topics_ev1.5,151,0.9726,0.9706,176.42,209.61,900.0586,0.0,,,0.462904,
Gardner_minutes_zscore__4d_topic_pca_ev1.5,151,0.9708,0.9689,184.07,214.25,772.6376,0.0,,,0.50102,
Gardner_minutes_zscore__4e_total_interactions_ev1.5,151,0.9808,0.9792,125.01,161.22,995.1786,0.0,,,0.343174,
Gardner_minutes_zscore__4f_matched_interactions_ev1.5,151,0.976,0.9743,156.41,189.6,1073.8471,0.0,,,0.44496,
Gardner_minutes_zscore__4g_novelty_ev1.5,150,0.968,0.9655,198.37,234.49,587.3558,0.0,,,0.54253,
Gardner_minutes_zscore__4a_total_sent_ev2.0,151,0.969,0.9677,187.1,208.22,967.0096,0.0,,,0.509165,
Gardner_minutes_zscore__4b_sent_sd_ev2.0,151,0.968,0.9669,189.71,207.81,1225.8998,0.0,,,0.534327,
Gardner_minutes_zscore__4b_sent_var_ev2.0,151,0.968,0.9669,189.71,207.81,1225.8998,0.0,,,0.534327,
Gardner_minutes_zscore__4b_sd_var_joint_ev2.0,151,0.968,0.9669,189.71,207.81,1225.8998,0.0,,,0.534327,
Gardner_minutes_zscore__4b_consensus_ev2.0,151,0.979,0.9775,135.89,169.08,739.5633,0.0,,,0.382303,
Gardner_minutes_zscore__4b_consensus_matched_interactions_ev2.0,151,0.9736,0.9717,170.76,203.95,734.7625,0.0,,,0.489846,
Gardner_minutes_zscore__4c_all_topics_ev2.0,151,0.9726,0.9706,176.42,209.61,900.0586,0.0,,,0.462904,
Gardner_minutes_zscore__4d_topic_pca_ev2.0,151,0.9708,0.9689,184.07,214.25,772.6376,0.0,,,0.50102,
Gardner_minutes_zscore__4e_total_interactions_ev2.0,151,0.9808,0.9792,125.01,161.22,995.1786,0.0,,,0.343174,
Gardner_minutes_zscore__4f_matched_interactions_ev2.0,151,0.976,0.9743,156.41,189.6,1073.8471,0.0,,,0.44496,
Gardner_minutes_zscore__4g_novelty_ev2.0,150,0.968,0.9655,198.37,234.49,587.3558,0.0,,,0.54253,
Gardner_minutes_zscore__4a_total_sent_ev2.5,151,0.969,0.9677,187.1,208.22,967.0096,0.0,,,0.509165,
Gardner_minutes_zscore__4b_sent_sd_ev2.5,151,0.968,0.9669,189.71,207.81,1225.8998,0.0,,,0.534327,
Gardner_minutes_zscore__4b_sent_var_ev2.5,151,0.968,0.9669,189.71,207.81,1225.8998,0.0,,,0.534327,
Gardner_minutes_zscore__4b_sd_var_joint_ev2.5,151,0.968,0.9669,189.71,207.81,1225.8998,0.0,,,0.534327,
Gardner_minutes_zscore__4b_consensus_ev2.5,151,0.979,0.9775,135.89,169.08,739.5633,0.0,,,0.382303,
Gardner_minutes_zscore__4b_consensus_matched_interactions_ev2.5,151,0.9736,0.9717,170.76,203.95,734.7625,0.0,,,0.489846,
Gardner_minutes_zscore__4c_all_topics_ev2.5,151,0.9726,0.9706,176.42,209.61,900.0586,0.0,,,0.462904,
Gardner_minutes_zscore__4d_topic_pca_ev2.5,151,0.9708,0.9689,184.07,214.25,772.6376,0.0,,,0.50102,
Gardner_minutes_zscore__4e_total_interactions_ev2.5,151,0.9808,0.9792,125.01,161.22,995.1786,0.0,,,0.343174,
Gardner_minutes_zscore__4f_matched_interactions_ev2.5,151,0.976,0.9743,156.41,189.6,1073.8471,0.0,,,0.44496,
Gardner_minutes_zscore__4g_novelty_ev2.5,150,0.968,0.9655,198.37,234.49,587.3558,0.0,,,0.54253,
Gardner_minutes_zscore__4a_total_sent_ev3.0,151,0.969,0.9677,187.1,208.22,967.0096,0.0,,,0.509165,
Gardner_minutes_zscore__4b_sent_sd_ev3.0,151,0.968,0.9669,189.71,207.81,1225.8998,0.0,,,0.534327,
Gardner_minutes_zscore__4b_sent_var_ev3.0,151,0.968,0.9669,189.71,207.81,1225.8998,0.0,,,0.534327,
Gardner_minutes_zscore__4b_sd_var_joint_ev3.0,151,0.968,0.9669,189.71,207.81,1225.8998,0.0,,,0.534327,
Gardner_minutes_zscore__4b_consensus_ev3.0,151,0.979,0.9775,135.89,169.08,739.5633,0.0,,,0.382303,
Gardner_minutes_zscore__4b_consensus_matched_interactions_ev3.0,151,0.9736,0.9717,170.76,203.95,734.7625,0.0,,,0.489846,
Gardner_minutes_zscore__4c_all_topics_ev3.0,151,0.9726,0.9706,176.42,209.61,900.0586,0.0,,,0.462904,
Gardner_minutes_zscore__4d_topic_pca_ev3.0,151,0.9708,0.9689,184.07,214.25,772.6376,0.0,,,0.50102,
Gardner_minutes_zscore__4e_total_interactions_ev3.0,151,0.9808,0.9792,125.01,161.22,995.1786,0.0,,,0.343174,
Gardner_minutes_zscore__4f_matched_interactions_ev3.0,151,0.976,0.9743,156.41,189.6,1073.8471,0.0,,,0.44496,
Gardner_minutes_zscore__4g_novelty_ev3.0,150,0.968,0.9655,198.37,234.49,587.3558,0.0,,,0.54253,
Gardner_speeches_wordcount__4a_total_sent_ev1.0,151,0.9681,0.9668,191.2,212.32,1174.2296,0.0,,,0.538859,
Gardner_speeches_wordcount__4b_sent_sd_ev1.0,151,0.968,0.9669,189.71,207.81,1225.8998,0.0,,,0.534327,
Gardner_speeches_wordcount__4b_sent_var_ev1.0,151,0.968,0.9669,189.71,207.81,1225.8998,0.0,,,0.534327,
Gardner_speeches_wordcount__4b_sd_var_joint_ev1.0,151,0.968,0.9669,189.71,207.81,1225.8998,0.0,,,0.534327,
Gardner_speeches_wordcount__4b_consensus_ev1.0,151,0.9736,0.9717,170.6,203.79,744.0825,0.0,,,0.521449,
Gardner_speeches_wordcount__4b_consensus_matched_interactions_ev1.0,151,0.9758,0.9741,157.58,190.77,904.8395,0.0,,,0.332997,
Gardner_speeches_wordcount__4c_all_topics_ev1.0,151,0.9762,0.9745,155.01,188.2,1223.1495,0.0,,,0.532633,
Gardner_speeches_wordcount__4d_topic_pca_ev1.0,151,0.9755,0.9737,159.73,192.92,1166.5287,0.0,,,0.443588,
Gardner_speeches_wordcount__4e_total_interactions_ev1.0,151,0.9788,0.9771,139.8,176.01,1086.1475,0.0,,,0.417688,
Gardner_speeches_wordcount__4f_matched_interactions_ev1.0,151,0.9751,0.9733,161.77,194.96,875.3676,0.0,,,0.506744,
Gardner_speeches_wordcount__4g_novelty_ev1.0,150,0.9676,0.9653,198.32,231.43,57.2872,0.0,,,0.52585,
Gardner_speeches_wordcount__4a_total_sent_ev1.5,151,0.9681,0.9668,191.2,212.32,1174.2296,0.0,,,0.538859,
Gardner_speeches_wordcount__4b_sent_sd_ev1.5,151,0.968,0.9669,189.71,207.81,1225.8998,0.0,,,0.534327,
Gardner_speeches_wordcount__4b_sent_var_ev1.5,151,0.968,0.9669,189.71,207.81,1225.8998,0.0,,,0.534327,
Gardner_speeches_wordcount__4b_sd_var_joint_ev1.5,151,0.968,0.9669,189.71,207.81,1225.8998,0.0,,,0.534327,
Gardner_speeches_wordcount__4b_consensus_ev1.5,151,0.9736,0.9717,170.6,203.79,744.0823,0.0,,,0.521449,
Gardner_speeches_wordcount__4b_consensus_matched_interactions_ev1.5,151,0.9758,0.9741,157.58,190.77,904.8394,0.0,,,0.332997,
Gardner_speeches_wordcount__4c_all_topics_ev1.5,151,0.9762,0.9745,155.01,188.2,1101.3492,0.0,,,0.532633,
Gardner_speeches_wordcount__4d_topic_pca_ev1.5,151,0.9755,0.9737,159.73,192.92,1166.5287,0.0,,,0.443588,
Gardner_speeches_wordcount__4e_total_interactions_ev1.5,151,0.9788,0.9771,139.8,176.01,1086.1476,0.0,,,0.417688,
Gardner_speeches_wordcount__4f_matched_interactions_ev1.5,151,0.9751,0.9733,161.77,194.96,875.3558,0.0,,,0.506744,
Gardner_speeches_wordcount__4g_novelty_ev1.5,150,0.9676,0.9653,198.32,231.43,57.2872,0.0,,,0.52585,
Gardner_speeches_wordcount__4a_total_sent_ev2.0,151,0.9681,0.9668,191.2,212.32,1174.2296,0.0,,,0.538859,
Gardner_speeches_wordcount__4b_sent_sd_ev2.0,151,0.968,0.9669,189.71,207.81,1225.8998,0.0,,,0.534327,
Gardner_speeches_wordcount__4b_sent_var_ev2.0,151,0.968,0.9669,189.71,207.81,1225.8998,0.0,,,0.534327,
Gardner_speeches_wordcount__4b_sd_var_joint_ev2.0,151,0.968,0.9669,189.71,207.81,1225.8998,0.0,,,0.534327,
Gardner_speeches_wordcount__4b_consensus_ev2.0,151,0.9736,0.9717,170.6,203.79,744.082,0.0,,,0.521449,
Gardner_speeches_wordcount__4b_consensus_matched_interactions_ev2.0,151,0.9758,0.9741,157.58,190.77,904.8394,0.0,,,0.332997,
Gardner_speeches_wordcount__4c_all_topics_ev2.0,151,0.9762,0.9745,155.01,188.2,1100.8448,0.0,,,0.532633,
Gardner_speeches_wordcount__4d_topic_pca_ev2.0,151,0.9755,0.9737,159.73,192.92,1166.5287,0.0,,,0.443588,
Gardner_speeches_wordcount__4e_total_interactions_ev2.0,151,0.9788,0.9771,139.8,176.01,1086.1474,0.0,,,0.417688,
Gardner_speeches_wordcount__4f_matched_interactions_ev2.0,151,0.9751,0.9733,161.77,194.96,875.3632,0.0,,,0.506744,
Gardner_speeches_wordcount__4g_novelty_ev2.0,150,0.9676,0.9653,198.32,231.43,57.2872,0.0,,,0.52585,
Gardner_speeches_wordcount__4a_total_sent_ev2.5,151,0.9681,0.9668,191.2,212.32,1174.2296,0.0,,,0.538859,
Gardner_speeches_wordcount__4b_sent_sd_ev2.5,151,0.968,0.9669,189.71,207.81,1225.8998,0.0,,,0.534327,
Gardner_speeches_wordcount__4b_sent_var_ev2.5,151,0.968,0.9669,189.71,207.81,1225.8998,0.0,,,0.534327,
Gardner_speeches_wordcount__4b_sd_var_joint_ev2.5,151,0.968,0.9669,189.71,207.81,1225.8998,0.0,,,0.534327,
Gardner_speeches_wordcount__4b_consensus_ev2.5,151,0.9736,0.9717,170.6,203.79,744.0821,0.0,,,0.521449,
Gardner_speeches_wordcount__4b_consensus_matched_interactions_ev2.5,151,0.9758,0.9741,157.58,190.77,904.8394,0.0,,,0.332997,
Gardner_speeches_wordcount__4c_all_topics_ev2.5,151,0.9762,0.9745,155.01,188.2,1101.1839,0.0,,,0.532633,
Gardner_speeches_wordcount__4d_topic_pca_ev2.5,151,0.9755,0.9737,159.73,192.92,1166.5287,0.0,,,0.443588,
Gardner_speeches_wordcount__4e_total_interactions_ev2.5,151,0.9788,0.9771,139.8,176.01,1086.1475,0.0,,,0.417688,
Gardner_speeches_wordcount__4f_matched_interactions_ev2.5,151,0.9751,0.9733,161.77,194.96,875.3618,0.0,,,0.506744,
Gardner_speeches_wordcount__4g_novelty_ev2.5,150,0.9676,0.9653,198.32,231.43,57.2872,0.0,,,0.52585,
Gardner_speeches_wordcount__4a_total_sent_ev3.0,151,0.9681,0.9668,191.2,212.32,1174.2296,0.0,,,0.538859,
Gardner_speeches_wordcount__4b_sent_sd_ev3.0,151,0.968,0.9669,189.71,207.81,1225.8998,0.0,,,0.534327,
Gardner_speeches_wordcount__4b_sent_var_ev3.0,151,0.968,0.9669,189.71,207.81,1225.8998,0.0,,,0.534327,
Gardner_speeches_wordcount__4b_sd_var_joint_ev3.0,151,0.968,0.9669,189.71,207.81,1225.8998,0.0,,,0.534327,
Gardner_speeches_wordcount__4b_consensus_ev3.0,151,0.9736,0.9717,170.6,203.79,744.0821,0.0,,,0.521449,
Gardner_speeches_wordcount__4b_consensus_matched_interactions_ev3.0,151,0.9758,0.9741,157.58,190.77,904.8394,0.0,,,0.332997,
Gardner_speeches_wordcount__4c_all_topics_ev3.0,151,0.9762,0.9745,155.01,188.2,1101.0414,0.0,,,0.532633,
Gardner_speeches_wordcount__4d_topic_pca_ev3.0,151,0.9755,0.9737,159.73,192.92,1166.5287,0.0,,,0.443588,
Gardner_speeches_wordcount__4e_total_interactions_ev3.0,151,0.9788,0.9771,139.8,176.01,1086.1475,0.0,,,0.417688,
Gardner_speeches_wordcount__4f_matched_interactions_ev3.0,151,0.9751,0.9733,161.77,194.96,875.3637,0.0,,,0.506744,
Gardner_speeches_wordcount__4g_novelty_ev3.0,150,0.9676,0.9653,198.32,231.43,57.2872,0.0,,,0.52585,
Gardner_speeches_zscore__4a_total_sent_ev1.0,151,0.968,0.9667,191.54,212.66,1163.4857,0.0,,,0.550317,
Gardner_speeches_zscore__4b_sent_sd_ev1.0,151,0.968,0.9669,189.71,207.81,1225.8998,0.0,,,0.534327,
Gardner_speeches_zscore__4b_sent_var_ev1.0,151,0.968,0.9669,189.71,207.81,1225.8998,0.0,,,0.534327,
Gardner_speeches_zscore__4b_sd_var_joint_ev1.0,151,0.968,0.9669,189.71,207.81,1225.8998,0.0,,,0.534327,
Gardner_speeches_zscore__4b_consensus_ev1.0,151,0.9726,0.9706,176.3,209.49,736.6588,0.0,,,0.504063,
Gardner_speeches_zscore__4b_consensus_matched_interactions_ev1.0,151,0.9742,0.9724,166.99,200.18,621.9602,0.0,,,0.431789,
Gardner_speeches_zscore__4c_all_topics_ev1.0,151,0.9746,0.9728,165.0,198.19,778.1439,0.0,,,0.539355,
Gardner_speeches_zscore__4d_topic_pca_ev1.0,151,0.975,0.9734,160.36,190.53,1095.0791,0.0,,,0.404335,
Gardner_speeches_zscore__4e_total_interactions_ev1.0,151,0.9736,0.9715,172.6,208.8,988.4813,0.0,,,0.477963,
Gardner_speeches_zscore__4f_matched_interactions_ev1.0,151,0.9742,0.9724,167.15,200.34,796.0744,0.0,,,0.474137,
Gardner_speeches_zscore__4g_novelty_ev1.0,150,0.9681,0.9655,198.05,234.18,538.6604,0.0,,,0.535634,
Gardner_speeches_zscore__4a_total_sent_ev1.5,151,0.968,0.9667,191.54,212.66,1163.4857,0.0,,,0.550317,
Gardner_speeches_zscore__4b_sent_sd_ev1.5,151,0.968,0.9669,189.71,207.81,1225.8998,0.0,,,0.534327,
Gardner_speeches_zscore__4b_sent_var_ev1.5,151,0.968,0.9669,189.71,207.81,1225.8998,0.0,,,0.534327,
Gardner_speeches_zscore__4b_sd_var_joint_ev1.5,151,0.968,0.9669,189.71,207.81,1225.8998,0.0,,,0.534327,
Gardner_speeches_zscore__4b_consensus_ev1.5,151,0.9726,0.9706,176.3,209.49,736.6588,0.0,,,0.504063,
Gardner_speeches_zscore__4b_consensus_matched_interactions_ev1.5,151,0.9742,0.9724,166.99,200.18,621.9602,0.0,,,0.431789,
Gardner_speeches_zscore__4c_all_topics_ev1.5,151,0.9746,0.9728,165.0,198.19,778.1439,0.0,,,0.539355,
Gardner_speeches_zscore__4d_topic_pca_ev1.5,151,0.975,0.9734,160.36,190.53,1095.0791,0.0,,,0.404335,
Gardner_speeches_zscore__4e_total_interactions_ev1.5,151,0.9736,0.9715,172.6,208.8,988.4813,0.0,,,0.477963,
Gardner_speeches_zscore__4f_matched_interactions_ev1.5,151,0.9742,0.9724,167.15,200.34,796.0744,0.0,,,0.474137,
Gardner_speeches_zscore__4g_novelty_ev1.5,150,0.9681,0.9655,198.05,234.18,538.6604,0.0,,,0.535634,
Gardner_speeches_zscore__4a_total_sent_ev2.0,151,0.968,0.9667,191.54,212.66,1163.4857,0.0,,,0.550317,
Gardner_speeches_zscore__4b_sent_sd_ev2.0,151,0.968,0.9669,189.71,207.81,1225.8998,0.0,,,0.534327,
Gardner_speeches_zscore__4b_sent_var_ev2.0,151,0.968,0.9669,189.71,207.81,1225.8998,0.0,,,0.534327,
Gardner_speeches_zscore__4b_sd_var_joint_ev2.0,151,0.968,0.9669,189.71,207.81,1225.8998,0.0,,,0.534327,
Gardner_speeches_zscore__4b_consensus_ev2.0,151,0.9726,0.9706,176.3,209.49,736.6588,0.0,,,0.504063,
Gardner_speeches_zscore__4b_consensus_matched_interactions_ev2.0,151,0.9742,0.9724,166.99,200.18,621.9602,0.0,,,0.431789,
Gardner_speeches_zscore__4c_all_topics_ev2.0,151,0.9746,0.9728,165.0,198.19,778.1439,0.0,,,0.539355,
Gardner_speeches_zscore__4d_topic_pca_ev2.0,151,0.975,0.9734,160.36,190.53,1095.0791,0.0,,,0.404335,
Gardner_speeches_zscore__4e_total_interactions_ev2.0,151,0.9736,0.9715,172.6,208.8,988.4813,0.0,,,0.477963,
Gardner_speeches_zscore__4f_matched_interactions_ev2.0,151,0.9742,0.9724,167.15,200.34,796.0744,0.0,,,0.474137,
Gardner_speeches_zscore__4g_novelty_ev2.0,150,0.9681,0.9655,198.05,234.18,538.6604,0.0,,,0.535634,
Gardner_speeches_zscore__4a_total_sent_ev2.5,151,0.968,0.9667,191.54,212.66,1163.4857,0.0,,,0.550317,
Gardner_speeches_zscore__4b_sent_sd_ev2.5,151,0.968,0.9669,189.71,207.81,1225.8998,0.0,,,0.534327,
Gardner_speeches_zscore__4b_sent_var_ev2.5,151,0.968,0.9669,189.71,207.81,1225.8998,0.0,,,0.534327,
Gardner_speeches_zscore__4b_sd_var_joint_ev2.5,151,0.968,0.9669,189.71,207.81,1225.8998,0.0,,,0.534327,
Gardner_speeches_zscore__4b_consensus_ev2.5,151,0.9726,0.9706,176.3,209.49,736.6588,0.0,,,0.504063,
Gardner_speeches_zscore__4b_consensus_matched_interactions_ev2.5,151,0.9742,0.9724,166.99,200.18,621.9602,0.0,,,0.431789,
Gardner_speeches_zscore__4c_all_topics_ev2.5,151,0.9746,0.9728,165.0,198.19,778.1439,0.0,,,0.539355,
Gardner_speeches_zscore__4d_topic_pca_ev2.5,151,0.975,0.9734,160.36,190.53,1095.0791,0.0,,,0.404335,
Gardner_speeches_zscore__4e_total_interactions_ev2.5,151,0.9736,0.9715,172.6,208.8,988.4813,0.0,,,0.477963,
Gardner_speeches_zscore__4f_matched_interactions_ev2.5,151,0.9742,0.9724,167.15,200.34,796.0744,0.0,,,0.474137,
Gardner_speeches_zscore__4g_novelty_ev2.5,150,0.9681,0.9655,198.05,234.18,538.6604,0.0,,,0.535634,
Gardner_speeches_zscore__4a_total_sent_ev3.0,151,0.968,0.9667,191.54,212.66,1163.4857,0.0,,,0.550317,
Gardner_speeches_zscore__4b_sent_sd_ev3.0,151,0.968,0.9669,189.71,207.81,1225.8998,0.0,,,0.534327,
Gardner_speeches_zscore__4b_sent_var_ev3.0,151,0.968,0.9669,189.71,207.81,1225.8998,0.0,,,0.534327,
Gardner_speeches_zscore__4b_sd_var_joint_ev3.0,151,0.968,0.9669,189.71,207.81,1225.8998,0.0,,,0.534327,
Gardner_speeches_zscore__4b_consensus_ev3.0,151,0.9726,0.9706,176.3,209.49,736.6588,0.0,,,0.504063,
Gardner_speeches_zscore__4b_consensus_matched_interactions_ev3.0,151,0.9742,0.9724,166.99,200.18,621.9602,0.0,,,0.431789,
Gardner_speeches_zscore__4c_all_topics_ev3.0,151,0.9746,0.9728,165.0,198.19,778.1439,0.0,,,0.539355,
Gardner_speeches_zscore__4d_topic_pca_ev3.0,151,0.975,0.9734,160.36,190.53,1095.0791,0.0,,,0.404335,
Gardner_speeches_zscore__4e_total_interactions_ev3.0,151,0.9736,0.9715,172.6,208.8,988.4813,0.0,,,0.477963,
Gardner_speeches_zscore__4f_matched_interactions_ev3.0,151,0.9742,0.9724,167.15,200.34,796.0744,0.0,,,0.474137,
Gardner_speeches_zscore__4g_novelty_ev3.0,150,0.9681,0.9655,198.05,234.18,538.6604,0.0,,,0.535634,
Gardner_press_conferences_wordcount__4a_total_sent_ev1.0,118,0.9756,0.9743,125.36,144.75,956.7524,0.0,,,0.485921,
Gardner_press_conferences_wordcount__4b_sent_sd_ev1.0,151,0.968,0.9669,189.71,207.81,1225.8998,0.0,,,0.534327,
Gardner_press_conferences_wordcount__4b_sent_var_ev1.0,151,0.968,0.9669,189.71,207.81,1225.8998,0.0,,,0.534327,
Gardner_press_conferences_wordcount__4b_sd_var_joint_ev1.0,151,0.968,0.9669,189.71,207.81,1225.8998,0.0,,,0.534327,
Gardner_press_conferences_wordcount__4b_consensus_ev1.0,118,0.9806,0.9788,106.28,136.76,1035.9809,0.0,,,0.229848,
Gardner_press_conferences_wordcount__4b_consensus_matched_interactions_ev1.0,118,0.9784,0.9764,119.15,149.63,707.7921,0.0,,,0.487408,
Gardner_press_conferences_wordcount__4c_all_topics_ev1.0,118,0.9809,0.9791,104.64,135.12,732.5744,0.0,,,0.531228,
Gardner_press_conferences_wordcount__4d_topic_pca_ev1.0,118,0.9788,0.9771,114.85,142.56,736.7259,0.0,,,0.594944,
Gardner_press_conferences_wordcount__4e_total_interactions_ev1.0,118,0.9858,0.9843,71.84,105.09,875.7942,0.0,,,0.329568,
Gardner_press_conferences_wordcount__4f_matched_interactions_ev1.0,118,0.9758,0.9735,132.56,163.04,571.9454,0.0,,,0.475134,
Gardner_press_conferences_wordcount__4g_novelty_ev1.0,117,0.9717,0.969,150.34,180.73,588.1767,0.0,,,0.52004,
Gardner_press_conferences_wordcount__4a_total_sent_ev1.5,118,0.9756,0.9743,125.36,144.75,956.7524,0.0,,,0.485921,
Gardner_press_conferences_wordcount__4b_sent_sd_ev1.5,151,0.968,0.9669,189.71,207.81,1225.8998,0.0,,,0.534327,
Gardner_press_conferences_wordcount__4b_sent_var_ev1.5,151,0.968,0.9669,189.71,207.81,1225.8998,0.0,,,0.534327,
Gardner_press_conferences_wordcount__4b_sd_var_joint_ev1.5,151,0.968,0.9669,189.71,207.81,1225.8998,0.0,,,0.534327,
Gardner_press_conferences_wordcount__4b_consensus_ev1.5,118,0.9806,0.9788,106.28,136.76,1035.9812,0.0,,,0.229848,
Gardner_press_conferences_wordcount__4b_consensus_matched_interactions_ev1.5,118,0.9784,0.9764,119.15,149.63,707.7921,0.0,,,0.487408,
Gardner_press_conferences_wordcount__4c_all_topics_ev1.5,118,0.9809,0.9791,104.64,135.12,732.2362,0.0,,,0.531228,
Gardner_press_conferences_wordcount__4d_topic_pca_ev1.5,118,0.9788,0.9771,114.85,142.56,736.7259,0.0,,,0.594944,
Gardner_press_conferences_wordcount__4e_total_interactions_ev1.5,118,0.9858,0.9843,71.84,105.09,875.7936,0.0,,,0.329568,
Gardner_press_conferences_wordcount__4f_matched_interactions_ev1.5,118,0.9758,0.9735,132.56,163.04,571.9392,0.0,,,0.475134,
Gardner_press_conferences_wordcount__4g_novelty_ev1.5,117,0.9717,0.969,150.34,180.73,588.1767,0.0,,,0.52004,
Gardner_press_conferences_wordcount__4a_total_sent_ev2.0,118,0.9756,0.9743,125.36,144.75,956.7524,0.0,,,0.485921,
Gardner_press_conferences_wordcount__4b_sent_sd_ev2.0,151,0.968,0.9669,189.71,207.81,1225.8998,0.0,,,0.534327,
Gardner_press_conferences_wordcount__4b_sent_var_ev2.0,151,0.968,0.9669,189.71,207.81,1225.8998,0.0,,,0.534327,
Gardner_press_conferences_wordcount__4b_sd_var_joint_ev2.0,151,0.968,0.9669,189.71,207.81,1225.8998,0.0,,,0.534327,
Gardner_press_conferences_wordcount__4b_consensus_ev2.0,118,0.9806,0.9788,106.28,136.76,1035.9807,0.0,,,0.229848,
Gardner_press_conferences_wordcount__4b_consensus_matched_interactions_ev2.0,118,0.9784,0.9764,119.15,149.63,707.7921,0.0,,,0.487408,
Gardner_press_conferences_wordcount__4c_all_topics_ev2.0,118,0.9809,0.9791,104.64,135.12,732.2982,0.0,,,0.531228,
Gardner_press_conferences_wordcount__4d_topic_pca_ev2.0,118,0.9788,0.9771,114.85,142.56,736.7259,0.0,,,0.594944,
Gardner_press_conferences_wordcount__4e_total_interactions_ev2.0,118,0.9858,0.9843,71.84,105.09,875.7943,0.0,,,0.329568,
Gardner_press_conferences_wordcount__4f_matched_interactions_ev2.0,118,0.9758,0.9735,132.56,163.04,571.9404,0.0,,,0.475134,
Gardner_press_conferences_wordcount__4g_novelty_ev2.0,117,0.9717,0.969,150.34,180.73,588.1767,0.0,,,0.52004,
Gardner_press_conferences_wordcount__4a_total_sent_ev2.5,118,0.9756,0.9743,125.36,144.75,956.7524,0.0,,,0.485921,
Gardner_press_conferences_wordcount__4b_sent_sd_ev2.5,151,0.968,0.9669,189.71,207.81,1225.8998,0.0,,,0.534327,
Gardner_press_conferences_wordcount__4b_sent_var_ev2.5,151,0.968,0.9669,189.71,207.81,1225.8998,0.0,,,0.534327,
Gardner_press_conferences_wordcount__4b_sd_var_joint_ev2.5,151,0.968,0.9669,189.71,207.81,1225.8998,0.0,,,0.534327,
Gardner_press_conferences_wordcount__4b_consensus_ev2.5,118,0.9806,0.9788,106.28,136.76,1035.9808,0.0,,,0.229848,
Gardner_press_conferences_wordcount__4b_consensus_matched_interactions_ev2.5,118,0.9784,0.9764,119.15,149.63,707.7921,0.0,,,0.487408,
Gardner_press_conferences_wordcount__4c_all_topics_ev2.5,118,0.9809,0.9791,104.64,135.12,732.3264,0.0,,,0.531228,
Gardner_press_conferences_wordcount__4d_topic_pca_ev2.5,118,0.9788,0.9771,114.85,142.56,736.7259,0.0,,,0.594944,
Gardner_press_conferences_wordcount__4e_total_interactions_ev2.5,118,0.9858,0.9843,71.84,105.09,875.7941,0.0,,,0.329568,
Gardner_press_conferences_wordcount__4f_matched_interactions_ev2.5,118,0.9758,0.9735,132.56,163.04,571.944,0.0,,,0.475134,
Gardner_press_conferences_wordcount__4g_novelty_ev2.5,117,0.9717,0.969,150.34,180.73,588.1767,0.0,,,0.52004,
Gardner_press_conferences_wordcount__4a_total_sent_ev3.0,118,0.9756,0.9743,125.36,144.75,956.7524,0.0,,,0.485921,
Gardner_press_conferences_wordcount__4b_sent_sd_ev3.0,151,0.968,0.9669,189.71,207.81,1225.8998,0.0,,,0.534327,
Gardner_press_conferences_wordcount__4b_sent_var_ev3.0,151,0.968,0.9669,189.71,207.81,1225.8998,0.0,,,0.534327,
Gardner_press_conferences_wordcount__4b_sd_var_joint_ev3.0,151,0.968,0.9669,189.71,207.81,1225.8998,0.0,,,0.534327,
Gardner_press_conferences_wordcount__4b_consensus_ev3.0,118,0.9806,0.9788,106.28,136.76,1035.9809,0.0,,,0.229848,
Gardner_press_conferences_wordcount__4b_consensus_matched_interactions_ev3.0,118,0.9784,0.9764,119.15,149.63,707.7921,0.0,,,0.487408,
Gardner_press_conferences_wordcount__4c_all_topics_ev3.0,118,0.9809,0.9791,104.64,135.12,732.2842,0.0,,,0.531228,
Gardner_press_conferences_wordcount__4d_topic_pca_ev3.0,118,0.9788,0.9771,114.85,142.56,736.7259,0.0,,,0.594944,
Gardner_press_conferences_wordcount__4e_total_interactions_ev3.0,118,0.9858,0.9843,71.84,105.09,875.7944,0.0,,,0.329568,
Gardner_press_conferences_wordcount__4f_matched_interactions_ev3.0,118,0.9758,0.9735,132.56,163.04,571.9418,0.0,,,0.475134,
Gardner_press_conferences_wordcount__4g_novelty_ev3.0,117,0.9717,0.969,150.34,180.73,588.1767,0.0,,,0.52004,
Gardner_press_conferences_zscore__4a_total_sent_ev1.0,118,0.9723,0.9708,140.69,160.09,859.9565,0.0,,,0.568475,
Gardner_press_conferences_zscore__4b_sent_sd_ev1.0,151,0.968,0.9669,189.71,207.81,1225.8998,0.0,,,0.534327,
Gardner_press_conferences_zscore__4b_sent_var_ev1.0,151,0.968,0.9669,189.71,207.81,1225.8998,0.0,,,0.534327,
Gardner_press_conferences_zscore__4b_sd_var_joint_ev1.0,151,0.968,0.9669,189.71,207.81,1225.8998,0.0,,,0.534327,
Gardner_press_conferences_zscore__4b_consensus_ev1.0,118,0.9781,0.9761,120.81,151.29,867.6097,0.0,,,0.332567,
Gardner_press_conferences_zscore__4b_consensus_matched_interactions_ev1.0,118,0.9792,0.9773,114.6,145.08,960.7234,0.0,,,0.254274,
Gardner_press_conferences_zscore__4c_all_topics_ev1.0,118,0.9808,0.979,105.22,135.69,890.1572,0.0,,,0.523231,
Gardner_press_conferences_zscore__4d_topic_pca_ev1.0,118,0.9787,0.9769,115.77,143.48,864.2032,0.0,,,0.610655,
Gardner_press_conferences_zscore__4e_total_interactions_ev1.0,118,0.9887,0.9875,44.62,77.87,1205.0617,0.0,,,0.285837,
Gardner_press_conferences_zscore__4f_matched_interactions_ev1.0,118,0.9832,0.9817,89.32,119.8,860.223,0.0,,,0.245157,
Gardner_press_conferences_zscore__4g_novelty_ev1.0,117,0.9702,0.9671,158.29,191.44,491.5961,0.0,,,0.560959,
Gardner_press_conferences_zscore__4a_total_sent_ev1.5,118,0.9723,0.9708,140.69,160.09,859.9565,0.0,,,0.568475,
Gardner_press_conferences_zscore__4b_sent_sd_ev1.5,151,0.968,0.9669,189.71,207.81,1225.8998,0.0,,,0.534327,
Gardner_press_conferences_zscore__4b_sent_var_ev1.5,151,0.968,0.9669,189.71,207.81,1225.8998,0.0,,,0.534327,
Gardner_press_conferences_zscore__4b_sd_var_joint_ev1.5,151,0.968,0.9669,189.71,207.81,1225.8998,0.0,,,0.534327,
Gardner_press_conferences_zscore__4b_consensus_ev1.5,118,0.9781,0.9761,120.81,151.29,867.6097,0.0,,,0.332567,
Gardner_press_conferences_zscore__4b_consensus_matched_interactions_ev1.5,118,0.9792,0.9773,114.6,145.08,960.7234,0.0,,,0.254274,
Gardner_press_conferences_zscore__4c_all_topics_ev1.5,118,0.9808,0.979,105.22,135.69,890.1572,0.0,,,0.523231,
Gardner_press_conferences_zscore__4d_topic_pca_ev1.5,118,0.9787,0.9769,115.77,143.48,864.2032,0.0,,,0.610655,
Gardner_press_conferences_zscore__4e_total_interactions_ev1.5,118,0.9887,0.9875,44.62,77.87,1205.0617,0.0,,,0.285837,
Gardner_press_conferences_zscore__4f_matched_interactions_ev1.5,118,0.9832,0.9817,89.32,119.8,860.223,0.0,,,0.245157,
Gardner_press_conferences_zscore__4g_novelty_ev1.5,117,0.9702,0.9671,158.29,191.44,491.5961,0.0,,,0.560959,
Gardner_press_conferences_zscore__4a_total_sent_ev2.0,118,0.9723,0.9708,140.69,160.09,859.9565,0.0,,,0.568475,
Gardner_press_conferences_zscore__4b_sent_sd_ev2.0,151,0.968,0.9669,189.71,207.81,1225.8998,0.0,,,0.534327,
Gardner_press_conferences_zscore__4b_sent_var_ev2.0,151,0.968,0.9669,189.71,207.81,1225.8998,0.0,,,0.534327,
Gardner_press_conferences_zscore__4b_sd_var_joint_ev2.0,151,0.968,0.9669,189.71,207.81,1225.8998,0.0,,,0.534327,
Gardner_press_conferences_zscore__4b_consensus_ev2.0,118,0.9781,0.9761,120.81,151.29,867.6097,0.0,,,0.332567,
Gardner_press_conferences_zscore__4b_consensus_matched_interactions_ev2.0,118,0.9792,0.9773,114.6,145.08,960.7234,0.0,,,0.254274,
Gardner_press_conferences_zscore__4c_all_topics_ev2.0,118,0.9808,0.979,105.22,135.69,890.1572,0.0,,,0.523231,
Gardner_press_conferences_zscore__4d_topic_pca_ev2.0,118,0.9787,0.9769,115.77,143.48,864.2032,0.0,,,0.610655,
Gardner_press_conferences_zscore__4e_total_interactions_ev2.0,118,0.9887,0.9875,44.62,77.87,1205.0617,0.0,,,0.285837,
Gardner_press_conferences_zscore__4f_matched_interactions_ev2.0,118,0.9832,0.9817,89.32,119.8,860.223,0.0,,,0.245157,
Gardner_press_conferences_zscore__4g_novelty_ev2.0,117,0.9702,0.9671,158.29,191.44,491.5961,0.0,,,0.560959,
Gardner_press_conferences_zscore__4a_total_sent_ev2.5,118,0.9723,0.9708,140.69,160.09,859.9565,0.0,,,0.568475,
Gardner_press_conferences_zscore__4b_sent_sd_ev2.5,151,0.968,0.9669,189.71,207.81,1225.8998,0.0,,,0.534327,
Gardner_press_conferences_zscore__4b_sent_var_ev2.5,151,0.968,0.9669,189.71,207.81,1225.8998,0.0,,,0.534327,
Gardner_press_conferences_zscore__4b_sd_var_joint_ev2.5,151,0.968,0.9669,189.71,207.81,1225.8998,0.0,,,0.534327,
Gardner_press_conferences_zscore__4b_consensus_ev2.5,118,0.9781,0.9761,120.81,151.29,867.6097,0.0,,,0.332567,
Gardner_press_conferences_zscore__4b_consensus_matched_interactions_ev2.5,118,0.9792,0.9773,114.6,145.08,960.7234,0.0,,,0.254274,
Gardner_press_conferences_zscore__4c_all_topics_ev2.5,118,0.9808,0.979,105.22,135.69,890.1572,0.0,,,0.523231,
Gardner_press_conferences_zscore__4d_topic_pca_ev2.5,118,0.9787,0.9769,115.77,143.48,864.2032,0.0,,,0.610655,
Gardner_press_conferences_zscore__4e_total_interactions_ev2.5,118,0.9887,0.9875,44.62,77.87,1205.0617,0.0,,,0.285837,
Gardner_press_conferences_zscore__4f_matched_interactions_ev2.5,118,0.9832,0.9817,89.32,119.8,860.223,0.0,,,0.245157,
Gardner_press_conferences_zscore__4g_novelty_ev2.5,117,0.9702,0.9671,158.29,191.44,491.5961,0.0,,,0.560959,
Gardner_press_conferences_zscore__4a_total_sent_ev3.0,118,0.9723,0.9708,140.69,160.09,859.9565,0.0,,,0.568475,
Gardner_press_conferences_zscore__4b_sent_sd_ev3.0,151,0.968,0.9669,189.71,207.81,1225.8998,0.0,,,0.534327,
Gardner_press_conferences_zscore__4b_sent_var_ev3.0,151,0.968,0.9669,189.71,207.81,1225.8998,0.0,,,0.534327,
Gardner_press_conferences_zscore__4b_sd_var_joint_ev3.0,151,0.968,0.9669,189.71,207.81,1225.8998,0.0,,,0.534327,
Gardner_press_conferences_zscore__4b_consensus_ev3.0,118,0.9781,0.9761,120.81,151.29,867.6097,0.0,,,0.332567,
Gardner_press_conferences_zscore__4b_consensus_matched_interactions_ev3.0,118,0.9792,0.9773,114.6,145.08,960.7234,0.0,,,0.254274,
Gardner_press_conferences_zscore__4c_all_topics_ev3.0,118,0.9808,0.979,105.22,135.69,890.1572,0.0,,,0.523231,
Gardner_press_conferences_zscore__4d_topic_pca_ev3.0,118,0.9787,0.9769,115.77,143.48,864.2032,0.0,,,0.610655,
Gardner_press_conferences_zscore__4e_total_interactions_ev3.0,118,0.9887,0.9875,44.62,77.87,1205.0617,0.0,,,0.285837,
Gardner_press_conferences_zscore__4f_matched_interactions_ev3.0,118,0.9832,0.9817,89.32,119.8,860.223,0.0,,,0.245157,
Gardner_press_conferences_zscore__4g_novelty_ev3.0,117,0.9702,0.9671,158.29,191.44,491.5961,0.0,,,0.560959,
Gardner_statements_minutes_speeches_press_conferences_wordcount__4a_total_sent_ev1.0,151,0.9683,0.967,190.44,211.56,1220.3395,0.0,,,0.559291,
Gardner_statements_minutes_speeches_press_conferences_wordcount__4b_sent_sd_ev1.0,151,0.968,0.9669,189.71,207.81,1225.8998,0.0,,,0.534327,
Gardner_statements_minutes_speeches_press_conferences_wordcount__4b_sent_var_ev1.0,151,0.968,0.9669,189.71,207.81,1225.8998,0.0,,,0.534327,
Gardner_statements_minutes_speeches_press_conferences_wordcount__4b_sd_var_joint_ev1.0,151,0.968,0.9669,189.71,207.81,1225.8998,0.0,,,0.534327,
Gardner_statements_minutes_speeches_press_conferences_wordcount__4b_consensus_ev1.0,151,0.9811,0.9798,120.22,153.41,1089.6726,0.0,,,0.474191,
Gardner_statements_minutes_speeches_press_conferences_wordcount__4b_consensus_matched_interactions_ev1.0,151,0.9773,0.9757,147.64,180.83,813.5999,0.0,,,0.449464,
Gardner_statements_minutes_speeches_press_conferences_wordcount__4c_all_topics_ev1.0,151,0.9743,0.9724,166.88,200.07,755.8356,0.0,,,0.560831,
Gardner_statements_minutes_speeches_press_conferences_wordcount__4d_topic_pca_ev1.0,151,0.9809,0.9796,120.13,150.3,1325.8943,0.0,,,0.351715,
Gardner_statements_minutes_speeches_press_conferences_wordcount__4e_total_interactions_ev1.0,151,0.9781,0.9764,144.47,180.68,912.6169,0.0,,,0.342273,
Gardner_statements_minutes_speeches_press_conferences_wordcount__4f_matched_interactions_ev1.0,151,0.9736,0.9717,170.89,204.08,888.4485,0.0,,,0.459031,
Gardner_statements_minutes_speeches_press_conferences_wordcount__4g_novelty_ev1.0,150,0.9686,0.9663,193.59,226.71,684.6694,0.0,,,0.541877,
Gardner_statements_minutes_speeches_press_conferences_wordcount__4a_total_sent_ev1.5,151,0.9683,0.967,190.44,211.56,1220.3395,0.0,,,0.559291,
Gardner_statements_minutes_speeches_press_conferences_wordcount__4b_sent_sd_ev1.5,151,0.968,0.9669,189.71,207.81,1225.8998,0.0,,,0.534327,
Gardner_statements_minutes_speeches_press_conferences_wordcount__4b_sent_var_ev1.5,151,0.968,0.9669,189.71,207.81,1225.8998,0.0,,,0.534327,
Gardner_statements_minutes_speeches_press_conferences_wordcount__4b_sd_var_joint_ev1.5,151,0.968,0.9669,189.71,207.81,1225.8998,0.0,,,0.534327,
Gardner_statements_minutes_speeches_press_conferences_wordcount__4b_consensus_ev1.5,151,0.9811,0.9798,120.22,153.41,1089.6726,0.0,,,0.474191,
Gardner_statements_minutes_speeches_press_conferences_wordcount__4b_consensus_matched_interactions_ev1.5,151,0.9773,0.9757,147.64,180.83,813.5999,0.0,,,0.449464,
Gardner_statements_minutes_speeches_press_conferences_wordcount__4c_all_topics_ev1.5,151,0.9743,0.9724,166.88,200.07,755.8356,0.0,,,0.560831,
Gardner_statements_minutes_speeches_press_conferences_wordcount__4d_topic_pca_ev1.5,151,0.9809,0.9796,120.13,150.3,1325.8943,0.0,,,0.351715,
Gardner_statements_minutes_speeches_press_conferences_wordcount__4e_total_interactions_ev1.5,151,0.9781,0.9764,144.47,180.68,912.6169,0.0,,,0.342273,
Gardner_statements_minutes_speeches_press_conferences_wordcount__4f_matched_interactions_ev1.5,151,0.9736,0.9717,170.89,204.08,888.4485,0.0,,,0.459031,
Gardner_statements_minutes_speeches_press_conferences_wordcount__4g_novelty_ev1.5,150,0.9686,0.9663,193.59,226.71,684.6694,0.0,,,0.541877,
Gardner_statements_minutes_speeches_press_conferences_wordcount__4a_total_sent_ev2.0,151,0.9683,0.967,190.44,211.56,1220.3395,0.0,,,0.559291,
Gardner_statements_minutes_speeches_press_conferences_wordcount__4b_sent_sd_ev2.0,151,0.968,0.9669,189.71,207.81,1225.8998,0.0,,,0.534327,
Gardner_statements_minutes_speeches_press_conferences_wordcount__4b_sent_var_ev2.0,151,0.968,0.9669,189.71,207.81,1225.8998,0.0,,,0.534327,
Gardner_statements_minutes_speeches_press_conferences_wordcount__4b_sd_var_joint_ev2.0,151,0.968,0.9669,189.71,207.81,1225.8998,0.0,,,0.534327,
Gardner_statements_minutes_speeches_press_conferences_wordcount__4b_consensus_ev2.0,151,0.9811,0.9798,120.22,153.41,1089.6726,0.0,,,0.474191,
Gardner_statements_minutes_speeches_press_conferences_wordcount__4b_consensus_matched_interactions_ev2.0,151,0.9773,0.9757,147.64,180.83,813.5999,0.0,,,0.449464,
Gardner_statements_minutes_speeches_press_conferences_wordcount__4c_all_topics_ev2.0,151,0.9743,0.9724,166.88,200.07,755.8356,0.0,,,0.560831,
Gardner_statements_minutes_speeches_press_conferences_wordcount__4d_topic_pca_ev2.0,151,0.9809,0.9796,120.13,150.3,1325.8943,0.0,,,0.351715,
Gardner_statements_minutes_speeches_press_conferences_wordcount__4e_total_interactions_ev2.0,151,0.9781,0.9764,144.47,180.68,912.6169,0.0,,,0.342273,
Gardner_statements_minutes_speeches_press_conferences_wordcount__4f_matched_interactions_ev2.0,151,0.9736,0.9717,170.89,204.08,888.4485,0.0,,,0.459031,
Gardner_statements_minutes_speeches_press_conferences_wordcount__4g_novelty_ev2.0,150,0.9686,0.9663,193.59,226.71,684.6694,0.0,,,0.541877,
Gardner_statements_minutes_speeches_press_conferences_wordcount__4a_total_sent_ev2.5,151,0.9683,0.967,190.44,211.56,1220.3395,0.0,,,0.559291,
Gardner_statements_minutes_speeches_press_conferences_wordcount__4b_sent_sd_ev2.5,151,0.968,0.9669,189.71,207.81,1225.8998,0.0,,,0.534327,
Gardner_statements_minutes_speeches_press_conferences_wordcount__4b_sent_var_ev2.5,151,0.968,0.9669,189.71,207.81,1225.8998,0.0,,,0.534327,
Gardner_statements_minutes_speeches_press_conferences_wordcount__4b_sd_var_joint_ev2.5,151,0.968,0.9669,189.71,207.81,1225.8998,0.0,,,0.534327,
Gardner_statements_minutes_speeches_press_conferences_wordcount__4b_consensus_ev2.5,151,0.9811,0.9798,120.22,153.41,1089.6726,0.0,,,0.474191,
Gardner_statements_minutes_speeches_press_conferences_wordcount__4b_consensus_matched_interactions_ev2.5,151,0.9773,0.9757,147.64,180.83,813.5999,0.0,,,0.449464,
Gardner_statements_minutes_speeches_press_conferences_wordcount__4c_all_topics_ev2.5,151,0.9743,0.9724,166.88,200.07,755.8356,0.0,,,0.560831,
Gardner_statements_minutes_speeches_press_conferences_wordcount__4d_topic_pca_ev2.5,151,0.9809,0.9796,120.13,150.3,1325.8943,0.0,,,0.351715,
Gardner_statements_minutes_speeches_press_conferences_wordcount__4e_total_interactions_ev2.5,151,0.9781,0.9764,144.47,180.68,912.6169,0.0,,,0.342273,
Gardner_statements_minutes_speeches_press_conferences_wordcount__4f_matched_interactions_ev2.5,151,0.9736,0.9717,170.89,204.08,888.4485,0.0,,,0.459031,
Gardner_statements_minutes_speeches_press_conferences_wordcount__4g_novelty_ev2.5,150,0.9686,0.9663,193.59,226.71,684.6694,0.0,,,0.541877,
Gardner_statements_minutes_speeches_press_conferences_wordcount__4a_total_sent_ev3.0,151,0.9683,0.967,190.44,211.56,1220.3395,0.0,,,0.559291,
Gardner_statements_minutes_speeches_press_conferences_wordcount__4b_sent_sd_ev3.0,151,0.968,0.9669,189.71,207.81,1225.8998,0.0,,,0.534327,
Gardner_statements_minutes_speeches_press_conferences_wordcount__4b_sent_var_ev3.0,151,0.968,0.9669,189.71,207.81,1225.8998,0.0,,,0.534327,
Gardner_statements_minutes_speeches_press_conferences_wordcount__4b_sd_var_joint_ev3.0,151,0.968,0.9669,189.71,207.81,1225.8998,0.0,,,0.534327,
Gardner_statements_minutes_speeches_press_conferences_wordcount__4b_consensus_ev3.0,151,0.9811,0.9798,120.22,153.41,1089.6726,0.0,,,0.474191,
Gardner_statements_minutes_speeches_press_conferences_wordcount__4b_consensus_matched_interactions_ev3.0,151,0.9773,0.9757,147.64,180.83,813.5999,0.0,,,0.449464,
Gardner_statements_minutes_speeches_press_conferences_wordcount__4c_all_topics_ev3.0,151,0.9743,0.9724,166.88,200.07,755.8356,0.0,,,0.560831,
Gardner_statements_minutes_speeches_press_conferences_wordcount__4d_topic_pca_ev3.0,151,0.9809,0.9796,120.13,150.3,1325.8943,0.0,,,0.351715,
Gardner_statements_minutes_speeches_press_conferences_wordcount__4e_total_interactions_ev3.0,151,0.9781,0.9764,144.47,180.68,912.6169,0.0,,,0.342273,
Gardner_statements_minutes_speeches_press_conferences_wordcount__4f_matched_interactions_ev3.0,151,0.9736,0.9717,170.89,204.08,888.4485,0.0,,,0.459031,
Gardner_statements_minutes_speeches_press_conferences_wordcount__4g_novelty_ev3.0,150,0.9686,0.9663,193.59,226.71,684.6694,0.0,,,0.541877,
Gardner_statements_minutes_speeches_press_conferences_zscore__4a_total_sent_ev1.0,151,0.9686,0.9673,188.99,210.11,947.9901,0.0,,,0.522544,
Gardner_statements_minutes_speeches_press_conferences_zscore__4b_sent_sd_ev1.0,151,0.968,0.9669,189.71,207.81,1225.8998,0.0,,,0.534327,
Gardner_statements_minutes_speeches_press_conferences_zscore__4b_sent_var_ev1.0,151,0.968,0.9669,189.71,207.81,1225.8998,0.0,,,0.534327,
Gardner_statements_minutes_speeches_press_conferences_zscore__4b_sd_var_joint_ev1.0,151,0.968,0.9669,189.71,207.81,1225.8998,0.0,,,0.534327,
Gardner_statements_minutes_speeches_press_conferences_zscore__4b_consensus_ev1.0,151,0.9829,0.9817,104.72,137.91,1056.3796,0.0,,,0.343211,
Gardner_statements_minutes_speeches_press_conferences_zscore__4b_consensus_matched_interactions_ev1.0,151,0.9761,0.9744,155.79,188.98,642.5745,0.0,,,0.455992,
Gardner_statements_minutes_speeches_press_conferences_zscore__4c_all_topics_ev1.0,151,0.9703,0.9682,188.48,221.67,800.2038,0.0,,,0.520956,
Gardner_statements_minutes_speeches_press_conferences_zscore__4d_topic_pca_ev1.0,151,0.9704,0.9685,186.04,216.21,821.9311,0.0,,,0.500852,
Gardner_statements_minutes_speeches_press_conferences_zscore__4e_total_interactions_ev1.0,151,0.9824,0.981,111.15,147.36,1106.5126,0.0,,,0.313812,
Gardner_statements_minutes_speeches_press_conferences_zscore__4f_matched_interactions_ev1.0,151,0.9795,0.9781,132.2,165.39,1235.0547,0.0,,,0.334677,
Gardner_statements_minutes_speeches_press_conferences_zscore__4g_novelty_ev1.0,150,0.9689,0.9664,194.33,230.46,640.8667,0.0,,,0.516032,
Gardner_statements_minutes_speeches_press_conferences_zscore__4a_total_sent_ev1.5,151,0.9686,0.9673,188.99,210.11,947.9901,0.0,,,0.522544,
Gardner_statements_minutes_speeches_press_conferences_zscore__4b_sent_sd_ev1.5,151,0.968,0.9669,189.71,207.81,1225.8998,0.0,,,0.534327,
Gardner_statements_minutes_speeches_press_conferences_zscore__4b_sent_var_ev1.5,151,0.968,0.9669,189.71,207.81,1225.8998,0.0,,,0.534327,
Gardner_statements_minutes_speeches_press_conferences_zscore__4b_sd_var_joint_ev1.5,151,0.968,0.9669,189.71,207.81,1225.8998,0.0,,,0.534327,
Gardner_statements_minutes_speeches_press_conferences_zscore__4b_consensus_ev1.5,151,0.9829,0.9817,104.72,137.91,1056.3796,0.0,,,0.343211,
Gardner_statements_minutes_speeches_press_conferences_zscore__4b_consensus_matched_interactions_ev1.5,151,0.9761,0.9744,155.79,188.98,642.5745,0.0,,,0.455992,
Gardner_statements_minutes_speeches_press_conferences_zscore__4c_all_topics_ev1.5,151,0.9703,0.9682,188.48,221.67,800.2038,0.0,,,0.520956,
Gardner_statements_minutes_speeches_press_conferences_zscore__4d_topic_pca_ev1.5,151,0.9704,0.9685,186.04,216.21,821.9311,0.0,,,0.500852,
Gardner_statements_minutes_speeches_press_conferences_zscore__4e_total_interactions_ev1.5,151,0.9824,0.981,111.15,147.36,1106.5126,0.0,,,0.313812,
Gardner_statements_minutes_speeches_press_conferences_zscore__4f_matched_interactions_ev1.5,151,0.9795,0.9781,132.2,165.39,1235.0547,0.0,,,0.334677,
Gardner_statements_minutes_speeches_press_conferences_zscore__4g_novelty_ev1.5,150,0.9689,0.9664,194.33,230.46,640.8667,0.0,,,0.516032,
Gardner_statements_minutes_speeches_press_conferences_zscore__4a_total_sent_ev2.0,151,0.9686,0.9673,188.99,210.11,947.9901,0.0,,,0.522544,
Gardner_statements_minutes_speeches_press_conferences_zscore__4b_sent_sd_ev2.0,151,0.968,0.9669,189.71,207.81,1225.8998,0.0,,,0.534327,
Gardner_statements_minutes_speeches_press_conferences_zscore__4b_sent_var_ev2.0,151,0.968,0.9669,189.71,207.81,1225.8998,0.0,,,0.534327,
Gardner_statements_minutes_speeches_press_conferences_zscore__4b_sd_var_joint_ev2.0,151,0.968,0.9669,189.71,207.81,1225.8998,0.0,,,0.534327,
Gardner_statements_minutes_speeches_press_conferences_zscore__4b_consensus_ev2.0,151,0.9829,0.9817,104.72,137.91,1056.3796,0.0,,,0.343211,
Gardner_statements_minutes_speeches_press_conferences_zscore__4b_consensus_matched_interactions_ev2.0,151,0.9761,0.9744,155.79,188.98,642.5745,0.0,,,0.455992,
Gardner_statements_minutes_speeches_press_conferences_zscore__4c_all_topics_ev2.0,151,0.9703,0.9682,188.48,221.67,800.2038,0.0,,,0.520956,
Gardner_statements_minutes_speeches_press_conferences_zscore__4d_topic_pca_ev2.0,151,0.9704,0.9685,186.04,216.21,821.9311,0.0,,,0.500852,
Gardner_statements_minutes_speeches_press_conferences_zscore__4e_total_interactions_ev2.0,151,0.9824,0.981,111.15,147.36,1106.5126,0.0,,,0.313812,
Gardner_statements_minutes_speeches_press_conferences_zscore__4f_matched_interactions_ev2.0,151,0.9795,0.9781,132.2,165.39,1235.0547,0.0,,,0.334677,
Gardner_statements_minutes_speeches_press_conferences_zscore__4g_novelty_ev2.0,150,0.9689,0.9664,194.33,230.46,640.8667,0.0,,,0.516032,
Gardner_statements_minutes_speeches_press_conferences_zscore__4a_total_sent_ev2.5,151,0.9686,0.9673,188.99,210.11,947.9901,0.0,,,0.522544,
Gardner_statements_minutes_speeches_press_conferences_zscore__4b_sent_sd_ev2.5,151,0.968,0.9669,189.71,207.81,1225.8998,0.0,,,0.534327,
Gardner_statements_minutes_speeches_press_conferences_zscore__4b_sent_var_ev2.5,151,0.968,0.9669,189.71,207.81,1225.8998,0.0,,,0.534327,
Gardner_statements_minutes_speeches_press_conferences_zscore__4b_sd_var_joint_ev2.5,151,0.968,0.9669,189.71,207.81,1225.8998,0.0,,,0.534327,
Gardner_statements_minutes_speeches_press_conferences_zscore__4b_consensus_ev2.5,151,0.9829,0.9817,104.72,137.91,1056.3796,0.0,,,0.343211,
Gardner_statements_minutes_speeches_press_conferences_zscore__4b_consensus_matched_interactions_ev2.5,151,0.9761,0.9744,155.79,188.98,642.5745,0.0,,,0.455992,
Gardner_statements_minutes_speeches_press_conferences_zscore__4c_all_topics_ev2.5,151,0.9703,0.9682,188.48,221.67,800.2038,0.0,,,0.520956,
Gardner_statements_minutes_speeches_press_conferences_zscore__4d_topic_pca_ev2.5,151,0.9704,0.9685,186.04,216.21,821.9311,0.0,,,0.500852,
Gardner_statements_minutes_speeches_press_conferences_zscore__4e_total_interactions_ev2.5,151,0.9824,0.981,111.15,147.36,1106.5126,0.0,,,0.313812,
Gardner_statements_minutes_speeches_press_conferences_zscore__4f_matched_interactions_ev2.5,151,0.9795,0.9781,132.2,165.39,1235.0547,0.0,,,0.334677,
Gardner_statements_minutes_speeches_press_conferences_zscore__4g_novelty_ev2.5,150,0.9689,0.9664,194.33,230.46,640.8667,0.0,,,0.516032,
Gardner_statements_minutes_speeches_press_conferences_zscore__4a_total_sent_ev3.0,151,0.9686,0.9673,188.99,210.11,947.9901,0.0,,,0.522544,
Gardner_statements_minutes_speeches_press_conferences_zscore__4b_sent_sd_ev3.0,151,0.968,0.9669,189.71,207.81,1225.8998,0.0,,,0.534327,
Gardner_statements_minutes_speeches_press_conferences_zscore__4b_sent_var_ev3.0,151,0.968,0.9669,189.71,207.81,1225.8998,0.0,,,0.534327,
Gardner_statements_minutes_speeches_press_conferences_zscore__4b_sd_var_joint_ev3.0,151,0.968,0.9669,189.71,207.81,1225.8998,0.0,,,0.534327,
Gardner_statements_minutes_speeches_press_conferences_zscore__4b_consensus_ev3.0,151,0.9829,0.9817,104.72,137.91,1056.3796,0.0,,,0.343211,
Gardner_statements_minutes_speeches_press_conferences_zscore__4b_consensus_matched_interactions_ev3.0,151,0.9761,0.9744,155.79,188.98,642.5745,0.0,,,0.455992,
Gardner_statements_minutes_speeches_press_conferences_zscore__4c_all_topics_ev3.0,151,0.9703,0.9682,188.48,221.67,800.2038,0.0,,,0.520956,
Gardner_statements_minutes_speeches_press_conferences_zscore__4d_topic_pca_ev3.0,151,0.9704,0.9685,186.04,216.21,821.9311,0.0,,,0.500852,
Gardner_statements_minutes_speeches_press_conferences_zscore__4e_total_interactions_ev3.0,151,0.9824,0.981,111.15,147.36,1106.5126,0.0,,,0.313812,
Gardner_statements_minutes_speeches_press_conferences_zscore__4f_matched_interactions_ev3.0,151,0.9795,0.9781,132.2,165.39,1235.0547,0.0,,,0.334677,
Gardner_statements_minutes_speeches_press_conferences_zscore__4g_novelty_ev3.0,150,0.9689,0.9664,194.33,230.46,640.8667,0.0,,,0.516032,
Sharpe_statements_wordcount__4a_total_sent_ev1.0,151,0.9709,0.9697,177.22,198.34,1094.4877,0.0,,,0.48634,
Sharpe_statements_wordcount__4b_sent_sd_ev1.0,151,0.968,0.9669,189.71,207.81,1225.8998,0.0,,,0.534327,
Sharpe_statements_wordcount__4b_sent_var_ev1.0,151,0.968,0.9669,189.71,207.81,1225.8998,0.0,,,0.534327,
Sharpe_statements_wordcount__4b_sd_var_joint_ev1.0,151,0.968,0.9669,189.71,207.81,1225.8998,0.0,,,0.534327,
Sharpe_statements_wordcount__4b_consensus_ev1.0,151,0.9681,0.9667,191.52,212.64,1075.0593,0.0,,,0.535707,
Sharpe_statements_wordcount__4e_total_interactions_ev1.0,151,0.977,0.9752,151.88,188.09,847.2929,0.0,,,0.490713,
Sharpe_statements_wordcount__4f_matched_interactions_ev1.0,151,0.968,0.9669,189.71,207.81,1225.8998,0.0,,,0.534327,
Sharpe_statements_wordcount__4g_novelty_ev1.0,150,0.968,0.9666,188.6,209.68,958.5049,0.0,,,0.512166,
Sharpe_statements_wordcount__4a_total_sent_ev1.5,151,0.9709,0.9697,177.22,198.34,1094.4877,0.0,,,0.48634,
Sharpe_statements_wordcount__4b_sent_sd_ev1.5,151,0.968,0.9669,189.71,207.81,1225.8998,0.0,,,0.534327,
Sharpe_statements_wordcount__4b_sent_var_ev1.5,151,0.968,0.9669,189.71,207.81,1225.8998,0.0,,,0.534327,
Sharpe_statements_wordcount__4b_sd_var_joint_ev1.5,151,0.968,0.9669,189.71,207.81,1225.8998,0.0,,,0.534327,
Sharpe_statements_wordcount__4b_consensus_ev1.5,151,0.9681,0.9667,191.52,212.64,1075.0593,0.0,,,0.535707,
Sharpe_statements_wordcount__4e_total_interactions_ev1.5,151,0.977,0.9752,151.88,188.09,847.2929,0.0,,,0.490713,
Sharpe_statements_wordcount__4f_matched_interactions_ev1.5,151,0.968,0.9669,189.71,207.81,1225.8998,0.0,,,0.534327,
Sharpe_statements_wordcount__4g_novelty_ev1.5,150,0.968,0.9666,188.6,209.68,958.5049,0.0,,,0.512166,
Sharpe_statements_wordcount__4a_total_sent_ev2.0,151,0.9709,0.9697,177.22,198.34,1094.4877,0.0,,,0.48634,
Sharpe_statements_wordcount__4b_sent_sd_ev2.0,151,0.968,0.9669,189.71,207.81,1225.8998,0.0,,,0.534327,
Sharpe_statements_wordcount__4b_sent_var_ev2.0,151,0.968,0.9669,189.71,207.81,1225.8998,0.0,,,0.534327,
Sharpe_statements_wordcount__4b_sd_var_joint_ev2.0,151,0.968,0.9669,189.71,207.81,1225.8998,0.0,,,0.534327,
Sharpe_statements_wordcount__4b_consensus_ev2.0,151,0.9681,0.9667,191.52,212.64,1075.0593,0.0,,,0.535707,
Sharpe_statements_wordcount__4e_total_interactions_ev2.0,151,0.977,0.9752,151.88,188.09,847.2929,0.0,,,0.490713,
Sharpe_statements_wordcount__4f_matched_interactions_ev2.0,151,0.968,0.9669,189.71,207.81,1225.8998,0.0,,,0.534327,
Sharpe_statements_wordcount__4g_novelty_ev2.0,150,0.968,0.9666,188.6,209.68,958.5049,0.0,,,0.512166,
Sharpe_statements_wordcount__4a_total_sent_ev2.5,151,0.9709,0.9697,177.22,198.34,1094.4877,0.0,,,0.48634,
Sharpe_statements_wordcount__4b_sent_sd_ev2.5,151,0.968,0.9669,189.71,207.81,1225.8998,0.0,,,0.534327,
Sharpe_statements_wordcount__4b_sent_var_ev2.5,151,0.968,0.9669,189.71,207.81,1225.8998,0.0,,,0.534327,
Sharpe_statements_wordcount__4b_sd_var_joint_ev2.5,151,0.968,0.9669,189.71,207.81,1225.8998,0.0,,,0.534327,
Sharpe_statements_wordcount__4b_consensus_ev2.5,151,0.9681,0.9667,191.52,212.64,1075.0593,0.0,,,0.535707,
Sharpe_statements_wordcount__4e_total_interactions_ev2.5,151,0.977,0.9752,151.88,188.09,847.2929,0.0,,,0.490713,
Sharpe_statements_wordcount__4f_matched_interactions_ev2.5,151,0.968,0.9669,189.71,207.81,1225.8998,0.0,,,0.534327,
Sharpe_statements_wordcount__4g_novelty_ev2.5,150,0.968,0.9666,188.6,209.68,958.5049,0.0,,,0.512166,
Sharpe_statements_wordcount__4a_total_sent_ev3.0,151,0.9709,0.9697,177.22,198.34,1094.4877,0.0,,,0.48634,
Sharpe_statements_wordcount__4b_sent_sd_ev3.0,151,0.968,0.9669,189.71,207.81,1225.8998,0.0,,,0.534327,
Sharpe_statements_wordcount__4b_sent_var_ev3.0,151,0.968,0.9669,189.71,207.81,1225.8998,0.0,,,0.534327,
Sharpe_statements_wordcount__4b_sd_var_joint_ev3.0,151,0.968,0.9669,189.71,207.81,1225.8998,0.0,,,0.534327,
Sharpe_statements_wordcount__4b_consensus_ev3.0,151,0.9681,0.9667,191.52,212.64,1075.0593,0.0,,,0.535707,
Sharpe_statements_wordcount__4e_total_interactions_ev3.0,151,0.977,0.9752,151.88,188.09,847.2929,0.0,,,0.490713,
Sharpe_statements_wordcount__4f_matched_interactions_ev3.0,151,0.968,0.9669,189.71,207.81,1225.8998,0.0,,,0.534327,
Sharpe_statements_wordcount__4g_novelty_ev3.0,150,0.968,0.9666,188.6,209.68,958.5049,0.0,,,0.512166,
Sharpe_statements_zscore__4a_total_sent_ev1.0,151,0.972,0.9709,171.46,192.58,1242.4985,0.0,,,0.488513,
Sharpe_statements_zscore__4b_sent_sd_ev1.0,151,0.968,0.9669,189.71,207.81,1225.8998,0.0,,,0.534327,
Sharpe_statements_zscore__4b_sent_var_ev1.0,151,0.968,0.9669,189.71,207.81,1225.8998,0.0,,,0.534327,
Sharpe_statements_zscore__4b_sd_var_joint_ev1.0,151,0.968,0.9669,189.71,207.81,1225.8998,0.0,,,0.534327,
Sharpe_statements_zscore__4b_consensus_ev1.0,151,0.9682,0.9669,190.78,211.9,1079.2736,0.0,,,0.536018,
Sharpe_statements_zscore__4e_total_interactions_ev1.0,151,0.9789,0.9773,138.55,174.76,1069.393,0.0,,,0.520155,
Sharpe_statements_zscore__4f_matched_interactions_ev1.0,151,0.968,0.9669,189.71,207.81,1225.8998,0.0,,,0.534327,
Sharpe_statements_zscore__4g_novelty_ev1.0,150,0.9675,0.9662,190.64,211.72,992.9432,0.0,,,0.515587,
Sharpe_statements_zscore__4a_total_sent_ev1.5,151,0.972,0.9709,171.46,192.58,1242.4985,0.0,,,0.488513,
Sharpe_statements_zscore__4b_sent_sd_ev1.5,151,0.968,0.9669,189.71,207.81,1225.8998,0.0,,,0.534327,
Sharpe_statements_zscore__4b_sent_var_ev1.5,151,0.968,0.9669,189.71,207.81,1225.8998,0.0,,,0.534327,
Sharpe_statements_zscore__4b_sd_var_joint_ev1.5,151,0.968,0.9669,189.71,207.81,1225.8998,0.0,,,0.534327,
Sharpe_statements_zscore__4b_consensus_ev1.5,151,0.9682,0.9669,190.78,211.9,1079.2736,0.0,,,0.536018,
Sharpe_statements_zscore__4e_total_interactions_ev1.5,151,0.9789,0.9773,138.55,174.76,1069.393,0.0,,,0.520155,
Sharpe_statements_zscore__4f_matched_interactions_ev1.5,151,0.968,0.9669,189.71,207.81,1225.8998,0.0,,,0.534327,
Sharpe_statements_zscore__4g_novelty_ev1.5,150,0.9675,0.9662,190.64,211.72,992.9432,0.0,,,0.515587,
Sharpe_statements_zscore__4a_total_sent_ev2.0,151,0.972,0.9709,171.46,192.58,1242.4985,0.0,,,0.488513,
Sharpe_statements_zscore__4b_sent_sd_ev2.0,151,0.968,0.9669,189.71,207.81,1225.8998,0.0,,,0.534327,
Sharpe_statements_zscore__4b_sent_var_ev2.0,151,0.968,0.9669,189.71,207.81,1225.8998,0.0,,,0.534327,
Sharpe_statements_zscore__4b_sd_var_joint_ev2.0,151,0.968,0.9669,189.71,207.81,1225.8998,0.0,,,0.534327,
Sharpe_statements_zscore__4b_consensus_ev2.0,151,0.9682,0.9669,190.78,211.9,1079.2736,0.0,,,0.536018,
Sharpe_statements_zscore__4e_total_interactions_ev2.0,151,0.9789,0.9773,138.55,174.76,1069.3931,0.0,,,0.520155,
Sharpe_statements_zscore__4f_matched_interactions_ev2.0,151,0.968,0.9669,189.71,207.81,1225.8998,0.0,,,0.534327,
Sharpe_statements_zscore__4g_novelty_ev2.0,150,0.9675,0.9662,190.64,211.72,992.9432,0.0,,,0.515587,
Sharpe_statements_zscore__4a_total_sent_ev2.5,151,0.972,0.9709,171.46,192.58,1242.4985,0.0,,,0.488513,
Sharpe_statements_zscore__4b_sent_sd_ev2.5,151,0.968,0.9669,189.71,207.81,1225.8998,0.0,,,0.534327,
Sharpe_statements_zscore__4b_sent_var_ev2.5,151,0.968,0.9669,189.71,207.81,1225.8998,0.0,,,0.534327,
Sharpe_statements_zscore__4b_sd_var_joint_ev2.5,151,0.968,0.9669,189.71,207.81,1225.8998,0.0,,,0.534327,
Sharpe_statements_zscore__4b_consensus_ev2.5,151,0.9682,0.9669,190.78,211.9,1079.2736,0.0,,,0.536018,
Sharpe_statements_zscore__4e_total_interactions_ev2.5,151,0.9789,0.9773,138.55,174.76,1069.3931,0.0,,,0.520155,
Sharpe_statements_zscore__4f_matched_interactions_ev2.5,151,0.968,0.9669,189.71,207.81,1225.8998,0.0,,,0.534327,
Sharpe_statements_zscore__4g_novelty_ev2.5,150,0.9675,0.9662,190.64,211.72,992.9432,0.0,,,0.515587,
Sharpe_statements_zscore__4a_total_sent_ev3.0,151,0.972,0.9709,171.46,192.58,1242.4985,0.0,,,0.488513,
Sharpe_statements_zscore__4b_sent_sd_ev3.0,151,0.968,0.9669,189.71,207.81,1225.8998,0.0,,,0.534327,
Sharpe_statements_zscore__4b_sent_var_ev3.0,151,0.968,0.9669,189.71,207.81,1225.8998,0.0,,,0.534327,
Sharpe_statements_zscore__4b_sd_var_joint_ev3.0,151,0.968,0.9669,189.71,207.81,1225.8998,0.0,,,0.534327,
Sharpe_statements_zscore__4b_consensus_ev3.0,151,0.9682,0.9669,190.78,211.9,1079.2736,0.0,,,0.536018,
Sharpe_statements_zscore__4e_total_interactions_ev3.0,151,0.9789,0.9773,138.55,174.76,1069.393,0.0,,,0.520155,
Sharpe_statements_zscore__4f_matched_interactions_ev3.0,151,0.968,0.9669,189.71,207.81,1225.8998,0.0,,,0.534327,
Sharpe_statements_zscore__4g_novelty_ev3.0,150,0.9675,0.9662,190.64,211.72,992.9432,0.0,,,0.515587,
Sharpe_minutes_wordcount__4a_total_sent_ev1.0,151,0.9713,0.9701,175.16,196.28,1062.323,0.0,,,0.532366,
Sharpe_minutes_wordcount__4b_sent_sd_ev1.0,151,0.968,0.9669,189.71,207.81,1225.8998,0.0,,,0.534327,
Sharpe_minutes_wordcount__4b_sent_var_ev1.0,151,0.968,0.9669,189.71,207.81,1225.8998,0.0,,,0.534327,
Sharpe_minutes_wordcount__4b_sd_var_joint_ev1.0,151,0.968,0.9669,189.71,207.81,1225.8998,0.0,,,0.534327,
Sharpe_minutes_wordcount__4b_consensus_ev1.0,151,0.9722,0.971,170.78,191.9,1101.6556,0.0,,,0.49156,
Sharpe_minutes_wordcount__4e_total_interactions_ev1.0,151,0.9837,0.9824,100.19,136.4,1058.3355,0.0,,,0.41274,
Sharpe_minutes_wordcount__4f_matched_interactions_ev1.0,151,0.968,0.9669,189.71,207.81,1225.8998,0.0,,,0.534327,
Sharpe_minutes_wordcount__4g_novelty_ev1.0,150,0.9676,0.9663,190.19,211.27,955.9405,0.0,,,0.512574,
Sharpe_minutes_wordcount__4a_total_sent_ev1.5,151,0.9713,0.9701,175.16,196.28,1062.323,0.0,,,0.532366,
Sharpe_minutes_wordcount__4b_sent_sd_ev1.5,151,0.968,0.9669,189.71,207.81,1225.8998,0.0,,,0.534327,
Sharpe_minutes_wordcount__4b_sent_var_ev1.5,151,0.968,0.9669,189.71,207.81,1225.8998,0.0,,,0.534327,
Sharpe_minutes_wordcount__4b_sd_var_joint_ev1.5,151,0.968,0.9669,189.71,207.81,1225.8998,0.0,,,0.534327,
Sharpe_minutes_wordcount__4b_consensus_ev1.5,151,0.9722,0.971,170.78,191.9,1101.6556,0.0,,,0.49156,
Sharpe_minutes_wordcount__4e_total_interactions_ev1.5,151,0.9837,0.9824,100.19,136.4,1058.3355,0.0,,,0.41274,
Sharpe_minutes_wordcount__4f_matched_interactions_ev1.5,151,0.968,0.9669,189.71,207.81,1225.8998,0.0,,,0.534327,
Sharpe_minutes_wordcount__4g_novelty_ev1.5,150,0.9676,0.9663,190.19,211.27,955.9405,0.0,,,0.512574,
Sharpe_minutes_wordcount__4a_total_sent_ev2.0,151,0.9713,0.9701,175.16,196.28,1062.323,0.0,,,0.532366,
Sharpe_minutes_wordcount__4b_sent_sd_ev2.0,151,0.968,0.9669,189.71,207.81,1225.8998,0.0,,,0.534327,
Sharpe_minutes_wordcount__4b_sent_var_ev2.0,151,0.968,0.9669,189.71,207.81,1225.8998,0.0,,,0.534327,
Sharpe_minutes_wordcount__4b_sd_var_joint_ev2.0,151,0.968,0.9669,189.71,207.81,1225.8998,0.0,,,0.534327,
Sharpe_minutes_wordcount__4b_consensus_ev2.0,151,0.9722,0.971,170.78,191.9,1101.6556,0.0,,,0.49156,
Sharpe_minutes_wordcount__4e_total_interactions_ev2.0,151,0.9837,0.9824,100.19,136.4,1058.3355,0.0,,,0.41274,
Sharpe_minutes_wordcount__4f_matched_interactions_ev2.0,151,0.968,0.9669,189.71,207.81,1225.8998,0.0,,,0.534327,
Sharpe_minutes_wordcount__4g_novelty_ev2.0,150,0.9676,0.9663,190.19,211.27,955.9405,0.0,,,0.512574,
Sharpe_minutes_wordcount__4a_total_sent_ev2.5,151,0.9713,0.9701,175.16,196.28,1062.323,0.0,,,0.532366,
Sharpe_minutes_wordcount__4b_sent_sd_ev2.5,151,0.968,0.9669,189.71,207.81,1225.8998,0.0,,,0.534327,
Sharpe_minutes_wordcount__4b_sent_var_ev2.5,151,0.968,0.9669,189.71,207.81,1225.8998,0.0,,,0.534327,
Sharpe_minutes_wordcount__4b_sd_var_joint_ev2.5,151,0.968,0.9669,189.71,207.81,1225.8998,0.0,,,0.534327,
Sharpe_minutes_wordcount__4b_consensus_ev2.5,151,0.9722,0.971,170.78,191.9,1101.6556,0.0,,,0.49156,
Sharpe_minutes_wordcount__4e_total_interactions_ev2.5,151,0.9837,0.9824,100.19,136.4,1058.3355,0.0,,,0.41274,
Sharpe_minutes_wordcount__4f_matched_interactions_ev2.5,151,0.968,0.9669,189.71,207.81,1225.8998,0.0,,,0.534327,
Sharpe_minutes_wordcount__4g_novelty_ev2.5,150,0.9676,0.9663,190.19,211.27,955.9405,0.0,,,0.512574,
Sharpe_minutes_wordcount__4a_total_sent_ev3.0,151,0.9713,0.9701,175.16,196.28,1062.323,0.0,,,0.532366,
Sharpe_minutes_wordcount__4b_sent_sd_ev3.0,151,0.968,0.9669,189.71,207.81,1225.8998,0.0,,,0.534327,
Sharpe_minutes_wordcount__4b_sent_var_ev3.0,151,0.968,0.9669,189.71,207.81,1225.8998,0.0,,,0.534327,
Sharpe_minutes_wordcount__4b_sd_var_joint_ev3.0,151,0.968,0.9669,189.71,207.81,1225.8998,0.0,,,0.534327,
Sharpe_minutes_wordcount__4b_consensus_ev3.0,151,0.9722,0.971,170.78,191.9,1101.6556,0.0,,,0.49156,
Sharpe_minutes_wordcount__4e_total_interactions_ev3.0,151,0.9837,0.9824,100.19,136.4,1058.3355,0.0,,,0.41274,
Sharpe_minutes_wordcount__4f_matched_interactions_ev3.0,151,0.968,0.9669,189.71,207.81,1225.8998,0.0,,,0.534327,
Sharpe_minutes_wordcount__4g_novelty_ev3.0,150,0.9676,0.9663,190.19,211.27,955.9405,0.0,,,0.512574,
Sharpe_minutes_zscore__4a_total_sent_ev1.0,151,0.9681,0.9668,191.29,212.41,1003.4645,0.0,,,0.586205,
Sharpe_minutes_zscore__4b_sent_sd_ev1.0,151,0.968,0.9669,189.71,207.81,1225.8998,0.0,,,0.534327,
Sharpe_minutes_zscore__4b_sent_var_ev1.0,151,0.968,0.9669,189.71,207.81,1225.8998,0.0,,,0.534327,
Sharpe_minutes_zscore__4b_sd_var_joint_ev1.0,151,0.968,0.9669,189.71,207.81,1225.8998,0.0,,,0.534327,
Sharpe_minutes_zscore__4b_consensus_ev1.0,151,0.9682,0.9668,191.01,212.13,1079.5448,0.0,,,0.534699,
Sharpe_minutes_zscore__4e_total_interactions_ev1.0,151,0.9795,0.9779,134.67,170.88,688.0421,0.0,,,0.420194,
Sharpe_minutes_zscore__4f_matched_interactions_ev1.0,151,0.968,0.9669,189.71,207.81,1225.8998,0.0,,,0.534327,
Sharpe_minutes_zscore__4g_novelty_ev1.0,150,0.9675,0.9661,190.97,212.04,976.6063,0.0,,,0.515692,
Sharpe_minutes_zscore__4a_total_sent_ev1.5,151,0.9681,0.9668,191.29,212.41,1003.4645,0.0,,,0.586205,
Sharpe_minutes_zscore__4b_sent_sd_ev1.5,151,0.968,0.9669,189.71,207.81,1225.8998,0.0,,,0.534327,
Sharpe_minutes_zscore__4b_sent_var_ev1.5,151,0.968,0.9669,189.71,207.81,1225.8998,0.0,,,0.534327,
Sharpe_minutes_zscore__4b_sd_var_joint_ev1.5,151,0.968,0.9669,189.71,207.81,1225.8998,0.0,,,0.534327,
Sharpe_minutes_zscore__4b_consensus_ev1.5,151,0.9682,0.9668,191.01,212.13,1079.5448,0.0,,,0.534699,
Sharpe_minutes_zscore__4e_total_interactions_ev1.5,151,0.9795,0.9779,134.67,170.88,688.0421,0.0,,,0.420194,
Sharpe_minutes_zscore__4f_matched_interactions_ev1.5,151,0.968,0.9669,189.71,207.81,1225.8998,0.0,,,0.534327,
Sharpe_minutes_zscore__4g_novelty_ev1.5,150,0.9675,0.9661,190.97,212.04,976.6063,0.0,,,0.515692,
Sharpe_minutes_zscore__4a_total_sent_ev2.0,151,0.9681,0.9668,191.29,212.41,1003.4645,0.0,,,0.586205,
Sharpe_minutes_zscore__4b_sent_sd_ev2.0,151,0.968,0.9669,189.71,207.81,1225.8998,0.0,,,0.534327,
Sharpe_minutes_zscore__4b_sent_var_ev2.0,151,0.968,0.9669,189.71,207.81,1225.8998,0.0,,,0.534327,
Sharpe_minutes_zscore__4b_sd_var_joint_ev2.0,151,0.968,0.9669,189.71,207.81,1225.8998,0.0,,,0.534327,
Sharpe_minutes_zscore__4b_consensus_ev2.0,151,0.9682,0.9668,191.01,212.13,1079.5448,0.0,,,0.534699,
Sharpe_minutes_zscore__4e_total_interactions_ev2.0,151,0.9795,0.9779,134.67,170.88,688.0421,0.0,,,0.420194,
Sharpe_minutes_zscore__4f_matched_interactions_ev2.0,151,0.968,0.9669,189.71,207.81,1225.8998,0.0,,,0.534327,
Sharpe_minutes_zscore__4g_novelty_ev2.0,150,0.9675,0.9661,190.97,212.04,976.6063,0.0,,,0.515692,
Sharpe_minutes_zscore__4a_total_sent_ev2.5,151,0.9681,0.9668,191.29,212.41,1003.4645,0.0,,,0.586205,
Sharpe_minutes_zscore__4b_sent_sd_ev2.5,151,0.968,0.9669,189.71,207.81,1225.8998,0.0,,,0.534327,
Sharpe_minutes_zscore__4b_sent_var_ev2.5,151,0.968,0.9669,189.71,207.81,1225.8998,0.0,,,0.534327,
Sharpe_minutes_zscore__4b_sd_var_joint_ev2.5,151,0.968,0.9669,189.71,207.81,1225.8998,0.0,,,0.534327,
Sharpe_minutes_zscore__4b_consensus_ev2.5,151,0.9682,0.9668,191.01,212.13,1079.5448,0.0,,,0.534699,
Sharpe_minutes_zscore__4e_total_interactions_ev2.5,151,0.9795,0.9779,134.67,170.88,688.0421,0.0,,,0.420194,
Sharpe_minutes_zscore__4f_matched_interactions_ev2.5,151,0.968,0.9669,189.71,207.81,1225.8998,0.0,,,0.534327,
Sharpe_minutes_zscore__4g_novelty_ev2.5,150,0.9675,0.9661,190.97,212.04,976.6063,0.0,,,0.515692,
Sharpe_minutes_zscore__4a_total_sent_ev3.0,151,0.9681,0.9668,191.29,212.41,1003.4645,0.0,,,0.586205,
Sharpe_minutes_zscore__4b_sent_sd_ev3.0,151,0.968,0.9669,189.71,207.81,1225.8998,0.0,,,0.534327,
Sharpe_minutes_zscore__4b_sent_var_ev3.0,151,0.968,0.9669,189.71,207.81,1225.8998,0.0,,,0.534327,
Sharpe_minutes_zscore__4b_sd_var_joint_ev3.0,151,0.968,0.9669,189.71,207.81,1225.8998,0.0,,,0.534327,
Sharpe_minutes_zscore__4b_consensus_ev3.0,151,0.9682,0.9668,191.01,212.13,1079.5448,0.0,,,0.534699,
Sharpe_minutes_zscore__4e_total_interactions_ev3.0,151,0.9795,0.9779,134.67,170.88,688.0421,0.0,,,0.420194,
Sharpe_minutes_zscore__4f_matched_interactions_ev3.0,151,0.968,0.9669,189.71,207.81,1225.8998,0.0,,,0.534327,
Sharpe_minutes_zscore__4g_novelty_ev3.0,150,0.9675,0.9661,190.97,212.04,976.6063,0.0,,,0.515692,
Sharpe_speeches_wordcount__4a_total_sent_ev1.0,151,0.9687,0.9674,188.63,209.75,989.5542,0.0,,,0.589873,
Sharpe_speeches_wordcount__4b_sent_sd_ev1.0,151,0.968,0.9669,189.71,207.81,1225.8998,0.0,,,0.534327,
Sharpe_speeches_wordcount__4b_sent_var_ev1.0,151,0.968,0.9669,189.71,207.81,1225.8998,0.0,,,0.534327,
Sharpe_speeches_wordcount__4b_sd_var_joint_ev1.0,151,0.968,0.9669,189.71,207.81,1225.8998,0.0,,,0.534327,
Sharpe_speeches_wordcount__4b_consensus_ev1.0,151,0.9711,0.9699,176.22,197.34,1194.9788,0.0,,,0.440264,
Sharpe_speeches_wordcount__4e_total_interactions_ev1.0,151,0.9858,0.9846,79.35,115.56,1162.1291,0.0,,,0.323392,
Sharpe_speeches_wordcount__4f_matched_interactions_ev1.0,151,0.968,0.9669,189.71,207.81,1225.8998,0.0,,,0.534327,
Sharpe_speeches_wordcount__4g_novelty_ev1.0,150,0.9678,0.9665,189.28,210.35,1020.4978,0.0,,,0.512289,
Sharpe_speeches_wordcount__4a_total_sent_ev1.5,151,0.9687,0.9674,188.63,209.75,989.5542,0.0,,,0.589873,
Sharpe_speeches_wordcount__4b_sent_sd_ev1.5,151,0.968,0.9669,189.71,207.81,1225.8998,0.0,,,0.534327,
Sharpe_speeches_wordcount__4b_sent_var_ev1.5,151,0.968,0.9669,189.71,207.81,1225.8998,0.0,,,0.534327,
Sharpe_speeches_wordcount__4b_sd_var_joint_ev1.5,151,0.968,0.9669,189.71,207.81,1225.8998,0.0,,,0.534327,
Sharpe_speeches_wordcount__4b_consensus_ev1.5,151,0.9711,0.9699,176.22,197.34,1194.9788,0.0,,,0.440264,
Sharpe_speeches_wordcount__4e_total_interactions_ev1.5,151,0.9858,0.9846,79.35,115.56,1162.1291,0.0,,,0.323392,
Sharpe_speeches_wordcount__4f_matched_interactions_ev1.5,151,0.968,0.9669,189.71,207.81,1225.8998,0.0,,,0.534327,
Sharpe_speeches_wordcount__4g_novelty_ev1.5,150,0.9678,0.9665,189.28,210.35,1020.4978,0.0,,,0.512289,
Sharpe_speeches_wordcount__4a_total_sent_ev2.0,151,0.9687,0.9674,188.63,209.75,989.5542,0.0,,,0.589873,
Sharpe_speeches_wordcount__4b_sent_sd_ev2.0,151,0.968,0.9669,189.71,207.81,1225.8998,0.0,,,0.534327,
Sharpe_speeches_wordcount__4b_sent_var_ev2.0,151,0.968,0.9669,189.71,207.81,1225.8998,0.0,,,0.534327,
Sharpe_speeches_wordcount__4b_sd_var_joint_ev2.0,151,0.968,0.9669,189.71,207.81,1225.8998,0.0,,,0.534327,
Sharpe_speeches_wordcount__4b_consensus_ev2.0,151,0.9711,0.9699,176.22,197.34,1194.9788,0.0,,,0.440264,
Sharpe_speeches_wordcount__4e_total_interactions_ev2.0,151,0.9858,0.9846,79.35,115.56,1162.1291,0.0,,,0.323392,
Sharpe_speeches_wordcount__4f_matched_interactions_ev2.0,151,0.968,0.9669,189.71,207.81,1225.8998,0.0,,,0.534327,
Sharpe_speeches_wordcount__4g_novelty_ev2.0,150,0.9678,0.9665,189.28,210.35,1020.4978,0.0,,,0.512289,
Sharpe_speeches_wordcount__4a_total_sent_ev2.5,151,0.9687,0.9674,188.63,209.75,989.5542,0.0,,,0.589873,
Sharpe_speeches_wordcount__4b_sent_sd_ev2.5,151,0.968,0.9669,189.71,207.81,1225.8998,0.0,,,0.534327,
Sharpe_speeches_wordcount__4b_sent_var_ev2.5,151,0.968,0.9669,189.71,207.81,1225.8998,0.0,,,0.534327,
Sharpe_speeches_wordcount__4b_sd_var_joint_ev2.5,151,0.968,0.9669,189.71,207.81,1225.8998,0.0,,,0.534327,
Sharpe_speeches_wordcount__4b_consensus_ev2.5,151,0.9711,0.9699,176.22,197.34,1194.9788,0.0,,,0.440264,
Sharpe_speeches_wordcount__4e_total_interactions_ev2.5,151,0.9858,0.9846,79.35,115.56,1162.1291,0.0,,,0.323392,
Sharpe_speeches_wordcount__4f_matched_interactions_ev2.5,151,0.968,0.9669,189.71,207.81,1225.8998,0.0,,,0.534327,
Sharpe_speeches_wordcount__4g_novelty_ev2.5,150,0.9678,0.9665,189.28,210.35,1020.4978,0.0,,,0.512289,
Sharpe_speeches_wordcount__4a_total_sent_ev3.0,151,0.9687,0.9674,188.63,209.75,989.5542,0.0,,,0.589873,
Sharpe_speeches_wordcount__4b_sent_sd_ev3.0,151,0.968,0.9669,189.71,207.81,1225.8998,0.0,,,0.534327,
Sharpe_speeches_wordcount__4b_sent_var_ev3.0,151,0.968,0.9669,189.71,207.81,1225.8998,0.0,,,0.534327,
Sharpe_speeches_wordcount__4b_sd_var_joint_ev3.0,151,0.968,0.9669,189.71,207.81,1225.8998,0.0,,,0.534327,
Sharpe_speeches_wordcount__4b_consensus_ev3.0,151,0.9711,0.9699,176.22,197.34,1194.9788,0.0,,,0.440264,
Sharpe_speeches_wordcount__4e_total_interactions_ev3.0,151,0.9858,0.9846,79.35,115.56,1162.1291,0.0,,,0.323392,
Sharpe_speeches_wordcount__4f_matched_interactions_ev3.0,151,0.968,0.9669,189.71,207.81,1225.8998,0.0,,,0.534327,
Sharpe_speeches_wordcount__4g_novelty_ev3.0,150,0.9678,0.9665,189.28,210.35,1020.4978,0.0,,,0.512289,
Sharpe_speeches_zscore__4a_total_sent_ev1.0,151,0.9728,0.9716,167.35,188.47,1078.3345,0.0,,,0.471328,
Sharpe_speeches_zscore__4b_sent_sd_ev1.0,151,0.968,0.9669,189.71,207.81,1225.8998,0.0,,,0.534327,
Sharpe_speeches_zscore__4b_sent_var_ev1.0,151,0.968,0.9669,189.71,207.81,1225.8998,0.0,,,0.534327,
Sharpe_speeches_zscore__4b_sd_var_joint_ev1.0,151,0.968,0.9669,189.71,207.81,1225.8998,0.0,,,0.534327,
Sharpe_speeches_zscore__4b_consensus_ev1.0,151,0.968,0.9667,191.69,212.81,1008.6584,0.0,,,0.636949,
Sharpe_speeches_zscore__4e_total_interactions_ev1.0,151,0.9738,0.9717,171.49,207.69,621.889,0.0,,,0.527909,
Sharpe_speeches_zscore__4f_matched_interactions_ev1.0,151,0.968,0.9669,189.71,207.81,1225.8998,0.0,,,0.534327,
Sharpe_speeches_zscore__4g_novelty_ev1.0,150,0.9675,0.9662,190.71,211.79,1027.9759,0.0,,,0.526624,
Sharpe_speeches_zscore__4a_total_sent_ev1.5,151,0.9728,0.9716,167.35,188.47,1078.3345,0.0,,,0.471328,
Sharpe_speeches_zscore__4b_sent_sd_ev1.5,151,0.968,0.9669,189.71,207.81,1225.8998,0.0,,,0.534327,
Sharpe_speeches_zscore__4b_sent_var_ev1.5,151,0.968,0.9669,189.71,207.81,1225.8998,0.0,,,0.534327,
Sharpe_speeches_zscore__4b_sd_var_joint_ev1.5,151,0.968,0.9669,189.71,207.81,1225.8998,0.0,,,0.534327,
Sharpe_speeches_zscore__4b_consensus_ev1.5,151,0.968,0.9667,191.69,212.81,1008.6584,0.0,,,0.636949,
Sharpe_speeches_zscore__4e_total_interactions_ev1.5,151,0.9738,0.9717,171.49,207.69,621.889,0.0,,,0.527909,
Sharpe_speeches_zscore__4f_matched_interactions_ev1.5,151,0.968,0.9669,189.71,207.81,1225.8998,0.0,,,0.534327,
Sharpe_speeches_zscore__4g_novelty_ev1.5,150,0.9675,0.9662,190.71,211.79,1027.9759,0.0,,,0.526624,
Sharpe_speeches_zscore__4a_total_sent_ev2.0,151,0.9728,0.9716,167.35,188.47,1078.3345,0.0,,,0.471328,
Sharpe_speeches_zscore__4b_sent_sd_ev2.0,151,0.968,0.9669,189.71,207.81,1225.8998,0.0,,,0.534327,
Sharpe_speeches_zscore__4b_sent_var_ev2.0,151,0.968,0.9669,189.71,207.81,1225.8998,0.0,,,0.534327,
Sharpe_speeches_zscore__4b_sd_var_joint_ev2.0,151,0.968,0.9669,189.71,207.81,1225.8998,0.0,,,0.534327,
Sharpe_speeches_zscore__4b_consensus_ev2.0,151,0.968,0.9667,191.69,212.81,1008.6584,0.0,,,0.636949,
Sharpe_speeches_zscore__4e_total_interactions_ev2.0,151,0.9738,0.9717,171.49,207.69,621.889,0.0,,,0.527909,
Sharpe_speeches_zscore__4f_matched_interactions_ev2.0,151,0.968,0.9669,189.71,207.81,1225.8998,0.0,,,0.534327,
Sharpe_speeches_zscore__4g_novelty_ev2.0,150,0.9675,0.9662,190.71,211.79,1027.9759,0.0,,,0.526624,
Sharpe_speeches_zscore__4a_total_sent_ev2.5,151,0.9728,0.9716,167.35,188.47,1078.3345,0.0,,,0.471328,
Sharpe_speeches_zscore__4b_sent_sd_ev2.5,151,0.968,0.9669,189.71,207.81,1225.8998,0.0,,,0.534327,
Sharpe_speeches_zscore__4b_sent_var_ev2.5,151,0.968,0.9669,189.71,207.81,1225.8998,0.0,,,0.534327,
Sharpe_speeches_zscore__4b_sd_var_joint_ev2.5,151,0.968,0.9669,189.71,207.81,1225.8998,0.0,,,0.534327,
Sharpe_speeches_zscore__4b_consensus_ev2.5,151,0.968,0.9667,191.69,212.81,1008.6584,0.0,,,0.636949,
Sharpe_speeches_zscore__4e_total_interactions_ev2.5,151,0.9738,0.9717,171.49,207.69,621.889,0.0,,,0.527909,
Sharpe_speeches_zscore__4f_matched_interactions_ev2.5,151,0.968,0.9669,189.71,207.81,1225.8998,0.0,,,0.534327,
Sharpe_speeches_zscore__4g_novelty_ev2.5,150,0.9675,0.9662,190.71,211.79,1027.9759,0.0,,,0.526624,
Sharpe_speeches_zscore__4a_total_sent_ev3.0,151,0.9728,0.9716,167.35,188.47,1078.3345,0.0,,,0.471328,
Sharpe_speeches_zscore__4b_sent_sd_ev3.0,151,0.968,0.9669,189.71,207.81,1225.8998,0.0,,,0.534327,
Sharpe_speeches_zscore__4b_sent_var_ev3.0,151,0.968,0.9669,189.71,207.81,1225.8998,0.0,,,0.534327,
Sharpe_speeches_zscore__4b_sd_var_joint_ev3.0,151,0.968,0.9669,189.71,207.81,1225.8998,0.0,,,0.534327,
Sharpe_speeches_zscore__4b_consensus_ev3.0,151,0.968,0.9667,191.69,212.81,1008.6584,0.0,,,0.636949,
Sharpe_speeches_zscore__4e_total_interactions_ev3.0,151,0.9738,0.9717,171.49,207.69,621.889,0.0,,,0.527909,
Sharpe_speeches_zscore__4f_matched_interactions_ev3.0,151,0.968,0.9669,189.71,207.81,1225.8998,0.0,,,0.534327,
Sharpe_speeches_zscore__4g_novelty_ev3.0,150,0.9675,0.9662,190.71,211.79,1027.9759,0.0,,,0.526624,
Sharpe_press_conferences_wordcount__4a_total_sent_ev1.0,118,0.9736,0.9722,134.82,154.22,835.9354,0.0,,,0.490784,
Sharpe_press_conferences_wordcount__4b_sent_sd_ev1.0,151,0.968,0.9669,189.71,207.81,1225.8998,0.0,,,0.534327,
Sharpe_press_conferences_wordcount__4b_sent_var_ev1.0,151,0.968,0.9669,189.71,207.81,1225.8998,0.0,,,0.534327,
Sharpe_press_conferences_wordcount__4b_sd_var_joint_ev1.0,151,0.968,0.9669,189.71,207.81,1225.8998,0.0,,,0.534327,
Sharpe_press_conferences_wordcount__4b_consensus_ev1.0,118,0.9687,0.967,154.97,174.37,865.4357,0.0,,,0.559987,
Sharpe_press_conferences_wordcount__4e_total_interactions_ev1.0,118,0.9877,0.9865,54.52,87.77,914.4559,0.0,,,0.421681,
Sharpe_press_conferences_wordcount__4f_matched_interactions_ev1.0,151,0.968,0.9669,189.71,207.81,1225.8998,0.0,,,0.534327,
Sharpe_press_conferences_wordcount__4g_novelty_ev1.0,117,0.9688,0.9671,153.67,173.0,830.4886,0.0,,,0.572277,
Sharpe_press_conferences_wordcount__4a_total_sent_ev1.5,118,0.9736,0.9722,134.82,154.22,835.9354,0.0,,,0.490784,
Sharpe_press_conferences_wordcount__4b_sent_sd_ev1.5,151,0.968,0.9669,189.71,207.81,1225.8998,0.0,,,0.534327,
Sharpe_press_conferences_wordcount__4b_sent_var_ev1.5,151,0.968,0.9669,189.71,207.81,1225.8998,0.0,,,0.534327,
Sharpe_press_conferences_wordcount__4b_sd_var_joint_ev1.5,151,0.968,0.9669,189.71,207.81,1225.8998,0.0,,,0.534327,
Sharpe_press_conferences_wordcount__4b_consensus_ev1.5,118,0.9687,0.967,154.97,174.37,865.4357,0.0,,,0.559987,
Sharpe_press_conferences_wordcount__4e_total_interactions_ev1.5,118,0.9877,0.9865,54.52,87.77,914.4559,0.0,,,0.421681,
Sharpe_press_conferences_wordcount__4f_matched_interactions_ev1.5,151,0.968,0.9669,189.71,207.81,1225.8998,0.0,,,0.534327,
Sharpe_press_conferences_wordcount__4g_novelty_ev1.5,117,0.9688,0.9671,153.67,173.0,830.4886,0.0,,,0.572277,
Sharpe_press_conferences_wordcount__4a_total_sent_ev2.0,118,0.9736,0.9722,134.82,154.22,835.9354,0.0,,,0.490784,
Sharpe_press_conferences_wordcount__4b_sent_sd_ev2.0,151,0.968,0.9669,189.71,207.81,1225.8998,0.0,,,0.534327,
Sharpe_press_conferences_wordcount__4b_sent_var_ev2.0,151,0.968,0.9669,189.71,207.81,1225.8998,0.0,,,0.534327,
Sharpe_press_conferences_wordcount__4b_sd_var_joint_ev2.0,151,0.968,0.9669,189.71,207.81,1225.8998,0.0,,,0.534327,
Sharpe_press_conferences_wordcount__4b_consensus_ev2.0,118,0.9687,0.967,154.97,174.37,865.4357,0.0,,,0.559987,
Sharpe_press_conferences_wordcount__4e_total_interactions_ev2.0,118,0.9877,0.9865,54.52,87.77,914.4559,0.0,,,0.421681,
Sharpe_press_conferences_wordcount__4f_matched_interactions_ev2.0,151,0.968,0.9669,189.71,207.81,1225.8998,0.0,,,0.534327,
Sharpe_press_conferences_wordcount__4g_novelty_ev2.0,117,0.9688,0.9671,153.67,173.0,830.4886,0.0,,,0.572277,
Sharpe_press_conferences_wordcount__4a_total_sent_ev2.5,118,0.9736,0.9722,134.82,154.22,835.9354,0.0,,,0.490784,
Sharpe_press_conferences_wordcount__4b_sent_sd_ev2.5,151,0.968,0.9669,189.71,207.81,1225.8998,0.0,,,0.534327,
Sharpe_press_conferences_wordcount__4b_sent_var_ev2.5,151,0.968,0.9669,189.71,207.81,1225.8998,0.0,,,0.534327,
Sharpe_press_conferences_wordcount__4b_sd_var_joint_ev2.5,151,0.968,0.9669,189.71,207.81,1225.8998,0.0,,,0.534327,
Sharpe_press_conferences_wordcount__4b_consensus_ev2.5,118,0.9687,0.967,154.97,174.37,865.4357,0.0,,,0.559987,
Sharpe_press_conferences_wordcount__4e_total_interactions_ev2.5,118,0.9877,0.9865,54.52,87.77,914.4559,0.0,,,0.421681,
Sharpe_press_conferences_wordcount__4f_matched_interactions_ev2.5,151,0.968,0.9669,189.71,207.81,1225.8998,0.0,,,0.534327,
Sharpe_press_conferences_wordcount__4g_novelty_ev2.5,117,0.9688,0.9671,153.67,173.0,830.4886,0.0,,,0.572277,
Sharpe_press_conferences_wordcount__4a_total_sent_ev3.0,118,0.9736,0.9722,134.82,154.22,835.9354,0.0,,,0.490784,
Sharpe_press_conferences_wordcount__4b_sent_sd_ev3.0,151,0.968,0.9669,189.71,207.81,1225.8998,0.0,,,0.534327,
Sharpe_press_conferences_wordcount__4b_sent_var_ev3.0,151,0.968,0.9669,189.71,207.81,1225.8998,0.0,,,0.534327,
Sharpe_press_conferences_wordcount__4b_sd_var_joint_ev3.0,151,0.968,0.9669,189.71,207.81,1225.8998,0.0,,,0.534327,
Sharpe_press_conferences_wordcount__4b_consensus_ev3.0,118,0.9687,0.967,154.97,174.37,865.4357,0.0,,,0.559987,
Sharpe_press_conferences_wordcount__4e_total_interactions_ev3.0,118,0.9877,0.9865,54.52,87.77,914.4559,0.0,,,0.421681,
Sharpe_press_conferences_wordcount__4f_matched_interactions_ev3.0,151,0.968,0.9669,189.71,207.81,1225.8998,0.0,,,0.534327,
Sharpe_press_conferences_wordcount__4g_novelty_ev3.0,117,0.9688,0.9671,153.67,173.0,830.4886,0.0,,,0.572277,
Sharpe_press_conferences_zscore__4a_total_sent_ev1.0,118,0.9737,0.9723,134.33,153.73,844.3979,0.0,,,0.527557,
Sharpe_press_conferences_zscore__4b_sent_sd_ev1.0,151,0.968,0.9669,189.71,207.81,1225.8998,0.0,,,0.534327,
Sharpe_press_conferences_zscore__4b_sent_var_ev1.0,151,0.968,0.9669,189.71,207.81,1225.8998,0.0,,,0.534327,
Sharpe_press_conferences_zscore__4b_sd_var_joint_ev1.0,151,0.968,0.9669,189.71,207.81,1225.8998,0.0,,,0.534327,
Sharpe_press_conferences_zscore__4b_consensus_ev1.0,118,0.9738,0.9724,133.99,153.38,1041.2466,0.0,,,0.496729,
Sharpe_press_conferences_zscore__4e_total_interactions_ev1.0,118,0.981,0.979,106.14,139.39,1031.1385,0.0,,,0.474615,
Sharpe_press_conferences_zscore__4f_matched_interactions_ev1.0,151,0.968,0.9669,189.71,207.81,1225.8998,0.0,,,0.534327,
Sharpe_press_conferences_zscore__4g_novelty_ev1.0,117,0.9684,0.9667,155.08,174.42,862.0028,0.0,,,0.56685,
Sharpe_press_conferences_zscore__4a_total_sent_ev1.5,118,0.9737,0.9723,134.33,153.73,844.3979,0.0,,,0.527557,
Sharpe_press_conferences_zscore__4b_sent_sd_ev1.5,151,0.968,0.9669,189.71,207.81,1225.8998,0.0,,,0.534327,
Sharpe_press_conferences_zscore__4b_sent_var_ev1.5,151,0.968,0.9669,189.71,207.81,1225.8998,0.0,,,0.534327,
Sharpe_press_conferences_zscore__4b_sd_var_joint_ev1.5,151,0.968,0.9669,189.71,207.81,1225.8998,0.0,,,0.534327,
Sharpe_press_conferences_zscore__4b_consensus_ev1.5,118,0.9738,0.9724,133.99,153.38,1041.2466,0.0,,,0.496729,
Sharpe_press_conferences_zscore__4e_total_interactions_ev1.5,118,0.981,0.979,106.14,139.39,1031.1385,0.0,,,0.474615,
Sharpe_press_conferences_zscore__4f_matched_interactions_ev1.5,151,0.968,0.9669,189.71,207.81,1225.8998,0.0,,,0.534327,
Sharpe_press_conferences_zscore__4g_novelty_ev1.5,117,0.9684,0.9667,155.08,174.42,862.0028,0.0,,,0.56685,
Sharpe_press_conferences_zscore__4a_total_sent_ev2.0,118,0.9737,0.9723,134.33,153.73,844.3979,0.0,,,0.527557,
Sharpe_press_conferences_zscore__4b_sent_sd_ev2.0,151,0.968,0.9669,189.71,207.81,1225.8998,0.0,,,0.534327,
Sharpe_press_conferences_zscore__4b_sent_var_ev2.0,151,0.968,0.9669,189.71,207.81,1225.8998,0.0,,,0.534327,
Sharpe_press_conferences_zscore__4b_sd_var_joint_ev2.0,151,0.968,0.9669,189.71,207.81,1225.8998,0.0,,,0.534327,
Sharpe_press_conferences_zscore__4b_consensus_ev2.0,118,0.9738,0.9724,133.99,153.38,1041.2466,0.0,,,0.496729,
Sharpe_press_conferences_zscore__4e_total_interactions_ev2.0,118,0.981,0.979,106.14,139.39,1031.1385,0.0,,,0.474615,
Sharpe_press_conferences_zscore__4f_matched_interactions_ev2.0,151,0.968,0.9669,189.71,207.81,1225.8998,0.0,,,0.534327,
Sharpe_press_conferences_zscore__4g_novelty_ev2.0,117,0.9684,0.9667,155.08,174.42,862.0028,0.0,,,0.56685,
Sharpe_press_conferences_zscore__4a_total_sent_ev2.5,118,0.9737,0.9723,134.33,153.73,844.3979,0.0,,,0.527557,
Sharpe_press_conferences_zscore__4b_sent_sd_ev2.5,151,0.968,0.9669,189.71,207.81,1225.8998,0.0,,,0.534327,
Sharpe_press_conferences_zscore__4b_sent_var_ev2.5,151,0.968,0.9669,189.71,207.81,1225.8998,0.0,,,0.534327,
Sharpe_press_conferences_zscore__4b_sd_var_joint_ev2.5,151,0.968,0.9669,189.71,207.81,1225.8998,0.0,,,0.534327,
Sharpe_press_conferences_zscore__4b_consensus_ev2.5,118,0.9738,0.9724,133.99,153.38,1041.2466,0.0,,,0.496729,
Sharpe_press_conferences_zscore__4e_total_interactions_ev2.5,118,0.981,0.979,106.14,139.39,1031.1385,0.0,,,0.474615,
Sharpe_press_conferences_zscore__4f_matched_interactions_ev2.5,151,0.968,0.9669,189.71,207.81,1225.8998,0.0,,,0.534327,
Sharpe_press_conferences_zscore__4g_novelty_ev2.5,117,0.9684,0.9667,155.08,174.42,862.0028,0.0,,,0.56685,
Sharpe_press_conferences_zscore__4a_total_sent_ev3.0,118,0.9737,0.9723,134.33,153.73,844.3979,0.0,,,0.527557,
Sharpe_press_conferences_zscore__4b_sent_sd_ev3.0,151,0.968,0.9669,189.71,207.81,1225.8998,0.0,,,0.534327,
Sharpe_press_conferences_zscore__4b_sent_var_ev3.0,151,0.968,0.9669,189.71,207.81,1225.8998,0.0,,,0.534327,
Sharpe_press_conferences_zscore__4b_sd_var_joint_ev3.0,151,0.968,0.9669,189.71,207.81,1225.8998,0.0,,,0.534327,
Sharpe_press_conferences_zscore__4b_consensus_ev3.0,118,0.9738,0.9724,133.99,153.38,1041.2466,0.0,,,0.496729,
Sharpe_press_conferences_zscore__4e_total_interactions_ev3.0,118,0.981,0.979,106.14,139.39,1031.1385,0.0,,,0.474615,
Sharpe_press_conferences_zscore__4f_matched_interactions_ev3.0,151,0.968,0.9669,189.71,207.81,1225.8998,0.0,,,0.534327,
Sharpe_press_conferences_zscore__4g_novelty_ev3.0,117,0.9684,0.9667,155.08,174.42,862.0028,0.0,,,0.56685,
Sharpe_statements_minutes_speeches_press_conferences_wordcount__4a_total_sent_ev1.0,151,0.9738,0.9727,161.39,182.51,1140.2421,0.0,,,0.48934,
Sharpe_statements_minutes_speeches_press_conferences_wordcount__4b_sent_sd_ev1.0,151,0.968,0.9669,189.71,207.81,1225.8998,0.0,,,0.534327,
Sharpe_statements_minutes_speeches_press_conferences_wordcount__4b_sent_var_ev1.0,151,0.968,0.9669,189.71,207.81,1225.8998,0.0,,,0.534327,
Sharpe_statements_minutes_speeches_press_conferences_wordcount__4b_sd_var_joint_ev1.0,151,0.968,0.9669,189.71,207.81,1225.8998,0.0,,,0.534327,
Sharpe_statements_minutes_speeches_press_conferences_wordcount__4b_consensus_ev1.0,151,0.968,0.9667,191.68,212.8,1073.7163,0.0,,,0.538374,
Sharpe_statements_minutes_speeches_press_conferences_wordcount__4e_total_interactions_ev1.0,151,0.9823,0.9809,112.68,148.89,957.2849,0.0,,,0.414103,
Sharpe_statements_minutes_speeches_press_conferences_wordcount__4f_matched_interactions_ev1.0,151,0.968,0.9669,189.71,207.81,1225.8998,0.0,,,0.534327,
Sharpe_statements_minutes_speeches_press_conferences_wordcount__4g_novelty_ev1.0,150,0.9675,0.9662,190.68,211.75,968.9041,0.0,,,0.519492,
Sharpe_statements_minutes_speeches_press_conferences_wordcount__4a_total_sent_ev1.5,151,0.9738,0.9727,161.39,182.51,1140.2421,0.0,,,0.48934,
Sharpe_statements_minutes_speeches_press_conferences_wordcount__4b_sent_sd_ev1.5,151,0.968,0.9669,189.71,207.81,1225.8998,0.0,,,0.534327,
Sharpe_statements_minutes_speeches_press_conferences_wordcount__4b_sent_var_ev1.5,151,0.968,0.9669,189.71,207.81,1225.8998,0.0,,,0.534327,
Sharpe_statements_minutes_speeches_press_conferences_wordcount__4b_sd_var_joint_ev1.5,151,0.968,0.9669,189.71,207.81,1225.8998,0.0,,,0.534327,
Sharpe_statements_minutes_speeches_press_conferences_wordcount__4b_consensus_ev1.5,151,0.968,0.9667,191.68,212.8,1073.7163,0.0,,,0.538374,
Sharpe_statements_minutes_speeches_press_conferences_wordcount__4e_total_interactions_ev1.5,151,0.9823,0.9809,112.68,148.89,957.2849,0.0,,,0.414103,
Sharpe_statements_minutes_speeches_press_conferences_wordcount__4f_matched_interactions_ev1.5,151,0.968,0.9669,189.71,207.81,1225.8998,0.0,,,0.534327,
Sharpe_statements_minutes_speeches_press_conferences_wordcount__4g_novelty_ev1.5,150,0.9675,0.9662,190.68,211.75,968.9041,0.0,,,0.519492,
Sharpe_statements_minutes_speeches_press_conferences_wordcount__4a_total_sent_ev2.0,151,0.9738,0.9727,161.39,182.51,1140.2421,0.0,,,0.48934,
Sharpe_statements_minutes_speeches_press_conferences_wordcount__4b_sent_sd_ev2.0,151,0.968,0.9669,189.71,207.81,1225.8998,0.0,,,0.534327,
Sharpe_statements_minutes_speeches_press_conferences_wordcount__4b_sent_var_ev2.0,151,0.968,0.9669,189.71,207.81,1225.8998,0.0,,,0.534327,
Sharpe_statements_minutes_speeches_press_conferences_wordcount__4b_sd_var_joint_ev2.0,151,0.968,0.9669,189.71,207.81,1225.8998,0.0,,,0.534327,
Sharpe_statements_minutes_speeches_press_conferences_wordcount__4b_consensus_ev2.0,151,0.968,0.9667,191.68,212.8,1073.7163,0.0,,,0.538374,
Sharpe_statements_minutes_speeches_press_conferences_wordcount__4e_total_interactions_ev2.0,151,0.9823,0.9809,112.68,148.89,957.2849,0.0,,,0.414103,
Sharpe_statements_minutes_speeches_press_conferences_wordcount__4f_matched_interactions_ev2.0,151,0.968,0.9669,189.71,207.81,1225.8998,0.0,,,0.534327,
Sharpe_statements_minutes_speeches_press_conferences_wordcount__4g_novelty_ev2.0,150,0.9675,0.9662,190.68,211.75,968.9041,0.0,,,0.519492,
Sharpe_statements_minutes_speeches_press_conferences_wordcount__4a_total_sent_ev2.5,151,0.9738,0.9727,161.39,182.51,1140.2421,0.0,,,0.48934,
Sharpe_statements_minutes_speeches_press_conferences_wordcount__4b_sent_sd_ev2.5,151,0.968,0.9669,189.71,207.81,1225.8998,0.0,,,0.534327,
Sharpe_statements_minutes_speeches_press_conferences_wordcount__4b_sent_var_ev2.5,151,0.968,0.9669,189.71,207.81,1225.8998,0.0,,,0.534327,
Sharpe_statements_minutes_speeches_press_conferences_wordcount__4b_sd_var_joint_ev2.5,151,0.968,0.9669,189.71,207.81,1225.8998,0.0,,,0.534327,
Sharpe_statements_minutes_speeches_press_conferences_wordcount__4b_consensus_ev2.5,151,0.968,0.9667,191.68,212.8,1073.7163,0.0,,,0.538374,
Sharpe_statements_minutes_speeches_press_conferences_wordcount__4e_total_interactions_ev2.5,151,0.9823,0.9809,112.68,148.89,957.2849,0.0,,,0.414103,
Sharpe_statements_minutes_speeches_press_conferences_wordcount__4f_matched_interactions_ev2.5,151,0.968,0.9669,189.71,207.81,1225.8998,0.0,,,0.534327,
Sharpe_statements_minutes_speeches_press_conferences_wordcount__4g_novelty_ev2.5,150,0.9675,0.9662,190.68,211.75,968.9041,0.0,,,0.519492,
Sharpe_statements_minutes_speeches_press_conferences_wordcount__4a_total_sent_ev3.0,151,0.9738,0.9727,161.39,182.51,1140.2421,0.0,,,0.48934,
Sharpe_statements_minutes_speeches_press_conferences_wordcount__4b_sent_sd_ev3.0,151,0.968,0.9669,189.71,207.81,1225.8998,0.0,,,0.534327,
Sharpe_statements_minutes_speeches_press_conferences_wordcount__4b_sent_var_ev3.0,151,0.968,0.9669,189.71,207.81,1225.8998,0.0,,,0.534327,
Sharpe_statements_minutes_speeches_press_conferences_wordcount__4b_sd_var_joint_ev3.0,151,0.968,0.9669,189.71,207.81,1225.8998,0.0,,,0.534327,
Sharpe_statements_minutes_speeches_press_conferences_wordcount__4b_consensus_ev3.0,151,0.968,0.9667,191.68,212.8,1073.7163,0.0,,,0.538374,
Sharpe_statements_minutes_speeches_press_conferences_wordcount__4e_total_interactions_ev3.0,151,0.9823,0.9809,112.68,148.89,957.2849,0.0,,,0.414103,
Sharpe_statements_minutes_speeches_press_conferences_wordcount__4f_matched_interactions_ev3.0,151,0.968,0.9669,189.71,207.81,1225.8998,0.0,,,0.534327,
Sharpe_statements_minutes_speeches_press_conferences_wordcount__4g_novelty_ev3.0,150,0.9675,0.9662,190.68,211.75,968.9041,0.0,,,0.519492,
Sharpe_statements_minutes_speeches_press_conferences_zscore__4a_total_sent_ev1.0,151,0.9728,0.9716,167.33,188.45,1025.6359,0.0,,,0.506794,
Sharpe_statements_minutes_speeches_press_conferences_zscore__4b_sent_sd_ev1.0,151,0.968,0.9669,189.71,207.81,1225.8998,0.0,,,0.534327,
Sharpe_statements_minutes_speeches_press_conferences_zscore__4b_sent_var_ev1.0,151,0.968,0.9669,189.71,207.81,1225.8998,0.0,,,0.534327,
Sharpe_statements_minutes_speeches_press_conferences_zscore__4b_sd_var_joint_ev1.0,151,0.968,0.9669,189.71,207.81,1225.8998,0.0,,,0.534327,
Sharpe_statements_minutes_speeches_press_conferences_zscore__4b_consensus_ev1.0,151,0.9684,0.9671,189.77,210.89,1083.0021,0.0,,,0.554236,
Sharpe_statements_minutes_speeches_press_conferences_zscore__4e_total_interactions_ev1.0,151,0.9761,0.9742,157.47,193.68,546.6161,0.0,,,0.61472,
Sharpe_statements_minutes_speeches_press_conferences_zscore__4f_matched_interactions_ev1.0,151,0.968,0.9669,189.71,207.81,1225.8998,0.0,,,0.534327,
Sharpe_statements_minutes_speeches_press_conferences_zscore__4g_novelty_ev1.0,150,0.9675,0.9661,191.01,212.08,1021.1841,0.0,,,0.526899,
Sharpe_statements_minutes_speeches_press_conferences_zscore__4a_total_sent_ev1.5,151,0.9728,0.9716,167.33,188.45,1025.6359,0.0,,,0.506794,
Sharpe_statements_minutes_speeches_press_conferences_zscore__4b_sent_sd_ev1.5,151,0.968,0.9669,189.71,207.81,1225.8998,0.0,,,0.534327,
Sharpe_statements_minutes_speeches_press_conferences_zscore__4b_sent_var_ev1.5,151,0.968,0.9669,189.71,207.81,1225.8998,0.0,,,0.534327,
Sharpe_statements_minutes_speeches_press_conferences_zscore__4b_sd_var_joint_ev1.5,151,0.968,0.9669,189.71,207.81,1225.8998,0.0,,,0.534327,
Sharpe_statements_minutes_speeches_press_conferences_zscore__4b_consensus_ev1.5,151,0.9684,0.9671,189.77,210.89,1083.0021,0.0,,,0.554236,
Sharpe_statements_minutes_speeches_press_conferences_zscore__4e_total_interactions_ev1.5,151,0.9761,0.9742,157.47,193.68,546.6161,0.0,,,0.61472,
Sharpe_statements_minutes_speeches_press_conferences_zscore__4f_matched_interactions_ev1.5,151,0.968,0.9669,189.71,207.81,1225.8998,0.0,,,0.534327,
Sharpe_statements_minutes_speeches_press_conferences_zscore__4g_novelty_ev1.5,150,0.9675,0.9661,191.01,212.08,1021.1841,0.0,,,0.526899,
Sharpe_statements_minutes_speeches_press_conferences_zscore__4a_total_sent_ev2.0,151,0.9728,0.9716,167.33,188.45,1025.6359,0.0,,,0.506794,
Sharpe_statements_minutes_speeches_press_conferences_zscore__4b_sent_sd_ev2.0,151,0.968,0.9669,189.71,207.81,1225.8998,0.0,,,0.534327,
Sharpe_statements_minutes_speeches_press_conferences_zscore__4b_sent_var_ev2.0,151,0.968,0.9669,189.71,207.81,1225.8998,0.0,,,0.534327,
Sharpe_statements_minutes_speeches_press_conferences_zscore__4b_sd_var_joint_ev2.0,151,0.968,0.9669,189.71,207.81,1225.8998,0.0,,,0.534327,
Sharpe_statements_minutes_speeches_press_conferences_zscore__4b_consensus_ev2.0,151,0.9684,0.9671,189.77,210.89,1083.0021,0.0,,,0.554236,
Sharpe_statements_minutes_speeches_press_conferences_zscore__4e_total_interactions_ev2.0,151,0.9761,0.9742,157.47,193.68,546.6161,0.0,,,0.61472,
Sharpe_statements_minutes_speeches_press_conferences_zscore__4f_matched_interactions_ev2.0,151,0.968,0.9669,189.71,207.81,1225.8998,0.0,,,0.534327,
Sharpe_statements_minutes_speeches_press_conferences_zscore__4g_novelty_ev2.0,150,0.9675,0.9661,191.01,212.08,1021.1841,0.0,,,0.526899,
Sharpe_statements_minutes_speeches_press_conferences_zscore__4a_total_sent_ev2.5,151,0.9728,0.9716,167.33,188.45,1025.6359,0.0,,,0.506794,
Sharpe_statements_minutes_speeches_press_conferences_zscore__4b_sent_sd_ev2.5,151,0.968,0.9669,189.71,207.81,1225.8998,0.0,,,0.534327,
Sharpe_statements_minutes_speeches_press_conferences_zscore__4b_sent_var_ev2.5,151,0.968,0.9669,189.71,207.81,1225.8998,0.0,,,0.534327,
Sharpe_statements_minutes_speeches_press_conferences_zscore__4b_sd_var_joint_ev2.5,151,0.968,0.9669,189.71,207.81,1225.8998,0.0,,,0.534327,
Sharpe_statements_minutes_speeches_press_conferences_zscore__4b_consensus_ev2.5,151,0.9684,0.9671,189.77,210.89,1083.0021,0.0,,,0.554236,
Sharpe_statements_minutes_speeches_press_conferences_zscore__4e_total_interactions_ev2.5,151,0.9761,0.9742,157.47,193.68,546.6161,0.0,,,0.61472,
Sharpe_statements_minutes_speeches_press_conferences_zscore__4f_matched_interactions_ev2.5,151,0.968,0.9669,189.71,207.81,1225.8998,0.0,,,0.534327,
Sharpe_statements_minutes_speeches_press_conferences_zscore__4g_novelty_ev2.5,150,0.9675,0.9661,191.01,212.08,1021.1841,0.0,,,0.526899,
Sharpe_statements_minutes_speeches_press_conferences_zscore__4a_total_sent_ev3.0,151,0.9728,0.9716,167.33,188.45,1025.6359,0.0,,,0.506794,
Sharpe_statements_minutes_speeches_press_conferences_zscore__4b_sent_sd_ev3.0,151,0.968,0.9669,189.71,207.81,1225.8998,0.0,,,0.534327,
Sharpe_statements_minutes_speeches_press_conferences_zscore__4b_sent_var_ev3.0,151,0.968,0.9669,189.71,207.81,1225.8998,0.0,,,0.534327,
Sharpe_statements_minutes_speeches_press_conferences_zscore__4b_sd_var_joint_ev3.0,151,0.968,0.9669,189.71,207.81,1225.8998,0.0,,,0.534327,
Sharpe_statements_minutes_speeches_press_conferences_zscore__4b_consensus_ev3.0,151,0.9684,0.9671,189.77,210.89,1083.0021,0.0,,,0.554236,
Sharpe_statements_minutes_speeches_press_conferences_zscore__4e_total_interactions_ev3.0,151,0.9761,0.9742,157.47,193.68,546.6161,0.0,,,0.61472,
Sharpe_statements_minutes_speeches_press_conferences_zscore__4f_matched_interactions_ev3.0,151,0.968,0.9669,189.71,207.81,1225.8998,0.0,,,0.534327,
Sharpe_statements_minutes_speeches_press_conferences_zscore__4g_novelty_ev3.0,150,0.9675,0.9661,191.01,212.08,1021.1841,0.0,,,0.526899,
