model_label,n_obs,r2,adj_r2,aic,bic,f_stat,f_pvalue,oos_rmse_60,oos_rmse_70,oos_rmse_80,oos_rmse_90,cw_tstat,cw_pval
Gardner_statements_wordcount__4a_total_sent_ev1.0,213,0.2118,0.1927,70.21,90.37,8.3215,0.0,0.296204,0.324082,0.348967,0.170401,1.495,
Gardner_statements_wordcount__4b_sent_sd_ev1.0,215,0.2058,0.1907,68.43,85.28,10.0824,0.0,0.296816,0.322377,0.348585,0.173913,,
Gardner_statements_wordcount__4b_sent_var_ev1.0,215,0.2058,0.1907,68.43,85.28,10.0824,0.0,0.296816,0.322377,0.348585,0.173913,,
Gardner_statements_wordcount__4b_sd_var_joint_ev1.0,215,0.2058,0.1907,68.43,85.28,10.0824,0.0,0.296816,0.322377,0.348585,0.173913,,
Gardner_statements_wordcount__4b_consensus_ev1.0,213,0.2515,0.2183,67.19,100.8,6.5909,0.0,0.29867,0.32808,0.355282,0.162334,1.7899,
Gardner_statements_wordcount__4b_consensus_matched_interactions_ev1.0,213,0.2242,0.1898,74.81,108.43,6.0799,0.0,0.300419,0.329641,0.350503,0.171015,1.3461,
Gardner_statements_wordcount__4c_all_topics_ev1.0,213,0.2566,0.2236,65.73,99.35,6.2812,0.0,0.301714,0.331252,0.356476,0.180346,2.0655,
Gardner_statements_wordcount__4d_topic_pca_ev1.0,213,0.2426,0.2129,67.7,97.95,6.4545,0.0,0.304216,0.333715,0.360377,0.163918,2.0774,,4d,1.0
Gardner_statements_wordcount__4e_total_interactions_ev1.0,213,0.2997,0.2687,53.01,86.62,8.4827,0.0,0.291725,0.313946,0.335491,0.151375,1.6566,0.0488
Gardner_statements_wordcount__4f_matched_interactions_ev1.0,213,0.2373,0.2035,71.19,104.81,5.0881,3e-06,0.316894,0.35099,0.370115,0.15275,0.8924,
Gardner_statements_wordcount__4g_novelty_ev1.0,212,0.2133,0.1782,78.51,112.08,4.7668,9e-06,0.296896,0.322946,0.345815,0.175045,2.1583,0.0155
Gardner_statements_wordcount__4a_total_sent_ev1.5,213,0.2118,0.1927,70.21,90.37,8.3215,0.0,0.296204,0.324082,0.348967,0.170401,1.495,
Gardner_statements_wordcount__4b_sent_sd_ev1.5,215,0.2058,0.1907,68.43,85.28,10.0824,0.0,0.296816,0.322377,0.348585,0.173913,,
Gardner_statements_wordcount__4b_sent_var_ev1.5,215,0.2058,0.1907,68.43,85.28,10.0824,0.0,0.296816,0.322377,0.348585,0.173913,,
Gardner_statements_wordcount__4b_sd_var_joint_ev1.5,215,0.2058,0.1907,68.43,85.28,10.0824,0.0,0.296816,0.322377,0.348585,0.173913,,
Gardner_statements_wordcount__4b_consensus_ev1.5,213,0.2515,0.2183,67.19,100.8,6.5909,0.0,0.29867,0.32808,0.355282,0.162334,1.7899,
Gardner_statements_wordcount__4b_consensus_matched_interactions_ev1.5,213,0.2242,0.1898,74.81,108.43,6.0799,0.0,0.300419,0.329641,0.350503,0.171015,1.3461,
Gardner_statements_wordcount__4c_all_topics_ev1.5,213,0.2566,0.2236,65.73,99.35,6.2812,0.0,0.301714,0.331252,0.356476,0.180346,2.0655,
Gardner_statements_wordcount__4d_topic_pca_ev1.5,213,0.2426,0.2129,67.7,97.95,6.4545,0.0,0.304216,0.333715,0.360377,0.163918,2.0774,,4d,1.5
Gardner_statements_wordcount__4e_total_interactions_ev1.5,213,0.2997,0.2687,53.01,86.62,8.4827,0.0,0.291725,0.313946,0.335491,0.151375,1.6566,0.0488
Gardner_statements_wordcount__4f_matched_interactions_ev1.5,213,0.2373,0.2035,71.19,104.81,5.0881,3e-06,0.316894,0.35099,0.370115,0.15275,0.8924,
Gardner_statements_wordcount__4g_novelty_ev1.5,212,0.2133,0.1782,78.51,112.08,4.7668,9e-06,0.296896,0.322946,0.345815,0.175045,2.1583,0.0155
Gardner_statements_wordcount__4a_total_sent_ev2.0,213,0.2118,0.1927,70.21,90.37,8.3215,0.0,0.296204,0.324082,0.348967,0.170401,1.495,
Gardner_statements_wordcount__4b_sent_sd_ev2.0,215,0.2058,0.1907,68.43,85.28,10.0824,0.0,0.296816,0.322377,0.348585,0.173913,,
Gardner_statements_wordcount__4b_sent_var_ev2.0,215,0.2058,0.1907,68.43,85.28,10.0824,0.0,0.296816,0.322377,0.348585,0.173913,,
Gardner_statements_wordcount__4b_sd_var_joint_ev2.0,215,0.2058,0.1907,68.43,85.28,10.0824,0.0,0.296816,0.322377,0.348585,0.173913,,
Gardner_statements_wordcount__4b_consensus_ev2.0,213,0.2515,0.2183,67.19,100.8,6.5909,0.0,0.29867,0.32808,0.355282,0.162334,1.7899,
Gardner_statements_wordcount__4b_consensus_matched_interactions_ev2.0,213,0.2242,0.1898,74.81,108.43,6.0799,0.0,0.300419,0.329641,0.350503,0.171015,1.3461,
Gardner_statements_wordcount__4c_all_topics_ev2.0,213,0.2566,0.2236,65.73,99.35,6.2812,0.0,0.301714,0.331252,0.356476,0.180346,2.0655,
Gardner_statements_wordcount__4d_topic_pca_ev2.0,213,0.2426,0.2129,67.7,97.95,6.4545,0.0,0.304216,0.333715,0.360377,0.163918,2.0774,,4d,2.0
Gardner_statements_wordcount__4e_total_interactions_ev2.0,213,0.2997,0.2687,53.01,86.62,8.4827,0.0,0.291725,0.313946,0.335491,0.151375,1.6566,0.0488
Gardner_statements_wordcount__4f_matched_interactions_ev2.0,213,0.2373,0.2035,71.19,104.81,5.0881,3e-06,0.316894,0.35099,0.370115,0.15275,0.8924,
Gardner_statements_wordcount__4g_novelty_ev2.0,212,0.2133,0.1782,78.51,112.08,4.7668,9e-06,0.296896,0.322946,0.345815,0.175045,2.1583,0.0155
Gardner_statements_wordcount__4a_total_sent_ev2.5,213,0.2118,0.1927,70.21,90.37,8.3215,0.0,0.296204,0.324082,0.348967,0.170401,1.495,
Gardner_statements_wordcount__4b_sent_sd_ev2.5,215,0.2058,0.1907,68.43,85.28,10.0824,0.0,0.296816,0.322377,0.348585,0.173913,,
Gardner_statements_wordcount__4b_sent_var_ev2.5,215,0.2058,0.1907,68.43,85.28,10.0824,0.0,0.296816,0.322377,0.348585,0.173913,,
Gardner_statements_wordcount__4b_sd_var_joint_ev2.5,215,0.2058,0.1907,68.43,85.28,10.0824,0.0,0.296816,0.322377,0.348585,0.173913,,
Gardner_statements_wordcount__4b_consensus_ev2.5,213,0.2515,0.2183,67.19,100.8,6.5909,0.0,0.29867,0.32808,0.355282,0.162334,1.7899,
Gardner_statements_wordcount__4b_consensus_matched_interactions_ev2.5,213,0.2242,0.1898,74.81,108.43,6.0799,0.0,0.300419,0.329641,0.350503,0.171015,1.3461,
Gardner_statements_wordcount__4c_all_topics_ev2.5,213,0.2566,0.2236,65.73,99.35,6.2812,0.0,0.301714,0.331252,0.356476,0.180346,2.0655,
Gardner_statements_wordcount__4d_topic_pca_ev2.5,213,0.2426,0.2129,67.7,97.95,6.4545,0.0,0.304216,0.333715,0.360377,0.163918,2.0774,,4d,2.5
Gardner_statements_wordcount__4e_total_interactions_ev2.5,213,0.2997,0.2687,53.01,86.62,8.4827,0.0,0.291725,0.313946,0.335491,0.151375,1.6566,0.0488
Gardner_statements_wordcount__4f_matched_interactions_ev2.5,213,0.2373,0.2035,71.19,104.81,5.0881,3e-06,0.316894,0.35099,0.370115,0.15275,0.8924,
Gardner_statements_wordcount__4g_novelty_ev2.5,212,0.2133,0.1782,78.51,112.08,4.7668,9e-06,0.296896,0.322946,0.345815,0.175045,2.1583,0.0155
Gardner_statements_wordcount__4a_total_sent_ev3.0,213,0.2118,0.1927,70.21,90.37,8.3215,0.0,0.296204,0.324082,0.348967,0.170401,1.495,
Gardner_statements_wordcount__4b_sent_sd_ev3.0,215,0.2058,0.1907,68.43,85.28,10.0824,0.0,0.296816,0.322377,0.348585,0.173913,,
Gardner_statements_wordcount__4b_sent_var_ev3.0,215,0.2058,0.1907,68.43,85.28,10.0824,0.0,0.296816,0.322377,0.348585,0.173913,,
Gardner_statements_wordcount__4b_sd_var_joint_ev3.0,215,0.2058,0.1907,68.43,85.28,10.0824,0.0,0.296816,0.322377,0.348585,0.173913,,
Gardner_statements_wordcount__4b_consensus_ev3.0,213,0.2515,0.2183,67.19,100.8,6.5909,0.0,0.29867,0.32808,0.355282,0.162334,1.7899,
Gardner_statements_wordcount__4b_consensus_matched_interactions_ev3.0,213,0.2242,0.1898,74.81,108.43,6.0799,0.0,0.300419,0.329641,0.350503,0.171015,1.3461,
Gardner_statements_wordcount__4c_all_topics_ev3.0,213,0.2566,0.2236,65.73,99.35,6.2812,0.0,0.301714,0.331252,0.356476,0.180346,2.0655,
Gardner_statements_wordcount__4d_topic_pca_ev3.0,213,0.2426,0.2129,67.7,97.95,6.4545,0.0,0.304216,0.333715,0.360377,0.163918,2.0774,,4d,3.0
Gardner_statements_wordcount__4e_total_interactions_ev3.0,213,0.2997,0.2687,53.01,86.62,8.4827,0.0,0.291725,0.313946,0.335491,0.151375,1.6566,0.0488
Gardner_statements_wordcount__4f_matched_interactions_ev3.0,213,0.2373,0.2035,71.19,104.81,5.0881,3e-06,0.316894,0.35099,0.370115,0.15275,0.8924,
Gardner_statements_wordcount__4g_novelty_ev3.0,212,0.2133,0.1782,78.51,112.08,4.7668,9e-06,0.296896,0.322946,0.345815,0.175045,2.1583,0.0155
Gardner_statements_zscore__4a_total_sent_ev1.0,213,0.2112,0.1921,70.37,90.53,8.2832,0.0,0.296055,0.323538,0.348778,0.174668,1.5524,
Gardner_statements_zscore__4b_sent_sd_ev1.0,215,0.2058,0.1907,68.43,85.28,10.0824,0.0,0.296816,0.322377,0.348585,0.173913,,
Gardner_statements_zscore__4b_sent_var_ev1.0,215,0.2058,0.1907,68.43,85.28,10.0824,0.0,0.296816,0.322377,0.348585,0.173913,,
Gardner_statements_zscore__4b_sd_var_joint_ev1.0,215,0.2058,0.1907,68.43,85.28,10.0824,0.0,0.296816,0.322377,0.348585,0.173913,,
Gardner_statements_zscore__4b_consensus_ev1.0,213,0.2315,0.1974,72.81,106.42,6.7152,0.0,0.306787,0.338057,0.369477,0.172427,1.6356,
Gardner_statements_zscore__4b_consensus_matched_interactions_ev1.0,213,0.2309,0.1968,72.96,106.57,5.7334,0.0,0.312027,0.340302,0.359998,0.172244,0.7744,
Gardner_statements_zscore__4c_all_topics_ev1.0,213,0.2327,0.1987,72.46,106.07,4.6872,1.2e-05,0.293216,0.318665,0.339262,0.181363,1.7852,0.0371
Gardner_statements_zscore__4d_topic_pca_ev1.0,213,0.2292,0.1989,71.45,101.7,5.0672,9e-06,0.291038,0.316478,0.338452,0.172892,1.8376,0.0331,4d,1.0
Gardner_statements_zscore__4e_total_interactions_ev1.0,213,0.2571,0.2242,65.57,99.19,8.1571,0.0,0.31312,0.340539,0.364627,0.146947,1.246,
Gardner_statements_zscore__4f_matched_interactions_ev1.0,213,0.2387,0.2049,70.8,104.41,6.1684,0.0,0.302245,0.330925,0.348027,0.145779,1.5364,
Gardner_statements_zscore__4g_novelty_ev1.0,212,0.2209,0.1822,78.44,115.36,4.4415,1.2e-05,0.297034,0.322973,0.345876,0.174988,2.0946,0.0181
Gardner_statements_zscore__4a_total_sent_ev1.5,213,0.2112,0.1921,70.37,90.53,8.2832,0.0,0.296055,0.323538,0.348778,0.174668,1.5524,
Gardner_statements_zscore__4b_sent_sd_ev1.5,215,0.2058,0.1907,68.43,85.28,10.0824,0.0,0.296816,0.322377,0.348585,0.173913,,
Gardner_statements_zscore__4b_sent_var_ev1.5,215,0.2058,0.1907,68.43,85.28,10.0824,0.0,0.296816,0.322377,0.348585,0.173913,,
Gardner_statements_zscore__4b_sd_var_joint_ev1.5,215,0.2058,0.1907,68.43,85.28,10.0824,0.0,0.296816,0.322377,0.348585,0.173913,,
Gardner_statements_zscore__4b_consensus_ev1.5,213,0.2315,0.1974,72.81,106.42,6.7152,0.0,0.306787,0.338057,0.369477,0.172427,1.6356,
Gardner_statements_zscore__4b_consensus_matched_interactions_ev1.5,213,0.2309,0.1968,72.96,106.57,5.7334,0.0,0.312027,0.340302,0.359998,0.172244,0.7744,
Gardner_statements_zscore__4c_all_topics_ev1.5,213,0.2327,0.1987,72.46,106.07,4.6872,1.2e-05,0.293216,0.318665,0.339262,0.181363,1.7852,0.0371
Gardner_statements_zscore__4d_topic_pca_ev1.5,213,0.2292,0.1989,71.45,101.7,5.0672,9e-06,0.291038,0.316478,0.338452,0.172892,1.8376,0.0331,4d,1.5
Gardner_statements_zscore__4e_total_interactions_ev1.5,213,0.2571,0.2242,65.57,99.19,8.1571,0.0,0.31312,0.340539,0.364627,0.146947,1.246,
Gardner_statements_zscore__4f_matched_interactions_ev1.5,213,0.2387,0.2049,70.8,104.41,6.1684,0.0,0.302245,0.330925,0.348027,0.145779,1.5364,
Gardner_statements_zscore__4g_novelty_ev1.5,212,0.2209,0.1822,78.44,115.36,4.4415,1.2e-05,0.297034,0.322973,0.345876,0.174988,2.0946,0.0181
Gardner_statements_zscore__4a_total_sent_ev2.0,213,0.2112,0.1921,70.37,90.53,8.2832,0.0,0.296055,0.323538,0.348778,0.174668,1.5524,
Gardner_statements_zscore__4b_sent_sd_ev2.0,215,0.2058,0.1907,68.43,85.28,10.0824,0.0,0.296816,0.322377,0.348585,0.173913,,
Gardner_statements_zscore__4b_sent_var_ev2.0,215,0.2058,0.1907,68.43,85.28,10.0824,0.0,0.296816,0.322377,0.348585,0.173913,,
Gardner_statements_zscore__4b_sd_var_joint_ev2.0,215,0.2058,0.1907,68.43,85.28,10.0824,0.0,0.296816,0.322377,0.348585,0.173913,,
Gardner_statements_zscore__4b_consensus_ev2.0,213,0.2315,0.1974,72.81,106.42,6.7152,0.0,0.306787,0.338057,0.369477,0.172427,1.6356,
Gardner_statements_zscore__4b_consensus_matched_interactions_ev2.0,213,0.2309,0.1968,72.96,106.57,5.7334,0.0,0.312027,0.340302,0.359998,0.172244,0.7744,
Gardner_statements_zscore__4c_all_topics_ev2.0,213,0.2327,0.1987,72.46,106.07,4.6872,1.2e-05,0.293216,0.318665,0.339262,0.181363,1.7852,0.0371
Gardner_statements_zscore__4d_topic_pca_ev2.0,213,0.2292,0.1989,71.45,101.7,5.0672,9e-06,0.291038,0.316478,0.338452,0.172892,1.8376,0.0331,4d,2.0
Gardner_statements_zscore__4e_total_interactions_ev2.0,213,0.2571,0.2242,65.57,99.19,8.1571,0.0,0.31312,0.340539,0.364627,0.146947,1.246,
Gardner_statements_zscore__4f_matched_interactions_ev2.0,213,0.2387,0.2049,70.8,104.41,6.1684,0.0,0.302245,0.330925,0.348027,0.145779,1.5364,
Gardner_statements_zscore__4g_novelty_ev2.0,212,0.2209,0.1822,78.44,115.36,4.4415,1.2e-05,0.297034,0.322973,0.345876,0.174988,2.0946,0.0181
Gardner_statements_zscore__4a_total_sent_ev2.5,213,0.2112,0.1921,70.37,90.53,8.2832,0.0,0.296055,0.323538,0.348778,0.174668,1.5524,
Gardner_statements_zscore__4b_sent_sd_ev2.5,215,0.2058,0.1907,68.43,85.28,10.0824,0.0,0.296816,0.322377,0.348585,0.173913,,
Gardner_statements_zscore__4b_sent_var_ev2.5,215,0.2058,0.1907,68.43,85.28,10.0824,0.0,0.296816,0.322377,0.348585,0.173913,,
Gardner_statements_zscore__4b_sd_var_joint_ev2.5,215,0.2058,0.1907,68.43,85.28,10.0824,0.0,0.296816,0.322377,0.348585,0.173913,,
Gardner_statements_zscore__4b_consensus_ev2.5,213,0.2315,0.1974,72.81,106.42,6.7152,0.0,0.306787,0.338057,0.369477,0.172427,1.6356,
Gardner_statements_zscore__4b_consensus_matched_interactions_ev2.5,213,0.2309,0.1968,72.96,106.57,5.7334,0.0,0.312027,0.340302,0.359998,0.172244,0.7744,
Gardner_statements_zscore__4c_all_topics_ev2.5,213,0.2327,0.1987,72.46,106.07,4.6872,1.2e-05,0.293216,0.318665,0.339262,0.181363,1.7852,0.0371
Gardner_statements_zscore__4d_topic_pca_ev2.5,213,0.2292,0.1989,71.45,101.7,5.0672,9e-06,0.291038,0.316478,0.338452,0.172892,1.8376,0.0331,4d,2.5
Gardner_statements_zscore__4e_total_interactions_ev2.5,213,0.2571,0.2242,65.57,99.19,8.1571,0.0,0.31312,0.340539,0.364627,0.146947,1.246,
Gardner_statements_zscore__4f_matched_interactions_ev2.5,213,0.2387,0.2049,70.8,104.41,6.1684,0.0,0.302245,0.330925,0.348027,0.145779,1.5364,
Gardner_statements_zscore__4g_novelty_ev2.5,212,0.2209,0.1822,78.44,115.36,4.4415,1.2e-05,0.297034,0.322973,0.345876,0.174988,2.0946,0.0181
Gardner_statements_zscore__4a_total_sent_ev3.0,213,0.2112,0.1921,70.37,90.53,8.2832,0.0,0.296055,0.323538,0.348778,0.174668,1.5524,
Gardner_statements_zscore__4b_sent_sd_ev3.0,215,0.2058,0.1907,68.43,85.28,10.0824,0.0,0.296816,0.322377,0.348585,0.173913,,
Gardner_statements_zscore__4b_sent_var_ev3.0,215,0.2058,0.1907,68.43,85.28,10.0824,0.0,0.296816,0.322377,0.348585,0.173913,,
Gardner_statements_zscore__4b_sd_var_joint_ev3.0,215,0.2058,0.1907,68.43,85.28,10.0824,0.0,0.296816,0.322377,0.348585,0.173913,,
Gardner_statements_zscore__4b_consensus_ev3.0,213,0.2315,0.1974,72.81,106.42,6.7152,0.0,0.306787,0.338057,0.369477,0.172427,1.6356,
Gardner_statements_zscore__4b_consensus_matched_interactions_ev3.0,213,0.2309,0.1968,72.96,106.57,5.7334,0.0,0.312027,0.340302,0.359998,0.172244,0.7744,
Gardner_statements_zscore__4c_all_topics_ev3.0,213,0.2327,0.1987,72.46,106.07,4.6872,1.2e-05,0.293216,0.318665,0.339262,0.181363,1.7852,0.0371
Gardner_statements_zscore__4d_topic_pca_ev3.0,213,0.2292,0.1989,71.45,101.7,5.0672,9e-06,0.291038,0.316478,0.338452,0.172892,1.8376,0.0331,4d,3.0
Gardner_statements_zscore__4e_total_interactions_ev3.0,213,0.2571,0.2242,65.57,99.19,8.1571,0.0,0.31312,0.340539,0.364627,0.146947,1.246,
Gardner_statements_zscore__4f_matched_interactions_ev3.0,213,0.2387,0.2049,70.8,104.41,6.1684,0.0,0.302245,0.330925,0.348027,0.145779,1.5364,
Gardner_statements_zscore__4g_novelty_ev3.0,212,0.2209,0.1822,78.44,115.36,4.4415,1.2e-05,0.297034,0.322973,0.345876,0.174988,2.0946,0.0181
Gardner_minutes_wordcount__4a_total_sent_ev1.0,119,0.3631,0.3349,10.26,26.93,6.2758,3.6e-05,0.415511,0.283014,0.170592,0.206194,,
Gardner_minutes_wordcount__4b_sent_sd_ev1.0,215,0.2058,0.1907,68.43,85.28,10.0824,0.0,0.296816,0.322377,0.348585,0.173913,,
Gardner_minutes_wordcount__4b_sent_var_ev1.0,215,0.2058,0.1907,68.43,85.28,10.0824,0.0,0.296816,0.322377,0.348585,0.173913,,
Gardner_minutes_wordcount__4b_sd_var_joint_ev1.0,215,0.2058,0.1907,68.43,85.28,10.0824,0.0,0.296816,0.322377,0.348585,0.173913,,
Gardner_minutes_wordcount__4b_consensus_ev1.0,119,0.411,0.3624,8.95,36.74,4.9585,1.4e-05,0.418795,0.288664,0.214803,0.245124,,
Gardner_minutes_wordcount__4b_consensus_matched_interactions_ev1.0,119,0.4096,0.3608,9.25,37.04,4.9732,1.3e-05,0.409938,0.297165,0.213792,0.264364,,
Gardner_minutes_wordcount__4c_all_topics_ev1.0,119,0.4005,0.351,11.05,38.84,4.2232,0.000104,0.455612,0.276051,0.193615,0.215396,,
Gardner_minutes_wordcount__4d_topic_pca_ev1.0,119,0.3963,0.3524,9.88,34.89,4.0103,0.00033,0.457121,0.276568,0.195001,0.212614,,,4d,1.0
Gardner_minutes_wordcount__4e_total_interactions_ev1.0,119,0.4043,0.3551,10.31,38.1,4.934,1.5e-05,0.4436,0.333264,0.199038,0.213224,,
Gardner_minutes_wordcount__4f_matched_interactions_ev1.0,119,0.4022,0.3528,10.72,38.51,4.3565,7.2e-05,0.442889,0.294643,0.180303,0.208259,,
Gardner_minutes_wordcount__4g_novelty_ev1.0,118,0.3583,0.3049,19.99,47.7,3.5404,0.0007,0.4298,0.290298,0.176561,0.204683,,
Gardner_minutes_wordcount__4a_total_sent_ev1.5,119,0.3631,0.3349,10.26,26.93,6.2758,3.6e-05,0.415511,0.283014,0.170592,0.206194,,
Gardner_minutes_wordcount__4b_sent_sd_ev1.5,215,0.2058,0.1907,68.43,85.28,10.0824,0.0,0.296816,0.322377,0.348585,0.173913,,
Gardner_minutes_wordcount__4b_sent_var_ev1.5,215,0.2058,0.1907,68.43,85.28,10.0824,0.0,0.296816,0.322377,0.348585,0.173913,,
Gardner_minutes_wordcount__4b_sd_var_joint_ev1.5,215,0.2058,0.1907,68.43,85.28,10.0824,0.0,0.296816,0.322377,0.348585,0.173913,,
Gardner_minutes_wordcount__4b_consensus_ev1.5,119,0.411,0.3624,8.95,36.74,4.9585,1.4e-05,0.418795,0.288664,0.214803,0.245124,,
Gardner_minutes_wordcount__4b_consensus_matched_interactions_ev1.5,119,0.4096,0.3608,9.25,37.04,4.9732,1.3e-05,0.409938,0.297165,0.213792,0.264364,,
Gardner_minutes_wordcount__4c_all_topics_ev1.5,119,0.4005,0.351,11.05,38.84,4.2232,0.000104,0.455612,0.276051,0.193615,0.215396,,
Gardner_minutes_wordcount__4d_topic_pca_ev1.5,119,0.3963,0.3524,9.88,34.89,4.0103,0.00033,0.457121,0.276568,0.195001,0.212614,,,4d,1.5
Gardner_minutes_wordcount__4e_total_interactions_ev1.5,119,0.4043,0.3551,10.31,38.1,4.934,1.5e-05,0.4436,0.333264,0.199038,0.213224,,
Gardner_minutes_wordcount__4f_matched_interactions_ev1.5,119,0.4022,0.3528,10.72,38.51,4.3565,7.2e-05,0.442889,0.294643,0.180303,0.208259,,
Gardner_minutes_wordcount__4g_novelty_ev1.5,118,0.3583,0.3049,19.99,47.7,3.5404,0.0007,0.4298,0.290298,0.176561,0.204683,,
Gardner_minutes_wordcount__4a_total_sent_ev2.0,119,0.3631,0.3349,10.26,26.93,6.2758,3.6e-05,0.415511,0.283014,0.170592,0.206194,,
Gardner_minutes_wordcount__4b_sent_sd_ev2.0,215,0.2058,0.1907,68.43,85.28,10.0824,0.0,0.296816,0.322377,0.348585,0.173913,,
Gardner_minutes_wordcount__4b_sent_var_ev2.0,215,0.2058,0.1907,68.43,85.28,10.0824,0.0,0.296816,0.322377,0.348585,0.173913,,
Gardner_minutes_wordcount__4b_sd_var_joint_ev2.0,215,0.2058,0.1907,68.43,85.28,10.0824,0.0,0.296816,0.322377,0.348585,0.173913,,
Gardner_minutes_wordcount__4b_consensus_ev2.0,119,0.411,0.3624,8.95,36.74,4.9585,1.4e-05,0.418795,0.288664,0.214803,0.245124,,
Gardner_minutes_wordcount__4b_consensus_matched_interactions_ev2.0,119,0.4096,0.3608,9.25,37.04,4.9732,1.3e-05,0.409938,0.297165,0.213792,0.264364,,
Gardner_minutes_wordcount__4c_all_topics_ev2.0,119,0.4005,0.351,11.05,38.84,4.2232,0.000104,0.455612,0.276051,0.193615,0.215396,,
Gardner_minutes_wordcount__4d_topic_pca_ev2.0,119,0.3963,0.3524,9.88,34.89,4.0103,0.00033,0.457121,0.276568,0.195001,0.212614,,,4d,2.0
Gardner_minutes_wordcount__4e_total_interactions_ev2.0,119,0.4043,0.3551,10.31,38.1,4.934,1.5e-05,0.4436,0.333264,0.199038,0.213224,,
Gardner_minutes_wordcount__4f_matched_interactions_ev2.0,119,0.4022,0.3528,10.72,38.51,4.3565,7.2e-05,0.442889,0.294643,0.180303,0.208259,,
Gardner_minutes_wordcount__4g_novelty_ev2.0,118,0.3583,0.3049,19.99,47.7,3.5404,0.0007,0.4298,0.290298,0.176561,0.204683,,
Gardner_minutes_wordcount__4a_total_sent_ev2.5,119,0.3631,0.3349,10.26,26.93,6.2758,3.6e-05,0.415511,0.283014,0.170592,0.206194,,
Gardner_minutes_wordcount__4b_sent_sd_ev2.5,215,0.2058,0.1907,68.43,85.28,10.0824,0.0,0.296816,0.322377,0.348585,0.173913,,
Gardner_minutes_wordcount__4b_sent_var_ev2.5,215,0.2058,0.1907,68.43,85.28,10.0824,0.0,0.296816,0.322377,0.348585,0.173913,,
Gardner_minutes_wordcount__4b_sd_var_joint_ev2.5,215,0.2058,0.1907,68.43,85.28,10.0824,0.0,0.296816,0.322377,0.348585,0.173913,,
Gardner_minutes_wordcount__4b_consensus_ev2.5,119,0.411,0.3624,8.95,36.74,4.9585,1.4e-05,0.418795,0.288664,0.214803,0.245124,,
Gardner_minutes_wordcount__4b_consensus_matched_interactions_ev2.5,119,0.4096,0.3608,9.25,37.04,4.9732,1.3e-05,0.409938,0.297165,0.213792,0.264364,,
Gardner_minutes_wordcount__4c_all_topics_ev2.5,119,0.4005,0.351,11.05,38.84,4.2232,0.000104,0.455612,0.276051,0.193615,0.215396,,
Gardner_minutes_wordcount__4d_topic_pca_ev2.5,119,0.3963,0.3524,9.88,34.89,4.0103,0.00033,0.457121,0.276568,0.195001,0.212614,,,4d,2.5
Gardner_minutes_wordcount__4e_total_interactions_ev2.5,119,0.4043,0.3551,10.31,38.1,4.934,1.5e-05,0.4436,0.333264,0.199038,0.213224,,
Gardner_minutes_wordcount__4f_matched_interactions_ev2.5,119,0.4022,0.3528,10.72,38.51,4.3565,7.2e-05,0.442889,0.294643,0.180303,0.208259,,
Gardner_minutes_wordcount__4g_novelty_ev2.5,118,0.3583,0.3049,19.99,47.7,3.5404,0.0007,0.4298,0.290298,0.176561,0.204683,,
Gardner_minutes_wordcount__4a_total_sent_ev3.0,119,0.3631,0.3349,10.26,26.93,6.2758,3.6e-05,0.415511,0.283014,0.170592,0.206194,,
Gardner_minutes_wordcount__4b_sent_sd_ev3.0,215,0.2058,0.1907,68.43,85.28,10.0824,0.0,0.296816,0.322377,0.348585,0.173913,,
Gardner_minutes_wordcount__4b_sent_var_ev3.0,215,0.2058,0.1907,68.43,85.28,10.0824,0.0,0.296816,0.322377,0.348585,0.173913,,
Gardner_minutes_wordcount__4b_sd_var_joint_ev3.0,215,0.2058,0.1907,68.43,85.28,10.0824,0.0,0.296816,0.322377,0.348585,0.173913,,
Gardner_minutes_wordcount__4b_consensus_ev3.0,119,0.411,0.3624,8.95,36.74,4.9585,1.4e-05,0.418795,0.288664,0.214803,0.245124,,
Gardner_minutes_wordcount__4b_consensus_matched_interactions_ev3.0,119,0.4096,0.3608,9.25,37.04,4.9732,1.3e-05,0.409938,0.297165,0.213792,0.264364,,
Gardner_minutes_wordcount__4c_all_topics_ev3.0,119,0.4005,0.351,11.05,38.84,4.2232,0.000104,0.455612,0.276051,0.193615,0.215396,,
Gardner_minutes_wordcount__4d_topic_pca_ev3.0,119,0.3963,0.3524,9.88,34.89,4.0103,0.00033,0.457121,0.276568,0.195001,0.212614,,,4d,3.0
Gardner_minutes_wordcount__4e_total_interactions_ev3.0,119,0.4043,0.3551,10.31,38.1,4.934,1.5e-05,0.4436,0.333264,0.199038,0.213224,,
Gardner_minutes_wordcount__4f_matched_interactions_ev3.0,119,0.4022,0.3528,10.72,38.51,4.3565,7.2e-05,0.442889,0.294643,0.180303,0.208259,,
Gardner_minutes_wordcount__4g_novelty_ev3.0,118,0.3583,0.3049,19.99,47.7,3.5404,0.0007,0.4298,0.290298,0.176561,0.204683,,
Gardner_minutes_zscore__4a_total_sent_ev1.0,119,0.3592,0.3308,10.99,27.66,6.2771,3.6e-05,0.415699,0.285931,0.16793,0.200825,,
Gardner_minutes_zscore__4b_sent_sd_ev1.0,215,0.2058,0.1907,68.43,85.28,10.0824,0.0,0.296816,0.322377,0.348585,0.173913,,
Gardner_minutes_zscore__4b_sent_var_ev1.0,215,0.2058,0.1907,68.43,85.28,10.0824,0.0,0.296816,0.322377,0.348585,0.173913,,
Gardner_minutes_zscore__4b_sd_var_joint_ev1.0,215,0.2058,0.1907,68.43,85.28,10.0824,0.0,0.296816,0.322377,0.348585,0.173913,,
Gardner_minutes_zscore__4b_consensus_ev1.0,119,0.402,0.3527,10.75,38.54,4.9806,1.3e-05,0.400792,0.289813,0.178746,0.21898,,
Gardner_minutes_zscore__4b_consensus_matched_interactions_ev1.0,119,0.4059,0.3569,9.97,37.76,5.2081,7e-06,0.382467,0.296886,0.169283,0.217416,,
Gardner_minutes_zscore__4c_all_topics_ev1.0,119,0.396,0.3462,11.94,39.73,4.4787,5.1e-05,0.435595,0.279064,0.160375,0.183015,,
Gardner_minutes_zscore__4d_topic_pca_ev1.0,119,0.3933,0.3492,10.48,35.49,4.4073,0.00012,0.435672,0.277898,0.161498,0.18187,,,4d,1.0
Gardner_minutes_zscore__4e_total_interactions_ev1.0,119,0.4787,0.4356,-5.57,22.22,6.9158,0.0,0.372873,0.315197,0.155571,0.159528,,
Gardner_minutes_zscore__4f_matched_interactions_ev1.0,119,0.4051,0.3559,10.15,37.94,5.9671,1e-06,0.410156,0.298236,0.157275,0.182392,,
Gardner_minutes_zscore__4g_novelty_ev1.0,118,0.3688,0.3098,20.05,50.53,3.7121,0.000271,0.42297,0.284003,0.166575,0.192591,,
Gardner_minutes_zscore__4a_total_sent_ev1.5,119,0.3592,0.3308,10.99,27.66,6.2771,3.6e-05,0.415699,0.285931,0.16793,0.200825,,
Gardner_minutes_zscore__4b_sent_sd_ev1.5,215,0.2058,0.1907,68.43,85.28,10.0824,0.0,0.296816,0.322377,0.348585,0.173913,,
Gardner_minutes_zscore__4b_sent_var_ev1.5,215,0.2058,0.1907,68.43,85.28,10.0824,0.0,0.296816,0.322377,0.348585,0.173913,,
Gardner_minutes_zscore__4b_sd_var_joint_ev1.5,215,0.2058,0.1907,68.43,85.28,10.0824,0.0,0.296816,0.322377,0.348585,0.173913,,
Gardner_minutes_zscore__4b_consensus_ev1.5,119,0.402,0.3527,10.75,38.54,4.9806,1.3e-05,0.400792,0.289813,0.178746,0.21898,,
Gardner_minutes_zscore__4b_consensus_matched_interactions_ev1.5,119,0.4059,0.3569,9.97,37.76,5.2081,7e-06,0.382467,0.296886,0.169283,0.217416,,
Gardner_minutes_zscore__4c_all_topics_ev1.5,119,0.396,0.3462,11.94,39.73,4.4787,5.1e-05,0.435595,0.279064,0.160375,0.183015,,
Gardner_minutes_zscore__4d_topic_pca_ev1.5,119,0.3933,0.3492,10.48,35.49,4.4073,0.00012,0.435672,0.277898,0.161498,0.18187,,,4d,1.5
Gardner_minutes_zscore__4e_total_interactions_ev1.5,119,0.4787,0.4356,-5.57,22.22,6.9158,0.0,0.372873,0.315197,0.155571,0.159528,,
Gardner_minutes_zscore__4f_matched_interactions_ev1.5,119,0.4051,0.3559,10.15,37.94,5.9671,1e-06,0.410156,0.298236,0.157275,0.182392,,
Gardner_minutes_zscore__4g_novelty_ev1.5,118,0.3688,0.3098,20.05,50.53,3.7121,0.000271,0.42297,0.284003,0.166575,0.192591,,
Gardner_minutes_zscore__4a_total_sent_ev2.0,119,0.3592,0.3308,10.99,27.66,6.2771,3.6e-05,0.415699,0.285931,0.16793,0.200825,,
Gardner_minutes_zscore__4b_sent_sd_ev2.0,215,0.2058,0.1907,68.43,85.28,10.0824,0.0,0.296816,0.322377,0.348585,0.173913,,
Gardner_minutes_zscore__4b_sent_var_ev2.0,215,0.2058,0.1907,68.43,85.28,10.0824,0.0,0.296816,0.322377,0.348585,0.173913,,
Gardner_minutes_zscore__4b_sd_var_joint_ev2.0,215,0.2058,0.1907,68.43,85.28,10.0824,0.0,0.296816,0.322377,0.348585,0.173913,,
Gardner_minutes_zscore__4b_consensus_ev2.0,119,0.402,0.3527,10.75,38.54,4.9806,1.3e-05,0.400792,0.289813,0.178746,0.21898,,
Gardner_minutes_zscore__4b_consensus_matched_interactions_ev2.0,119,0.4059,0.3569,9.97,37.76,5.2081,7e-06,0.382467,0.296886,0.169283,0.217416,,
Gardner_minutes_zscore__4c_all_topics_ev2.0,119,0.396,0.3462,11.94,39.73,4.4787,5.1e-05,0.435595,0.279064,0.160375,0.183015,,
Gardner_minutes_zscore__4d_topic_pca_ev2.0,119,0.3933,0.3492,10.48,35.49,4.4073,0.00012,0.435672,0.277898,0.161498,0.18187,,,4d,2.0
Gardner_minutes_zscore__4e_total_interactions_ev2.0,119,0.4787,0.4356,-5.57,22.22,6.9158,0.0,0.372873,0.315197,0.155571,0.159528,,
Gardner_minutes_zscore__4f_matched_interactions_ev2.0,119,0.4051,0.3559,10.15,37.94,5.9671,1e-06,0.410156,0.298236,0.157275,0.182392,,
Gardner_minutes_zscore__4g_novelty_ev2.0,118,0.3688,0.3098,20.05,50.53,3.7121,0.000271,0.42297,0.284003,0.166575,0.192591,,
Gardner_minutes_zscore__4a_total_sent_ev2.5,119,0.3592,0.3308,10.99,27.66,6.2771,3.6e-05,0.415699,0.285931,0.16793,0.200825,,
Gardner_minutes_zscore__4b_sent_sd_ev2.5,215,0.2058,0.1907,68.43,85.28,10.0824,0.0,0.296816,0.322377,0.348585,0.173913,,
Gardner_minutes_zscore__4b_sent_var_ev2.5,215,0.2058,0.1907,68.43,85.28,10.0824,0.0,0.296816,0.322377,0.348585,0.173913,,
Gardner_minutes_zscore__4b_sd_var_joint_ev2.5,215,0.2058,0.1907,68.43,85.28,10.0824,0.0,0.296816,0.322377,0.348585,0.173913,,
Gardner_minutes_zscore__4b_consensus_ev2.5,119,0.402,0.3527,10.75,38.54,4.9806,1.3e-05,0.400792,0.289813,0.178746,0.21898,,
Gardner_minutes_zscore__4b_consensus_matched_interactions_ev2.5,119,0.4059,0.3569,9.97,37.76,5.2081,7e-06,0.382467,0.296886,0.169283,0.217416,,
Gardner_minutes_zscore__4c_all_topics_ev2.5,119,0.396,0.3462,11.94,39.73,4.4787,5.1e-05,0.435595,0.279064,0.160375,0.183015,,
Gardner_minutes_zscore__4d_topic_pca_ev2.5,119,0.3933,0.3492,10.48,35.49,4.4073,0.00012,0.435672,0.277898,0.161498,0.18187,,,4d,2.5
Gardner_minutes_zscore__4e_total_interactions_ev2.5,119,0.4787,0.4356,-5.57,22.22,6.9158,0.0,0.372873,0.315197,0.155571,0.159528,,
Gardner_minutes_zscore__4f_matched_interactions_ev2.5,119,0.4051,0.3559,10.15,37.94,5.9671,1e-06,0.410156,0.298236,0.157275,0.182392,,
Gardner_minutes_zscore__4g_novelty_ev2.5,118,0.3688,0.3098,20.05,50.53,3.7121,0.000271,0.42297,0.284003,0.166575,0.192591,,
Gardner_minutes_zscore__4a_total_sent_ev3.0,119,0.3592,0.3308,10.99,27.66,6.2771,3.6e-05,0.415699,0.285931,0.16793,0.200825,,
Gardner_minutes_zscore__4b_sent_sd_ev3.0,215,0.2058,0.1907,68.43,85.28,10.0824,0.0,0.296816,0.322377,0.348585,0.173913,,
Gardner_minutes_zscore__4b_sent_var_ev3.0,215,0.2058,0.1907,68.43,85.28,10.0824,0.0,0.296816,0.322377,0.348585,0.173913,,
Gardner_minutes_zscore__4b_sd_var_joint_ev3.0,215,0.2058,0.1907,68.43,85.28,10.0824,0.0,0.296816,0.322377,0.348585,0.173913,,
Gardner_minutes_zscore__4b_consensus_ev3.0,119,0.402,0.3527,10.75,38.54,4.9806,1.3e-05,0.400792,0.289813,0.178746,0.21898,,
Gardner_minutes_zscore__4b_consensus_matched_interactions_ev3.0,119,0.4059,0.3569,9.97,37.76,5.2081,7e-06,0.382467,0.296886,0.169283,0.217416,,
Gardner_minutes_zscore__4c_all_topics_ev3.0,119,0.396,0.3462,11.94,39.73,4.4787,5.1e-05,0.435595,0.279064,0.160375,0.183015,,
Gardner_minutes_zscore__4d_topic_pca_ev3.0,119,0.3933,0.3492,10.48,35.49,4.4073,0.00012,0.435672,0.277898,0.161498,0.18187,,,4d,3.0
Gardner_minutes_zscore__4e_total_interactions_ev3.0,119,0.4787,0.4356,-5.57,22.22,6.9158,0.0,0.372873,0.315197,0.155571,0.159528,,
Gardner_minutes_zscore__4f_matched_interactions_ev3.0,119,0.4051,0.3559,10.15,37.94,5.9671,1e-06,0.410156,0.298236,0.157275,0.182392,,
Gardner_minutes_zscore__4g_novelty_ev3.0,118,0.3688,0.3098,20.05,50.53,3.7121,0.000271,0.42297,0.284003,0.166575,0.192591,,
Gardner_speeches_wordcount__4a_total_sent_ev1.0,215,0.2072,0.1883,70.05,90.27,8.0851,1e-06,0.297615,0.323346,0.348632,0.172569,-0.6224,
Gardner_speeches_wordcount__4b_sent_sd_ev1.0,215,0.2058,0.1907,68.43,85.28,10.0824,0.0,0.296816,0.322377,0.348585,0.173913,,
Gardner_speeches_wordcount__4b_sent_var_ev1.0,215,0.2058,0.1907,68.43,85.28,10.0824,0.0,0.296816,0.322377,0.348585,0.173913,,
Gardner_speeches_wordcount__4b_sd_var_joint_ev1.0,215,0.2058,0.1907,68.43,85.28,10.0824,0.0,0.296816,0.322377,0.348585,0.173913,,
Gardner_speeches_wordcount__4b_consensus_ev1.0,215,0.2275,0.1936,72.47,106.18,4.7146,1.1e-05,0.305208,0.331867,0.355656,0.167795,-0.1617,
Gardner_speeches_wordcount__4b_consensus_matched_interactions_ev1.0,215,0.2182,0.1839,75.06,108.77,4.9249,5e-06,0.312347,0.33771,0.365944,0.173776,-1.0574,
Gardner_speeches_wordcount__4c_all_topics_ev1.0,215,0.2107,0.1761,77.1,110.8,5.1839,2e-06,0.311964,0.336369,0.357467,0.176184,-2.0277,
Gardner_speeches_wordcount__4d_topic_pca_ev1.0,215,0.2102,0.1795,75.24,105.58,5.6852,2e-06,0.311138,0.334817,0.356596,0.175927,-1.8929,,4d,1.0
Gardner_speeches_wordcount__4e_total_interactions_ev1.0,215,0.2399,0.2065,69.01,102.72,4.018,9.4e-05,0.311704,0.337449,0.358098,0.175288,0.3985,
Gardner_speeches_wordcount__4f_matched_interactions_ev1.0,215,0.2482,0.2152,66.63,100.33,4.4974,2.1e-05,0.295079,0.318275,0.336882,0.155885,1.2089,0.1134
Gardner_speeches_wordcount__4g_novelty_ev1.0,214,0.22,0.1856,75.27,108.93,5.5646,1e-06,0.296052,0.32154,0.347133,0.171497,1.0422,
Gardner_speeches_wordcount__4a_total_sent_ev1.5,215,0.2072,0.1883,70.05,90.27,8.0851,1e-06,0.297615,0.323346,0.348632,0.172569,-0.6224,
Gardner_speeches_wordcount__4b_sent_sd_ev1.5,215,0.2058,0.1907,68.43,85.28,10.0824,0.0,0.296816,0.322377,0.348585,0.173913,,
Gardner_speeches_wordcount__4b_sent_var_ev1.5,215,0.2058,0.1907,68.43,85.28,10.0824,0.0,0.296816,0.322377,0.348585,0.173913,,
Gardner_speeches_wordcount__4b_sd_var_joint_ev1.5,215,0.2058,0.1907,68.43,85.28,10.0824,0.0,0.296816,0.322377,0.348585,0.173913,,
Gardner_speeches_wordcount__4b_consensus_ev1.5,215,0.2275,0.1936,72.47,106.18,4.7146,1.1e-05,0.305208,0.331867,0.355656,0.167795,-0.1617,
Gardner_speeches_wordcount__4b_consensus_matched_interactions_ev1.5,215,0.2182,0.1839,75.06,108.77,4.9249,5e-06,0.312347,0.33771,0.365944,0.173776,-1.0574,
Gardner_speeches_wordcount__4c_all_topics_ev1.5,215,0.2107,0.1761,77.1,110.8,5.1839,2e-06,0.311964,0.336369,0.357467,0.176184,-2.0277,
Gardner_speeches_wordcount__4d_topic_pca_ev1.5,215,0.2102,0.1795,75.24,105.58,5.6852,2e-06,0.311138,0.334817,0.356596,0.175927,-1.8929,,4d,1.5
Gardner_speeches_wordcount__4e_total_interactions_ev1.5,215,0.2399,0.2065,69.01,102.72,4.018,9.4e-05,0.311704,0.337449,0.358098,0.175288,0.3985,
Gardner_speeches_wordcount__4f_matched_interactions_ev1.5,215,0.2482,0.2152,66.63,100.33,4.4975,2.1e-05,0.295079,0.318275,0.336882,0.155885,1.2089,0.1134
Gardner_speeches_wordcount__4g_novelty_ev1.5,214,0.22,0.1856,75.27,108.93,5.5646,1e-06,0.296052,0.32154,0.347133,0.171497,1.0422,
Gardner_speeches_wordcount__4a_total_sent_ev2.0,215,0.2072,0.1883,70.05,90.27,8.0851,1e-06,0.297615,0.323346,0.348632,0.172569,-0.6224,
Gardner_speeches_wordcount__4b_sent_sd_ev2.0,215,0.2058,0.1907,68.43,85.28,10.0824,0.0,0.296816,0.322377,0.348585,0.173913,,
Gardner_speeches_wordcount__4b_sent_var_ev2.0,215,0.2058,0.1907,68.43,85.28,10.0824,0.0,0.296816,0.322377,0.348585,0.173913,,
Gardner_speeches_wordcount__4b_sd_var_joint_ev2.0,215,0.2058,0.1907,68.43,85.28,10.0824,0.0,0.296816,0.322377,0.348585,0.173913,,
Gardner_speeches_wordcount__4b_consensus_ev2.0,215,0.2275,0.1936,72.47,106.18,4.7146,1.1e-05,0.305208,0.331867,0.355656,0.167795,-0.1617,
Gardner_speeches_wordcount__4b_consensus_matched_interactions_ev2.0,215,0.2182,0.1839,75.06,108.77,4.9249,5e-06,0.312347,0.33771,0.365944,0.173776,-1.0574,
Gardner_speeches_wordcount__4c_all_topics_ev2.0,215,0.2107,0.1761,77.1,110.8,5.1839,2e-06,0.311964,0.336369,0.357467,0.176184,-2.0277,
Gardner_speeches_wordcount__4d_topic_pca_ev2.0,215,0.2102,0.1795,75.24,105.58,5.6852,2e-06,0.311138,0.334817,0.356596,0.175927,-1.8929,,4d,2.0
Gardner_speeches_wordcount__4e_total_interactions_ev2.0,215,0.2399,0.2065,69.01,102.72,4.018,9.4e-05,0.311704,0.337449,0.358098,0.175288,0.3985,
Gardner_speeches_wordcount__4f_matched_interactions_ev2.0,215,0.2482,0.2152,66.63,100.33,4.4974,2.1e-05,0.295079,0.318275,0.336882,0.155885,1.2089,0.1134
Gardner_speeches_wordcount__4g_novelty_ev2.0,214,0.22,0.1856,75.27,108.93,5.5646,1e-06,0.296052,0.32154,0.347133,0.171497,1.0422,
Gardner_speeches_wordcount__4a_total_sent_ev2.5,215,0.2072,0.1883,70.05,90.27,8.0851,1e-06,0.297615,0.323346,0.348632,0.172569,-0.6224,
Gardner_speeches_wordcount__4b_sent_sd_ev2.5,215,0.2058,0.1907,68.43,85.28,10.0824,0.0,0.296816,0.322377,0.348585,0.173913,,
Gardner_speeches_wordcount__4b_sent_var_ev2.5,215,0.2058,0.1907,68.43,85.28,10.0824,0.0,0.296816,0.322377,0.348585,0.173913,,
Gardner_speeches_wordcount__4b_sd_var_joint_ev2.5,215,0.2058,0.1907,68.43,85.28,10.0824,0.0,0.296816,0.322377,0.348585,0.173913,,
Gardner_speeches_wordcount__4b_consensus_ev2.5,215,0.2275,0.1936,72.47,106.18,4.7146,1.1e-05,0.305208,0.331867,0.355656,0.167795,-0.1617,
Gardner_speeches_wordcount__4b_consensus_matched_interactions_ev2.5,215,0.2182,0.1839,75.06,108.77,4.9249,5e-06,0.312347,0.33771,0.365944,0.173776,-1.0574,
Gardner_speeches_wordcount__4c_all_topics_ev2.5,215,0.2107,0.1761,77.1,110.8,5.1839,2e-06,0.311964,0.336369,0.357467,0.176184,-2.0277,
Gardner_speeches_wordcount__4d_topic_pca_ev2.5,215,0.2102,0.1795,75.24,105.58,5.6852,2e-06,0.311138,0.334817,0.356596,0.175927,-1.8929,,4d,2.5
Gardner_speeches_wordcount__4e_total_interactions_ev2.5,215,0.2399,0.2065,69.01,102.72,4.018,9.4e-05,0.311704,0.337449,0.358098,0.175288,0.3985,
Gardner_speeches_wordcount__4f_matched_interactions_ev2.5,215,0.2482,0.2152,66.63,100.33,4.4974,2.1e-05,0.295079,0.318275,0.336882,0.155885,1.2089,0.1134
Gardner_speeches_wordcount__4g_novelty_ev2.5,214,0.22,0.1856,75.27,108.93,5.5646,1e-06,0.296052,0.32154,0.347133,0.171497,1.0422,
Gardner_speeches_wordcount__4a_total_sent_ev3.0,215,0.2072,0.1883,70.05,90.27,8.0851,1e-06,0.297615,0.323346,0.348632,0.172569,-0.6224,
Gardner_speeches_wordcount__4b_sent_sd_ev3.0,215,0.2058,0.1907,68.43,85.28,10.0824,0.0,0.296816,0.322377,0.348585,0.173913,,
Gardner_speeches_wordcount__4b_sent_var_ev3.0,215,0.2058,0.1907,68.43,85.28,10.0824,0.0,0.296816,0.322377,0.348585,0.173913,,
Gardner_speeches_wordcount__4b_sd_var_joint_ev3.0,215,0.2058,0.1907,68.43,85.28,10.0824,0.0,0.296816,0.322377,0.348585,0.173913,,
Gardner_speeches_wordcount__4b_consensus_ev3.0,215,0.2275,0.1936,72.47,106.18,4.7146,1.1e-05,0.305208,0.331867,0.355656,0.167795,-0.1617,
Gardner_speeches_wordcount__4b_consensus_matched_interactions_ev3.0,215,0.2182,0.1839,75.06,108.77,4.9249,5e-06,0.312347,0.33771,0.365944,0.173776,-1.0574,
Gardner_speeches_wordcount__4c_all_topics_ev3.0,215,0.2107,0.1761,77.1,110.8,5.1839,2e-06,0.311964,0.336369,0.357467,0.176184,-2.0277,
Gardner_speeches_wordcount__4d_topic_pca_ev3.0,215,0.2102,0.1795,75.24,105.58,5.6852,2e-06,0.311138,0.334817,0.356596,0.175927,-1.8929,,4d,3.0
Gardner_speeches_wordcount__4e_total_interactions_ev3.0,215,0.2399,0.2065,69.01,102.72,4.018,9.4e-05,0.311704,0.337449,0.358098,0.175288,0.3985,
Gardner_speeches_wordcount__4f_matched_interactions_ev3.0,215,0.2482,0.2152,66.63,100.33,4.4974,2.1e-05,0.295079,0.318275,0.336882,0.155885,1.2089,0.1134
Gardner_speeches_wordcount__4g_novelty_ev3.0,214,0.22,0.1856,75.27,108.93,5.5646,1e-06,0.296052,0.32154,0.347133,0.171497,1.0422,
Gardner_speeches_zscore__4a_total_sent_ev1.0,215,0.2209,0.2023,66.31,86.53,8.4387,0.0,0.293159,0.317615,0.344896,0.17383,1.5279,0.0633
Gardner_speeches_zscore__4b_sent_sd_ev1.0,215,0.2058,0.1907,68.43,85.28,10.0824,0.0,0.296816,0.322377,0.348585,0.173913,,
Gardner_speeches_zscore__4b_sent_var_ev1.0,215,0.2058,0.1907,68.43,85.28,10.0824,0.0,0.296816,0.322377,0.348585,0.173913,,
Gardner_speeches_zscore__4b_sd_var_joint_ev1.0,215,0.2058,0.1907,68.43,85.28,10.0824,0.0,0.296816,0.322377,0.348585,0.173913,,
Gardner_speeches_zscore__4b_consensus_ev1.0,215,0.2421,0.2088,68.39,102.09,5.5295,1e-06,0.293368,0.318365,0.346649,0.156185,2.1689,0.015
Gardner_speeches_zscore__4b_consensus_matched_interactions_ev1.0,215,0.2251,0.191,73.16,106.86,5.2202,2e-06,0.299166,0.324673,0.349031,0.172004,0.6951,
Gardner_speeches_zscore__4c_all_topics_ev1.0,215,0.2313,0.1976,71.41,105.12,4.8958,6e-06,0.294132,0.317381,0.34562,0.177798,1.071,0.1421
Gardner_speeches_zscore__4d_topic_pca_ev1.0,215,0.2305,0.2006,69.64,99.97,5.5278,2e-06,0.293267,0.317055,0.345124,0.176283,1.2653,0.1029,4d,1.0
Gardner_speeches_zscore__4e_total_interactions_ev1.0,215,0.2588,0.2262,63.6,97.31,5.1299,3e-06,0.299691,0.323014,0.348832,0.186039,1.6373,
Gardner_speeches_zscore__4f_matched_interactions_ev1.0,215,0.2882,0.2569,54.9,88.61,5.713,0.0,0.276561,0.292071,0.305084,0.157607,1.8243,0.0341
Gardner_speeches_zscore__4g_novelty_ev1.0,214,0.2201,0.1817,77.23,114.26,4.3833,1.4e-05,0.299928,0.326593,0.354367,0.176152,0.674,
Gardner_speeches_zscore__4a_total_sent_ev1.5,215,0.2209,0.2023,66.31,86.53,8.4387,0.0,0.293159,0.317615,0.344896,0.17383,1.5279,0.0633
Gardner_speeches_zscore__4b_sent_sd_ev1.5,215,0.2058,0.1907,68.43,85.28,10.0824,0.0,0.296816,0.322377,0.348585,0.173913,,
Gardner_speeches_zscore__4b_sent_var_ev1.5,215,0.2058,0.1907,68.43,85.28,10.0824,0.0,0.296816,0.322377,0.348585,0.173913,,
Gardner_speeches_zscore__4b_sd_var_joint_ev1.5,215,0.2058,0.1907,68.43,85.28,10.0824,0.0,0.296816,0.322377,0.348585,0.173913,,
Gardner_speeches_zscore__4b_consensus_ev1.5,215,0.2421,0.2088,68.39,102.09,5.5295,1e-06,0.293368,0.318365,0.346649,0.156185,2.1689,0.015
Gardner_speeches_zscore__4b_consensus_matched_interactions_ev1.5,215,0.2251,0.191,73.16,106.86,5.2202,2e-06,0.299166,0.324673,0.349031,0.172004,0.6951,
Gardner_speeches_zscore__4c_all_topics_ev1.5,215,0.2313,0.1976,71.41,105.12,4.8958,6e-06,0.294132,0.317381,0.34562,0.177798,1.071,0.1421
Gardner_speeches_zscore__4d_topic_pca_ev1.5,215,0.2305,0.2006,69.64,99.97,5.5278,2e-06,0.293267,0.317055,0.345124,0.176283,1.2653,0.1029,4d,1.5
Gardner_speeches_zscore__4e_total_interactions_ev1.5,215,0.2588,0.2262,63.6,97.31,5.1299,3e-06,0.299691,0.323014,0.348832,0.186039,1.6373,
Gardner_speeches_zscore__4f_matched_interactions_ev1.5,215,0.2882,0.2569,54.9,88.61,5.713,0.0,0.276561,0.292071,0.305084,0.157607,1.8243,0.0341
Gardner_speeches_zscore__4g_novelty_ev1.5,214,0.2201,0.1817,77.23,114.26,4.3833,1.4e-05,0.299928,0.326593,0.354367,0.176152,0.674,
Gardner_speeches_zscore__4a_total_sent_ev2.0,215,0.2209,0.2023,66.31,86.53,8.4387,0.0,0.293159,0.317615,0.344896,0.17383,1.5279,0.0633
Gardner_speeches_zscore__4b_sent_sd_ev2.0,215,0.2058,0.1907,68.43,85.28,10.0824,0.0,0.296816,0.322377,0.348585,0.173913,,
Gardner_speeches_zscore__4b_sent_var_ev2.0,215,0.2058,0.1907,68.43,85.28,10.0824,0.0,0.296816,0.322377,0.348585,0.173913,,
Gardner_speeches_zscore__4b_sd_var_joint_ev2.0,215,0.2058,0.1907,68.43,85.28,10.0824,0.0,0.296816,0.322377,0.348585,0.173913,,
Gardner_speeches_zscore__4b_consensus_ev2.0,215,0.2421,0.2088,68.39,102.09,5.5295,1e-06,0.293368,0.318365,0.346649,0.156185,2.1689,0.015
Gardner_speeches_zscore__4b_consensus_matched_interactions_ev2.0,215,0.2251,0.191,73.16,106.86,5.2202,2e-06,0.299166,0.324673,0.349031,0.172004,0.6951,
Gardner_speeches_zscore__4c_all_topics_ev2.0,215,0.2313,0.1976,71.41,105.12,4.8958,6e-06,0.294132,0.317381,0.34562,0.177798,1.071,0.1421
Gardner_speeches_zscore__4d_topic_pca_ev2.0,215,0.2305,0.2006,69.64,99.97,5.5278,2e-06,0.293267,0.317055,0.345124,0.176283,1.2653,0.1029,4d,2.0
Gardner_speeches_zscore__4e_total_interactions_ev2.0,215,0.2588,0.2262,63.6,97.31,5.1299,3e-06,0.299691,0.323014,0.348832,0.186039,1.6373,
Gardner_speeches_zscore__4f_matched_interactions_ev2.0,215,0.2882,0.2569,54.9,88.61,5.713,0.0,0.276561,0.292071,0.305084,0.157607,1.8243,0.0341
Gardner_speeches_zscore__4g_novelty_ev2.0,214,0.2201,0.1817,77.23,114.26,4.3833,1.4e-05,0.299928,0.326593,0.354367,0.176152,0.674,
Gardner_speeches_zscore__4a_total_sent_ev2.5,215,0.2209,0.2023,66.31,86.53,8.4387,0.0,0.293159,0.317615,0.344896,0.17383,1.5279,0.0633
Gardner_speeches_zscore__4b_sent_sd_ev2.5,215,0.2058,0.1907,68.43,85.28,10.0824,0.0,0.296816,0.322377,0.348585,0.173913,,
Gardner_speeches_zscore__4b_sent_var_ev2.5,215,0.2058,0.1907,68.43,85.28,10.0824,0.0,0.296816,0.322377,0.348585,0.173913,,
Gardner_speeches_zscore__4b_sd_var_joint_ev2.5,215,0.2058,0.1907,68.43,85.28,10.0824,0.0,0.296816,0.322377,0.348585,0.173913,,
Gardner_speeches_zscore__4b_consensus_ev2.5,215,0.2421,0.2088,68.39,102.09,5.5295,1e-06,0.293368,0.318365,0.346649,0.156185,2.1689,0.015
Gardner_speeches_zscore__4b_consensus_matched_interactions_ev2.5,215,0.2251,0.191,73.16,106.86,5.2202,2e-06,0.299166,0.324673,0.349031,0.172004,0.6951,
Gardner_speeches_zscore__4c_all_topics_ev2.5,215,0.2313,0.1976,71.41,105.12,4.8958,6e-06,0.294132,0.317381,0.34562,0.177798,1.071,0.1421
Gardner_speeches_zscore__4d_topic_pca_ev2.5,215,0.2305,0.2006,69.64,99.97,5.5278,2e-06,0.293267,0.317055,0.345124,0.176283,1.2653,0.1029,4d,2.5
Gardner_speeches_zscore__4e_total_interactions_ev2.5,215,0.2588,0.2262,63.6,97.31,5.1299,3e-06,0.299691,0.323014,0.348832,0.186039,1.6373,
Gardner_speeches_zscore__4f_matched_interactions_ev2.5,215,0.2882,0.2569,54.9,88.61,5.713,0.0,0.276561,0.292071,0.305084,0.157607,1.8243,0.0341
Gardner_speeches_zscore__4g_novelty_ev2.5,214,0.2201,0.1817,77.23,114.26,4.3833,1.4e-05,0.299928,0.326593,0.354367,0.176152,0.674,
Gardner_speeches_zscore__4a_total_sent_ev3.0,215,0.2209,0.2023,66.31,86.53,8.4387,0.0,0.293159,0.317615,0.344896,0.17383,1.5279,0.0633
Gardner_speeches_zscore__4b_sent_sd_ev3.0,215,0.2058,0.1907,68.43,85.28,10.0824,0.0,0.296816,0.322377,0.348585,0.173913,,
Gardner_speeches_zscore__4b_sent_var_ev3.0,215,0.2058,0.1907,68.43,85.28,10.0824,0.0,0.296816,0.322377,0.348585,0.173913,,
Gardner_speeches_zscore__4b_sd_var_joint_ev3.0,215,0.2058,0.1907,68.43,85.28,10.0824,0.0,0.296816,0.322377,0.348585,0.173913,,
Gardner_speeches_zscore__4b_consensus_ev3.0,215,0.2421,0.2088,68.39,102.09,5.5295,1e-06,0.293368,0.318365,0.346649,0.156185,2.1689,0.015
Gardner_speeches_zscore__4b_consensus_matched_interactions_ev3.0,215,0.2251,0.191,73.16,106.86,5.2202,2e-06,0.299166,0.324673,0.349031,0.172004,0.6951,
Gardner_speeches_zscore__4c_all_topics_ev3.0,215,0.2313,0.1976,71.41,105.12,4.8958,6e-06,0.294132,0.317381,0.34562,0.177798,1.071,0.1421
Gardner_speeches_zscore__4d_topic_pca_ev3.0,215,0.2305,0.2006,69.64,99.97,5.5278,2e-06,0.293267,0.317055,0.345124,0.176283,1.2653,0.1029,4d,3.0
Gardner_speeches_zscore__4e_total_interactions_ev3.0,215,0.2588,0.2262,63.6,97.31,5.1299,3e-06,0.299691,0.323014,0.348832,0.186039,1.6373,
Gardner_speeches_zscore__4f_matched_interactions_ev3.0,215,0.2882,0.2569,54.9,88.61,5.713,0.0,0.276561,0.292071,0.305084,0.157607,1.8243,0.0341
Gardner_speeches_zscore__4g_novelty_ev3.0,214,0.2201,0.1817,77.23,114.26,4.3833,1.4e-05,0.299928,0.326593,0.354367,0.176152,0.674,
Gardner_press_conferences_wordcount__4a_total_sent_ev1.0,118,0.3547,0.3259,12.66,29.28,6.33,3.3e-05,0.42297,0.29149,0.165298,0.195388,,
Gardner_press_conferences_wordcount__4b_sent_sd_ev1.0,215,0.2058,0.1907,68.43,85.28,10.0824,0.0,0.296816,0.322377,0.348585,0.173913,,
Gardner_press_conferences_wordcount__4b_sent_var_ev1.0,215,0.2058,0.1907,68.43,85.28,10.0824,0.0,0.296816,0.322377,0.348585,0.173913,,
Gardner_press_conferences_wordcount__4b_sd_var_joint_ev1.0,215,0.2058,0.1907,68.43,85.28,10.0824,0.0,0.296816,0.322377,0.348585,0.173913,,
Gardner_press_conferences_wordcount__4b_consensus_ev1.0,118,0.3735,0.3213,17.17,44.88,5.4013,4e-06,0.445716,0.295171,0.179942,0.197243,,
Gardner_press_conferences_wordcount__4b_consensus_matched_interactions_ev1.0,118,0.3765,0.3246,16.6,44.3,5.5733,3e-06,0.432727,0.294279,0.174566,0.177583,,
Gardner_press_conferences_wordcount__4c_all_topics_ev1.0,118,0.4132,0.3643,9.45,37.15,5.3359,5e-06,0.40198,0.301161,0.21296,0.246207,,
Gardner_press_conferences_wordcount__4d_topic_pca_ev1.0,118,0.4095,0.3662,8.19,33.12,5.9824,2e-06,0.407687,0.300033,0.204407,0.241139,,,4d,1.0
Gardner_press_conferences_wordcount__4e_total_interactions_ev1.0,118,0.3891,0.3382,14.19,41.9,3.7069,0.000441,0.481745,0.31363,0.180769,0.230918,,
Gardner_press_conferences_wordcount__4f_matched_interactions_ev1.0,118,0.3844,0.3331,15.1,42.81,3.6958,0.000455,0.414981,0.295597,0.199853,0.241935,,
Gardner_press_conferences_wordcount__4g_novelty_ev1.0,117,0.3734,0.3207,18.12,45.74,3.5735,0.000645,0.423369,0.295557,0.172861,0.193572,,
Gardner_press_conferences_wordcount__4a_total_sent_ev1.5,118,0.3547,0.3259,12.66,29.28,6.33,3.3e-05,0.42297,0.29149,0.165298,0.195388,,
Gardner_press_conferences_wordcount__4b_sent_sd_ev1.5,215,0.2058,0.1907,68.43,85.28,10.0824,0.0,0.296816,0.322377,0.348585,0.173913,,
Gardner_press_conferences_wordcount__4b_sent_var_ev1.5,215,0.2058,0.1907,68.43,85.28,10.0824,0.0,0.296816,0.322377,0.348585,0.173913,,
Gardner_press_conferences_wordcount__4b_sd_var_joint_ev1.5,215,0.2058,0.1907,68.43,85.28,10.0824,0.0,0.296816,0.322377,0.348585,0.173913,,
Gardner_press_conferences_wordcount__4b_consensus_ev1.5,118,0.3735,0.3213,17.17,44.88,5.4013,4e-06,0.445716,0.295171,0.179942,0.197243,,
Gardner_press_conferences_wordcount__4b_consensus_matched_interactions_ev1.5,118,0.3765,0.3246,16.6,44.3,5.5733,3e-06,0.432727,0.294279,0.174566,0.177583,,
Gardner_press_conferences_wordcount__4c_all_topics_ev1.5,118,0.4132,0.3643,9.45,37.15,5.3359,5e-06,0.40198,0.301161,0.21296,0.246207,,
Gardner_press_conferences_wordcount__4d_topic_pca_ev1.5,118,0.4095,0.3662,8.19,33.12,5.9824,2e-06,0.407687,0.300033,0.204407,0.241139,,,4d,1.5
Gardner_press_conferences_wordcount__4e_total_interactions_ev1.5,118,0.3891,0.3382,14.19,41.9,3.7069,0.000441,0.481745,0.31363,0.180769,0.230918,,
Gardner_press_conferences_wordcount__4f_matched_interactions_ev1.5,118,0.3844,0.3331,15.1,42.81,3.6958,0.000455,0.414981,0.295597,0.199853,0.241935,,
Gardner_press_conferences_wordcount__4g_novelty_ev1.5,117,0.3734,0.3207,18.12,45.74,3.5735,0.000645,0.423369,0.295557,0.172861,0.193572,,
Gardner_press_conferences_wordcount__4a_total_sent_ev2.0,118,0.3547,0.3259,12.66,29.28,6.33,3.3e-05,0.42297,0.29149,0.165298,0.195388,,
Gardner_press_conferences_wordcount__4b_sent_sd_ev2.0,215,0.2058,0.1907,68.43,85.28,10.0824,0.0,0.296816,0.322377,0.348585,0.173913,,
Gardner_press_conferences_wordcount__4b_sent_var_ev2.0,215,0.2058,0.1907,68.43,85.28,10.0824,0.0,0.296816,0.322377,0.348585,0.173913,,
Gardner_press_conferences_wordcount__4b_sd_var_joint_ev2.0,215,0.2058,0.1907,68.43,85.28,10.0824,0.0,0.296816,0.322377,0.348585,0.173913,,
Gardner_press_conferences_wordcount__4b_consensus_ev2.0,118,0.3735,0.3213,17.17,44.88,5.4013,4e-06,0.445716,0.295171,0.179942,0.197243,,
Gardner_press_conferences_wordcount__4b_consensus_matched_interactions_ev2.0,118,0.3765,0.3246,16.6,44.3,5.5733,3e-06,0.432727,0.294279,0.174566,0.177583,,
Gardner_press_conferences_wordcount__4c_all_topics_ev2.0,118,0.4132,0.3643,9.45,37.15,5.3359,5e-06,0.40198,0.301161,0.21296,0.246207,,
Gardner_press_conferences_wordcount__4d_topic_pca_ev2.0,118,0.4095,0.3662,8.19,33.12,5.9824,2e-06,0.407687,0.300033,0.204407,0.241139,,,4d,2.0
Gardner_press_conferences_wordcount__4e_total_interactions_ev2.0,118,0.3891,0.3382,14.19,41.9,3.7069,0.000441,0.481745,0.31363,0.180769,0.230918,,
Gardner_press_conferences_wordcount__4f_matched_interactions_ev2.0,118,0.3844,0.3331,15.1,42.81,3.6958,0.000455,0.414981,0.295597,0.199853,0.241935,,
Gardner_press_conferences_wordcount__4g_novelty_ev2.0,117,0.3734,0.3207,18.12,45.74,3.5735,0.000645,0.423369,0.295557,0.172861,0.193572,,
Gardner_press_conferences_wordcount__4a_total_sent_ev2.5,118,0.3547,0.3259,12.66,29.28,6.33,3.3e-05,0.42297,0.29149,0.165298,0.195388,,
Gardner_press_conferences_wordcount__4b_sent_sd_ev2.5,215,0.2058,0.1907,68.43,85.28,10.0824,0.0,0.296816,0.322377,0.348585,0.173913,,
Gardner_press_conferences_wordcount__4b_sent_var_ev2.5,215,0.2058,0.1907,68.43,85.28,10.0824,0.0,0.296816,0.322377,0.348585,0.173913,,
Gardner_press_conferences_wordcount__4b_sd_var_joint_ev2.5,215,0.2058,0.1907,68.43,85.28,10.0824,0.0,0.296816,0.322377,0.348585,0.173913,,
Gardner_press_conferences_wordcount__4b_consensus_ev2.5,118,0.3735,0.3213,17.17,44.88,5.4013,4e-06,0.445716,0.295171,0.179942,0.197243,,
Gardner_press_conferences_wordcount__4b_consensus_matched_interactions_ev2.5,118,0.3765,0.3246,16.6,44.3,5.5733,3e-06,0.432727,0.294279,0.174566,0.177583,,
Gardner_press_conferences_wordcount__4c_all_topics_ev2.5,118,0.4132,0.3643,9.45,37.15,5.3359,5e-06,0.40198,0.301161,0.21296,0.246207,,
Gardner_press_conferences_wordcount__4d_topic_pca_ev2.5,118,0.4095,0.3662,8.19,33.12,5.9824,2e-06,0.407687,0.300033,0.204407,0.241139,,,4d,2.5
Gardner_press_conferences_wordcount__4e_total_interactions_ev2.5,118,0.3891,0.3382,14.19,41.9,3.7069,0.000441,0.481745,0.31363,0.180769,0.230918,,
Gardner_press_conferences_wordcount__4f_matched_interactions_ev2.5,118,0.3844,0.3331,15.1,42.81,3.6958,0.000455,0.414981,0.295597,0.199853,0.241935,,
Gardner_press_conferences_wordcount__4g_novelty_ev2.5,117,0.3734,0.3207,18.12,45.74,3.5735,0.000645,0.423369,0.295557,0.172861,0.193572,,
Gardner_press_conferences_wordcount__4a_total_sent_ev3.0,118,0.3547,0.3259,12.66,29.28,6.33,3.3e-05,0.42297,0.29149,0.165298,0.195388,,
Gardner_press_conferences_wordcount__4b_sent_sd_ev3.0,215,0.2058,0.1907,68.43,85.28,10.0824,0.0,0.296816,0.322377,0.348585,0.173913,,
Gardner_press_conferences_wordcount__4b_sent_var_ev3.0,215,0.2058,0.1907,68.43,85.28,10.0824,0.0,0.296816,0.322377,0.348585,0.173913,,
Gardner_press_conferences_wordcount__4b_sd_var_joint_ev3.0,215,0.2058,0.1907,68.43,85.28,10.0824,0.0,0.296816,0.322377,0.348585,0.173913,,
Gardner_press_conferences_wordcount__4b_consensus_ev3.0,118,0.3735,0.3213,17.17,44.88,5.4013,4e-06,0.445716,0.295171,0.179942,0.197243,,
Gardner_press_conferences_wordcount__4b_consensus_matched_interactions_ev3.0,118,0.3765,0.3246,16.6,44.3,5.5733,3e-06,0.432727,0.294279,0.174566,0.177583,,
Gardner_press_conferences_wordcount__4c_all_topics_ev3.0,118,0.4132,0.3643,9.45,37.15,5.3359,5e-06,0.40198,0.301161,0.21296,0.246207,,
Gardner_press_conferences_wordcount__4d_topic_pca_ev3.0,118,0.4095,0.3662,8.19,33.12,5.9824,2e-06,0.407687,0.300033,0.204407,0.241139,,,4d,3.0
Gardner_press_conferences_wordcount__4e_total_interactions_ev3.0,118,0.3891,0.3382,14.19,41.9,3.7069,0.000441,0.481745,0.31363,0.180769,0.230918,,
Gardner_press_conferences_wordcount__4f_matched_interactions_ev3.0,118,0.3844,0.3331,15.1,42.81,3.6958,0.000455,0.414981,0.295597,0.199853,0.241935,,
Gardner_press_conferences_wordcount__4g_novelty_ev3.0,117,0.3734,0.3207,18.12,45.74,3.5735,0.000645,0.423369,0.295557,0.172861,0.193572,,
Gardner_press_conferences_zscore__4a_total_sent_ev1.0,118,0.3545,0.3256,12.7,29.32,6.2409,3.8e-05,0.425591,0.289876,0.165865,0.195185,,
Gardner_press_conferences_zscore__4b_sent_sd_ev1.0,215,0.2058,0.1907,68.43,85.28,10.0824,0.0,0.296816,0.322377,0.348585,0.173913,,
Gardner_press_conferences_zscore__4b_sent_var_ev1.0,215,0.2058,0.1907,68.43,85.28,10.0824,0.0,0.296816,0.322377,0.348585,0.173913,,
Gardner_press_conferences_zscore__4b_sd_var_joint_ev1.0,215,0.2058,0.1907,68.43,85.28,10.0824,0.0,0.296816,0.322377,0.348585,0.173913,,
Gardner_press_conferences_zscore__4b_consensus_ev1.0,118,0.3758,0.3238,16.73,44.44,4.7471,2.5e-05,0.459702,0.289745,0.18146,0.199196,,
Gardner_press_conferences_zscore__4b_consensus_matched_interactions_ev1.0,118,0.3708,0.3183,17.68,45.39,5.5162,3e-06,0.428188,0.300934,0.160461,0.185548,,
Gardner_press_conferences_zscore__4c_all_topics_ev1.0,118,0.4246,0.3766,7.13,34.84,5.315,5e-06,0.416153,0.30174,0.216849,0.244276,,
Gardner_press_conferences_zscore__4d_topic_pca_ev1.0,118,0.4122,0.3691,7.64,32.57,5.5543,7e-06,0.417498,0.299499,0.204163,0.230716,,,4d,1.0
Gardner_press_conferences_zscore__4e_total_interactions_ev1.0,118,0.4004,0.3504,11.99,39.7,4.0305,0.00018,0.483468,0.322092,0.225311,0.218056,,
Gardner_press_conferences_zscore__4f_matched_interactions_ev1.0,118,0.3917,0.341,13.68,41.39,5.1995,7e-06,0.423501,0.28914,0.191285,0.230697,,
Gardner_press_conferences_zscore__4g_novelty_ev1.0,117,0.3811,0.3227,18.66,49.05,3.1349,0.001519,0.433133,0.296881,0.173641,0.193831,,
Gardner_press_conferences_zscore__4a_total_sent_ev1.5,118,0.3545,0.3256,12.7,29.32,6.2409,3.8e-05,0.425591,0.289876,0.165865,0.195185,,
Gardner_press_conferences_zscore__4b_sent_sd_ev1.5,215,0.2058,0.1907,68.43,85.28,10.0824,0.0,0.296816,0.322377,0.348585,0.173913,,
Gardner_press_conferences_zscore__4b_sent_var_ev1.5,215,0.2058,0.1907,68.43,85.28,10.0824,0.0,0.296816,0.322377,0.348585,0.173913,,
Gardner_press_conferences_zscore__4b_sd_var_joint_ev1.5,215,0.2058,0.1907,68.43,85.28,10.0824,0.0,0.296816,0.322377,0.348585,0.173913,,
Gardner_press_conferences_zscore__4b_consensus_ev1.5,118,0.3758,0.3238,16.73,44.44,4.7471,2.5e-05,0.459702,0.289745,0.18146,0.199196,,
Gardner_press_conferences_zscore__4b_consensus_matched_interactions_ev1.5,118,0.3708,0.3183,17.68,45.39,5.5162,3e-06,0.428188,0.300934,0.160461,0.185548,,
Gardner_press_conferences_zscore__4c_all_topics_ev1.5,118,0.4246,0.3766,7.13,34.84,5.315,5e-06,0.416153,0.30174,0.216849,0.244276,,
Gardner_press_conferences_zscore__4d_topic_pca_ev1.5,118,0.4122,0.3691,7.64,32.57,5.5543,7e-06,0.417498,0.299499,0.204163,0.230716,,,4d,1.5
Gardner_press_conferences_zscore__4e_total_interactions_ev1.5,118,0.4004,0.3504,11.99,39.7,4.0305,0.00018,0.483468,0.322092,0.225311,0.218056,,
Gardner_press_conferences_zscore__4f_matched_interactions_ev1.5,118,0.3917,0.341,13.68,41.39,5.1995,7e-06,0.423501,0.28914,0.191285,0.230697,,
Gardner_press_conferences_zscore__4g_novelty_ev1.5,117,0.3811,0.3227,18.66,49.05,3.1349,0.001519,0.433133,0.296881,0.173641,0.193831,,
Gardner_press_conferences_zscore__4a_total_sent_ev2.0,118,0.3545,0.3256,12.7,29.32,6.2409,3.8e-05,0.425591,0.289876,0.165865,0.195185,,
Gardner_press_conferences_zscore__4b_sent_sd_ev2.0,215,0.2058,0.1907,68.43,85.28,10.0824,0.0,0.296816,0.322377,0.348585,0.173913,,
Gardner_press_conferences_zscore__4b_sent_var_ev2.0,215,0.2058,0.1907,68.43,85.28,10.0824,0.0,0.296816,0.322377,0.348585,0.173913,,
Gardner_press_conferences_zscore__4b_sd_var_joint_ev2.0,215,0.2058,0.1907,68.43,85.28,10.0824,0.0,0.296816,0.322377,0.348585,0.173913,,
Gardner_press_conferences_zscore__4b_consensus_ev2.0,118,0.3758,0.3238,16.73,44.44,4.7471,2.5e-05,0.459702,0.289745,0.18146,0.199196,,
Gardner_press_conferences_zscore__4b_consensus_matched_interactions_ev2.0,118,0.3708,0.3183,17.68,45.39,5.5162,3e-06,0.428188,0.300934,0.160461,0.185548,,
Gardner_press_conferences_zscore__4c_all_topics_ev2.0,118,0.4246,0.3766,7.13,34.84,5.315,5e-06,0.416153,0.30174,0.216849,0.244276,,
Gardner_press_conferences_zscore__4d_topic_pca_ev2.0,118,0.4122,0.3691,7.64,32.57,5.5543,7e-06,0.417498,0.299499,0.204163,0.230716,,,4d,2.0
Gardner_press_conferences_zscore__4e_total_interactions_ev2.0,118,0.4004,0.3504,11.99,39.7,4.0305,0.00018,0.483468,0.322092,0.225311,0.218056,,
Gardner_press_conferences_zscore__4f_matched_interactions_ev2.0,118,0.3917,0.341,13.68,41.39,5.1995,7e-06,0.423501,0.28914,0.191285,0.230697,,
Gardner_press_conferences_zscore__4g_novelty_ev2.0,117,0.3811,0.3227,18.66,49.05,3.1349,0.001519,0.433133,0.296881,0.173641,0.193831,,
Gardner_press_conferences_zscore__4a_total_sent_ev2.5,118,0.3545,0.3256,12.7,29.32,6.2409,3.8e-05,0.425591,0.289876,0.165865,0.195185,,
Gardner_press_conferences_zscore__4b_sent_sd_ev2.5,215,0.2058,0.1907,68.43,85.28,10.0824,0.0,0.296816,0.322377,0.348585,0.173913,,
Gardner_press_conferences_zscore__4b_sent_var_ev2.5,215,0.2058,0.1907,68.43,85.28,10.0824,0.0,0.296816,0.322377,0.348585,0.173913,,
Gardner_press_conferences_zscore__4b_sd_var_joint_ev2.5,215,0.2058,0.1907,68.43,85.28,10.0824,0.0,0.296816,0.322377,0.348585,0.173913,,
Gardner_press_conferences_zscore__4b_consensus_ev2.5,118,0.3758,0.3238,16.73,44.44,4.7471,2.5e-05,0.459702,0.289745,0.18146,0.199196,,
Gardner_press_conferences_zscore__4b_consensus_matched_interactions_ev2.5,118,0.3708,0.3183,17.68,45.39,5.5162,3e-06,0.428188,0.300934,0.160461,0.185548,,
Gardner_press_conferences_zscore__4c_all_topics_ev2.5,118,0.4246,0.3766,7.13,34.84,5.315,5e-06,0.416153,0.30174,0.216849,0.244276,,
Gardner_press_conferences_zscore__4d_topic_pca_ev2.5,118,0.4122,0.3691,7.64,32.57,5.5543,7e-06,0.417498,0.299499,0.204163,0.230716,,,4d,2.5
Gardner_press_conferences_zscore__4e_total_interactions_ev2.5,118,0.4004,0.3504,11.99,39.7,4.0305,0.00018,0.483468,0.322092,0.225311,0.218056,,
Gardner_press_conferences_zscore__4f_matched_interactions_ev2.5,118,0.3917,0.341,13.68,41.39,5.1995,7e-06,0.423501,0.28914,0.191285,0.230697,,
Gardner_press_conferences_zscore__4g_novelty_ev2.5,117,0.3811,0.3227,18.66,49.05,3.1349,0.001519,0.433133,0.296881,0.173641,0.193831,,
Gardner_press_conferences_zscore__4a_total_sent_ev3.0,118,0.3545,0.3256,12.7,29.32,6.2409,3.8e-05,0.425591,0.289876,0.165865,0.195185,,
Gardner_press_conferences_zscore__4b_sent_sd_ev3.0,215,0.2058,0.1907,68.43,85.28,10.0824,0.0,0.296816,0.322377,0.348585,0.173913,,
Gardner_press_conferences_zscore__4b_sent_var_ev3.0,215,0.2058,0.1907,68.43,85.28,10.0824,0.0,0.296816,0.322377,0.348585,0.173913,,
Gardner_press_conferences_zscore__4b_sd_var_joint_ev3.0,215,0.2058,0.1907,68.43,85.28,10.0824,0.0,0.296816,0.322377,0.348585,0.173913,,
Gardner_press_conferences_zscore__4b_consensus_ev3.0,118,0.3758,0.3238,16.73,44.44,4.7471,2.5e-05,0.459702,0.289745,0.18146,0.199196,,
Gardner_press_conferences_zscore__4b_consensus_matched_interactions_ev3.0,118,0.3708,0.3183,17.68,45.39,5.5162,3e-06,0.428188,0.300934,0.160461,0.185548,,
Gardner_press_conferences_zscore__4c_all_topics_ev3.0,118,0.4246,0.3766,7.13,34.84,5.315,5e-06,0.416153,0.30174,0.216849,0.244276,,
Gardner_press_conferences_zscore__4d_topic_pca_ev3.0,118,0.4122,0.3691,7.64,32.57,5.5543,7e-06,0.417498,0.299499,0.204163,0.230716,,,4d,3.0
Gardner_press_conferences_zscore__4e_total_interactions_ev3.0,118,0.4004,0.3504,11.99,39.7,4.0305,0.00018,0.483468,0.322092,0.225311,0.218056,,
Gardner_press_conferences_zscore__4f_matched_interactions_ev3.0,118,0.3917,0.341,13.68,41.39,5.1995,7e-06,0.423501,0.28914,0.191285,0.230697,,
Gardner_press_conferences_zscore__4g_novelty_ev3.0,117,0.3811,0.3227,18.66,49.05,3.1349,0.001519,0.433133,0.296881,0.173641,0.193831,,
Gardner_statements_minutes_speeches_press_conferences_wordcount__4a_total_sent_ev1.0,215,0.2103,0.1914,69.22,89.44,8.3493,0.0,0.297017,0.322677,0.350843,0.168561,0.0622,
Gardner_statements_minutes_speeches_press_conferences_wordcount__4b_sent_sd_ev1.0,215,0.2058,0.1907,68.43,85.28,10.0824,0.0,0.296816,0.322377,0.348585,0.173913,,
Gardner_statements_minutes_speeches_press_conferences_wordcount__4b_sent_var_ev1.0,215,0.2058,0.1907,68.43,85.28,10.0824,0.0,0.296816,0.322377,0.348585,0.173913,,
Gardner_statements_minutes_speeches_press_conferences_wordcount__4b_sd_var_joint_ev1.0,215,0.2058,0.1907,68.43,85.28,10.0824,0.0,0.296816,0.322377,0.348585,0.173913,,
Gardner_statements_minutes_speeches_press_conferences_wordcount__4b_consensus_ev1.0,215,0.255,0.2223,64.68,98.39,6.7818,0.0,0.300177,0.327289,0.357168,0.162974,0.2748,
Gardner_statements_minutes_speeches_press_conferences_wordcount__4b_consensus_matched_interactions_ev1.0,215,0.2264,0.1925,72.78,106.48,5.9686,0.0,0.29572,0.320697,0.345334,0.171479,0.9971,0.1594
Gardner_statements_minutes_speeches_press_conferences_wordcount__4c_all_topics_ev1.0,215,0.263,0.2307,62.36,96.06,6.3106,0.0,0.302209,0.329154,0.356399,0.183549,0.062,
Gardner_statements_minutes_speeches_press_conferences_wordcount__4d_topic_pca_ev1.0,215,0.2492,0.22,64.36,94.69,6.5935,0.0,0.305433,0.332736,0.360925,0.165322,-0.1295,,4d,1.0
Gardner_statements_minutes_speeches_press_conferences_wordcount__4e_total_interactions_ev1.0,215,0.2943,0.2634,53.02,86.73,8.6346,0.0,0.292149,0.31144,0.338481,0.148638,1.1465,0.1258
Gardner_statements_minutes_speeches_press_conferences_wordcount__4f_matched_interactions_ev1.0,215,0.2483,0.2153,66.61,100.32,5.2187,2e-06,0.312585,0.343133,0.363924,0.147008,0.2005,
Gardner_statements_minutes_speeches_press_conferences_wordcount__4g_novelty_ev1.0,214,0.2108,0.176,77.77,111.43,4.6753,1.2e-05,0.296161,0.321361,0.347333,0.173165,1.2503,
Gardner_statements_minutes_speeches_press_conferences_wordcount__4a_total_sent_ev1.5,215,0.2103,0.1914,69.22,89.44,8.3493,0.0,0.297017,0.322677,0.350843,0.168561,0.0622,
Gardner_statements_minutes_speeches_press_conferences_wordcount__4b_sent_sd_ev1.5,215,0.2058,0.1907,68.43,85.28,10.0824,0.0,0.296816,0.322377,0.348585,0.173913,,
Gardner_statements_minutes_speeches_press_conferences_wordcount__4b_sent_var_ev1.5,215,0.2058,0.1907,68.43,85.28,10.0824,0.0,0.296816,0.322377,0.348585,0.173913,,
Gardner_statements_minutes_speeches_press_conferences_wordcount__4b_sd_var_joint_ev1.5,215,0.2058,0.1907,68.43,85.28,10.0824,0.0,0.296816,0.322377,0.348585,0.173913,,
Gardner_statements_minutes_speeches_press_conferences_wordcount__4b_consensus_ev1.5,215,0.255,0.2223,64.68,98.39,6.7818,0.0,0.300177,0.327289,0.357168,0.162974,0.2748,
Gardner_statements_minutes_speeches_press_conferences_wordcount__4b_consensus_matched_interactions_ev1.5,215,0.2264,0.1925,72.78,106.48,5.9686,0.0,0.29572,0.320697,0.345334,0.171479,0.9971,0.1594
Gardner_statements_minutes_speeches_press_conferences_wordcount__4c_all_topics_ev1.5,215,0.263,0.2307,62.36,96.06,6.3106,0.0,0.302209,0.329154,0.356399,0.183549,0.062,
Gardner_statements_minutes_speeches_press_conferences_wordcount__4d_topic_pca_ev1.5,215,0.2492,0.22,64.36,94.69,6.5935,0.0,0.305433,0.332736,0.360925,0.165322,-0.1295,,4d,1.5
Gardner_statements_minutes_speeches_press_conferences_wordcount__4e_total_interactions_ev1.5,215,0.2943,0.2634,53.02,86.73,8.6346,0.0,0.292149,0.31144,0.338481,0.148638,1.1465,0.1258
Gardner_statements_minutes_speeches_press_conferences_wordcount__4f_matched_interactions_ev1.5,215,0.2483,0.2153,66.61,100.32,5.2187,2e-06,0.312585,0.343133,0.363924,0.147008,0.2005,
Gardner_statements_minutes_speeches_press_conferences_wordcount__4g_novelty_ev1.5,214,0.2108,0.176,77.77,111.43,4.6753,1.2e-05,0.296161,0.321361,0.347333,0.173165,1.2503,
Gardner_statements_minutes_speeches_press_conferences_wordcount__4a_total_sent_ev2.0,215,0.2103,0.1914,69.22,89.44,8.3493,0.0,0.297017,0.322677,0.350843,0.168561,0.0622,
Gardner_statements_minutes_speeches_press_conferences_wordcount__4b_sent_sd_ev2.0,215,0.2058,0.1907,68.43,85.28,10.0824,0.0,0.296816,0.322377,0.348585,0.173913,,
Gardner_statements_minutes_speeches_press_conferences_wordcount__4b_sent_var_ev2.0,215,0.2058,0.1907,68.43,85.28,10.0824,0.0,0.296816,0.322377,0.348585,0.173913,,
Gardner_statements_minutes_speeches_press_conferences_wordcount__4b_sd_var_joint_ev2.0,215,0.2058,0.1907,68.43,85.28,10.0824,0.0,0.296816,0.322377,0.348585,0.173913,,
Gardner_statements_minutes_speeches_press_conferences_wordcount__4b_consensus_ev2.0,215,0.255,0.2223,64.68,98.39,6.7818,0.0,0.300177,0.327289,0.357168,0.162974,0.2748,
Gardner_statements_minutes_speeches_press_conferences_wordcount__4b_consensus_matched_interactions_ev2.0,215,0.2264,0.1925,72.78,106.48,5.9686,0.0,0.29572,0.320697,0.345334,0.171479,0.9971,0.1594
Gardner_statements_minutes_speeches_press_conferences_wordcount__4c_all_topics_ev2.0,215,0.263,0.2307,62.36,96.06,6.3106,0.0,0.302209,0.329154,0.356399,0.183549,0.062,
Gardner_statements_minutes_speeches_press_conferences_wordcount__4d_topic_pca_ev2.0,215,0.2492,0.22,64.36,94.69,6.5935,0.0,0.305433,0.332736,0.360925,0.165322,-0.1295,,4d,2.0
Gardner_statements_minutes_speeches_press_conferences_wordcount__4e_total_interactions_ev2.0,215,0.2943,0.2634,53.02,86.73,8.6346,0.0,0.292149,0.31144,0.338481,0.148638,1.1465,0.1258
Gardner_statements_minutes_speeches_press_conferences_wordcount__4f_matched_interactions_ev2.0,215,0.2483,0.2153,66.61,100.32,5.2187,2e-06,0.312585,0.343133,0.363924,0.147008,0.2005,
Gardner_statements_minutes_speeches_press_conferences_wordcount__4g_novelty_ev2.0,214,0.2108,0.176,77.77,111.43,4.6753,1.2e-05,0.296161,0.321361,0.347333,0.173165,1.2503,
Gardner_statements_minutes_speeches_press_conferences_wordcount__4a_total_sent_ev2.5,215,0.2103,0.1914,69.22,89.44,8.3493,0.0,0.297017,0.322677,0.350843,0.168561,0.0622,
Gardner_statements_minutes_speeches_press_conferences_wordcount__4b_sent_sd_ev2.5,215,0.2058,0.1907,68.43,85.28,10.0824,0.0,0.296816,0.322377,0.348585,0.173913,,
Gardner_statements_minutes_speeches_press_conferences_wordcount__4b_sent_var_ev2.5,215,0.2058,0.1907,68.43,85.28,10.0824,0.0,0.296816,0.322377,0.348585,0.173913,,
Gardner_statements_minutes_speeches_press_conferences_wordcount__4b_sd_var_joint_ev2.5,215,0.2058,0.1907,68.43,85.28,10.0824,0.0,0.296816,0.322377,0.348585,0.173913,,
Gardner_statements_minutes_speeches_press_conferences_wordcount__4b_consensus_ev2.5,215,0.255,0.2223,64.68,98.39,6.7818,0.0,0.300177,0.327289,0.357168,0.162974,0.2748,
Gardner_statements_minutes_speeches_press_conferences_wordcount__4b_consensus_matched_interactions_ev2.5,215,0.2264,0.1925,72.78,106.48,5.9686,0.0,0.29572,0.320697,0.345334,0.171479,0.9971,0.1594
Gardner_statements_minutes_speeches_press_conferences_wordcount__4c_all_topics_ev2.5,215,0.263,0.2307,62.36,96.06,6.3106,0.0,0.302209,0.329154,0.356399,0.183549,0.062,
Gardner_statements_minutes_speeches_press_conferences_wordcount__4d_topic_pca_ev2.5,215,0.2492,0.22,64.36,94.69,6.5935,0.0,0.305433,0.332736,0.360925,0.165322,-0.1295,,4d,2.5
Gardner_statements_minutes_speeches_press_conferences_wordcount__4e_total_interactions_ev2.5,215,0.2943,0.2634,53.02,86.73,8.6346,0.0,0.292149,0.31144,0.338481,0.148638,1.1465,0.1258
Gardner_statements_minutes_speeches_press_conferences_wordcount__4f_matched_interactions_ev2.5,215,0.2483,0.2153,66.61,100.32,5.2187,2e-06,0.312585,0.343133,0.363924,0.147008,0.2005,
Gardner_statements_minutes_speeches_press_conferences_wordcount__4g_novelty_ev2.5,214,0.2108,0.176,77.77,111.43,4.6753,1.2e-05,0.296161,0.321361,0.347333,0.173165,1.2503,
Gardner_statements_minutes_speeches_press_conferences_wordcount__4a_total_sent_ev3.0,215,0.2103,0.1914,69.22,89.44,8.3493,0.0,0.297017,0.322677,0.350843,0.168561,0.0622,
Gardner_statements_minutes_speeches_press_conferences_wordcount__4b_sent_sd_ev3.0,215,0.2058,0.1907,68.43,85.28,10.0824,0.0,0.296816,0.322377,0.348585,0.173913,,
Gardner_statements_minutes_speeches_press_conferences_wordcount__4b_sent_var_ev3.0,215,0.2058,0.1907,68.43,85.28,10.0824,0.0,0.296816,0.322377,0.348585,0.173913,,
Gardner_statements_minutes_speeches_press_conferences_wordcount__4b_sd_var_joint_ev3.0,215,0.2058,0.1907,68.43,85.28,10.0824,0.0,0.296816,0.322377,0.348585,0.173913,,
Gardner_statements_minutes_speeches_press_conferences_wordcount__4b_consensus_ev3.0,215,0.255,0.2223,64.68,98.39,6.7818,0.0,0.300177,0.327289,0.357168,0.162974,0.2748,
Gardner_statements_minutes_speeches_press_conferences_wordcount__4b_consensus_matched_interactions_ev3.0,215,0.2264,0.1925,72.78,106.48,5.9686,0.0,0.29572,0.320697,0.345334,0.171479,0.9971,0.1594
Gardner_statements_minutes_speeches_press_conferences_wordcount__4c_all_topics_ev3.0,215,0.263,0.2307,62.36,96.06,6.3106,0.0,0.302209,0.329154,0.356399,0.183549,0.062,
Gardner_statements_minutes_speeches_press_conferences_wordcount__4d_topic_pca_ev3.0,215,0.2492,0.22,64.36,94.69,6.5935,0.0,0.305433,0.332736,0.360925,0.165322,-0.1295,,4d,3.0
Gardner_statements_minutes_speeches_press_conferences_wordcount__4e_total_interactions_ev3.0,215,0.2943,0.2634,53.02,86.73,8.6346,0.0,0.292149,0.31144,0.338481,0.148638,1.1465,0.1258
Gardner_statements_minutes_speeches_press_conferences_wordcount__4f_matched_interactions_ev3.0,215,0.2483,0.2153,66.61,100.32,5.2187,2e-06,0.312585,0.343133,0.363924,0.147008,0.2005,
Gardner_statements_minutes_speeches_press_conferences_wordcount__4g_novelty_ev3.0,214,0.2108,0.176,77.77,111.43,4.6753,1.2e-05,0.296161,0.321361,0.347333,0.173165,1.2503,
Gardner_statements_minutes_speeches_press_conferences_zscore__4a_total_sent_ev1.0,215,0.2211,0.2025,66.26,86.48,8.5202,0.0,0.290865,0.315553,0.345626,0.18745,1.6349,0.051
Gardner_statements_minutes_speeches_press_conferences_zscore__4b_sent_sd_ev1.0,215,0.2058,0.1907,68.43,85.28,10.0824,0.0,0.296816,0.322377,0.348585,0.173913,,
Gardner_statements_minutes_speeches_press_conferences_zscore__4b_sent_var_ev1.0,215,0.2058,0.1907,68.43,85.28,10.0824,0.0,0.296816,0.322377,0.348585,0.173913,,
Gardner_statements_minutes_speeches_press_conferences_zscore__4b_sd_var_joint_ev1.0,215,0.2058,0.1907,68.43,85.28,10.0824,0.0,0.296816,0.322377,0.348585,0.173913,,
Gardner_statements_minutes_speeches_press_conferences_zscore__4b_consensus_ev1.0,215,0.2241,0.1901,73.42,107.13,6.1815,0.0,0.311629,0.34048,0.371799,0.160468,-0.338,
Gardner_statements_minutes_speeches_press_conferences_zscore__4b_consensus_matched_interactions_ev1.0,215,0.2224,0.1883,73.88,107.59,5.0699,3e-06,0.303016,0.324534,0.353503,0.192654,-0.158,
Gardner_statements_minutes_speeches_press_conferences_zscore__4c_all_topics_ev1.0,215,0.2413,0.208,68.59,102.3,4.9908,4e-06,0.293434,0.312951,0.341585,0.200002,1.2175,0.1117
Gardner_statements_minutes_speeches_press_conferences_zscore__4d_topic_pca_ev1.0,215,0.2328,0.203,69.0,99.33,5.8508,1e-06,0.291216,0.314792,0.343708,0.187642,1.7632,0.0389,4d,1.0
Gardner_statements_minutes_speeches_press_conferences_zscore__4e_total_interactions_ev1.0,215,0.2781,0.2465,57.9,91.61,7.7428,0.0,0.300379,0.32145,0.352722,0.200147,1.5107,
Gardner_statements_minutes_speeches_press_conferences_zscore__4f_matched_interactions_ev1.0,215,0.2804,0.2488,57.22,90.93,6.7873,0.0,0.289676,0.313207,0.334187,0.180285,2.2157,0.0134
Gardner_statements_minutes_speeches_press_conferences_zscore__4g_novelty_ev1.0,214,0.2208,0.1825,77.04,114.07,4.8194,3e-06,0.300736,0.327406,0.354867,0.179496,0.457,
Gardner_statements_minutes_speeches_press_conferences_zscore__4a_total_sent_ev1.5,215,0.2211,0.2025,66.26,86.48,8.5202,0.0,0.290865,0.315553,0.345626,0.18745,1.6349,0.051
Gardner_statements_minutes_speeches_press_conferences_zscore__4b_sent_sd_ev1.5,215,0.2058,0.1907,68.43,85.28,10.0824,0.0,0.296816,0.322377,0.348585,0.173913,,
Gardner_statements_minutes_speeches_press_conferences_zscore__4b_sent_var_ev1.5,215,0.2058,0.1907,68.43,85.28,10.0824,0.0,0.296816,0.322377,0.348585,0.173913,,
Gardner_statements_minutes_speeches_press_conferences_zscore__4b_sd_var_joint_ev1.5,215,0.2058,0.1907,68.43,85.28,10.0824,0.0,0.296816,0.322377,0.348585,0.173913,,
Gardner_statements_minutes_speeches_press_conferences_zscore__4b_consensus_ev1.5,215,0.2241,0.1901,73.42,107.13,6.1815,0.0,0.311629,0.34048,0.371799,0.160468,-0.338,
Gardner_statements_minutes_speeches_press_conferences_zscore__4b_consensus_matched_interactions_ev1.5,215,0.2224,0.1883,73.88,107.59,5.0699,3e-06,0.303016,0.324534,0.353503,0.192654,-0.158,
Gardner_statements_minutes_speeches_press_conferences_zscore__4c_all_topics_ev1.5,215,0.2413,0.208,68.59,102.3,4.9908,4e-06,0.293434,0.312951,0.341585,0.200002,1.2175,0.1117
Gardner_statements_minutes_speeches_press_conferences_zscore__4d_topic_pca_ev1.5,215,0.2328,0.203,69.0,99.33,5.8508,1e-06,0.291216,0.314792,0.343708,0.187642,1.7632,0.0389,4d,1.5
Gardner_statements_minutes_speeches_press_conferences_zscore__4e_total_interactions_ev1.5,215,0.2781,0.2465,57.9,91.61,7.7428,0.0,0.300379,0.32145,0.352722,0.200147,1.5107,
Gardner_statements_minutes_speeches_press_conferences_zscore__4f_matched_interactions_ev1.5,215,0.2804,0.2488,57.22,90.93,6.7873,0.0,0.289676,0.313207,0.334187,0.180285,2.2157,0.0134
Gardner_statements_minutes_speeches_press_conferences_zscore__4g_novelty_ev1.5,214,0.2208,0.1825,77.04,114.07,4.8194,3e-06,0.300736,0.327406,0.354867,0.179496,0.457,
Gardner_statements_minutes_speeches_press_conferences_zscore__4a_total_sent_ev2.0,215,0.2211,0.2025,66.26,86.48,8.5202,0.0,0.290865,0.315553,0.345626,0.18745,1.6349,0.051
Gardner_statements_minutes_speeches_press_conferences_zscore__4b_sent_sd_ev2.0,215,0.2058,0.1907,68.43,85.28,10.0824,0.0,0.296816,0.322377,0.348585,0.173913,,
Gardner_statements_minutes_speeches_press_conferences_zscore__4b_sent_var_ev2.0,215,0.2058,0.1907,68.43,85.28,10.0824,0.0,0.296816,0.322377,0.348585,0.173913,,
Gardner_statements_minutes_speeches_press_conferences_zscore__4b_sd_var_joint_ev2.0,215,0.2058,0.1907,68.43,85.28,10.0824,0.0,0.296816,0.322377,0.348585,0.173913,,
Gardner_statements_minutes_speeches_press_conferences_zscore__4b_consensus_ev2.0,215,0.2241,0.1901,73.42,107.13,6.1815,0.0,0.311629,0.34048,0.371799,0.160468,-0.338,
Gardner_statements_minutes_speeches_press_conferences_zscore__4b_consensus_matched_interactions_ev2.0,215,0.2224,0.1883,73.88,107.59,5.0699,3e-06,0.303016,0.324534,0.353503,0.192654,-0.158,
Gardner_statements_minutes_speeches_press_conferences_zscore__4c_all_topics_ev2.0,215,0.2413,0.208,68.59,102.3,4.9908,4e-06,0.293434,0.312951,0.341585,0.200002,1.2175,0.1117
Gardner_statements_minutes_speeches_press_conferences_zscore__4d_topic_pca_ev2.0,215,0.2328,0.203,69.0,99.33,5.8508,1e-06,0.291216,0.314792,0.343708,0.187642,1.7632,0.0389,4d,2.0
Gardner_statements_minutes_speeches_press_conferences_zscore__4e_total_interactions_ev2.0,215,0.2781,0.2465,57.9,91.61,7.7428,0.0,0.300379,0.32145,0.352722,0.200147,1.5107,
Gardner_statements_minutes_speeches_press_conferences_zscore__4f_matched_interactions_ev2.0,215,0.2804,0.2488,57.22,90.93,6.7873,0.0,0.289676,0.313207,0.334187,0.180285,2.2157,0.0134
Gardner_statements_minutes_speeches_press_conferences_zscore__4g_novelty_ev2.0,214,0.2208,0.1825,77.04,114.07,4.8194,3e-06,0.300736,0.327406,0.354867,0.179496,0.457,
Gardner_statements_minutes_speeches_press_conferences_zscore__4a_total_sent_ev2.5,215,0.2211,0.2025,66.26,86.48,8.5202,0.0,0.290865,0.315553,0.345626,0.18745,1.6349,0.051
Gardner_statements_minutes_speeches_press_conferences_zscore__4b_sent_sd_ev2.5,215,0.2058,0.1907,68.43,85.28,10.0824,0.0,0.296816,0.322377,0.348585,0.173913,,
Gardner_statements_minutes_speeches_press_conferences_zscore__4b_sent_var_ev2.5,215,0.2058,0.1907,68.43,85.28,10.0824,0.0,0.296816,0.322377,0.348585,0.173913,,
Gardner_statements_minutes_speeches_press_conferences_zscore__4b_sd_var_joint_ev2.5,215,0.2058,0.1907,68.43,85.28,10.0824,0.0,0.296816,0.322377,0.348585,0.173913,,
Gardner_statements_minutes_speeches_press_conferences_zscore__4b_consensus_ev2.5,215,0.2241,0.1901,73.42,107.13,6.1815,0.0,0.311629,0.34048,0.371799,0.160468,-0.338,
Gardner_statements_minutes_speeches_press_conferences_zscore__4b_consensus_matched_interactions_ev2.5,215,0.2224,0.1883,73.88,107.59,5.0699,3e-06,0.303016,0.324534,0.353503,0.192654,-0.158,
Gardner_statements_minutes_speeches_press_conferences_zscore__4c_all_topics_ev2.5,215,0.2413,0.208,68.59,102.3,4.9908,4e-06,0.293434,0.312951,0.341585,0.200002,1.2175,0.1117
Gardner_statements_minutes_speeches_press_conferences_zscore__4d_topic_pca_ev2.5,215,0.2328,0.203,69.0,99.33,5.8508,1e-06,0.291216,0.314792,0.343708,0.187642,1.7632,0.0389,4d,2.5
Gardner_statements_minutes_speeches_press_conferences_zscore__4e_total_interactions_ev2.5,215,0.2781,0.2465,57.9,91.61,7.7428,0.0,0.300379,0.32145,0.352722,0.200147,1.5107,
Gardner_statements_minutes_speeches_press_conferences_zscore__4f_matched_interactions_ev2.5,215,0.2804,0.2488,57.22,90.93,6.7873,0.0,0.289676,0.313207,0.334187,0.180285,2.2157,0.0134
Gardner_statements_minutes_speeches_press_conferences_zscore__4g_novelty_ev2.5,214,0.2208,0.1825,77.04,114.07,4.8194,3e-06,0.300736,0.327406,0.354867,0.179496,0.457,
Gardner_statements_minutes_speeches_press_conferences_zscore__4a_total_sent_ev3.0,215,0.2211,0.2025,66.26,86.48,8.5202,0.0,0.290865,0.315553,0.345626,0.18745,1.6349,0.051
Gardner_statements_minutes_speeches_press_conferences_zscore__4b_sent_sd_ev3.0,215,0.2058,0.1907,68.43,85.28,10.0824,0.0,0.296816,0.322377,0.348585,0.173913,,
Gardner_statements_minutes_speeches_press_conferences_zscore__4b_sent_var_ev3.0,215,0.2058,0.1907,68.43,85.28,10.0824,0.0,0.296816,0.322377,0.348585,0.173913,,
Gardner_statements_minutes_speeches_press_conferences_zscore__4b_sd_var_joint_ev3.0,215,0.2058,0.1907,68.43,85.28,10.0824,0.0,0.296816,0.322377,0.348585,0.173913,,
Gardner_statements_minutes_speeches_press_conferences_zscore__4b_consensus_ev3.0,215,0.2241,0.1901,73.42,107.13,6.1815,0.0,0.311629,0.34048,0.371799,0.160468,-0.338,
Gardner_statements_minutes_speeches_press_conferences_zscore__4b_consensus_matched_interactions_ev3.0,215,0.2224,0.1883,73.88,107.59,5.0699,3e-06,0.303016,0.324534,0.353503,0.192654,-0.158,
Gardner_statements_minutes_speeches_press_conferences_zscore__4c_all_topics_ev3.0,215,0.2413,0.208,68.59,102.3,4.9908,4e-06,0.293434,0.312951,0.341585,0.200002,1.2175,0.1117
Gardner_statements_minutes_speeches_press_conferences_zscore__4d_topic_pca_ev3.0,215,0.2328,0.203,69.0,99.33,5.8508,1e-06,0.291216,0.314792,0.343708,0.187642,1.7632,0.0389,4d,3.0
Gardner_statements_minutes_speeches_press_conferences_zscore__4e_total_interactions_ev3.0,215,0.2781,0.2465,57.9,91.61,7.7428,0.0,0.300379,0.32145,0.352722,0.200147,1.5107,
Gardner_statements_minutes_speeches_press_conferences_zscore__4f_matched_interactions_ev3.0,215,0.2804,0.2488,57.22,90.93,6.7873,0.0,0.289676,0.313207,0.334187,0.180285,2.2157,0.0134
Gardner_statements_minutes_speeches_press_conferences_zscore__4g_novelty_ev3.0,214,0.2208,0.1825,77.04,114.07,4.8194,3e-06,0.300736,0.327406,0.354867,0.179496,0.457,
Sharpe_statements_wordcount__4a_total_sent_ev1.0,213,0.2087,0.1896,71.02,91.19,8.0877,1e-06,0.296344,0.324316,0.347966,0.17669,1.447,
Sharpe_statements_wordcount__4b_sent_sd_ev1.0,215,0.2058,0.1907,68.43,85.28,10.0824,0.0,0.296816,0.322377,0.348585,0.173913,,
Sharpe_statements_wordcount__4b_sent_var_ev1.0,215,0.2058,0.1907,68.43,85.28,10.0824,0.0,0.296816,0.322377,0.348585,0.173913,,
Sharpe_statements_wordcount__4b_sd_var_joint_ev1.0,215,0.2058,0.1907,68.43,85.28,10.0824,0.0,0.296816,0.322377,0.348585,0.173913,,
Sharpe_statements_wordcount__4b_consensus_ev1.0,213,0.2179,0.199,68.54,88.7,8.5132,0.0,0.292268,0.319666,0.341159,0.169408,1.5981,0.055
Sharpe_statements_wordcount__4e_total_interactions_ev1.0,213,0.2389,0.2051,70.75,104.36,5.5771,1e-06,0.309154,0.337678,0.36336,0.155288,0.3113,
Sharpe_statements_wordcount__4f_matched_interactions_ev1.0,215,0.2058,0.1907,68.43,85.28,10.0824,0.0,0.296816,0.322377,0.348585,0.173913,,
Sharpe_statements_wordcount__4g_novelty_ev1.0,212,0.2136,0.1945,70.44,90.58,8.1583,0.0,0.298532,0.324879,0.349335,0.174264,2.1612,0.0153
Sharpe_statements_wordcount__4a_total_sent_ev1.5,213,0.2087,0.1896,71.02,91.19,8.0877,1e-06,0.296344,0.324316,0.347966,0.17669,1.447,
Sharpe_statements_wordcount__4b_sent_sd_ev1.5,215,0.2058,0.1907,68.43,85.28,10.0824,0.0,0.296816,0.322377,0.348585,0.173913,,
Sharpe_statements_wordcount__4b_sent_var_ev1.5,215,0.2058,0.1907,68.43,85.28,10.0824,0.0,0.296816,0.322377,0.348585,0.173913,,
Sharpe_statements_wordcount__4b_sd_var_joint_ev1.5,215,0.2058,0.1907,68.43,85.28,10.0824,0.0,0.296816,0.322377,0.348585,0.173913,,
Sharpe_statements_wordcount__4b_consensus_ev1.5,213,0.2179,0.199,68.54,88.7,8.5132,0.0,0.292268,0.319666,0.341159,0.169408,1.5981,0.055
Sharpe_statements_wordcount__4e_total_interactions_ev1.5,213,0.2389,0.2051,70.75,104.36,5.5771,1e-06,0.309154,0.337678,0.36336,0.155288,0.3113,
Sharpe_statements_wordcount__4f_matched_interactions_ev1.5,215,0.2058,0.1907,68.43,85.28,10.0824,0.0,0.296816,0.322377,0.348585,0.173913,,
Sharpe_statements_wordcount__4g_novelty_ev1.5,212,0.2136,0.1945,70.44,90.58,8.1583,0.0,0.298532,0.324879,0.349335,0.174264,2.1612,0.0153
Sharpe_statements_wordcount__4a_total_sent_ev2.0,213,0.2087,0.1896,71.02,91.19,8.0877,1e-06,0.296344,0.324316,0.347966,0.17669,1.447,
Sharpe_statements_wordcount__4b_sent_sd_ev2.0,215,0.2058,0.1907,68.43,85.28,10.0824,0.0,0.296816,0.322377,0.348585,0.173913,,
Sharpe_statements_wordcount__4b_sent_var_ev2.0,215,0.2058,0.1907,68.43,85.28,10.0824,0.0,0.296816,0.322377,0.348585,0.173913,,
Sharpe_statements_wordcount__4b_sd_var_joint_ev2.0,215,0.2058,0.1907,68.43,85.28,10.0824,0.0,0.296816,0.322377,0.348585,0.173913,,
Sharpe_statements_wordcount__4b_consensus_ev2.0,213,0.2179,0.199,68.54,88.7,8.5132,0.0,0.292268,0.319666,0.341159,0.169408,1.5981,0.055
Sharpe_statements_wordcount__4e_total_interactions_ev2.0,213,0.2389,0.2051,70.75,104.36,5.5771,1e-06,0.309154,0.337678,0.36336,0.155288,0.3113,
Sharpe_statements_wordcount__4f_matched_interactions_ev2.0,215,0.2058,0.1907,68.43,85.28,10.0824,0.0,0.296816,0.322377,0.348585,0.173913,,
Sharpe_statements_wordcount__4g_novelty_ev2.0,212,0.2136,0.1945,70.44,90.58,8.1583,0.0,0.298532,0.324879,0.349335,0.174264,2.1612,0.0153
Sharpe_statements_wordcount__4a_total_sent_ev2.5,213,0.2087,0.1896,71.02,91.19,8.0877,1e-06,0.296344,0.324316,0.347966,0.17669,1.447,
Sharpe_statements_wordcount__4b_sent_sd_ev2.5,215,0.2058,0.1907,68.43,85.28,10.0824,0.0,0.296816,0.322377,0.348585,0.173913,,
Sharpe_statements_wordcount__4b_sent_var_ev2.5,215,0.2058,0.1907,68.43,85.28,10.0824,0.0,0.296816,0.322377,0.348585,0.173913,,
Sharpe_statements_wordcount__4b_sd_var_joint_ev2.5,215,0.2058,0.1907,68.43,85.28,10.0824,0.0,0.296816,0.322377,0.348585,0.173913,,
Sharpe_statements_wordcount__4b_consensus_ev2.5,213,0.2179,0.199,68.54,88.7,8.5132,0.0,0.292268,0.319666,0.341159,0.169408,1.5981,0.055
Sharpe_statements_wordcount__4e_total_interactions_ev2.5,213,0.2389,0.2051,70.75,104.36,5.5771,1e-06,0.309154,0.337678,0.36336,0.155288,0.3113,
Sharpe_statements_wordcount__4f_matched_interactions_ev2.5,215,0.2058,0.1907,68.43,85.28,10.0824,0.0,0.296816,0.322377,0.348585,0.173913,,
Sharpe_statements_wordcount__4g_novelty_ev2.5,212,0.2136,0.1945,70.44,90.58,8.1583,0.0,0.298532,0.324879,0.349335,0.174264,2.1612,0.0153
Sharpe_statements_wordcount__4a_total_sent_ev3.0,213,0.2087,0.1896,71.02,91.19,8.0877,1e-06,0.296344,0.324316,0.347966,0.17669,1.447,
Sharpe_statements_wordcount__4b_sent_sd_ev3.0,215,0.2058,0.1907,68.43,85.28,10.0824,0.0,0.296816,0.322377,0.348585,0.173913,,
Sharpe_statements_wordcount__4b_sent_var_ev3.0,215,0.2058,0.1907,68.43,85.28,10.0824,0.0,0.296816,0.322377,0.348585,0.173913,,
Sharpe_statements_wordcount__4b_sd_var_joint_ev3.0,215,0.2058,0.1907,68.43,85.28,10.0824,0.0,0.296816,0.322377,0.348585,0.173913,,
Sharpe_statements_wordcount__4b_consensus_ev3.0,213,0.2179,0.199,68.54,88.7,8.5132,0.0,0.292268,0.319666,0.341159,0.169408,1.5981,0.055
Sharpe_statements_wordcount__4e_total_interactions_ev3.0,213,0.2389,0.2051,70.75,104.36,5.5771,1e-06,0.309154,0.337678,0.36336,0.155288,0.3113,
Sharpe_statements_wordcount__4f_matched_interactions_ev3.0,215,0.2058,0.1907,68.43,85.28,10.0824,0.0,0.296816,0.322377,0.348585,0.173913,,
Sharpe_statements_wordcount__4g_novelty_ev3.0,212,0.2136,0.1945,70.44,90.58,8.1583,0.0,0.298532,0.324879,0.349335,0.174264,2.1612,0.0153
Sharpe_statements_zscore__4a_total_sent_ev1.0,213,0.2094,0.1903,70.83,91.0,8.003,1e-06,0.2971,0.325796,0.348586,0.181244,1.642,
Sharpe_statements_zscore__4b_sent_sd_ev1.0,215,0.2058,0.1907,68.43,85.28,10.0824,0.0,0.296816,0.322377,0.348585,0.173913,,
Sharpe_statements_zscore__4b_sent_var_ev1.0,215,0.2058,0.1907,68.43,85.28,10.0824,0.0,0.296816,0.322377,0.348585,0.173913,,
Sharpe_statements_zscore__4b_sd_var_joint_ev1.0,215,0.2058,0.1907,68.43,85.28,10.0824,0.0,0.296816,0.322377,0.348585,0.173913,,
Sharpe_statements_zscore__4b_consensus_ev1.0,213,0.2218,0.203,67.49,87.65,8.3201,0.0,0.291834,0.318933,0.339369,0.160069,1.5942,0.0554
Sharpe_statements_zscore__4e_total_interactions_ev1.0,213,0.2337,0.1997,72.2,105.81,4.337,3.5e-05,0.305769,0.331732,0.353375,0.168817,1.2596,
Sharpe_statements_zscore__4f_matched_interactions_ev1.0,215,0.2058,0.1907,68.43,85.28,10.0824,0.0,0.296816,0.322377,0.348585,0.173913,,
Sharpe_statements_zscore__4g_novelty_ev1.0,212,0.2148,0.1957,70.11,90.25,8.2126,0.0,0.297777,0.324194,0.348428,0.175238,2.1958,0.0141
Sharpe_statements_zscore__4a_total_sent_ev1.5,213,0.2094,0.1903,70.83,91.0,8.003,1e-06,0.2971,0.325796,0.348586,0.181244,1.642,
Sharpe_statements_zscore__4b_sent_sd_ev1.5,215,0.2058,0.1907,68.43,85.28,10.0824,0.0,0.296816,0.322377,0.348585,0.173913,,
Sharpe_statements_zscore__4b_sent_var_ev1.5,215,0.2058,0.1907,68.43,85.28,10.0824,0.0,0.296816,0.322377,0.348585,0.173913,,
Sharpe_statements_zscore__4b_sd_var_joint_ev1.5,215,0.2058,0.1907,68.43,85.28,10.0824,0.0,0.296816,0.322377,0.348585,0.173913,,
Sharpe_statements_zscore__4b_consensus_ev1.5,213,0.2218,0.203,67.49,87.65,8.3201,0.0,0.291834,0.318933,0.339369,0.160069,1.5942,0.0554
Sharpe_statements_zscore__4e_total_interactions_ev1.5,213,0.2337,0.1997,72.2,105.81,4.337,3.5e-05,0.305769,0.331732,0.353375,0.168817,1.2596,
Sharpe_statements_zscore__4f_matched_interactions_ev1.5,215,0.2058,0.1907,68.43,85.28,10.0824,0.0,0.296816,0.322377,0.348585,0.173913,,
Sharpe_statements_zscore__4g_novelty_ev1.5,212,0.2148,0.1957,70.11,90.25,8.2126,0.0,0.297777,0.324194,0.348428,0.175238,2.1958,0.0141
Sharpe_statements_zscore__4a_total_sent_ev2.0,213,0.2094,0.1903,70.83,91.0,8.003,1e-06,0.2971,0.325796,0.348586,0.181244,1.642,
Sharpe_statements_zscore__4b_sent_sd_ev2.0,215,0.2058,0.1907,68.43,85.28,10.0824,0.0,0.296816,0.322377,0.348585,0.173913,,
Sharpe_statements_zscore__4b_sent_var_ev2.0,215,0.2058,0.1907,68.43,85.28,10.0824,0.0,0.296816,0.322377,0.348585,0.173913,,
Sharpe_statements_zscore__4b_sd_var_joint_ev2.0,215,0.2058,0.1907,68.43,85.28,10.0824,0.0,0.296816,0.322377,0.348585,0.173913,,
Sharpe_statements_zscore__4b_consensus_ev2.0,213,0.2218,0.203,67.49,87.65,8.3201,0.0,0.291834,0.318933,0.339369,0.160069,1.5942,0.0554
Sharpe_statements_zscore__4e_total_interactions_ev2.0,213,0.2337,0.1997,72.2,105.81,4.337,3.5e-05,0.305769,0.331732,0.353375,0.168817,1.2596,
Sharpe_statements_zscore__4f_matched_interactions_ev2.0,215,0.2058,0.1907,68.43,85.28,10.0824,0.0,0.296816,0.322377,0.348585,0.173913,,
Sharpe_statements_zscore__4g_novelty_ev2.0,212,0.2148,0.1957,70.11,90.25,8.2126,0.0,0.297777,0.324194,0.348428,0.175238,2.1958,0.0141
Sharpe_statements_zscore__4a_total_sent_ev2.5,213,0.2094,0.1903,70.83,91.0,8.003,1e-06,0.2971,0.325796,0.348586,0.181244,1.642,
Sharpe_statements_zscore__4b_sent_sd_ev2.5,215,0.2058,0.1907,68.43,85.28,10.0824,0.0,0.296816,0.322377,0.348585,0.173913,,
Sharpe_statements_zscore__4b_sent_var_ev2.5,215,0.2058,0.1907,68.43,85.28,10.0824,0.0,0.296816,0.322377,0.348585,0.173913,,
Sharpe_statements_zscore__4b_sd_var_joint_ev2.5,215,0.2058,0.1907,68.43,85.28,10.0824,0.0,0.296816,0.322377,0.348585,0.173913,,
Sharpe_statements_zscore__4b_consensus_ev2.5,213,0.2218,0.203,67.49,87.65,8.3201,0.0,0.291834,0.318933,0.339369,0.160069,1.5942,0.0554
Sharpe_statements_zscore__4e_total_interactions_ev2.5,213,0.2337,0.1997,72.2,105.81,4.337,3.5e-05,0.305769,0.331732,0.353375,0.168817,1.2596,
Sharpe_statements_zscore__4f_matched_interactions_ev2.5,215,0.2058,0.1907,68.43,85.28,10.0824,0.0,0.296816,0.322377,0.348585,0.173913,,
Sharpe_statements_zscore__4g_novelty_ev2.5,212,0.2148,0.1957,70.11,90.25,8.2126,0.0,0.297777,0.324194,0.348428,0.175238,2.1958,0.0141
Sharpe_statements_zscore__4a_total_sent_ev3.0,213,0.2094,0.1903,70.83,91.0,8.003,1e-06,0.2971,0.325796,0.348586,0.181244,1.642,
Sharpe_statements_zscore__4b_sent_sd_ev3.0,215,0.2058,0.1907,68.43,85.28,10.0824,0.0,0.296816,0.322377,0.348585,0.173913,,
Sharpe_statements_zscore__4b_sent_var_ev3.0,215,0.2058,0.1907,68.43,85.28,10.0824,0.0,0.296816,0.322377,0.348585,0.173913,,
Sharpe_statements_zscore__4b_sd_var_joint_ev3.0,215,0.2058,0.1907,68.43,85.28,10.0824,0.0,0.296816,0.322377,0.348585,0.173913,,
Sharpe_statements_zscore__4b_consensus_ev3.0,213,0.2218,0.203,67.49,87.65,8.3201,0.0,0.291834,0.318933,0.339369,0.160069,1.5942,0.0554
Sharpe_statements_zscore__4e_total_interactions_ev3.0,213,0.2337,0.1997,72.2,105.81,4.337,3.5e-05,0.305769,0.331732,0.353375,0.168817,1.2596,
Sharpe_statements_zscore__4f_matched_interactions_ev3.0,215,0.2058,0.1907,68.43,85.28,10.0824,0.0,0.296816,0.322377,0.348585,0.173913,,
Sharpe_statements_zscore__4g_novelty_ev3.0,212,0.2148,0.1957,70.11,90.25,8.2126,0.0,0.297777,0.324194,0.348428,0.175238,2.1958,0.0141
Sharpe_minutes_wordcount__4a_total_sent_ev1.0,119,0.3645,0.3364,10.0,26.67,7.1378,8e-06,0.427715,0.284448,0.170953,0.196599,,
Sharpe_minutes_wordcount__4b_sent_sd_ev1.0,215,0.2058,0.1907,68.43,85.28,10.0824,0.0,0.296816,0.322377,0.348585,0.173913,,
Sharpe_minutes_wordcount__4b_sent_var_ev1.0,215,0.2058,0.1907,68.43,85.28,10.0824,0.0,0.296816,0.322377,0.348585,0.173913,,
Sharpe_minutes_wordcount__4b_sd_var_joint_ev1.0,215,0.2058,0.1907,68.43,85.28,10.0824,0.0,0.296816,0.322377,0.348585,0.173913,,
Sharpe_minutes_wordcount__4b_consensus_ev1.0,119,0.3548,0.3262,11.8,28.47,6.7982,1.4e-05,0.427713,0.286015,0.163386,0.185123,,
Sharpe_minutes_wordcount__4e_total_interactions_ev1.0,119,0.4606,0.4161,-1.52,26.27,4.9597,1.4e-05,0.529318,0.277113,0.160758,0.168317,,
Sharpe_minutes_wordcount__4f_matched_interactions_ev1.0,215,0.2058,0.1907,68.43,85.28,10.0824,0.0,0.296816,0.322377,0.348585,0.173913,,
Sharpe_minutes_wordcount__4g_novelty_ev1.0,118,0.3554,0.3266,12.53,29.15,6.6494,1.9e-05,0.425394,0.286013,0.163908,0.190203,,
Sharpe_minutes_wordcount__4a_total_sent_ev1.5,119,0.3645,0.3364,10.0,26.67,7.1378,8e-06,0.427715,0.284448,0.170953,0.196599,,
Sharpe_minutes_wordcount__4b_sent_sd_ev1.5,215,0.2058,0.1907,68.43,85.28,10.0824,0.0,0.296816,0.322377,0.348585,0.173913,,
Sharpe_minutes_wordcount__4b_sent_var_ev1.5,215,0.2058,0.1907,68.43,85.28,10.0824,0.0,0.296816,0.322377,0.348585,0.173913,,
Sharpe_minutes_wordcount__4b_sd_var_joint_ev1.5,215,0.2058,0.1907,68.43,85.28,10.0824,0.0,0.296816,0.322377,0.348585,0.173913,,
Sharpe_minutes_wordcount__4b_consensus_ev1.5,119,0.3548,0.3262,11.8,28.47,6.7982,1.4e-05,0.427713,0.286015,0.163386,0.185123,,
Sharpe_minutes_wordcount__4e_total_interactions_ev1.5,119,0.4606,0.4161,-1.52,26.27,4.9597,1.4e-05,0.529318,0.277113,0.160758,0.168317,,
Sharpe_minutes_wordcount__4f_matched_interactions_ev1.5,215,0.2058,0.1907,68.43,85.28,10.0824,0.0,0.296816,0.322377,0.348585,0.173913,,
Sharpe_minutes_wordcount__4g_novelty_ev1.5,118,0.3554,0.3266,12.53,29.15,6.6494,1.9e-05,0.425394,0.286013,0.163908,0.190203,,
Sharpe_minutes_wordcount__4a_total_sent_ev2.0,119,0.3645,0.3364,10.0,26.67,7.1378,8e-06,0.427715,0.284448,0.170953,0.196599,,
Sharpe_minutes_wordcount__4b_sent_sd_ev2.0,215,0.2058,0.1907,68.43,85.28,10.0824,0.0,0.296816,0.322377,0.348585,0.173913,,
Sharpe_minutes_wordcount__4b_sent_var_ev2.0,215,0.2058,0.1907,68.43,85.28,10.0824,0.0,0.296816,0.322377,0.348585,0.173913,,
Sharpe_minutes_wordcount__4b_sd_var_joint_ev2.0,215,0.2058,0.1907,68.43,85.28,10.0824,0.0,0.296816,0.322377,0.348585,0.173913,,
Sharpe_minutes_wordcount__4b_consensus_ev2.0,119,0.3548,0.3262,11.8,28.47,6.7982,1.4e-05,0.427713,0.286015,0.163386,0.185123,,
Sharpe_minutes_wordcount__4e_total_interactions_ev2.0,119,0.4606,0.4161,-1.52,26.27,4.9597,1.4e-05,0.529318,0.277113,0.160758,0.168317,,
Sharpe_minutes_wordcount__4f_matched_interactions_ev2.0,215,0.2058,0.1907,68.43,85.28,10.0824,0.0,0.296816,0.322377,0.348585,0.173913,,
Sharpe_minutes_wordcount__4g_novelty_ev2.0,118,0.3554,0.3266,12.53,29.15,6.6494,1.9e-05,0.425394,0.286013,0.163908,0.190203,,
Sharpe_minutes_wordcount__4a_total_sent_ev2.5,119,0.3645,0.3364,10.0,26.67,7.1378,8e-06,0.427715,0.284448,0.170953,0.196599,,
Sharpe_minutes_wordcount__4b_sent_sd_ev2.5,215,0.2058,0.1907,68.43,85.28,10.0824,0.0,0.296816,0.322377,0.348585,0.173913,,
Sharpe_minutes_wordcount__4b_sent_var_ev2.5,215,0.2058,0.1907,68.43,85.28,10.0824,0.0,0.296816,0.322377,0.348585,0.173913,,
Sharpe_minutes_wordcount__4b_sd_var_joint_ev2.5,215,0.2058,0.1907,68.43,85.28,10.0824,0.0,0.296816,0.322377,0.348585,0.173913,,
Sharpe_minutes_wordcount__4b_consensus_ev2.5,119,0.3548,0.3262,11.8,28.47,6.7982,1.4e-05,0.427713,0.286015,0.163386,0.185123,,
Sharpe_minutes_wordcount__4e_total_interactions_ev2.5,119,0.4606,0.4161,-1.52,26.27,4.9597,1.4e-05,0.529318,0.277113,0.160758,0.168317,,
Sharpe_minutes_wordcount__4f_matched_interactions_ev2.5,215,0.2058,0.1907,68.43,85.28,10.0824,0.0,0.296816,0.322377,0.348585,0.173913,,
Sharpe_minutes_wordcount__4g_novelty_ev2.5,118,0.3554,0.3266,12.53,29.15,6.6494,1.9e-05,0.425394,0.286013,0.163908,0.190203,,
Sharpe_minutes_wordcount__4a_total_sent_ev3.0,119,0.3645,0.3364,10.0,26.67,7.1378,8e-06,0.427715,0.284448,0.170953,0.196599,,
Sharpe_minutes_wordcount__4b_sent_sd_ev3.0,215,0.2058,0.1907,68.43,85.28,10.0824,0.0,0.296816,0.322377,0.348585,0.173913,,
Sharpe_minutes_wordcount__4b_sent_var_ev3.0,215,0.2058,0.1907,68.43,85.28,10.0824,0.0,0.296816,0.322377,0.348585,0.173913,,
Sharpe_minutes_wordcount__4b_sd_var_joint_ev3.0,215,0.2058,0.1907,68.43,85.28,10.0824,0.0,0.296816,0.322377,0.348585,0.173913,,
Sharpe_minutes_wordcount__4b_consensus_ev3.0,119,0.3548,0.3262,11.8,28.47,6.7982,1.4e-05,0.427713,0.286015,0.163386,0.185123,,
Sharpe_minutes_wordcount__4e_total_interactions_ev3.0,119,0.4606,0.4161,-1.52,26.27,4.9597,1.4e-05,0.529318,0.277113,0.160758,0.168317,,
Sharpe_minutes_wordcount__4f_matched_interactions_ev3.0,215,0.2058,0.1907,68.43,85.28,10.0824,0.0,0.296816,0.322377,0.348585,0.173913,,
Sharpe_minutes_wordcount__4g_novelty_ev3.0,118,0.3554,0.3266,12.53,29.15,6.6494,1.9e-05,0.425394,0.286013,0.163908,0.190203,,
Sharpe_minutes_zscore__4a_total_sent_ev1.0,119,0.3762,0.3486,7.78,24.45,7.5556,4e-06,0.421128,0.275044,0.180289,0.20574,,
Sharpe_minutes_zscore__4b_sent_sd_ev1.0,215,0.2058,0.1907,68.43,85.28,10.0824,0.0,0.296816,0.322377,0.348585,0.173913,,
Sharpe_minutes_zscore__4b_sent_var_ev1.0,215,0.2058,0.1907,68.43,85.28,10.0824,0.0,0.296816,0.322377,0.348585,0.173913,,
Sharpe_minutes_zscore__4b_sd_var_joint_ev1.0,215,0.2058,0.1907,68.43,85.28,10.0824,0.0,0.296816,0.322377,0.348585,0.173913,,
Sharpe_minutes_zscore__4b_consensus_ev1.0,119,0.3719,0.3441,8.61,25.29,7.5753,4e-06,0.422449,0.27671,0.152736,0.16777,,
Sharpe_minutes_zscore__4e_total_interactions_ev1.0,119,0.4258,0.3784,5.92,33.71,3.9611,0.000215,0.440908,0.268597,0.167536,0.202667,,
Sharpe_minutes_zscore__4f_matched_interactions_ev1.0,215,0.2058,0.1907,68.43,85.28,10.0824,0.0,0.296816,0.322377,0.348585,0.173913,,
Sharpe_minutes_zscore__4g_novelty_ev1.0,118,0.3546,0.3258,12.68,29.3,6.289,3.5e-05,0.425066,0.284864,0.163994,0.189782,,
Sharpe_minutes_zscore__4a_total_sent_ev1.5,119,0.3762,0.3486,7.78,24.45,7.5556,4e-06,0.421128,0.275044,0.180289,0.20574,,
Sharpe_minutes_zscore__4b_sent_sd_ev1.5,215,0.2058,0.1907,68.43,85.28,10.0824,0.0,0.296816,0.322377,0.348585,0.173913,,
Sharpe_minutes_zscore__4b_sent_var_ev1.5,215,0.2058,0.1907,68.43,85.28,10.0824,0.0,0.296816,0.322377,0.348585,0.173913,,
Sharpe_minutes_zscore__4b_sd_var_joint_ev1.5,215,0.2058,0.1907,68.43,85.28,10.0824,0.0,0.296816,0.322377,0.348585,0.173913,,
Sharpe_minutes_zscore__4b_consensus_ev1.5,119,0.3719,0.3441,8.61,25.29,7.5753,4e-06,0.422449,0.27671,0.152736,0.16777,,
Sharpe_minutes_zscore__4e_total_interactions_ev1.5,119,0.4258,0.3784,5.92,33.71,3.9611,0.000215,0.440908,0.268597,0.167536,0.202667,,
Sharpe_minutes_zscore__4f_matched_interactions_ev1.5,215,0.2058,0.1907,68.43,85.28,10.0824,0.0,0.296816,0.322377,0.348585,0.173913,,
Sharpe_minutes_zscore__4g_novelty_ev1.5,118,0.3546,0.3258,12.68,29.3,6.289,3.5e-05,0.425066,0.284864,0.163994,0.189782,,
Sharpe_minutes_zscore__4a_total_sent_ev2.0,119,0.3762,0.3486,7.78,24.45,7.5556,4e-06,0.421128,0.275044,0.180289,0.20574,,
Sharpe_minutes_zscore__4b_sent_sd_ev2.0,215,0.2058,0.1907,68.43,85.28,10.0824,0.0,0.296816,0.322377,0.348585,0.173913,,
Sharpe_minutes_zscore__4b_sent_var_ev2.0,215,0.2058,0.1907,68.43,85.28,10.0824,0.0,0.296816,0.322377,0.348585,0.173913,,
Sharpe_minutes_zscore__4b_sd_var_joint_ev2.0,215,0.2058,0.1907,68.43,85.28,10.0824,0.0,0.296816,0.322377,0.348585,0.173913,,
Sharpe_minutes_zscore__4b_consensus_ev2.0,119,0.3719,0.3441,8.61,25.29,7.5753,4e-06,0.422449,0.27671,0.152736,0.16777,,
Sharpe_minutes_zscore__4e_total_interactions_ev2.0,119,0.4258,0.3784,5.92,33.71,3.9611,0.000215,0.440908,0.268597,0.167536,0.202667,,
Sharpe_minutes_zscore__4f_matched_interactions_ev2.0,215,0.2058,0.1907,68.43,85.28,10.0824,0.0,0.296816,0.322377,0.348585,0.173913,,
Sharpe_minutes_zscore__4g_novelty_ev2.0,118,0.3546,0.3258,12.68,29.3,6.289,3.5e-05,0.425066,0.284864,0.163994,0.189782,,
Sharpe_minutes_zscore__4a_total_sent_ev2.5,119,0.3762,0.3486,7.78,24.45,7.5556,4e-06,0.421128,0.275044,0.180289,0.20574,,
Sharpe_minutes_zscore__4b_sent_sd_ev2.5,215,0.2058,0.1907,68.43,85.28,10.0824,0.0,0.296816,0.322377,0.348585,0.173913,,
Sharpe_minutes_zscore__4b_sent_var_ev2.5,215,0.2058,0.1907,68.43,85.28,10.0824,0.0,0.296816,0.322377,0.348585,0.173913,,
Sharpe_minutes_zscore__4b_sd_var_joint_ev2.5,215,0.2058,0.1907,68.43,85.28,10.0824,0.0,0.296816,0.322377,0.348585,0.173913,,
Sharpe_minutes_zscore__4b_consensus_ev2.5,119,0.3719,0.3441,8.61,25.29,7.5753,4e-06,0.422449,0.27671,0.152736,0.16777,,
Sharpe_minutes_zscore__4e_total_interactions_ev2.5,119,0.4258,0.3784,5.92,33.71,3.9611,0.000215,0.440908,0.268597,0.167536,0.202667,,
Sharpe_minutes_zscore__4f_matched_interactions_ev2.5,215,0.2058,0.1907,68.43,85.28,10.0824,0.0,0.296816,0.322377,0.348585,0.173913,,
Sharpe_minutes_zscore__4g_novelty_ev2.5,118,0.3546,0.3258,12.68,29.3,6.289,3.5e-05,0.425066,0.284864,0.163994,0.189782,,
Sharpe_minutes_zscore__4a_total_sent_ev3.0,119,0.3762,0.3486,7.78,24.45,7.5556,4e-06,0.421128,0.275044,0.180289,0.20574,,
Sharpe_minutes_zscore__4b_sent_sd_ev3.0,215,0.2058,0.1907,68.43,85.28,10.0824,0.0,0.296816,0.322377,0.348585,0.173913,,
Sharpe_minutes_zscore__4b_sent_var_ev3.0,215,0.2058,0.1907,68.43,85.28,10.0824,0.0,0.296816,0.322377,0.348585,0.173913,,
Sharpe_minutes_zscore__4b_sd_var_joint_ev3.0,215,0.2058,0.1907,68.43,85.28,10.0824,0.0,0.296816,0.322377,0.348585,0.173913,,
Sharpe_minutes_zscore__4b_consensus_ev3.0,119,0.3719,0.3441,8.61,25.29,7.5753,4e-06,0.422449,0.27671,0.152736,0.16777,,
Sharpe_minutes_zscore__4e_total_interactions_ev3.0,119,0.4258,0.3784,5.92,33.71,3.9611,0.000215,0.440908,0.268597,0.167536,0.202667,,
Sharpe_minutes_zscore__4f_matched_interactions_ev3.0,215,0.2058,0.1907,68.43,85.28,10.0824,0.0,0.296816,0.322377,0.348585,0.173913,,
Sharpe_minutes_zscore__4g_novelty_ev3.0,118,0.3546,0.3258,12.68,29.3,6.289,3.5e-05,0.425066,0.284864,0.163994,0.189782,,
Sharpe_speeches_wordcount__4a_total_sent_ev1.0,215,0.2159,0.1972,67.68,87.9,8.144,0.0,0.295701,0.319821,0.344576,0.167918,1.2397,0.1075
Sharpe_speeches_wordcount__4b_sent_sd_ev1.0,215,0.2058,0.1907,68.43,85.28,10.0824,0.0,0.296816,0.322377,0.348585,0.173913,,
Sharpe_speeches_wordcount__4b_sent_var_ev1.0,215,0.2058,0.1907,68.43,85.28,10.0824,0.0,0.296816,0.322377,0.348585,0.173913,,
Sharpe_speeches_wordcount__4b_sd_var_joint_ev1.0,215,0.2058,0.1907,68.43,85.28,10.0824,0.0,0.296816,0.322377,0.348585,0.173913,,
Sharpe_speeches_wordcount__4b_consensus_ev1.0,215,0.2071,0.1882,70.07,90.3,8.4033,0.0,0.296833,0.322265,0.34924,0.172736,0.2873,
Sharpe_speeches_wordcount__4e_total_interactions_ev1.0,215,0.2689,0.2368,60.65,94.36,6.7418,0.0,0.295903,0.311158,0.326986,0.172415,1.2291,0.1095
Sharpe_speeches_wordcount__4f_matched_interactions_ev1.0,215,0.2058,0.1907,68.43,85.28,10.0824,0.0,0.296816,0.322377,0.348585,0.173913,,
Sharpe_speeches_wordcount__4g_novelty_ev1.0,214,0.2171,0.1983,68.07,88.26,8.0956,1e-06,0.295541,0.319681,0.343368,0.1721,1.1891,
Sharpe_speeches_wordcount__4a_total_sent_ev1.5,215,0.2159,0.1972,67.68,87.9,8.144,0.0,0.295701,0.319821,0.344576,0.167918,1.2397,0.1075
Sharpe_speeches_wordcount__4b_sent_sd_ev1.5,215,0.2058,0.1907,68.43,85.28,10.0824,0.0,0.296816,0.322377,0.348585,0.173913,,
Sharpe_speeches_wordcount__4b_sent_var_ev1.5,215,0.2058,0.1907,68.43,85.28,10.0824,0.0,0.296816,0.322377,0.348585,0.173913,,
Sharpe_speeches_wordcount__4b_sd_var_joint_ev1.5,215,0.2058,0.1907,68.43,85.28,10.0824,0.0,0.296816,0.322377,0.348585,0.173913,,
Sharpe_speeches_wordcount__4b_consensus_ev1.5,215,0.2071,0.1882,70.07,90.3,8.4033,0.0,0.296833,0.322265,0.34924,0.172736,0.2873,
Sharpe_speeches_wordcount__4e_total_interactions_ev1.5,215,0.2689,0.2368,60.65,94.36,6.7418,0.0,0.295903,0.311158,0.326986,0.172415,1.2291,0.1095
Sharpe_speeches_wordcount__4f_matched_interactions_ev1.5,215,0.2058,0.1907,68.43,85.28,10.0824,0.0,0.296816,0.322377,0.348585,0.173913,,
Sharpe_speeches_wordcount__4g_novelty_ev1.5,214,0.2171,0.1983,68.07,88.26,8.0956,1e-06,0.295541,0.319681,0.343368,0.1721,1.1891,
Sharpe_speeches_wordcount__4a_total_sent_ev2.0,215,0.2159,0.1972,67.68,87.9,8.144,0.0,0.295701,0.319821,0.344576,0.167918,1.2397,0.1075
Sharpe_speeches_wordcount__4b_sent_sd_ev2.0,215,0.2058,0.1907,68.43,85.28,10.0824,0.0,0.296816,0.322377,0.348585,0.173913,,
Sharpe_speeches_wordcount__4b_sent_var_ev2.0,215,0.2058,0.1907,68.43,85.28,10.0824,0.0,0.296816,0.322377,0.348585,0.173913,,
Sharpe_speeches_wordcount__4b_sd_var_joint_ev2.0,215,0.2058,0.1907,68.43,85.28,10.0824,0.0,0.296816,0.322377,0.348585,0.173913,,
Sharpe_speeches_wordcount__4b_consensus_ev2.0,215,0.2071,0.1882,70.07,90.3,8.4033,0.0,0.296833,0.322265,0.34924,0.172736,0.2873,
Sharpe_speeches_wordcount__4e_total_interactions_ev2.0,215,0.2689,0.2368,60.65,94.36,6.7418,0.0,0.295903,0.311158,0.326986,0.172415,1.2291,0.1095
Sharpe_speeches_wordcount__4f_matched_interactions_ev2.0,215,0.2058,0.1907,68.43,85.28,10.0824,0.0,0.296816,0.322377,0.348585,0.173913,,
Sharpe_speeches_wordcount__4g_novelty_ev2.0,214,0.2171,0.1983,68.07,88.26,8.0956,1e-06,0.295541,0.319681,0.343368,0.1721,1.1891,
Sharpe_speeches_wordcount__4a_total_sent_ev2.5,215,0.2159,0.1972,67.68,87.9,8.144,0.0,0.295701,0.319821,0.344576,0.167918,1.2397,0.1075
Sharpe_speeches_wordcount__4b_sent_sd_ev2.5,215,0.2058,0.1907,68.43,85.28,10.0824,0.0,0.296816,0.322377,0.348585,0.173913,,
Sharpe_speeches_wordcount__4b_sent_var_ev2.5,215,0.2058,0.1907,68.43,85.28,10.0824,0.0,0.296816,0.322377,0.348585,0.173913,,
Sharpe_speeches_wordcount__4b_sd_var_joint_ev2.5,215,0.2058,0.1907,68.43,85.28,10.0824,0.0,0.296816,0.322377,0.348585,0.173913,,
Sharpe_speeches_wordcount__4b_consensus_ev2.5,215,0.2071,0.1882,70.07,90.3,8.4033,0.0,0.296833,0.322265,0.34924,0.172736,0.2873,
Sharpe_speeches_wordcount__4e_total_interactions_ev2.5,215,0.2689,0.2368,60.65,94.36,6.7418,0.0,0.295903,0.311158,0.326986,0.172415,1.2291,0.1095
Sharpe_speeches_wordcount__4f_matched_interactions_ev2.5,215,0.2058,0.1907,68.43,85.28,10.0824,0.0,0.296816,0.322377,0.348585,0.173913,,
Sharpe_speeches_wordcount__4g_novelty_ev2.5,214,0.2171,0.1983,68.07,88.26,8.0956,1e-06,0.295541,0.319681,0.343368,0.1721,1.1891,
Sharpe_speeches_wordcount__4a_total_sent_ev3.0,215,0.2159,0.1972,67.68,87.9,8.144,0.0,0.295701,0.319821,0.344576,0.167918,1.2397,0.1075
Sharpe_speeches_wordcount__4b_sent_sd_ev3.0,215,0.2058,0.1907,68.43,85.28,10.0824,0.0,0.296816,0.322377,0.348585,0.173913,,
Sharpe_speeches_wordcount__4b_sent_var_ev3.0,215,0.2058,0.1907,68.43,85.28,10.0824,0.0,0.296816,0.322377,0.348585,0.173913,,
Sharpe_speeches_wordcount__4b_sd_var_joint_ev3.0,215,0.2058,0.1907,68.43,85.28,10.0824,0.0,0.296816,0.322377,0.348585,0.173913,,
Sharpe_speeches_wordcount__4b_consensus_ev3.0,215,0.2071,0.1882,70.07,90.3,8.4033,0.0,0.296833,0.322265,0.34924,0.172736,0.2873,
Sharpe_speeches_wordcount__4e_total_interactions_ev3.0,215,0.2689,0.2368,60.65,94.36,6.7418,0.0,0.295903,0.311158,0.326986,0.172415,1.2291,0.1095
Sharpe_speeches_wordcount__4f_matched_interactions_ev3.0,215,0.2058,0.1907,68.43,85.28,10.0824,0.0,0.296816,0.322377,0.348585,0.173913,,
Sharpe_speeches_wordcount__4g_novelty_ev3.0,214,0.2171,0.1983,68.07,88.26,8.0956,1e-06,0.295541,0.319681,0.343368,0.1721,1.1891,
Sharpe_speeches_zscore__4a_total_sent_ev1.0,215,0.2058,0.1868,70.43,90.65,9.1016,0.0,0.298731,0.324348,0.350707,0.17475,-1.0179,
Sharpe_speeches_zscore__4b_sent_sd_ev1.0,215,0.2058,0.1907,68.43,85.28,10.0824,0.0,0.296816,0.322377,0.348585,0.173913,,
Sharpe_speeches_zscore__4b_sent_var_ev1.0,215,0.2058,0.1907,68.43,85.28,10.0824,0.0,0.296816,0.322377,0.348585,0.173913,,
Sharpe_speeches_zscore__4b_sd_var_joint_ev1.0,215,0.2058,0.1907,68.43,85.28,10.0824,0.0,0.296816,0.322377,0.348585,0.173913,,
Sharpe_speeches_zscore__4b_consensus_ev1.0,215,0.2101,0.1912,69.26,89.49,7.9459,1e-06,0.297438,0.323193,0.350059,0.169582,0.1862,
Sharpe_speeches_zscore__4e_total_interactions_ev1.0,215,0.2277,0.1937,72.44,106.14,6.8576,0.0,0.315276,0.344419,0.380041,0.162405,0.5413,
Sharpe_speeches_zscore__4f_matched_interactions_ev1.0,215,0.2058,0.1907,68.43,85.28,10.0824,0.0,0.296816,0.322377,0.348585,0.173913,,
Sharpe_speeches_zscore__4g_novelty_ev1.0,214,0.2153,0.1965,68.55,88.74,8.1014,1e-06,0.295088,0.320503,0.345479,0.17103,0.9496,
Sharpe_speeches_zscore__4a_total_sent_ev1.5,215,0.2058,0.1868,70.43,90.65,9.1016,0.0,0.298731,0.324348,0.350707,0.17475,-1.0179,
Sharpe_speeches_zscore__4b_sent_sd_ev1.5,215,0.2058,0.1907,68.43,85.28,10.0824,0.0,0.296816,0.322377,0.348585,0.173913,,
Sharpe_speeches_zscore__4b_sent_var_ev1.5,215,0.2058,0.1907,68.43,85.28,10.0824,0.0,0.296816,0.322377,0.348585,0.173913,,
Sharpe_speeches_zscore__4b_sd_var_joint_ev1.5,215,0.2058,0.1907,68.43,85.28,10.0824,0.0,0.296816,0.322377,0.348585,0.173913,,
Sharpe_speeches_zscore__4b_consensus_ev1.5,215,0.2101,0.1912,69.26,89.49,7.9459,1e-06,0.297438,0.323193,0.350059,0.169582,0.1862,
Sharpe_speeches_zscore__4e_total_interactions_ev1.5,215,0.2277,0.1937,72.44,106.14,6.8576,0.0,0.315276,0.344419,0.380041,0.162405,0.5413,
Sharpe_speeches_zscore__4f_matched_interactions_ev1.5,215,0.2058,0.1907,68.43,85.28,10.0824,0.0,0.296816,0.322377,0.348585,0.173913,,
Sharpe_speeches_zscore__4g_novelty_ev1.5,214,0.2153,0.1965,68.55,88.74,8.1014,1e-06,0.295088,0.320503,0.345479,0.17103,0.9496,
Sharpe_speeches_zscore__4a_total_sent_ev2.0,215,0.2058,0.1868,70.43,90.65,9.1016,0.0,0.298731,0.324348,0.350707,0.17475,-1.0179,
Sharpe_speeches_zscore__4b_sent_sd_ev2.0,215,0.2058,0.1907,68.43,85.28,10.0824,0.0,0.296816,0.322377,0.348585,0.173913,,
Sharpe_speeches_zscore__4b_sent_var_ev2.0,215,0.2058,0.1907,68.43,85.28,10.0824,0.0,0.296816,0.322377,0.348585,0.173913,,
Sharpe_speeches_zscore__4b_sd_var_joint_ev2.0,215,0.2058,0.1907,68.43,85.28,10.0824,0.0,0.296816,0.322377,0.348585,0.173913,,
Sharpe_speeches_zscore__4b_consensus_ev2.0,215,0.2101,0.1912,69.26,89.49,7.9459,1e-06,0.297438,0.323193,0.350059,0.169582,0.1862,
Sharpe_speeches_zscore__4e_total_interactions_ev2.0,215,0.2277,0.1937,72.44,106.14,6.8576,0.0,0.315276,0.344419,0.380041,0.162405,0.5413,
Sharpe_speeches_zscore__4f_matched_interactions_ev2.0,215,0.2058,0.1907,68.43,85.28,10.0824,0.0,0.296816,0.322377,0.348585,0.173913,,
Sharpe_speeches_zscore__4g_novelty_ev2.0,214,0.2153,0.1965,68.55,88.74,8.1014,1e-06,0.295088,0.320503,0.345479,0.17103,0.9496,
Sharpe_speeches_zscore__4a_total_sent_ev2.5,215,0.2058,0.1868,70.43,90.65,9.1016,0.0,0.298731,0.324348,0.350707,0.17475,-1.0179,
Sharpe_speeches_zscore__4b_sent_sd_ev2.5,215,0.2058,0.1907,68.43,85.28,10.0824,0.0,0.296816,0.322377,0.348585,0.173913,,
Sharpe_speeches_zscore__4b_sent_var_ev2.5,215,0.2058,0.1907,68.43,85.28,10.0824,0.0,0.296816,0.322377,0.348585,0.173913,,
Sharpe_speeches_zscore__4b_sd_var_joint_ev2.5,215,0.2058,0.1907,68.43,85.28,10.0824,0.0,0.296816,0.322377,0.348585,0.173913,,
Sharpe_speeches_zscore__4b_consensus_ev2.5,215,0.2101,0.1912,69.26,89.49,7.9459,1e-06,0.297438,0.323193,0.350059,0.169582,0.1862,
Sharpe_speeches_zscore__4e_total_interactions_ev2.5,215,0.2277,0.1937,72.44,106.14,6.8576,0.0,0.315276,0.344419,0.380041,0.162405,0.5413,
Sharpe_speeches_zscore__4f_matched_interactions_ev2.5,215,0.2058,0.1907,68.43,85.28,10.0824,0.0,0.296816,0.322377,0.348585,0.173913,,
Sharpe_speeches_zscore__4g_novelty_ev2.5,214,0.2153,0.1965,68.55,88.74,8.1014,1e-06,0.295088,0.320503,0.345479,0.17103,0.9496,
Sharpe_speeches_zscore__4a_total_sent_ev3.0,215,0.2058,0.1868,70.43,90.65,9.1016,0.0,0.298731,0.324348,0.350707,0.17475,-1.0179,
Sharpe_speeches_zscore__4b_sent_sd_ev3.0,215,0.2058,0.1907,68.43,85.28,10.0824,0.0,0.296816,0.322377,0.348585,0.173913,,
Sharpe_speeches_zscore__4b_sent_var_ev3.0,215,0.2058,0.1907,68.43,85.28,10.0824,0.0,0.296816,0.322377,0.348585,0.173913,,
Sharpe_speeches_zscore__4b_sd_var_joint_ev3.0,215,0.2058,0.1907,68.43,85.28,10.0824,0.0,0.296816,0.322377,0.348585,0.173913,,
Sharpe_speeches_zscore__4b_consensus_ev3.0,215,0.2101,0.1912,69.26,89.49,7.9459,1e-06,0.297438,0.323193,0.350059,0.169582,0.1862,
Sharpe_speeches_zscore__4e_total_interactions_ev3.0,215,0.2277,0.1937,72.44,106.14,6.8576,0.0,0.315276,0.344419,0.380041,0.162405,0.5413,
Sharpe_speeches_zscore__4f_matched_interactions_ev3.0,215,0.2058,0.1907,68.43,85.28,10.0824,0.0,0.296816,0.322377,0.348585,0.173913,,
Sharpe_speeches_zscore__4g_novelty_ev3.0,214,0.2153,0.1965,68.55,88.74,8.1014,1e-06,0.295088,0.320503,0.345479,0.17103,0.9496,
Sharpe_press_conferences_wordcount__4a_total_sent_ev1.0,118,0.3657,0.3374,10.62,27.25,8.2657,1e-06,0.424062,0.281047,0.170738,0.190239,,
Sharpe_press_conferences_wordcount__4b_sent_sd_ev1.0,215,0.2058,0.1907,68.43,85.28,10.0824,0.0,0.296816,0.322377,0.348585,0.173913,,
Sharpe_press_conferences_wordcount__4b_sent_var_ev1.0,215,0.2058,0.1907,68.43,85.28,10.0824,0.0,0.296816,0.322377,0.348585,0.173913,,
Sharpe_press_conferences_wordcount__4b_sd_var_joint_ev1.0,215,0.2058,0.1907,68.43,85.28,10.0824,0.0,0.296816,0.322377,0.348585,0.173913,,
Sharpe_press_conferences_wordcount__4b_consensus_ev1.0,118,0.357,0.3283,12.23,28.86,6.3889,2.9e-05,0.428135,0.285903,0.167551,0.18816,,
Sharpe_press_conferences_wordcount__4e_total_interactions_ev1.0,118,0.4178,0.3693,8.51,36.22,5.054,1.1e-05,0.500824,0.294384,0.186019,0.185516,,
Sharpe_press_conferences_wordcount__4f_matched_interactions_ev1.0,215,0.2058,0.1907,68.43,85.28,10.0824,0.0,0.296816,0.322377,0.348585,0.173913,,
Sharpe_press_conferences_wordcount__4g_novelty_ev1.0,117,0.3565,0.3275,13.23,29.8,6.4415,2.7e-05,0.418289,0.291545,0.165567,0.190854,,
Sharpe_press_conferences_wordcount__4a_total_sent_ev1.5,118,0.3657,0.3374,10.62,27.25,8.2657,1e-06,0.424062,0.281047,0.170738,0.190239,,
Sharpe_press_conferences_wordcount__4b_sent_sd_ev1.5,215,0.2058,0.1907,68.43,85.28,10.0824,0.0,0.296816,0.322377,0.348585,0.173913,,
Sharpe_press_conferences_wordcount__4b_sent_var_ev1.5,215,0.2058,0.1907,68.43,85.28,10.0824,0.0,0.296816,0.322377,0.348585,0.173913,,
Sharpe_press_conferences_wordcount__4b_sd_var_joint_ev1.5,215,0.2058,0.1907,68.43,85.28,10.0824,0.0,0.296816,0.322377,0.348585,0.173913,,
Sharpe_press_conferences_wordcount__4b_consensus_ev1.5,118,0.357,0.3283,12.23,28.86,6.3889,2.9e-05,0.428135,0.285903,0.167551,0.18816,,
Sharpe_press_conferences_wordcount__4e_total_interactions_ev1.5,118,0.4178,0.3693,8.51,36.22,5.054,1.1e-05,0.500824,0.294384,0.186019,0.185516,,
Sharpe_press_conferences_wordcount__4f_matched_interactions_ev1.5,215,0.2058,0.1907,68.43,85.28,10.0824,0.0,0.296816,0.322377,0.348585,0.173913,,
Sharpe_press_conferences_wordcount__4g_novelty_ev1.5,117,0.3565,0.3275,13.23,29.8,6.4415,2.7e-05,0.418289,0.291545,0.165567,0.190854,,
Sharpe_press_conferences_wordcount__4a_total_sent_ev2.0,118,0.3657,0.3374,10.62,27.25,8.2657,1e-06,0.424062,0.281047,0.170738,0.190239,,
Sharpe_press_conferences_wordcount__4b_sent_sd_ev2.0,215,0.2058,0.1907,68.43,85.28,10.0824,0.0,0.296816,0.322377,0.348585,0.173913,,
Sharpe_press_conferences_wordcount__4b_sent_var_ev2.0,215,0.2058,0.1907,68.43,85.28,10.0824,0.0,0.296816,0.322377,0.348585,0.173913,,
Sharpe_press_conferences_wordcount__4b_sd_var_joint_ev2.0,215,0.2058,0.1907,68.43,85.28,10.0824,0.0,0.296816,0.322377,0.348585,0.173913,,
Sharpe_press_conferences_wordcount__4b_consensus_ev2.0,118,0.357,0.3283,12.23,28.86,6.3889,2.9e-05,0.428135,0.285903,0.167551,0.18816,,
Sharpe_press_conferences_wordcount__4e_total_interactions_ev2.0,118,0.4178,0.3693,8.51,36.22,5.054,1.1e-05,0.500824,0.294384,0.186019,0.185516,,
Sharpe_press_conferences_wordcount__4f_matched_interactions_ev2.0,215,0.2058,0.1907,68.43,85.28,10.0824,0.0,0.296816,0.322377,0.348585,0.173913,,
Sharpe_press_conferences_wordcount__4g_novelty_ev2.0,117,0.3565,0.3275,13.23,29.8,6.4415,2.7e-05,0.418289,0.291545,0.165567,0.190854,,
Sharpe_press_conferences_wordcount__4a_total_sent_ev2.5,118,0.3657,0.3374,10.62,27.25,8.2657,1e-06,0.424062,0.281047,0.170738,0.190239,,
Sharpe_press_conferences_wordcount__4b_sent_sd_ev2.5,215,0.2058,0.1907,68.43,85.28,10.0824,0.0,0.296816,0.322377,0.348585,0.173913,,
Sharpe_press_conferences_wordcount__4b_sent_var_ev2.5,215,0.2058,0.1907,68.43,85.28,10.0824,0.0,0.296816,0.322377,0.348585,0.173913,,
Sharpe_press_conferences_wordcount__4b_sd_var_joint_ev2.5,215,0.2058,0.1907,68.43,85.28,10.0824,0.0,0.296816,0.322377,0.348585,0.173913,,
Sharpe_press_conferences_wordcount__4b_consensus_ev2.5,118,0.357,0.3283,12.23,28.86,6.3889,2.9e-05,0.428135,0.285903,0.167551,0.18816,,
Sharpe_press_conferences_wordcount__4e_total_interactions_ev2.5,118,0.4178,0.3693,8.51,36.22,5.054,1.1e-05,0.500824,0.294384,0.186019,0.185516,,
Sharpe_press_conferences_wordcount__4f_matched_interactions_ev2.5,215,0.2058,0.1907,68.43,85.28,10.0824,0.0,0.296816,0.322377,0.348585,0.173913,,
Sharpe_press_conferences_wordcount__4g_novelty_ev2.5,117,0.3565,0.3275,13.23,29.8,6.4415,2.7e-05,0.418289,0.291545,0.165567,0.190854,,
Sharpe_press_conferences_wordcount__4a_total_sent_ev3.0,118,0.3657,0.3374,10.62,27.25,8.2657,1e-06,0.424062,0.281047,0.170738,0.190239,,
Sharpe_press_conferences_wordcount__4b_sent_sd_ev3.0,215,0.2058,0.1907,68.43,85.28,10.0824,0.0,0.296816,0.322377,0.348585,0.173913,,
Sharpe_press_conferences_wordcount__4b_sent_var_ev3.0,215,0.2058,0.1907,68.43,85.28,10.0824,0.0,0.296816,0.322377,0.348585,0.173913,,
Sharpe_press_conferences_wordcount__4b_sd_var_joint_ev3.0,215,0.2058,0.1907,68.43,85.28,10.0824,0.0,0.296816,0.322377,0.348585,0.173913,,
Sharpe_press_conferences_wordcount__4b_consensus_ev3.0,118,0.357,0.3283,12.23,28.86,6.3889,2.9e-05,0.428135,0.285903,0.167551,0.18816,,
Sharpe_press_conferences_wordcount__4e_total_interactions_ev3.0,118,0.4178,0.3693,8.51,36.22,5.054,1.1e-05,0.500824,0.294384,0.186019,0.185516,,
Sharpe_press_conferences_wordcount__4f_matched_interactions_ev3.0,215,0.2058,0.1907,68.43,85.28,10.0824,0.0,0.296816,0.322377,0.348585,0.173913,,
Sharpe_press_conferences_wordcount__4g_novelty_ev3.0,117,0.3565,0.3275,13.23,29.8,6.4415,2.7e-05,0.418289,0.291545,0.165567,0.190854,,
Sharpe_press_conferences_zscore__4a_total_sent_ev1.0,118,0.3814,0.3538,7.67,24.29,9.0974,0.0,0.421416,0.275472,0.179696,0.203081,,
Sharpe_press_conferences_zscore__4b_sent_sd_ev1.0,215,0.2058,0.1907,68.43,85.28,10.0824,0.0,0.296816,0.322377,0.348585,0.173913,,
Sharpe_press_conferences_zscore__4b_sent_var_ev1.0,215,0.2058,0.1907,68.43,85.28,10.0824,0.0,0.296816,0.322377,0.348585,0.173913,,
Sharpe_press_conferences_zscore__4b_sd_var_joint_ev1.0,215,0.2058,0.1907,68.43,85.28,10.0824,0.0,0.296816,0.322377,0.348585,0.173913,,
Sharpe_press_conferences_zscore__4b_consensus_ev1.0,118,0.3788,0.3511,8.16,24.78,7.7374,3e-06,0.411952,0.273416,0.172422,0.18873,,
Sharpe_press_conferences_zscore__4e_total_interactions_ev1.0,118,0.4428,0.3964,3.33,31.03,8.0292,0.0,0.451527,0.305537,0.193352,0.241578,,
Sharpe_press_conferences_zscore__4f_matched_interactions_ev1.0,215,0.2058,0.1907,68.43,85.28,10.0824,0.0,0.296816,0.322377,0.348585,0.173913,,
Sharpe_press_conferences_zscore__4g_novelty_ev1.0,117,0.3577,0.3288,13.01,29.58,6.5667,2.2e-05,0.416454,0.29032,0.166419,0.191865,,
Sharpe_press_conferences_zscore__4a_total_sent_ev1.5,118,0.3814,0.3538,7.67,24.29,9.0974,0.0,0.421416,0.275472,0.179696,0.203081,,
Sharpe_press_conferences_zscore__4b_sent_sd_ev1.5,215,0.2058,0.1907,68.43,85.28,10.0824,0.0,0.296816,0.322377,0.348585,0.173913,,
Sharpe_press_conferences_zscore__4b_sent_var_ev1.5,215,0.2058,0.1907,68.43,85.28,10.0824,0.0,0.296816,0.322377,0.348585,0.173913,,
Sharpe_press_conferences_zscore__4b_sd_var_joint_ev1.5,215,0.2058,0.1907,68.43,85.28,10.0824,0.0,0.296816,0.322377,0.348585,0.173913,,
Sharpe_press_conferences_zscore__4b_consensus_ev1.5,118,0.3788,0.3511,8.16,24.78,7.7374,3e-06,0.411952,0.273416,0.172422,0.18873,,
Sharpe_press_conferences_zscore__4e_total_interactions_ev1.5,118,0.4428,0.3964,3.33,31.03,8.0292,0.0,0.451527,0.305537,0.193352,0.241578,,
Sharpe_press_conferences_zscore__4f_matched_interactions_ev1.5,215,0.2058,0.1907,68.43,85.28,10.0824,0.0,0.296816,0.322377,0.348585,0.173913,,
Sharpe_press_conferences_zscore__4g_novelty_ev1.5,117,0.3577,0.3288,13.01,29.58,6.5667,2.2e-05,0.416454,0.29032,0.166419,0.191865,,
Sharpe_press_conferences_zscore__4a_total_sent_ev2.0,118,0.3814,0.3538,7.67,24.29,9.0974,0.0,0.421416,0.275472,0.179696,0.203081,,
Sharpe_press_conferences_zscore__4b_sent_sd_ev2.0,215,0.2058,0.1907,68.43,85.28,10.0824,0.0,0.296816,0.322377,0.348585,0.173913,,
Sharpe_press_conferences_zscore__4b_sent_var_ev2.0,215,0.2058,0.1907,68.43,85.28,10.0824,0.0,0.296816,0.322377,0.348585,0.173913,,
Sharpe_press_conferences_zscore__4b_sd_var_joint_ev2.0,215,0.2058,0.1907,68.43,85.28,10.0824,0.0,0.296816,0.322377,0.348585,0.173913,,
Sharpe_press_conferences_zscore__4b_consensus_ev2.0,118,0.3788,0.3511,8.16,24.78,7.7374,3e-06,0.411952,0.273416,0.172422,0.18873,,
Sharpe_press_conferences_zscore__4e_total_interactions_ev2.0,118,0.4428,0.3964,3.33,31.03,8.0292,0.0,0.451527,0.305537,0.193352,0.241578,,
Sharpe_press_conferences_zscore__4f_matched_interactions_ev2.0,215,0.2058,0.1907,68.43,85.28,10.0824,0.0,0.296816,0.322377,0.348585,0.173913,,
Sharpe_press_conferences_zscore__4g_novelty_ev2.0,117,0.3577,0.3288,13.01,29.58,6.5667,2.2e-05,0.416454,0.29032,0.166419,0.191865,,
Sharpe_press_conferences_zscore__4a_total_sent_ev2.5,118,0.3814,0.3538,7.67,24.29,9.0974,0.0,0.421416,0.275472,0.179696,0.203081,,
Sharpe_press_conferences_zscore__4b_sent_sd_ev2.5,215,0.2058,0.1907,68.43,85.28,10.0824,0.0,0.296816,0.322377,0.348585,0.173913,,
Sharpe_press_conferences_zscore__4b_sent_var_ev2.5,215,0.2058,0.1907,68.43,85.28,10.0824,0.0,0.296816,0.322377,0.348585,0.173913,,
Sharpe_press_conferences_zscore__4b_sd_var_joint_ev2.5,215,0.2058,0.1907,68.43,85.28,10.0824,0.0,0.296816,0.322377,0.348585,0.173913,,
Sharpe_press_conferences_zscore__4b_consensus_ev2.5,118,0.3788,0.3511,8.16,24.78,7.7374,3e-06,0.411952,0.273416,0.172422,0.18873,,
Sharpe_press_conferences_zscore__4e_total_interactions_ev2.5,118,0.4428,0.3964,3.33,31.03,8.0292,0.0,0.451527,0.305537,0.193352,0.241578,,
Sharpe_press_conferences_zscore__4f_matched_interactions_ev2.5,215,0.2058,0.1907,68.43,85.28,10.0824,0.0,0.296816,0.322377,0.348585,0.173913,,
Sharpe_press_conferences_zscore__4g_novelty_ev2.5,117,0.3577,0.3288,13.01,29.58,6.5667,2.2e-05,0.416454,0.29032,0.166419,0.191865,,
Sharpe_press_conferences_zscore__4a_total_sent_ev3.0,118,0.3814,0.3538,7.67,24.29,9.0974,0.0,0.421416,0.275472,0.179696,0.203081,,
Sharpe_press_conferences_zscore__4b_sent_sd_ev3.0,215,0.2058,0.1907,68.43,85.28,10.0824,0.0,0.296816,0.322377,0.348585,0.173913,,
Sharpe_press_conferences_zscore__4b_sent_var_ev3.0,215,0.2058,0.1907,68.43,85.28,10.0824,0.0,0.296816,0.322377,0.348585,0.173913,,
Sharpe_press_conferences_zscore__4b_sd_var_joint_ev3.0,215,0.2058,0.1907,68.43,85.28,10.0824,0.0,0.296816,0.322377,0.348585,0.173913,,
Sharpe_press_conferences_zscore__4b_consensus_ev3.0,118,0.3788,0.3511,8.16,24.78,7.7374,3e-06,0.411952,0.273416,0.172422,0.18873,,
Sharpe_press_conferences_zscore__4e_total_interactions_ev3.0,118,0.4428,0.3964,3.33,31.03,8.0292,0.0,0.451527,0.305537,0.193352,0.241578,,
Sharpe_press_conferences_zscore__4f_matched_interactions_ev3.0,215,0.2058,0.1907,68.43,85.28,10.0824,0.0,0.296816,0.322377,0.348585,0.173913,,
Sharpe_press_conferences_zscore__4g_novelty_ev3.0,117,0.3577,0.3288,13.01,29.58,6.5667,2.2e-05,0.416454,0.29032,0.166419,0.191865,,
Sharpe_statements_minutes_speeches_press_conferences_wordcount__4a_total_sent_ev1.0,215,0.2067,0.1877,70.2,90.42,8.1126,1e-06,0.297511,0.323033,0.349098,0.173385,-0.8956,
Sharpe_statements_minutes_speeches_press_conferences_wordcount__4b_sent_sd_ev1.0,215,0.2058,0.1907,68.43,85.28,10.0824,0.0,0.296816,0.322377,0.348585,0.173913,,
Sharpe_statements_minutes_speeches_press_conferences_wordcount__4b_sent_var_ev1.0,215,0.2058,0.1907,68.43,85.28,10.0824,0.0,0.296816,0.322377,0.348585,0.173913,,
Sharpe_statements_minutes_speeches_press_conferences_wordcount__4b_sd_var_joint_ev1.0,215,0.2058,0.1907,68.43,85.28,10.0824,0.0,0.296816,0.322377,0.348585,0.173913,,
Sharpe_statements_minutes_speeches_press_conferences_wordcount__4b_consensus_ev1.0,215,0.2174,0.1987,67.28,87.5,8.5181,0.0,0.292205,0.317172,0.341158,0.167839,2.0781,0.0188
Sharpe_statements_minutes_speeches_press_conferences_wordcount__4e_total_interactions_ev1.0,215,0.262,0.2295,62.67,96.38,5.7798,0.0,0.30386,0.330478,0.35036,0.172396,0.7838,
Sharpe_statements_minutes_speeches_press_conferences_wordcount__4f_matched_interactions_ev1.0,215,0.2058,0.1907,68.43,85.28,10.0824,0.0,0.296816,0.322377,0.348585,0.173913,,
Sharpe_statements_minutes_speeches_press_conferences_wordcount__4g_novelty_ev1.0,214,0.212,0.1931,69.45,89.65,8.2314,0.0,0.298575,0.321911,0.349104,0.172499,1.1984,
Sharpe_statements_minutes_speeches_press_conferences_wordcount__4a_total_sent_ev1.5,215,0.2067,0.1877,70.2,90.42,8.1126,1e-06,0.297511,0.323033,0.349098,0.173385,-0.8956,
Sharpe_statements_minutes_speeches_press_conferences_wordcount__4b_sent_sd_ev1.5,215,0.2058,0.1907,68.43,85.28,10.0824,0.0,0.296816,0.322377,0.348585,0.173913,,
Sharpe_statements_minutes_speeches_press_conferences_wordcount__4b_sent_var_ev1.5,215,0.2058,0.1907,68.43,85.28,10.0824,0.0,0.296816,0.322377,0.348585,0.173913,,
Sharpe_statements_minutes_speeches_press_conferences_wordcount__4b_sd_var_joint_ev1.5,215,0.2058,0.1907,68.43,85.28,10.0824,0.0,0.296816,0.322377,0.348585,0.173913,,
Sharpe_statements_minutes_speeches_press_conferences_wordcount__4b_consensus_ev1.5,215,0.2174,0.1987,67.28,87.5,8.5181,0.0,0.292205,0.317172,0.341158,0.167839,2.0781,0.0188
Sharpe_statements_minutes_speeches_press_conferences_wordcount__4e_total_interactions_ev1.5,215,0.262,0.2295,62.67,96.38,5.7798,0.0,0.30386,0.330478,0.35036,0.172396,0.7838,
Sharpe_statements_minutes_speeches_press_conferences_wordcount__4f_matched_interactions_ev1.5,215,0.2058,0.1907,68.43,85.28,10.0824,0.0,0.296816,0.322377,0.348585,0.173913,,
Sharpe_statements_minutes_speeches_press_conferences_wordcount__4g_novelty_ev1.5,214,0.212,0.1931,69.45,89.65,8.2314,0.0,0.298575,0.321911,0.349104,0.172499,1.1984,
Sharpe_statements_minutes_speeches_press_conferences_wordcount__4a_total_sent_ev2.0,215,0.2067,0.1877,70.2,90.42,8.1126,1e-06,0.297511,0.323033,0.349098,0.173385,-0.8956,
Sharpe_statements_minutes_speeches_press_conferences_wordcount__4b_sent_sd_ev2.0,215,0.2058,0.1907,68.43,85.28,10.0824,0.0,0.296816,0.322377,0.348585,0.173913,,
Sharpe_statements_minutes_speeches_press_conferences_wordcount__4b_sent_var_ev2.0,215,0.2058,0.1907,68.43,85.28,10.0824,0.0,0.296816,0.322377,0.348585,0.173913,,
Sharpe_statements_minutes_speeches_press_conferences_wordcount__4b_sd_var_joint_ev2.0,215,0.2058,0.1907,68.43,85.28,10.0824,0.0,0.296816,0.322377,0.348585,0.173913,,
Sharpe_statements_minutes_speeches_press_conferences_wordcount__4b_consensus_ev2.0,215,0.2174,0.1987,67.28,87.5,8.5181,0.0,0.292205,0.317172,0.341158,0.167839,2.0781,0.0188
Sharpe_statements_minutes_speeches_press_conferences_wordcount__4e_total_interactions_ev2.0,215,0.262,0.2295,62.67,96.38,5.7798,0.0,0.30386,0.330478,0.35036,0.172396,0.7838,
Sharpe_statements_minutes_speeches_press_conferences_wordcount__4f_matched_interactions_ev2.0,215,0.2058,0.1907,68.43,85.28,10.0824,0.0,0.296816,0.322377,0.348585,0.173913,,
Sharpe_statements_minutes_speeches_press_conferences_wordcount__4g_novelty_ev2.0,214,0.212,0.1931,69.45,89.65,8.2314,0.0,0.298575,0.321911,0.349104,0.172499,1.1984,
Sharpe_statements_minutes_speeches_press_conferences_wordcount__4a_total_sent_ev2.5,215,0.2067,0.1877,70.2,90.42,8.1126,1e-06,0.297511,0.323033,0.349098,0.173385,-0.8956,
Sharpe_statements_minutes_speeches_press_conferences_wordcount__4b_sent_sd_ev2.5,215,0.2058,0.1907,68.43,85.28,10.0824,0.0,0.296816,0.322377,0.348585,0.173913,,
Sharpe_statements_minutes_speeches_press_conferences_wordcount__4b_sent_var_ev2.5,215,0.2058,0.1907,68.43,85.28,10.0824,0.0,0.296816,0.322377,0.348585,0.173913,,
Sharpe_statements_minutes_speeches_press_conferences_wordcount__4b_sd_var_joint_ev2.5,215,0.2058,0.1907,68.43,85.28,10.0824,0.0,0.296816,0.322377,0.348585,0.173913,,
Sharpe_statements_minutes_speeches_press_conferences_wordcount__4b_consensus_ev2.5,215,0.2174,0.1987,67.28,87.5,8.5181,0.0,0.292205,0.317172,0.341158,0.167839,2.0781,0.0188
Sharpe_statements_minutes_speeches_press_conferences_wordcount__4e_total_interactions_ev2.5,215,0.262,0.2295,62.67,96.38,5.7798,0.0,0.30386,0.330478,0.35036,0.172396,0.7838,
Sharpe_statements_minutes_speeches_press_conferences_wordcount__4f_matched_interactions_ev2.5,215,0.2058,0.1907,68.43,85.28,10.0824,0.0,0.296816,0.322377,0.348585,0.173913,,
Sharpe_statements_minutes_speeches_press_conferences_wordcount__4g_novelty_ev2.5,214,0.212,0.1931,69.45,89.65,8.2314,0.0,0.298575,0.321911,0.349104,0.172499,1.1984,
Sharpe_statements_minutes_speeches_press_conferences_wordcount__4a_total_sent_ev3.0,215,0.2067,0.1877,70.2,90.42,8.1126,1e-06,0.297511,0.323033,0.349098,0.173385,-0.8956,
Sharpe_statements_minutes_speeches_press_conferences_wordcount__4b_sent_sd_ev3.0,215,0.2058,0.1907,68.43,85.28,10.0824,0.0,0.296816,0.322377,0.348585,0.173913,,
Sharpe_statements_minutes_speeches_press_conferences_wordcount__4b_sent_var_ev3.0,215,0.2058,0.1907,68.43,85.28,10.0824,0.0,0.296816,0.322377,0.348585,0.173913,,
Sharpe_statements_minutes_speeches_press_conferences_wordcount__4b_sd_var_joint_ev3.0,215,0.2058,0.1907,68.43,85.28,10.0824,0.0,0.296816,0.322377,0.348585,0.173913,,
Sharpe_statements_minutes_speeches_press_conferences_wordcount__4b_consensus_ev3.0,215,0.2174,0.1987,67.28,87.5,8.5181,0.0,0.292205,0.317172,0.341158,0.167839,2.0781,0.0188
Sharpe_statements_minutes_speeches_press_conferences_wordcount__4e_total_interactions_ev3.0,215,0.262,0.2295,62.67,96.38,5.7798,0.0,0.30386,0.330478,0.35036,0.172396,0.7838,
Sharpe_statements_minutes_speeches_press_conferences_wordcount__4f_matched_interactions_ev3.0,215,0.2058,0.1907,68.43,85.28,10.0824,0.0,0.296816,0.322377,0.348585,0.173913,,
Sharpe_statements_minutes_speeches_press_conferences_wordcount__4g_novelty_ev3.0,214,0.212,0.1931,69.45,89.65,8.2314,0.0,0.298575,0.321911,0.349104,0.172499,1.1984,
Sharpe_statements_minutes_speeches_press_conferences_zscore__4a_total_sent_ev1.0,215,0.2061,0.1871,70.36,90.58,8.7842,0.0,0.299332,0.325022,0.350878,0.174546,-1.2845,
Sharpe_statements_minutes_speeches_press_conferences_zscore__4b_sent_sd_ev1.0,215,0.2058,0.1907,68.43,85.28,10.0824,0.0,0.296816,0.322377,0.348585,0.173913,,
Sharpe_statements_minutes_speeches_press_conferences_zscore__4b_sent_var_ev1.0,215,0.2058,0.1907,68.43,85.28,10.0824,0.0,0.296816,0.322377,0.348585,0.173913,,
Sharpe_statements_minutes_speeches_press_conferences_zscore__4b_sd_var_joint_ev1.0,215,0.2058,0.1907,68.43,85.28,10.0824,0.0,0.296816,0.322377,0.348585,0.173913,,
Sharpe_statements_minutes_speeches_press_conferences_zscore__4b_consensus_ev1.0,215,0.2192,0.2005,66.79,87.01,8.7343,0.0,0.293332,0.31812,0.342898,0.155627,2.2124,0.0135
Sharpe_statements_minutes_speeches_press_conferences_zscore__4e_total_interactions_ev1.0,215,0.2209,0.1867,74.31,108.01,6.0202,0.0,0.315741,0.344211,0.376973,0.172605,0.1726,
Sharpe_statements_minutes_speeches_press_conferences_zscore__4f_matched_interactions_ev1.0,215,0.2058,0.1907,68.43,85.28,10.0824,0.0,0.296816,0.322377,0.348585,0.173913,,
Sharpe_statements_minutes_speeches_press_conferences_zscore__4g_novelty_ev1.0,214,0.2143,0.1954,68.83,89.03,8.1065,1e-06,0.295512,0.321273,0.346307,0.170923,0.8322,
Sharpe_statements_minutes_speeches_press_conferences_zscore__4a_total_sent_ev1.5,215,0.2061,0.1871,70.36,90.58,8.7842,0.0,0.299332,0.325022,0.350878,0.174546,-1.2845,
Sharpe_statements_minutes_speeches_press_conferences_zscore__4b_sent_sd_ev1.5,215,0.2058,0.1907,68.43,85.28,10.0824,0.0,0.296816,0.322377,0.348585,0.173913,,
Sharpe_statements_minutes_speeches_press_conferences_zscore__4b_sent_var_ev1.5,215,0.2058,0.1907,68.43,85.28,10.0824,0.0,0.296816,0.322377,0.348585,0.173913,,
Sharpe_statements_minutes_speeches_press_conferences_zscore__4b_sd_var_joint_ev1.5,215,0.2058,0.1907,68.43,85.28,10.0824,0.0,0.296816,0.322377,0.348585,0.173913,,
Sharpe_statements_minutes_speeches_press_conferences_zscore__4b_consensus_ev1.5,215,0.2192,0.2005,66.79,87.01,8.7343,0.0,0.293332,0.31812,0.342898,0.155627,2.2124,0.0135
Sharpe_statements_minutes_speeches_press_conferences_zscore__4e_total_interactions_ev1.5,215,0.2209,0.1867,74.31,108.01,6.0202,0.0,0.315741,0.344211,0.376973,0.172605,0.1726,
Sharpe_statements_minutes_speeches_press_conferences_zscore__4f_matched_interactions_ev1.5,215,0.2058,0.1907,68.43,85.28,10.0824,0.0,0.296816,0.322377,0.348585,0.173913,,
Sharpe_statements_minutes_speeches_press_conferences_zscore__4g_novelty_ev1.5,214,0.2143,0.1954,68.83,89.03,8.1065,1e-06,0.295512,0.321273,0.346307,0.170923,0.8322,
Sharpe_statements_minutes_speeches_press_conferences_zscore__4a_total_sent_ev2.0,215,0.2061,0.1871,70.36,90.58,8.7842,0.0,0.299332,0.325022,0.350878,0.174546,-1.2845,
Sharpe_statements_minutes_speeches_press_conferences_zscore__4b_sent_sd_ev2.0,215,0.2058,0.1907,68.43,85.28,10.0824,0.0,0.296816,0.322377,0.348585,0.173913,,
Sharpe_statements_minutes_speeches_press_conferences_zscore__4b_sent_var_ev2.0,215,0.2058,0.1907,68.43,85.28,10.0824,0.0,0.296816,0.322377,0.348585,0.173913,,
Sharpe_statements_minutes_speeches_press_conferences_zscore__4b_sd_var_joint_ev2.0,215,0.2058,0.1907,68.43,85.28,10.0824,0.0,0.296816,0.322377,0.348585,0.173913,,
Sharpe_statements_minutes_speeches_press_conferences_zscore__4b_consensus_ev2.0,215,0.2192,0.2005,66.79,87.01,8.7343,0.0,0.293332,0.31812,0.342898,0.155627,2.2124,0.0135
Sharpe_statements_minutes_speeches_press_conferences_zscore__4e_total_interactions_ev2.0,215,0.2209,0.1867,74.31,108.01,6.0202,0.0,0.315741,0.344211,0.376973,0.172605,0.1726,
Sharpe_statements_minutes_speeches_press_conferences_zscore__4f_matched_interactions_ev2.0,215,0.2058,0.1907,68.43,85.28,10.0824,0.0,0.296816,0.322377,0.348585,0.173913,,
Sharpe_statements_minutes_speeches_press_conferences_zscore__4g_novelty_ev2.0,214,0.2143,0.1954,68.83,89.03,8.1065,1e-06,0.295512,0.321273,0.346307,0.170923,0.8322,
Sharpe_statements_minutes_speeches_press_conferences_zscore__4a_total_sent_ev2.5,215,0.2061,0.1871,70.36,90.58,8.7842,0.0,0.299332,0.325022,0.350878,0.174546,-1.2845,
Sharpe_statements_minutes_speeches_press_conferences_zscore__4b_sent_sd_ev2.5,215,0.2058,0.1907,68.43,85.28,10.0824,0.0,0.296816,0.322377,0.348585,0.173913,,
Sharpe_statements_minutes_speeches_press_conferences_zscore__4b_sent_var_ev2.5,215,0.2058,0.1907,68.43,85.28,10.0824,0.0,0.296816,0.322377,0.348585,0.173913,,
Sharpe_statements_minutes_speeches_press_conferences_zscore__4b_sd_var_joint_ev2.5,215,0.2058,0.1907,68.43,85.28,10.0824,0.0,0.296816,0.322377,0.348585,0.173913,,
Sharpe_statements_minutes_speeches_press_conferences_zscore__4b_consensus_ev2.5,215,0.2192,0.2005,66.79,87.01,8.7343,0.0,0.293332,0.31812,0.342898,0.155627,2.2124,0.0135
Sharpe_statements_minutes_speeches_press_conferences_zscore__4e_total_interactions_ev2.5,215,0.2209,0.1867,74.31,108.01,6.0202,0.0,0.315741,0.344211,0.376973,0.172605,0.1726,
Sharpe_statements_minutes_speeches_press_conferences_zscore__4f_matched_interactions_ev2.5,215,0.2058,0.1907,68.43,85.28,10.0824,0.0,0.296816,0.322377,0.348585,0.173913,,
Sharpe_statements_minutes_speeches_press_conferences_zscore__4g_novelty_ev2.5,214,0.2143,0.1954,68.83,89.03,8.1065,1e-06,0.295512,0.321273,0.346307,0.170923,0.8322,
Sharpe_statements_minutes_speeches_press_conferences_zscore__4a_total_sent_ev3.0,215,0.2061,0.1871,70.36,90.58,8.7842,0.0,0.299332,0.325022,0.350878,0.174546,-1.2845,
Sharpe_statements_minutes_speeches_press_conferences_zscore__4b_sent_sd_ev3.0,215,0.2058,0.1907,68.43,85.28,10.0824,0.0,0.296816,0.322377,0.348585,0.173913,,
Sharpe_statements_minutes_speeches_press_conferences_zscore__4b_sent_var_ev3.0,215,0.2058,0.1907,68.43,85.28,10.0824,0.0,0.296816,0.322377,0.348585,0.173913,,
Sharpe_statements_minutes_speeches_press_conferences_zscore__4b_sd_var_joint_ev3.0,215,0.2058,0.1907,68.43,85.28,10.0824,0.0,0.296816,0.322377,0.348585,0.173913,,
Sharpe_statements_minutes_speeches_press_conferences_zscore__4b_consensus_ev3.0,215,0.2192,0.2005,66.79,87.01,8.7343,0.0,0.293332,0.31812,0.342898,0.155627,2.2124,0.0135
Sharpe_statements_minutes_speeches_press_conferences_zscore__4e_total_interactions_ev3.0,215,0.2209,0.1867,74.31,108.01,6.0202,0.0,0.315741,0.344211,0.376973,0.172605,0.1726,
Sharpe_statements_minutes_speeches_press_conferences_zscore__4f_matched_interactions_ev3.0,215,0.2058,0.1907,68.43,85.28,10.0824,0.0,0.296816,0.322377,0.348585,0.173913,,
Sharpe_statements_minutes_speeches_press_conferences_zscore__4g_novelty_ev3.0,214,0.2143,0.1954,68.83,89.03,8.1065,1e-06,0.295512,0.321273,0.346307,0.170923,0.8322,
