{
  "label": "sft_p3",
  "n_sentences": 100,
  "parse_failure_rate": 0.0,
  "summary_f1": 0.4642836447354027,
  "field_metrics": {
    "top": {
      "accuracy": 0.7,
      "f1_macro": 0.76,
      "precision": 0.76,
      "recall": 0.76,
      "n": 100
    },
    "ten": {
      "accuracy": 0.86,
      "f1_macro": 0.8541666666666666,
      "precision": 0.8486332109343125,
      "recall": 0.8665808665808665,
      "n": 100
    },
    "sen": {
      "accuracy": 0.51,
      "f1_macro": 0.3469887955182073,
      "precision": 0.36824580541270585,
      "recall": 0.34022071898659917,
      "n": 100
    },
    "com": {
      "accuracy": 0.9,
      "f1_macro": 0.7762371615312791,
      "precision": 0.828322440087146,
      "recall": 0.7478246318607763,
      "n": 100
    },
    "hor": {
      "accuracy": 0.92,
      "f1_macro": 0.7557997557997558,
      "precision": 0.9578947368421052,
      "recall": 0.6923076923076923,
      "n": 100
    },
    "ris": {
      "accuracy": 0.89,
      "f1_macro": 0.29211469534050183,
      "precision": 0.2807971014492754,
      "recall": 0.3173758865248227,
      "n": 100
    },
    "wid": {
      "accuracy": 0.95,
      "f1_macro": 0.45803108808290155,
      "precision": 0.6498316498316498,
      "recall": 0.4166666666666667,
      "n": 100
    }
  },
  "timestamp": "2026-05-16T17:38:07.342296"
}