{
  "name": "sft_sft_p3",
  "n_sentences": 114,
  "parse_failure_rate": 0.0,
  "summary_f1": 0.4930203674729884,
  "field_metrics": {
    "top": {
      "accuracy": 0.6052631578947368,
      "f1_macro": 0.5199820788530466,
      "precision": 0.5426003734827265,
      "recall": 0.5403066378066378,
      "jaccard_mean": 0.6535087719298246,
      "n": 114
    },
    "ten": {
      "accuracy": 0.7631578947368421,
      "f1_macro": 0.3822916666666667,
      "precision": 0.37926136363636365,
      "recall": 0.38541666666666663,
      "n": 114
    },
    "sen": {
      "accuracy": 0.6052631578947368,
      "f1_macro": 0.39889999061825687,
      "precision": 0.4130651340996168,
      "recall": 0.407177033492823,
      "n": 114
    },
    "com": {
      "accuracy": 0.9122807017543859,
      "f1_macro": 0.579041248606466,
      "precision": 0.5690630797773655,
      "recall": 0.5938573883161512,
      "n": 114
    },
    "hor": {
      "accuracy": 0.9298245614035088,
      "f1_macro": 0.5521454958795112,
      "precision": 0.6415094339622641,
      "recall": 0.5111111111111111,
      "n": 114
    },
    "ris": {
      "accuracy": 0.9122807017543859,
      "f1_macro": 0.6827834179357022,
      "precision": 0.7565656565656566,
      "recall": 0.6703772418058132,
      "n": 114
    },
    "wid": {
      "accuracy": 0.868421052631579,
      "f1_macro": 0.370415982484948,
      "precision": 0.40453296703296704,
      "recall": 0.351010101010101,
      "n": 114
    }
  },
  "timestamp": "2026-05-17T13:47:25.147832"
}