date,meeting_date,doc_type,speaker_types,gardner_inf,gardner_labor,gardner_out,gardner_fin,gardner_mp,gardner_total,gardner_inf_consensus,gardner_labor_consensus,gardner_out_consensus,gardner_fin_consensus,gardner_mp_consensus
1999-02-03,1999-02-03,speech,{'unknown'},8.570541896456992e-07,4.732985823416548e-07,1.7567478912140702e-06,-4.050753632653803e-07,4.26395119226716e-09,2.6862892511283116e-06,6.87297136001034e-07,1.0537025384254226e-06,7.896196024430892e-07,2.2106499480718326e-06,2.6295099382328115e-06
1999-03-30,1999-03-30,speech,{'unknown'},1.0800892596249097e-06,1.542984656607014e-07,8.177818680017173e-06,-9.257907939642085e-07,0.0,8.486415611338577e-06,8.755439316675486e-06,5.753574408101033e-06,1.0813455447849458e-05,2.8767872040505163e-05,0.0
1999-05-18,1999-05-18,statements,,0.0005389327541530857,0.0005389327541530857,0.001616798262459257,-0.0005389327541530857,0.0,0.0021557310166123427,0.006622516556291391,0.006622516556291391,0.006622516556291391,0.006622516556291391,0.0
1999-05-18,1999-05-18,speech,{'unknown'},1.5845450601034522e-06,5.942043975387945e-06,8.91306596308192e-06,-1.9806813251293152e-07,0.0,1.6241586866060386e-05,3.315017859658719e-06,2.4270666472501336e-05,9.616679168349585e-06,3.397893306150187e-05,0.0
1999-06-30,1999-06-30,statements,,0.0,0.0004941058844013092,0.0009882117688026185,-0.0004941058844013092,0.0,0.0009882117688026185,0.0,0.00625,0.00625,0.00625,0.0
1999-06-30,1999-06-30,speech,{'unknown'},6.153178144204525e-06,2.051059381401508e-06,6.153178144204525e-06,-2.3440678644588666e-06,2.930084830573583e-07,1.2306356288409048e-05,2.259551446758512e-05,3.431170715448111e-05,9.550681372896803e-06,4.411505205576143e-05,4.411505205576143e-05
1999-08-24,1999-08-24,statements,,0.0003150063969628573,0.0003150063969628573,0.0009450191908885718,-0.0006300127939257146,0.0,0.0009450191908885718,0.004629629629629629,0.004629629629629629,0.004629629629629629,0.004629629629629629,0.0
1999-08-24,1999-08-24,speech,{'unknown'},0.0,0.0,1.3921668373157588e-05,0.0,0.0,1.3921668373157588e-05,0.0,0.0,0.00012152144853566654,0.0,0.0
1999-10-05,1999-10-05,statements,,0.0004472041595917383,0.0,0.0004472041595917383,0.0,0.0,0.0008944083191834766,0.005847953216374269,0.0,0.005847953216374269,0.0,0.0
1999-10-05,1999-10-05,speech,{'unknown'},2.544033537670241e-06,4.542917031554002e-06,8.540684019321524e-06,-2.9074669001945613e-06,0.0,1.2720167688351206e-05,8.317589324968215e-06,1.9562274544785872e-05,1.1337294149714999e-05,3.208213025344883e-05,0.0
1999-11-16,1999-11-16,statements,,0.0,0.0,-0.0002639918926335737,0.0,0.0,-0.0002639918926335737,0.0,0.0,0.00411522633744856,0.0,0.0
1999-11-16,1999-11-16,speech,{'unknown'},-1.3398418612011515e-06,5.742179405147792e-07,6.507803325834165e-06,-1.9140598017159307e-06,0.0,3.828119603431862e-06,2.3967899449868226e-06,9.057998363521628e-06,8.065931876088308e-06,3.3212660666245974e-05,0.0
1999-12-21,1999-12-21,statements,,0.0,0.0,0.0005336230958248768,0.0,0.0,0.0005336230958248768,0.0,0.0,0.006578947368421052,0.0,0.0
1999-12-21,1999-12-21,speech,{'unknown'},2.3704865642829406e-05,1.1378335508558116e-05,9.481946257131763e-06,0.0,0.0,4.456514740851929e-05,4.7311657024550964e-05,8.272781171150054e-05,1.787329265371925e-05,0.0,0.0
2000-02-02,2000-02-02,statements,,0.000757669743761698,0.0,0.0,0.0,0.0,0.000757669743761698,0.005235602094240838,0.0,0.0,0.0,0.0
2000-02-02,2000-02-02,speech,{'unknown'},3.9680896445714934e-06,4.960112055714368e-06,-6.448145672428678e-06,-4.960112055714367e-07,0.0,1.9840448222857467e-06,1.392457060105409e-05,3.481142650263523e-05,5.0595489451035045e-06,6.26605677047434e-05,0.0
2000-03-21,2000-03-21,speech,{'unknown'},4.179658737753835e-06,-7.599379523188792e-07,-1.7098603927174782e-06,-7.599379523188792e-07,1.899844880797198e-07,1.1399069284783185e-06,2.13840121461189e-05,6.609603754254932e-06,2.2363320973043003e-06,3.304801877127466e-05,3.304801877127466e-05
2000-03-21,2000-03-21,statements,,0.0007233203044457832,0.0,0.0007233203044457832,0.0,0.0,0.0014466406088915664,0.005076142131979695,0.0,0.0025380710659898475,0.0,0.0
2000-05-16,2000-05-16,speech,{'unknown'},3.2347361534370426e-06,2.8303941342574126e-06,1.9004074901442626e-05,-2.0217100958981516e-07,0.0,2.4867034179547265e-05,7.2333253766754186e-06,9.493739556886487e-06,1.0407131409298306e-05,2.1699976130026256e-05,0.0
2000-05-16,2000-05-16,statements,,0.0007636592106421175,0.0,0.0,0.0,0.0,0.0007636592106421175,0.005263157894736842,0.0,0.0,0.0,0.0
2000-06-28,2000-06-28,statements,,0.00047181754191607454,0.00047181754191607454,-0.0014154526257482234,0.0,0.0,-0.00047181754191607443,0.00202020202020202,0.006060606060606061,0.006060606060606061,0.0,0.0
2000-06-28,2000-06-28,speech,{'unknown'},1.1615502778951857e-05,4.904323395557451e-06,7.227423951347823e-06,-1.2906114198835399e-06,0.0,2.245663870597359e-05,2.643912567573999e-05,3.348955918927065e-05,1.0510368478504044e-05,4.0539992702801315e-05,0.0
2000-08-22,2000-08-22,statements,,0.000459236160601464,0.000459236160601464,-0.001836944642405856,0.0,0.0,-0.000918472321202928,0.001984126984126984,0.005952380952380952,0.005952380952380952,0.0,0.0
2000-08-22,2000-08-22,speech,{'unknown'},2.3317133413989572e-06,9.326853365595829e-06,5.596112019357497e-05,-1.8653706731191658e-05,0.0,4.89659801693781e-05,0.00017583963425356076,0.00011722642283570717,0.0001406717074028486,0.00017583963425356076,0.0
2000-10-03,2000-10-03,statements,,0.0008421704370740016,0.0004210852185370008,-0.0012632556556110024,0.0,0.0,0.0,0.0028089887640449437,0.0056179775280898875,0.0056179775280898875,0.0,0.0
2000-10-03,2000-10-03,speech,{'unknown'},3.2291637662620254e-06,3.2291637662620254e-06,2.7447892013227212e-05,-1.6145818831310127e-06,0.0,3.2291637662620257e-05,2.8900063580139876e-05,4.3350095370209814e-05,5.2639401520969056e-05,2.8900063580139876e-05,0.0
2000-11-15,2000-11-15,statements,,0.0016291193772771453,0.00040727984431928634,-0.0008145596886385727,0.0,0.0,0.001221839532957859,0.005494505494505495,0.005494505494505495,0.005494505494505495,0.0,0.0
2000-11-15,2000-11-15,speech,{'unknown'},4.7942690615852975e-06,4.5659705348431407e-07,6.392358748780397e-06,-4.5659705348431407e-07,0.0,1.1186627810365693e-05,1.5380998314682042e-05,7.470770609988421e-06,1.1621198726648653e-05,3.73538530499421e-05,0.0
2000-12-19,2000-12-19,statements,,0.0015697849948546369,0.0,-0.002616308324757728,-0.0005232616649515457,0.0,-0.0015697849948546367,0.006493506493506494,0.0,0.00463821892393321,0.006493506493506494,0.0
2000-12-19,2000-12-19,speech,{'unknown'},9.281172560176988e-06,1.134365535132743e-05,4.6405862800884944e-05,-3.093724186725663e-06,0.0,6.39369665256637e-05,3.674594263550066e-05,6.604662892001753e-05,5.279589459123659e-05,0.00010207206287639073,0.0
2001-01-03,2001-01-31,statements,,0.00029433190497245103,0.0,0.00029433190497245103,-0.00029433190497245103,0.0,0.00029433190497245103,0.004424778761061947,0.0,0.0008849557522123895,0.004424778761061947,0.0
2001-01-31,2001-01-31,statements,,0.0002455781533667253,0.0,-0.0012278907668336265,0.0,0.0,-0.0009823126134669011,0.00392156862745098,0.0,0.0028011204481792717,0.0,0.0
2001-01-31,2001-01-31,speech,{'unknown'},2.6778271490936964e-05,2.082754449295097e-05,7.14087239758319e-05,-2.975363498992996e-06,0.0,0.00011603917646072683,0.00016925565125813368,0.00013164328431188174,0.00010793113993272291,0.0002068680182043856,0.0
2001-03-20,2001-03-20,speech,{'unknown'},1.186515078219724e-06,2.542532310470837e-06,1.1526146474134462e-05,-1.3560172322511131e-06,0.0,1.389917663057391e-05,5.497310244630306e-06,2.7024592379064947e-05,1.7954269419654644e-05,3.0627871362940275e-05,0.0
2001-03-20,2001-03-20,statements,,0.0002811681468156302,0.0,-0.0014058407340781511,0.0,0.0,-0.001124672587262521,0.004291845493562232,0.0,0.0023843586075345735,0.0,0.0
2001-04-18,2001-05-15,statements,,0.00021004886864938658,0.0,-0.001050244343246933,0.0,0.0,-0.0008401954745975463,0.0035335689045936395,0.0,0.002523977788995457,0.0,0.0
2001-05-15,2001-05-15,speech,{'unknown'},4.211037716384787e-06,1.4520819711671678e-07,3.3397885336844865e-06,-7.26040985583584e-07,2.9041639423343357e-07,7.260409855835841e-06,1.3579175725303578e-05,5.525319777882145e-06,6.55063685006646e-06,2.7626598889410726e-05,2.7626598889410726e-05
2001-05-15,2001-05-15,statements,,0.0,0.0,-0.001708984375,0.0,0.0,-0.001708984375,0.0,0.0,0.00390625,0.0,0.0
2001-06-27,2001-06-27,speech,{'unknown'},1.9762062195253112e-06,1.796551108659374e-06,1.455206398014093e-05,-3.5931022173187476e-07,0.0,1.796551108659374e-05,6.86724001877878e-06,1.0613007301749024e-05,9.881075763697368e-06,3.183902190524707e-05,0.0
2001-06-27,2001-06-27,statements,,0.0,0.0,-0.001382980111021865,0.0,0.0,-0.001382980111021865,0.0,0.0,0.003284072249589491,0.0,0.0
2001-08-21,2001-08-21,speech,{'unknown'},2.1210819845328096e-05,0.0,5.939029556691867e-05,0.0,0.0,8.060111541224676e-05,7.707485509927241e-05,0.0,0.00011464884696016772,0.0,0.0
2001-08-21,2001-08-21,statements,,0.0,0.0,-0.0021055093010704426,0.0,0.0,-0.0021055093010704426,0.0,0.0,0.004975124378109453,0.0,0.0
2001-09-17,2001-10-02,statements,,0.00033085629429388855,-0.00033085629429388855,-0.0016542814714694428,0.0,0.0,-0.0016542814714694428,0.004608294930875576,0.004608294930875576,0.004608294930875576,0.0,0.0
2001-10-02,2001-10-02,speech,{'unknown'},7.401285264027603e-06,0.0,7.401285264027603e-06,-4.934190176018402e-06,0.0,9.868380352036805e-06,0.00018258170531312764,0.0,6.0860568437709206e-05,0.00018258170531312764,0.0
2001-10-02,2001-10-02,statements,,0.00046769451653514907,0.0,-0.0018707780661405963,0.0,0.0,-0.0014030835496054472,0.005747126436781609,0.0,0.005747126436781609,0.0,0.0
2001-11-06,2001-11-06,speech,{'unknown'},5.743308657902366e-07,0.0,1.550693337633639e-05,-6.3176395236926025e-06,0.0,9.763624718434023e-06,7.677130595668563e-06,0.0,3.96923986116481e-05,6.909417536101706e-05,0.0
2001-11-06,2001-11-06,statements,,0.0004993459107406706,0.0,-0.0019973836429626824,0.0,0.0,-0.001498037732222012,0.005780346820809248,0.0,0.005780346820809248,0.0,0.0
2001-12-11,2001-12-11,speech,{'unknown'},5.175082494023793e-06,-4.312568745019828e-07,1.3368963109561468e-05,-3.0187981215138793e-06,0.0,1.5093990607569399e-05,2.4463235833747848e-05,5.708088361207832e-05,2.2980615480187375e-05,5.708088361207832e-05,0.0
2001-12-11,2001-12-11,statements,,0.0,0.0,-0.0012525745554798657,0.0,0.0,-0.0012525745554798657,0.0,0.0,0.0051813471502590676,0.0,0.0
2002-01-30,2002-01-30,speech,{'unknown'},5.610725514418961e-06,-3.117069730232756e-06,6.857553406512063e-06,-6.234139460465513e-07,1.2468278920931025e-06,9.97462313674482e-06,1.876544239530447e-05,4.054262245899114e-05,9.44404617280029e-06,7.297672042618404e-05,7.297672042618404e-05
2002-01-30,2002-01-30,statements,,0.0006669496615733114,0.0,-0.0033347483078665567,0.0,0.0,-0.002667798646293246,0.007633587786259542,0.0,0.007633587786259542,0.0,0.0
2002-03-19,2002-03-19,speech,{'unknown'},2.781635972063626e-06,5.057519949206592e-07,1.3655303862857799e-05,-1.264379987301648e-06,0.0,1.5678311842540436e-05,2.0946515927921136e-05,1.9994401567561083e-05,1.4790379241757512e-05,3.9988803135122166e-05,0.0
2002-03-19,2002-03-19,statements,,0.0002455781533667253,0.0,0.0,0.0,0.0,0.0002455781533667253,0.00392156862745098,0.0,0.0,0.0,0.0
2002-05-07,2002-05-07,statements,,0.0004246587728829542,0.0,0.0,0.0,0.0,0.0004246587728829542,0.005649717514124294,0.0,0.0,0.0,0.0
2002-05-07,2002-05-07,speech,{'unknown'},6.6576099450987915e-06,6.052372677362538e-07,1.2104745354725075e-05,-3.0261863386812687e-06,6.052372677362538e-07,1.6946643496615104e-05,7.155123068116771e-05,7.155123068116771e-05,3.4072014610079865e-05,7.155123068116771e-05,7.155123068116771e-05
2002-06-26,2002-06-26,speech,{'unknown'},0.0,0.0,8.531095058372052e-06,-2.941756916680018e-07,0.0,8.23691936670405e-06,0.0,0.0,2.850515058582999e-05,4.423213021939137e-05,0.0
2002-06-26,2002-06-26,statements,,0.00035355339059327376,0.0,0.0007071067811865475,0.0,0.0,0.0010606601717798212,0.005,0.0,0.0025,0.0,0.0
2002-08-13,2002-08-13,speech,{'unknown'},-8.320002878361371e-06,0.0,1.3866671463935617e-05,0.0,0.0,5.5466685855742465e-06,0.00019739439399921041,0.0,7.592092076892709e-05,0.0,0.0
2002-08-13,2002-08-13,statements,,0.00043568853079247323,0.0,-0.0013070655923774195,0.0,0.0,-0.0008713770615849465,0.005747126436781609,0.0,0.005747126436781609,0.0,0.0
2002-09-24,2002-09-24,speech,{'unknown'},0.0,0.0,0.0,0.0,0.0,0.0,0.0,0.0,0.0,0.0,0.0
2002-09-24,2002-09-24,statements,,0.0003239635942186062,0.0,-0.0006479271884372124,0.0,0.0,-0.0003239635942186062,0.0047169811320754715,0.0,0.0023584905660377358,0.0,0.0
2002-11-06,2002-11-06,speech,{'unknown'},3.109597716855209e-06,1.2167991065955165e-06,7.165594738840264e-06,-1.622398808794022e-06,0.0,9.869592753496968e-06,1.4089977370271126e-05,1.82368603421235e-05,7.977902714744821e-06,2.63421316052895e-05,0.0
2002-11-06,2002-11-06,statements,,0.0002484958946489848,-0.0002484958946489848,-0.0004969917892979696,0.0,0.0,-0.0004969917892979696,0.003952569169960474,0.003952569169960474,0.001976284584980237,0.0,0.0
2002-12-10,2002-12-10,speech,{'unknown'},-9.574809622859119e-07,-4.787404811429559e-07,-1.172914178800242e-05,-2.8724428868577354e-06,0.0,-1.6037806118289022e-05,5.140264980659753e-06,1.9275993677474075e-05,1.2187402454144897e-05,3.855198735494815e-05,0.0
2002-12-10,2002-12-10,statements,,0.0004511558757925708,0.0,-0.0013534676273777124,0.0,0.0,-0.0009023117515851416,0.0058823529411764705,0.0,0.0058823529411764705,0.0,0.0
2003-01-29,2003-01-29,speech,{'unknown'},9.823885168276512e-06,0.0,1.1610046107963151e-05,0.0,0.0,2.1433931276239663e-05,3.778238035865783e-05,0.0,2.0433922197055315e-05,0.0,0.0
2003-01-29,2003-01-29,statements,,0.0009103322712790169,-0.0004551661356395084,0.0,0.0,0.0,0.0004551661356395084,0.005917159763313609,0.005917159763313609,0.0,0.0,0.0
2003-03-18,2003-03-18,speech,{'unknown'},5.86811826758411e-06,7.185450939898911e-07,7.544723486893856e-06,-2.035877766304691e-06,1.1975751566498182e-07,1.2215266597828148e-05,7.989967210152933e-06,4.049337123512881e-06,6.19696126594279e-06,2.4296022741077287e-05,2.4296022741077287e-05
2003-03-18,2003-03-18,statements,,0.00029433190497245103,-0.00029433190497245103,-0.00029433190497245103,0.0,0.0,-0.00029433190497245103,0.004424778761061947,0.004424778761061947,0.0008849557522123895,0.0,0.0
2003-05-06,2003-05-06,statements,,-0.0006300127939257146,-0.0003150063969628573,0.0003150063969628573,0.0,0.0,-0.0006300127939257146,0.004629629629629629,0.004629629629629629,0.0015432098765432098,0.0,0.0
2003-05-06,2003-05-06,speech,{'unknown'},9.710232564347558e-06,1.307146691354479e-06,1.6806171745986158e-05,-3.734704832441369e-07,0.0,2.7450080518444058e-05,1.1963709467757574e-05,1.345240634722967e-05,1.2251298637655592e-05,3.267012970041491e-05,0.0
2003-06-25,2003-06-25,speech,{'unknown'},6.4753543653027925e-06,8.931523262486611e-07,5.358913957491966e-06,-4.4657616312433054e-07,2.2328808156216527e-07,1.2504132567481257e-05,2.0138749036465024e-05,3.68052999631947e-05,1.05157999894842e-05,3.68052999631947e-05,3.68052999631947e-05
2003-06-25,2003-06-25,statements,,-0.0003849001794597505,0.00019245008972987524,0.00019245008972987524,0.0,0.0,0.0,0.0033333333333333335,0.0033333333333333335,0.0011111111111111111,0.0,0.0
2003-08-12,2003-08-12,speech,{'unknown'},-7.5383179981783e-06,2.6922564279208214e-06,-1.5615087281940764e-05,-1.0769025711683287e-06,0.0,-2.1538051423366568e-05,1.077441906641198e-05,2.2061905707415006e-05,3.4897923573547374e-05,6.618571712224501e-05,0.0
2003-08-12,2003-08-12,statements,,0.0003239635942186062,0.0,0.0006479271884372124,0.0,-0.0003239635942186062,0.0006479271884372125,0.001572327044025157,0.0,0.0047169811320754715,0.0,0.0047169811320754715
2003-09-16,2003-09-16,speech,{'unknown'},9.82911730983668e-06,1.802004840136725e-05,5.406014520410174e-05,0.0,-1.6381862183061135e-06,8.027112469699957e-05,1.603454910847907e-05,8.991923617696106e-05,7.279176261944467e-05,0.0,0.00013896609227348526
2003-09-16,2003-09-16,statements,,0.000328602647305883,0.0,0.000328602647305883,0.0,-0.000328602647305883,0.000328602647305883,0.0015873015873015873,0.0,0.004761904761904762,0.0,0.004761904761904762
2003-10-28,2003-10-28,speech,{'unknown'},5.62321866742293e-06,3.0278869747661928e-06,2.033009825914444e-05,-2.595331692656737e-06,0.0,2.6385872208676823e-05,6.245346016189858e-06,1.576349355047921e-05,1.6934495928514808e-05,3.603084240109534e-05,0.0
2003-10-28,2003-10-28,statements,,0.0003262693795362627,0.0,0.0003262693795362627,0.0,-0.0003262693795362627,0.0003262693795362627,0.001579778830963665,0.0,0.004739336492890996,0.0,0.004739336492890996
2003-12-09,2003-12-09,statements,,-0.0003509182168450738,0.0003509182168450738,0.0003509182168450738,0.0,-0.0003509182168450738,0.0,0.0016583747927031507,0.004975124378109453,0.004975124378109453,0.0,0.004975124378109453
2003-12-09,2003-12-09,speech,{'unknown'},2.019857066032618e-06,8.584392530638627e-06,8.079428264130471e-06,-1.009928533016309e-06,0.0,1.7673749327785403e-05,1.2291467570499249e-05,1.616913293500199e-05,7.794589191048305e-06,2.6631513069415037e-05,0.0
2004-01-28,2004-01-28,speech,{'unknown'},-8.919210148462351e-07,8.250269387327673e-06,2.1852064863732763e-05,-1.7838420296924703e-06,-2.2298025371155878e-07,2.7203590952810175e-05,6.128577557148985e-06,2.6677337601707348e-05,1.7325017325017324e-05,2.101226591022509e-05,3.6771465342893915e-05
2004-01-28,2004-03-16,minutes,,-5.25088865932313e-06,1.706538814280017e-05,7.876332988984694e-05,0.0,-2.625444329661565e-06,8.795238504366243e-05,1.8444569457637436e-05,5.772467108038382e-05,8.563550105331666e-05,0.0,0.00011988970147464332
2004-01-28,2004-01-28,statements,,-0.0003457450277554662,0.0,0.0,0.0,0.0,-0.0003457450277554662,0.0016420361247947454,0.0,0.0,0.0,0.0
2004-03-16,2004-03-16,speech,{'unknown'},7.89582872936085e-07,6.316662983488679e-07,2.5266651933954718e-06,-4.73749723761651e-07,0.0,3.4741646409187743e-06,6.351271016355793e-06,5.84316933504733e-06,2.5684260813394856e-06,2.921584667523665e-05,0.0
2004-03-16,2004-03-16,statements,,-0.00034831561620311477,0.0,0.00034831561620311477,0.0,0.0,0.0,0.00165016501650165,0.0,0.0049504950495049506,0.0,0.0
2004-03-16,2004-05-04,minutes,,-5.9227252783580845e-05,1.692207222388024e-05,0.0001819122764067126,0.0,0.0,0.00013960709584701197,0.00015258522974976024,4.024225839554116e-05,0.000167876286888862,0.0,0.0
2004-05-04,2004-06-30,minutes,,5.0087148897429966e-05,5.321759570351934e-05,0.00014400055308011115,0.0,3.130446806089373e-06,0.00025043574448714985,9.010328088571524e-05,0.00014551679863043015,0.00012620235175338964,0.0,0.00021399529210357372
2004-05-04,2004-05-04,statements,,0.00035355339059327376,0.00035355339059327376,0.00035355339059327376,0.0,0.0,0.0010606601717798212,0.0016666666666666666,0.005,0.005,0.0,0.0
2004-05-04,2004-05-04,speech,{'unknown'},8.101415874001061e-06,4.883045184329407e-06,1.453815725334437e-05,-6.658697978631009e-07,0.0,2.6856748513811735e-05,1.0602731902806935e-05,6.774128985574185e-06,1.0396097669988498e-05,1.732021615629763e-05,0.0
2004-06-30,2004-06-30,statements,,0.0002122953687800333,0.0002122953687800333,0.0002122953687800333,0.0,0.0,0.0006368861063400998,0.0011862396204033213,0.0035587188612099642,0.0035587188612099642,0.0,0.0
2004-06-30,2004-06-30,speech,{'unknown'},6.478458983621201e-06,2.540572150439687e-06,8.51091670397295e-06,-2.540572150439687e-07,0.0,1.7275890622989867e-05,1.2759975110542666e-05,1.9438272792832722e-05,1.2358201169749854e-05,2.5269754630682536e-05,0.0
2004-06-30,2004-08-10,minutes,,9.832079304187027e-05,5.763632695557913e-05,0.000142395631302019,0.0,0.0,0.00029835275129946843,0.00017688643281060342,0.00016680894488436214,0.00015288182235132243,0.0,0.0
2004-08-10,2004-09-21,minutes,,3.0060708639408963e-05,2.5766321690921968e-05,3.864948253638296e-05,4.294386948486995e-06,0.0,9.877089981520088e-05,5.6042592370201356e-05,0.0001321003963011889,3.7742970371768255e-05,0.0002642007926023778,0.0
2004-08-10,2004-08-10,statements,,0.0001934163652061004,0.0001934163652061004,-0.0001934163652061004,0.0,0.0,0.0001934163652061004,0.0011148272017837235,0.0033444816053511705,0.0033444816053511705,0.0,0.0
2004-08-10,2004-08-10,speech,{'unknown'},1.1600648737586424e-06,3.480194621275927e-06,2.9581654280845377e-05,-2.900162184396606e-06,0.0,3.132175159148334e-05,5.795891871841239e-06,1.3910140492418974e-05,2.980744391232637e-05,6.955070246209486e-05,0.0
2004-09-21,2004-09-21,speech,{'unknown'},4.458067838949113e-05,-3.343550879211835e-05,1.9106005024067628e-05,0.0,0.0,3.025117462144041e-05,8.299640744122077e-05,0.00010605096506378208,3.408781019907281e-05,0.0,0.0
2004-09-21,2004-09-21,statements,,-0.00021343368023828458,0.00021343368023828458,0.00021343368023828458,0.0,0.0,0.00021343368023828458,0.0011904761904761904,0.0035714285714285713,0.0035714285714285713,0.0,0.0
2004-09-21,2004-11-10,minutes,,-2.3914102270210867e-05,5.181388825212354e-05,1.1957051135105433e-05,0.0,3.985683711701811e-06,4.384252082871991e-05,5.3867700926524454e-05,0.0001556178026766262,1.2363078901169547e-05,0.0,0.00025138260432378077
2004-11-10,2004-11-10,statements,,0.0,0.0002371587971609858,0.0002371587971609858,0.0,0.0,0.0004743175943219716,0.0,0.0038314176245210726,0.0038314176245210726,0.0,0.0
2004-11-10,2004-11-10,speech,{'unknown'},2.0856704977163428e-06,1.1376384532998234e-06,1.4315283870689443e-05,-4.1713409954326855e-06,9.480320444165194e-08,1.3462055030714578e-05,3.87634733904613e-06,1.3860878363861918e-05,1.0030316132315413e-05,2.0791317545792878e-05,6.930439181930959e-06
2004-11-10,2004-12-14,minutes,,3.4186395988438045e-05,6.837279197687609e-05,6.837279197687609e-05,0.0,0.0,0.0001709319799421902,7.462845689673554e-05,0.00022388537069020661,7.462845689673554e-05,0.0,0.0
2004-12-14,2004-12-14,speech,{'unknown'},7.313325256867016e-06,1.950220068497871e-06,7.313325256867016e-06,4.875550171244678e-07,0.0,1.7064425599356374e-05,2.65484376244458e-05,1.3765856546008933e-05,9.385811281369728e-06,6.194635445704021e-05,0.0
2004-12-14,2005-02-02,minutes,,3.786646909069666e-05,4.6281239999740363e-05,0.00010097725090852443,1.2622156363565554e-05,0.0,0.000197747116362527,7.566395117153018e-05,0.00012464447994923572,0.00012028628134961209,0.00026062027625749283,0.0
2004-12-14,2004-12-14,statements,,0.0,0.00017551489371656876,0.00017551489371656876,0.0,0.0,0.0003510297874331375,0.0,0.003134796238244514,0.003134796238244514,0.0,0.0
2005-02-02,2005-02-02,speech,{'unknown'},3.96739608445702e-06,-3.0518431418900155e-06,1.556440002363908e-05,-1.5259215709450077e-06,0.0,1.4954031395261075e-05,9.660249041220283e-06,6.125521741314317e-06,1.2103517828125776e-05,4.5328860885725944e-05,0.0
2005-02-02,2005-03-22,minutes,,4.033889839472004e-05,2.4554112066351325e-05,7.015460590386093e-05,1.7538651475965233e-06,0.0,0.0001368014815125288,9.557051441868196e-05,0.00011311486006075885,9.089586969168121e-05,0.00014543339150668993,0.0
2005-02-02,2005-02-02,statements,,0.0,0.0002318094780505476,0.0002318094780505476,0.0,0.0,0.0004636189561010952,0.0,0.0037735849056603774,0.0037735849056603774,0.0,0.0
2005-03-22,2005-03-22,speech,{'unknown'},1.1816465566362548e-05,2.954116391590637e-06,1.529189661529271e-05,-3.4754310489301613e-07,0.0,2.971493546835288e-05,1.825450429893576e-05,1.825450429893576e-05,1.3302539968841823e-05,3.114003674524336e-05,0.0
2005-03-22,2005-05-03,minutes,,8.99666649615637e-05,2.998888832052124e-05,0.0001312013864022804,3.748611040065155e-06,3.748611040065155e-06,0.0002586541617644956,0.00012065637065637066,0.00010725010725010724,0.00012240501370936154,0.00024131274131274132,0.00024131274131274132
2005-03-22,2005-03-22,statements,,0.0006012387698431364,0.0002004129232810455,0.0002004129232810455,0.0,0.0,0.0010020646164052274,0.003424657534246575,0.003424657534246575,0.003424657534246575,0.0,0.0
2005-05-03,2005-05-03,minutes,,0.00010347167140917934,0.0,4.775615603500584e-05,0.0,0.0,0.0001512278274441852,0.0001920406535291163,0.0,4.566001552440528e-05,0.0,0.0
2005-05-03,2005-05-03,statements,,0.0004135051720203375,0.00020675258601016874,-0.00020675258601016874,0.0,0.0,0.0004135051720203375,0.0034965034965034965,0.0034965034965034965,0.0034965034965034965,0.0,0.0
2005-05-03,2005-05-03,speech,{'unknown'},2.9321247101573426e-06,1.1995055632461855e-06,6.530641399895899e-06,-1.0662271673299427e-06,0.0,9.596044505969484e-06,1.1480457130929395e-05,1.381338424844446e-05,5.4871478678847094e-06,2.6091948024839534e-05,0.0
2005-06-30,2005-06-30,speech,{'unknown'},5.239667520972753e-06,9.703088001801393e-08,4.269358720792613e-06,-1.7465558403242508e-06,0.0,7.859501281459129e-06,1.0002200484106503e-05,1.111355609345167e-06,7.615518765676719e-06,2.1115756577558175e-05,0.0
2005-06-30,2005-06-30,statements,,0.0006993834714734814,0.0002331278238244938,0.0,0.0,0.0,0.0009325112952979752,0.003787878787878788,0.003787878787878788,0.0,0.0,0.0
2005-06-30,2005-08-09,minutes,,5.9826126176145574e-05,3.739132886009099e-05,3.739132886009099e-05,3.7391328860090984e-06,0.0,0.00013834791678233663,0.00010706924703552021,0.00012045290291496025,4.0150967638320084e-05,0.0002409058058299205,0.0
2005-08-09,2005-08-09,speech,{'unknown'},-3.093598149540168e-05,0.0,-0.00010827593523390587,0.0,0.0,-0.00013921191672930754,0.00019554165037152912,0.0,0.000342197888150176,0.0,0.0
2005-08-09,2005-08-09,statements,,0.0,0.0002204825158139332,0.0002204825158139332,0.0,0.0,0.0004409650316278664,0.0,0.0036496350364963502,0.0036496350364963502,0.0,0.0
2005-08-09,2005-09-20,minutes,,7.855176370844428e-05,5.0497562383999885e-05,0.0001234384858275553,-5.6108402648888765e-06,0.0,0.0002468769716551106,0.00011633124491050803,0.00025834601142463474,0.0001335891768477812,0.00031575623618566466,0.0
2005-09-20,2005-11-01,minutes,,9.308358514944186e-05,3.102786171648062e-05,0.00010342620572160206,0.0,0.0,0.00022753765258752456,0.0001682117224880383,0.00014952153110047846,0.00011961722488038278,0.0,0.0
2005-09-20,2005-09-20,statements,,0.0,-0.00015013954899794742,-0.0007506977449897371,0.0,0.0,-0.0009008372939876845,0.0,0.002824858757062147,0.002824858757062147,0.0,0.0
2005-09-20,2005-09-20,speech,{'unknown'},8.232080013610333e-06,-1.6464160027220664e-06,1.6464160027220665e-05,0.0,0.0,2.304982403810893e-05,4.100915324300384e-05,4.6477040342071015e-05,4.100915324300384e-05,0.0,0.0
2005-11-01,2005-11-01,statements,,-0.0004314821179165951,0.00021574105895829756,0.0,0.0,0.0,-0.00021574105895829756,0.0017985611510791368,0.0035971223021582736,0.0,0.0,0.0
2005-11-01,2005-12-13,minutes,,7.344675722440792e-05,1.4689351444881585e-05,6.855030674278072e-05,-4.896450481627195e-06,0.0,0.00015178996493044305,0.00012357884330202668,7.864108210128971e-05,7.20876585928489e-05,0.0002883506343713956,0.0
2005-11-01,2005-11-01,speech,{'unknown'},1.0659874009137681e-05,1.844978193889214e-06,1.2299854625928093e-05,-2.459970925185619e-06,2.0499757709880154e-07,2.2549733480868172e-05,1.3491628185256661e-05,1.078972386698908e-05,6.772770392698773e-06,3.47668880158537e-05,3.47668880158537e-05
2005-12-13,2005-12-13,speech,{'unknown'},0.0,1.9254635488410675e-07,1.540370839072854e-06,-2.8881953232616013e-06,0.0,-1.1552781293046404e-06,0.0,3.031313468125739e-06,2.222963209958875e-06,3.334444814938313e-05,0.0
2005-12-13,2006-01-31,minutes,,1.0450250051096128e-05,6.270150030657676e-05,0.00013585325066424965,5.225125025548064e-06,5.225125025548064e-06,0.0002194552510730187,1.771259542660786e-05,0.00030111412225233364,0.0001565793435712135,0.00030111412225233364,0.00030111412225233364
2005-12-13,2005-12-13,statements,,-0.00029433190497245103,0.0,0.0,0.0,0.0,-0.00029433190497245103,0.0014749262536873156,0.0,0.0,0.0,0.0
2006-01-31,2006-01-31,statements,,-0.00042828315991159607,0.0,0.0008565663198231921,0.0,0.0,0.00042828315991159607,0.0018939393939393938,0.0,0.005681818181818182,0.0,0.0
2006-01-31,2006-03-28,minutes,,3.426568193667537e-05,1.0078141746080992e-05,8.465639066708035e-05,0.0,0.0,0.00012900021434983673,7.331409916378802e-05,0.00011397570038067885,0.0001340354236476783,0.0,0.0
2006-01-31,2006-01-31,speech,{'unknown'},-8.044054385812405e-06,2.413216315743722e-05,0.00010055067982265508,0.0,0.0,0.00011663878859427989,5.0581689428426914e-05,0.00025290844714213456,0.00018064889081581038,0.0,0.0
2006-03-28,2006-05-10,minutes,,6.102359105639344e-05,3.661415463383606e-05,0.00010577422449774862,8.136478807519123e-06,4.068239403759562e-06,0.00021561668839925683,9.801615306202462e-05,0.0001764290755116443,0.00011043153244988107,0.00025484199796126404,0.00025484199796126404
2006-03-28,2006-03-28,statements,,-0.00027758641406529455,0.00027758641406529455,0.00027758641406529455,0.0,0.0,0.00027758641406529455,0.0014184397163120566,0.00425531914893617,0.00425531914893617,0.0,0.0
2006-03-28,2006-03-28,speech,{'unknown'},7.762955277967443e-06,9.026692183683074e-07,-3.6106768734732297e-07,-3.0690753424522454e-06,1.8053384367366148e-07,5.416015310209843e-06,9.472680129621511e-06,6.944077951441452e-06,3.8027093543607946e-07,3.1942758576630676e-05,3.1942758576630676e-05
2006-05-10,2006-05-10,statements,,-0.00024702984454258214,0.00024702984454258214,0.0004940596890851643,0.0,0.0,0.0004940596890851643,0.0013123359580052493,0.003937007874015748,0.003937007874015748,0.0,0.0
2006-05-10,2006-06-29,minutes,,9.501167609694582e-05,2.9234361875983323e-05,8.404879039345207e-05,0.0,0.0,0.0002082948283663812,0.00017134572294714642,0.00023724792408066428,9.921276825191415e-05,0.0,0.0
2006-05-10,2006-05-10,speech,{'unknown'},1.4355039573124263e-06,1.1745032378010763e-06,7.960521945096183e-06,-2.3490064756021525e-06,0.0,8.221522664607532e-06,1.1320366368220645e-05,2.1050268040079712e-05,8.392590525783414e-06,2.5728105382319646e-05,0.0
2006-06-29,2006-06-29,statements,,0.0007822978346938039,0.0002607659448979347,-0.0005215318897958694,0.0,0.0,0.0005215318897958694,0.004081632653061225,0.004081632653061225,0.0020408163265306124,0.0,0.0
2006-06-29,2006-06-29,speech,{'unknown'},6.012917295082705e-06,-1.1563302490543663e-07,1.1910201565259973e-05,-2.543926547919606e-06,0.0,1.5263559287517635e-05,8.570946337964281e-06,1.5823285547010982e-06,1.1697117784752138e-05,2.3734928320516473e-05,0.0
2006-06-29,2006-08-08,minutes,,0.00010394703610656133,2.3099341357013626e-05,5.00485729401962e-05,0.0,3.849890226168938e-06,0.0001809448406299401,0.00014738393515106852,0.00024563989191844754,6.261409009685918e-05,0.0,0.00024563989191844754
2006-08-08,2006-09-20,minutes,,0.00010138680752674761,1.3825473753647402e-05,-3.225943875851061e-05,0.0,0.0,8.29528425218844e-05,0.00014505940842135802,7.552679942599632e-05,3.5245839732131614e-05,0.0,0.0
2006-08-08,2006-08-08,speech,{'unknown'},-6.544834156781002e-06,1.4544075903957783e-06,1.2362464518364117e-05,-1.4544075903957783e-06,7.272037951978891e-07,6.5448341567810036e-06,2.9112081513828238e-05,2.0216723273491833e-05,1.2612267730251786e-05,8.086689309396733e-05,8.086689309396733e-05
2006-08-08,2006-08-08,statements,,0.0,0.0,0.0,0.0,0.0,0.0,0.0,0.0,0.0,0.0,0.0
2006-09-20,2006-09-20,statements,,0.0,0.0,0.0,0.0,0.0,0.0,0.0,0.0,0.0,0.0,0.0
2006-09-20,2006-09-20,speech,{'unknown'},1.7416369634837214e-06,4.354092408709304e-06,3.9186831678383734e-05,-1.7416369634837214e-06,0.0,4.354092408709303e-05,3.039698461912578e-05,9.119095385737735e-05,5.4714572314426405e-05,9.119095385737735e-05,0.0
2006-09-20,2006-10-25,minutes,,8.278084827350186e-05,3.679148812155638e-05,0.00012877020842544734,4.598936015194547e-06,0.0,0.0002529414808357001,0.00011852085967130215,0.00018436578171091445,0.00011061946902654868,0.0002765486725663717,0.0
2006-10-25,2006-10-25,statements,,0.0,0.0,0.0011150018222907798,0.0,0.0,0.0011150018222907798,0.0,0.0,0.0035842293906810036,0.0,0.0
2006-10-25,2006-10-25,speech,{'unknown'},7.893430206595336e-06,4.857495511750975e-06,1.5483266943706232e-05,-1.5179673474221798e-06,0.0,2.6716225314630366e-05,1.8942760805387903e-05,4.015217674988205e-05,1.706467511869987e-05,3.226514203115522e-05,0.0
2006-10-25,2006-12-12,minutes,,6.308689379825423e-05,2.1028964599418074e-05,1.7524137166181727e-05,0.0,0.0,0.00010163999556385402,0.00010383017997231196,0.00023073373327180433,1.671983574433365e-05,0.0,0.0
2006-12-12,2006-12-12,statements,,0.0,0.0,0.0019132607342995985,0.0,0.0,0.0019132607342995985,0.0,0.0,0.0048543689320388345,0.0,0.0
2006-12-12,2006-12-12,speech,{'unknown'},1.1256329304100895e-05,2.8617786366358205e-06,8.203765425022686e-06,-9.539262122119402e-07,1.9078524244238805e-07,2.155873239598985e-05,1.3465815657548331e-05,1.4183123029136862e-05,6.4978995917354575e-06,2.363853838189477e-05,3.309395373465268e-05
2006-12-12,2007-01-31,minutes,,5.9515750644859356e-05,3.9677167096572906e-05,0.00011109606787040413,-3.9677167096572905e-06,3.9677167096572905e-06,0.00021028898561183638,0.0001139211665527455,0.00015664160401002505,7.797270955165692e-05,0.0002506265664160401,0.0002506265664160401
2007-01-31,2007-01-31,speech,{'unknown'},5.98798794535567e-06,2.281138264897398e-06,1.3686829589384388e-05,-6.273130228467844e-06,0.0,1.5682825571169614e-05,1.596070929392102e-05,1.4440641742119019e-05,1.0718826860129582e-05,3.97117647908273e-05,0.0
2007-01-31,2007-03-21,minutes,,2.496238904633561e-05,1.0921045207771831e-05,6.708642056202695e-05,0.0,0.0,0.0001029698548161344,5.978537051983379e-05,8.560178051703475e-05,6.499139997521258e-05,0.0,0.0
2007-01-31,2007-01-31,statements,,0.0020475602472688928,0.0,0.002730080329691857,0.0,0.0,0.00477764057696075,0.007751937984496124,0.0,0.007751937984496124,0.0,0.0
2007-03-21,2007-05-09,minutes,,6.427926575024829e-05,1.2052362328171554e-05,9.641889862537244e-05,-8.034908218781036e-06,0.0,0.00016471561848501124,0.00010640703350491466,8.423890152472411e-05,7.775898602282227e-05,0.00025271670457417233,0.0
2007-03-21,2007-03-21,statements,,0.002253944402704733,0.0,0.0007513148009015778,0.0,0.0,0.003005259203606311,0.008264462809917356,0.0,0.008264462809917356,0.0,0.0
2007-03-21,2007-03-21,speech,{'unknown'},1.2313460513754765e-05,0.0,9.850768411003813e-06,-2.2388110025008666e-06,2.2388110025008667e-07,2.01492990225078e-05,1.648678089907512e-05,0.0,1.0014192842401184e-05,3.687043728338618e-05,3.687043728338618e-05
2007-05-09,2007-05-09,speech,{'unknown'},1.8832794925080468e-05,2.073335221109776e-06,1.157612165119625e-05,-3.6283366369421086e-06,0.0,2.8853915160444387e-05,1.4895651180473523e-05,5.816478471274352e-06,9.85033952797173e-06,3.102121851346321e-05,0.0
2007-05-09,2007-05-09,statements,,0.002282177322938192,0.0,0.0007607257743127307,0.0,0.0,0.0030429030972509226,0.008333333333333333,0.0,0.008333333333333333,0.0,0.0
2007-05-09,2007-06-28,minutes,,0.00011687199970210464,1.5582933293613952e-05,8.181039979147326e-05,3.895733323403488e-06,0.0,0.00021816106611059532,0.00019546266011649576,6.189650903689032e-05,6.932409012131716e-05,0.0002475860361475613,0.0
2007-06-18,2007-06-28,statements,,0.0019340337886149855,0.0,0.0012893558590766569,0.0,0.0,0.0032233896476916426,0.007462686567164179,0.0,0.007462686567164179,0.0,0.0
2007-06-28,2007-08-07,minutes,,0.00012023758445741317,2.5997315558359603e-05,0.00010398926223343841,-2.2747651113564653e-05,0.0,0.00022747651113564653,0.0001375863633321186,0.0001462629808395495,8.561735463778508e-05,0.00021939447125932427,0.0
2007-06-28,2007-06-28,speech,{'unknown'},4.187498945194394e-06,1.7765147040218643e-06,-2.537878148602663e-07,-6.344695371506658e-07,0.0,5.075756297205327e-06,8.590848351481284e-06,1.606938300456141e-05,2.2956261435087726e-07,2.52518875785965e-05,0.0
2007-08-07,2007-09-18,minutes,,2.1145954499563523e-05,2.8194605999418033e-05,9.515679524803586e-05,-1.762162874963627e-05,0.0,0.00012687572699738114,3.308409978164494e-05,0.0001543924656476764,8.565609395521772e-05,0.0002315886984715146,0.0
2007-08-07,2007-08-07,statements,,0.0014284185538592019,0.0004761395179530673,0.0014284185538592019,-0.0009522790359061346,0.0,0.002380697589765336,0.006097560975609756,0.006097560975609756,0.006097560975609756,0.006097560975609756,0.0
2007-08-07,2007-08-07,speech,{'unknown'},2.3820304602418903e-05,-7.683969226586741e-07,6.147175381269393e-06,-3.0735876906346963e-06,7.683969226586741e-07,2.6893892293053594e-05,5.3074921243665256e-05,8.389261744966443e-05,2.7964205816554807e-05,8.389261744966443e-05,8.389261744966443e-05
2007-08-10,2007-09-18,statements,,0.0,0.0,0.0,0.0,0.0,0.0,0.0,0.0,0.0,0.0,0.0
2007-09-18,2007-09-18,statements,,0.00034355823462327463,0.0,-0.0006871164692465493,-0.00034355823462327463,0.0,-0.0006871164692465493,0.004672897196261682,0.0,0.002336448598130841,0.004672897196261682,0.0
2007-09-18,2007-09-18,speech,{'unknown'},4.221527313924359e-06,1.6886109255697435e-06,5.910138239494102e-06,-1.139812374759577e-05,0.0,4.221527313924349e-07,2.555205208530297e-05,5.621451458766653e-05,5.390432905666653e-06,5.621451458766653e-05,0.0
2007-09-18,2007-10-31,minutes,,1.2309698966114617e-05,4.9238795864458475e-06,-5.4162675450904316e-05,-4.923879586445847e-05,0.0,-8.616789276280231e-05,3.369453878915305e-05,3.0325084910237748e-05,4.654547916455096e-05,0.0001819505094614265,0.0
2007-10-31,2007-12-11,minutes,,4.298834550844955e-05,2.5287262063793852e-06,1.7701083444655694e-05,-4.0459619302070164e-05,0.0,2.275853585741446e-05,8.073669862890089e-05,1.6838135008166495e-05,1.4247652699217805e-05,0.00018521948508983145,0.0
2007-10-31,2007-10-31,statements,,0.0005554398509712422,0.0,-0.0002777199254856211,-0.0002777199254856211,0.0,0.0,0.004081632653061225,0.0,0.0013605442176870747,0.004081632653061225,0.0
2007-10-31,2007-10-31,speech,{'unknown'},4.49714193204869e-06,1.4990473106828967e-06,-1.7296699738648805e-06,-8.071793211369444e-06,0.0,-3.8052739425027373e-06,5.1469867230178125e-06,1.0589777280691821e-05,1.5890145281479622e-06,2.234641151746819e-05,0.0
2007-12-11,2008-01-30,minutes,,4.461916510728433e-05,2.2309582553642163e-06,-8.923833021456865e-06,-5.354299812874119e-05,0.0,-1.561670778754951e-05,6.811989100817439e-05,2.4328532502919423e-05,8.307303781484682e-06,0.00017029972752043596,0.0
2007-12-11,2007-12-11,speech,{'unknown'},4.71145995906388e-06,2.3557299795319403e-07,7.06718993859582e-06,-5.182605954970268e-06,0.0,6.831616940642628e-06,8.47626434077973e-06,3.467562684864436e-06,1.0037681456186524e-05,3.814318953350879e-05,0.0
2007-12-11,2007-12-11,statements,,0.0010156561446210148,0.0,-0.00033855204820700495,-0.00033855204820700495,0.0,0.0003385520482070048,0.004629629629629629,0.0,0.004629629629629629,0.004629629629629629,0.0
2008-01-30,2008-01-30,speech,{'unknown'},1.8281171747877594e-05,-6.770804351065775e-07,-2.0312413053197323e-05,-1.7604091312771017e-05,0.0,-2.0312413053197323e-05,5.6267231839750924e-05,8.567438592883885e-06,2.965651820613653e-05,7.710694733595497e-05,0.0
2008-01-30,2008-01-30,statements,,0.0008226954987627079,0.0,0.00041134774938135396,-0.0008226954987627079,0.0,0.00041134774938135407,0.005235602094240838,0.0,0.005235602094240838,0.005235602094240838,0.0
2008-01-30,2008-03-18,minutes,,5.388248566735888e-05,-4.585743461051819e-06,-4.241812701472933e-05,-2.178228143999614e-05,0.0,-1.4903666248418412e-05,9.327062372249013e-05,3.6382158189623806e-05,3.5738226186267635e-05,0.00010914647456887143,0.0
2008-03-11,2008-03-18,statements,,0.0,0.0,0.0,0.0,0.0,0.0,0.0,0.0,0.0,0.0,0.0
2008-03-18,2008-03-18,speech,{'unknown'},1.6092124836318445e-05,-8.77752263799188e-07,-8.046062418159222e-06,-7.899770374192693e-06,0.0,-7.314602198326556e-07,1.623852084199388e-05,6.938277087033748e-06,5.985964545676175e-06,2.7753108348134992e-05,0.0
2008-03-18,2008-04-30,minutes,,9.844486163929139e-05,-4.375327183968506e-06,-3.500261747174805e-05,-4.594093543166931e-05,-2.187663591984253e-06,1.0938317959921282e-05,0.0001376483543374526,3.364737550471064e-05,3.637554108617366e-05,0.00016823687752355316,0.00016823687752355316
2008-03-18,2008-03-18,statements,,0.0013879320703264729,0.0,0.00027758641406529455,-0.0005551728281305891,-0.00027758641406529455,0.0008327592421958835,0.00425531914893617,0.0,0.0014184397163120566,0.00425531914893617,0.00425531914893617
2008-04-30,2008-04-30,statements,,0.001527318421284235,-0.0003818296053210588,-0.0007636592106421175,-0.0007636592106421175,0.0,-0.00038182960532105866,0.005263157894736842,0.005263157894736842,0.002631578947368421,0.005263157894736842,0.0
2008-04-30,2008-06-25,minutes,,7.620741091268529e-05,-1.7722653700624487e-06,-4.962343036174856e-05,-3.721757277131142e-05,0.0,-1.2405857590437138e-05,0.00011868355101184629,1.1252644371427286e-05,4.357406969361204e-05,0.0001462843768285547,0.0
2008-04-30,2008-04-30,speech,{'unknown'},1.1425280299320228e-05,2.0773236907854959e-07,7.893830024984884e-06,-1.1840745037477327e-05,0.0,7.686097655906333e-06,1.2775812367450946e-05,3.8972680151214e-06,9.946758665459095e-06,3.173489669455997e-05,0.0
2008-06-25,2008-06-25,speech,{'unknown'},8.39334596284222e-06,3.996831410877247e-07,4.556387808400062e-06,-6.874550026708865e-06,0.0,6.474866885621141e-06,9.060202456695468e-06,2.378441426360837e-06,3.609061631945489e-06,1.855184312561453e-05,0.0
2008-06-25,2008-06-25,statements,,0.0023110046143568356,0.0,0.0,-0.0015406697429045568,0.0,0.0007703348714522786,0.008403361344537815,0.0,0.0,0.008403361344537815,0.0
2008-06-25,2008-08-05,minutes,,5.400810101261813e-05,7.001050131265314e-06,6.000900112513126e-06,-2.6003900487556878e-05,0.0,4.1006150768839694e-05,6.42921435000643e-05,3.6845789842142107e-05,4.167083375004167e-06,0.00010001000100010001,0.0
2008-08-05,2008-08-05,speech,{'unknown'},9.900962555561177e-06,1.4668092674905447e-06,1.5034794991778083e-05,-2.200213901235817e-05,0.0,4.400427802471633e-06,1.9482642048303965e-05,1.4637752226768056e-05,1.7953140551634326e-05,5.12321327936882e-05,0.0
2008-08-05,2008-09-16,minutes,,0.00010305093143912955,2.785160309165663e-06,-1.3925801545828315e-05,-3.620708401915362e-05,0.0,5.570320618331327e-05,0.00013292378437606653,2.1954378800851828e-05,1.3914747127300456e-05,0.00019758940920766647,0.0
2008-08-05,2008-08-05,statements,,0.005098548837289542,0.0,0.0010197097674579084,0.0,0.0,0.006118258604747451,0.009345794392523364,0.0,0.009345794392523364,0.0,0.0
2008-09-16,2008-09-16,statements,,0.004761651704656707,0.0,0.0,0.0,0.0,0.004761651704656707,0.010309278350515464,0.0,0.0,0.0,0.0
2008-09-16,2008-09-16,speech,{'unknown'},2.837187166915657e-06,0.0,1.7968852057132493e-05,-1.5131664890216838e-05,0.0,5.674374333831314e-06,4.129216962823283e-05,0.0,4.257254698104626e-05,9.634839579920994e-05,0.0
2008-09-16,2008-10-29,minutes,,6.754860279555515e-05,6.754860279555516e-06,-8.10583233546662e-05,-7.092603293533292e-05,0.0,-7.768089321488843e-05,0.00013212832302732415,3.743635819107517e-05,7.701193685021179e-05,0.00022461814914645105,0.0
2008-10-08,2008-10-29,statements,,0.00013687196125719708,0.0,-0.00041061588377159125,-0.0005474878450287883,0.0,-0.0008212317675431825,0.0005208333333333333,0.0,0.0026041666666666665,0.0026041666666666665,0.0
2008-10-29,2008-10-29,speech,{'unknown'},1.6091378282965496e-06,-2.4137067424448244e-06,-2.4137067424448244e-06,-4.1033014621562016e-05,0.0,-4.425129027815511e-05,9.611687812379853e-06,3.7073652990608006e-05,3.555007821017206e-06,8.650519031141868e-05,0.0
2008-10-29,2008-12-16,minutes,,0.0,-2.9128152507059257e-06,-5.3887082138059627e-05,-4.369222876058889e-05,0.0,-0.00010049212614935444,0.0,4.272956458573687e-05,4.272956458573687e-05,0.00012818869375721061,0.0
2008-10-29,2008-10-29,statements,,0.0005466526776999389,0.0,-0.001366631694249847,-0.0005466526776999389,0.0,-0.001366631694249847,0.004081632653061225,0.0,0.0022675736961451248,0.004081632653061225,0.0
2008-12-16,2008-12-16,speech,{'unknown'},2.1907009741456537e-06,-4.3814019482913074e-07,4.819542143120438e-06,-2.124979944921284e-05,2.1907009741456537e-07,-1.4458626429361313e-05,1.2967208523086818e-05,7.261636772928618e-06,6.051363977440515e-06,3.6308183864643094e-05,3.6308183864643094e-05
2008-12-16,2009-01-28,minutes,,-1.7312925043875998e-05,-1.573902276716e-05,-0.00010072974570982399,-2.9904143257603998e-05,0.0,-0.00016368583677846399,3.6221504377862736e-05,8.437964088024842e-05,7.322436632319862e-05,0.00013500742540839745,0.0
2009-01-28,2009-01-28,speech,{'unknown'},-5.0247411594444994e-06,0.0,1.2561852898611246e-05,-4.0197929275555996e-05,0.0,-3.266081753638925e-05,9.240436148586214e-05,0.0,4.8633874466243225e-05,0.00018480872297172427,0.0
2009-01-28,2009-03-18,minutes,,9.061093521900858e-06,-1.2081458029201145e-05,-3.9264738594903725e-05,-2.516970422750239e-05,-1.0067881691000954e-06,-6.84615954988065e-05,2.3181238650851912e-05,7.533902561526871e-05,3.7310755542799745e-05,0.00010045203415369161,0.00010045203415369161
2009-01-28,2009-01-28,statements,,0.00012320430256492295,-0.00012320430256492295,-0.0004928172102596918,-0.00036961290769476886,-0.00012320430256492295,-0.0009856344205193836,0.0008110300081103,0.0024330900243309003,0.0024330900243309003,0.0024330900243309003,0.0024330900243309003
2009-03-18,2009-03-18,speech,{'unknown'},3.055166232103122e-06,6.110332464206243e-07,2.7496496088928094e-06,-6.415849087416556e-06,0.0,0.0,1.7446830783188234e-05,1.1340440009072351e-05,5.302023900345515e-06,4.5361760036289406e-05,0.0
2009-03-18,2009-04-29,minutes,,-5.938074942990957e-06,-1.7814224828972872e-05,-0.00010094727403084627,-1.5834866514642555e-05,3.958716628660639e-06,-0.00013657572368879202,1.7497812773403324e-05,9.448818897637794e-05,8.636017272034544e-05,0.00010498687664041994,0.00015748031496062991
2009-03-18,2009-03-18,statements,,0.0001403862397944199,0.0001403862397944199,-0.0009827036785609393,-0.0001403862397944199,0.0,-0.0008423174387665196,0.0008841732979664014,0.002652519893899204,0.00206307102858827,0.002652519893899204,0.0
2009-04-29,2009-06-24,minutes,,2.5148452217375692e-05,-2.3052747865927714e-05,-4.1914087028959484e-05,-3.143556527171961e-05,0.0,-7.125394794923112e-05,8.179290037624735e-05,0.00011996292055182943,3.480548952180738e-05,0.0001635858007524947,0.0
2009-04-29,2009-04-29,statements,,0.0002740803556561243,0.0,-0.0005481607113122486,-0.00013704017782806215,0.0,-0.0004111205334841864,0.0013054830287206266,0.0,0.0013054830287206266,0.0026109660574412533,0.0
2009-04-29,2009-04-29,speech,{'unknown'},0.0,-1.1386349844160669e-06,-3.7412292345099344e-06,-1.6103551922455806e-05,8.133107031543335e-07,-2.0170105438227473e-05,0.0,9.93275524697796e-06,2.820411983709791e-06,2.9798265740933878e-05,2.9798265740933878e-05
2009-06-24,2009-08-12,minutes,,9.576773442295828e-06,-1.0944883934052373e-05,-9.576773442295828e-06,-1.9153546884591657e-05,0.0,-3.0098430818644027e-05,2.4627508927471986e-05,4.104584821245331e-05,8.534285271896234e-06,0.00012313754463735992,0.0
2009-06-24,2009-06-24,speech,{'unknown'},1.3587629638160093e-06,0.0,6.793814819080046e-06,-5.7747425962180406e-06,1.6984537047700117e-07,2.547680557155017e-06,1.5334600993682144e-05,0.0,7.96602649022449e-06,3.066920198736429e-05,3.066920198736429e-05
2009-06-24,2009-06-24,statements,,-0.00016742379478065832,0.0,-0.0006696951791226333,-0.00016742379478065832,0.0,-0.00100454276868395,0.000992063492063492,0.0,0.002976190476190476,0.002976190476190476,0.0
2009-08-12,2009-08-12,statements,,-0.00013981915941314548,0.0,-0.0004194574782394364,-0.00013981915941314548,0.0,-0.0006990957970657273,0.0008818342151675485,0.0,0.0026455026455026454,0.0026455026455026454,0.0
2009-08-12,2009-09-23,minutes,,-1.0664026644610583e-05,-2.4882728837424695e-05,2.3105391063322932e-05,-1.5996039966915876e-05,3.554675548203528e-06,-2.4882728837424695e-05,3.1410981279055156e-05,8.550767125965015e-05,1.886732208840937e-05,0.0001465845793022574,0.0001465845793022574
2009-08-12,2009-08-12,speech,{'unknown'},0.0,0.0,-2.265075504596032e-06,-9.060302018384128e-06,0.0,-1.132537752298016e-05,0.0,0.0,1.0145486273157073e-05,0.00017247326664367022,0.0
2009-09-23,2009-09-23,statements,,-0.0001334141332395812,0.0,0.0,-0.0001334141332395812,0.0,-0.0002668282664791624,0.0008703220191470844,0.0,0.0,0.0026109660574412533,0.0
2009-09-23,2009-09-23,speech,{'unknown'},5.362138813814738e-07,-5.362138813814738e-07,1.0188063746248e-05,-1.126049150901095e-05,0.0,-1.0724277627629484e-06,3.882484945664623e-06,2.2000748025432864e-05,2.5592706886728024e-05,6.60022440762986e-05,0.0
2009-09-23,2009-11-04,minutes,,1.1653853401094361e-05,-1.997803440187605e-05,8.157697380766052e-05,-1.1653853401094361e-05,3.3296724003126745e-06,6.492861180609716e-05,2.8093833403567918e-05,5.2675937631689846e-05,5.8828967383539654e-05,0.00014046916701783958,0.00014046916701783958
2009-11-04,2009-11-04,speech,{'unknown'},-1.1198202365589668e-06,-4.4792809462358675e-07,8.510633797848148e-06,-1.2989914744084016e-05,2.2396404731179338e-07,-5.823065230106628e-06,3.759240212442183e-06,5.262936297419056e-06,7.864837388277915e-06,3.684055408193339e-05,3.684055408193339e-05
2009-11-04,2009-12-16,minutes,,-6.9910448479862125e-06,-1.0486567271979318e-05,5.9423881207882804e-05,-1.0486567271979318e-05,1.7477612119965531e-06,3.320746302793451e-05,1.8136970400464307e-05,3.109194925793881e-05,5.736344126658478e-05,7.254788160185723e-05,0.00014509576320371445
2009-11-04,2009-11-04,statements,,-0.0002315297761655959,-0.00011576488808279795,0.0,-0.00011576488808279795,0.0,-0.0004630595523311918,0.0011876484560570072,0.0023752969121140144,0.0,0.0023752969121140144,0.0
2009-12-16,2010-01-27,minutes,,-4.576632638060166e-06,-6.1021768507468885e-06,5.797068008209544e-05,-4.576632638060166e-06,0.0,4.2715237955228215e-05,6.974765299147684e-06,1.6565067585475748e-05,4.417351356126866e-05,2.338597776773047e-05,0.0
2009-12-16,2009-12-16,speech,{'unknown'},3.112380402947123e-07,0.0,3.1123804029471233e-06,-7.469712967073096e-06,3.112380402947123e-07,-3.734856483536548e-06,1.0205852035557189e-06,0.0,4.783993141667432e-06,4.592633416000735e-05,4.592633416000735e-05
2009-12-16,2009-12-16,statements,,-0.0001657873460824895,0.0,0.0,0.0,0.0,-0.0001657873460824895,0.0009505703422053232,0.0,0.0,0.0,0.0
2010-01-27,2010-01-27,speech,{'unknown'},-3.647665696364197e-06,1.2766829937274688e-05,6.383414968637344e-05,-2.188599417818518e-05,0.0,5.106731974909875e-05,9.329750709061053e-06,8.03793907242183e-05,5.49964252323599e-05,0.00014927601134497685,0.0
2010-01-27,2010-01-27,statements,,-9.782923090957355e-05,-9.782923090957355e-05,0.0002934876927287206,9.782923090957355e-05,0.0,0.00019565846181914705,0.0007077140835102618,0.0007077140835102618,0.0009099181073703366,0.0007077140835102618,0.0
2010-01-27,2010-03-16,minutes,,0.0,-7.6119900614556245e-06,2.3787468942048825e-05,0.0,9.514987576819531e-07,1.7126977638275153e-05,0.0,3.2246622166328076e-05,2.9138514005718144e-05,0.0,9.673986649898423e-05
2010-03-16,2010-03-16,statements,,-0.00015142096332074605,-0.00015142096332074605,0.0,0.00015142096332074605,0.0,-0.00015142096332074605,0.0009469696969696969,0.002840909090909091,0.0,0.0009469696969696969,0.0
2010-03-16,2010-04-28,minutes,,-4.4280217917340304e-05,2.012737178060923e-06,3.0191057670913847e-05,-6.038211534182768e-06,2.012737178060923e-06,-1.6101897424487378e-05,7.970667941973537e-05,8.390176781024775e-06,2.748506186887427e-05,4.347637059258293e-05,0.00015941335883947074
2010-03-16,2010-03-16,speech,{'unknown'},-7.599656819838698e-07,7.599656819838698e-07,2.2798970459516095e-06,-5.319759773887088e-06,0.0,-3.039862727935479e-06,1.18968306843057e-05,8.327781479013991e-05,9.993337774816788e-06,8.327781479013991e-05,0.0
2010-04-28,2010-04-28,statements,,-0.0001877371587914322,0.0,0.0003754743175828644,0.0001877371587914322,0.0,0.0003754743175828644,0.001092896174863388,0.0,0.001092896174863388,0.001092896174863388,0.0
2010-04-28,2010-06-23,minutes,,3.660773036456133e-06,9.151932591140332e-06,8.419777983849106e-05,-1.2812705627596464e-05,0.0,8.419777983849106e-05,7.12539991307012e-06,3.2528999603146206e-05,7.32248544258057e-05,9.522125338375525e-05,0.0
2010-04-28,2010-04-28,speech,{'unknown'},5.502500602827691e-06,-3.4390628767673066e-07,8.597657191918269e-06,-4.470781739797499e-06,3.4390628767673066e-07,9.629376054948461e-06,1.6491955018192686e-05,2.8111286962828446e-06,1.1203773789533077e-05,2.8713671683460483e-05,3.092241565911129e-05
2010-05-09,2010-06-23,statements,,0.0,0.0,0.0,-0.0002254002294259943,0.0,-0.0002254002294259943,0.0,0.0,0.0,0.003703703703703704,0.0
2010-06-23,2010-08-10,minutes,,-2.8558517464894176e-05,1.5030798665733776e-06,5.8620114796361725e-05,-7.515399332866888e-06,0.0,2.404927786517404e-05,7.123174686486587e-05,5.248655032148012e-06,4.873751101280297e-05,5.0467836847577044e-05,0.0
2010-06-23,2010-06-23,statements,,-0.00048828125,0.0,0.000732421875,0.0,0.0,0.000244140625,0.001953125,0.0,0.00234375,0.0,0.0
2010-06-23,2010-06-23,speech,{'unknown'},3.2669581983984752e-06,5.158355050102856e-07,1.1348381110226282e-05,-5.158355050102856e-06,3.438903366735237e-07,1.0316710100205713e-05,9.325519529601161e-06,8.4331253162422e-06,1.672800267648043e-05,3.0921459492888065e-05,3.0921459492888065e-05
2010-08-10,2010-09-21,minutes,,-7.974552239143361e-06,1.395546641850088e-05,1.196182835871504e-05,-5.98091417935752e-06,1.9936380597858403e-06,1.395546641850088e-05,2.6400549131421932e-05,5.835910860630111e-05,1.0330649660121625e-05,5.2801098262843864e-05,0.0001584032947885316
2010-08-10,2010-08-10,statements,,-0.00023318948388832052,-0.00011659474194416026,0.0,-0.00011659474194416026,0.0,-0.00046637896777664104,0.0011933174224343676,0.002386634844868735,0.0,0.002386634844868735,0.0
2010-08-10,2010-08-10,speech,{'unknown'},-3.409428359186349e-06,-2.727542687349079e-06,1.2955827764908125e-05,-8.182628062047237e-06,0.0,-1.3637713436745388e-06,5.533666828987561e-05,2.582377853527528e-05,1.549426712116517e-05,5.164755707055056e-05,0.0
2010-09-21,2010-09-21,statements,,-0.00038951514118602565,-0.00012983838039534187,-0.00025967676079068373,-0.00012983838039534187,0.0,-0.0009088686627673932,0.0015384615384615385,0.002564102564102564,0.001282051282051282,0.002564102564102564,0.0
2010-09-21,2010-09-21,speech,{'unknown'},5.455486975806838e-06,-7.793552822581198e-06,4.676131693548719e-06,-1.5587105645162395e-06,1.5587105645162395e-06,2.338065846774359e-06,2.3712737127371277e-05,5.2930216802168025e-05,7.259001161440186e-06,1.6937669376693767e-05,8.468834688346883e-05
2010-09-21,2010-11-03,minutes,,-2.103533472648932e-05,2.5709853554598062e-05,4.6745188281087384e-05,-1.6360815898380585e-05,0.0,3.5058891210815536e-05,5.465741944103679e-05,8.423051595019679e-05,5.336919743400899e-05,0.00017611835153222966,0.0
2010-11-03,2010-11-03,speech,{'unknown'},5.599198633872627e-06,-3.421732498477716e-06,9.331997723121044e-06,-2.7995993169363135e-06,3.1106659077070147e-07,9.020931132350341e-06,1.1167167534810543e-05,2.4047815802475614e-05,1.2752629592221916e-05,4.5909466531998895e-05,4.5909466531998895e-05
2010-11-03,2010-11-03,statements,,0.00020951312035156962,-0.00031426968052735446,0.0,-0.00010475656017578481,0.0,-0.00020951312035156962,0.0007407407407407407,0.0022222222222222222,0.0,0.0022222222222222222,0.0
2010-11-03,2010-12-14,minutes,,-3.575372394703807e-06,-1.2513803381463326e-05,0.0,-3.575372394703807e-06,0.0,-1.966454817087094e-05,6.695322647598388e-06,3.818813658259821e-05,0.0,7.364854912358227e-05,0.0
2010-12-14,2011-01-26,minutes,,2.1820145916155706e-05,-1.1901897772448568e-05,7.339503626343283e-05,-1.1901897772448568e-05,0.0,7.141138663469141e-05,4.936941788968179e-05,3.3660966742964855e-05,6.386952664049743e-05,0.00015708451146716933,0.0
2010-12-14,2010-12-14,statements,,0.00010985826807728063,-0.00021971653615456127,0.0,-0.00010985826807728063,0.0,-0.00021971653615456127,0.00044543429844097997,0.0022271714922048997,0.0,0.0022271714922048997,0.0
2010-12-14,2010-12-14,speech,{'unknown'},4.276998003795642e-06,-2.5661988022773853e-06,3.1649785228087753e-05,-8.98169580797085e-06,4.276998003795642e-07,2.4806588422014726e-05,2.3652739933393887e-05,1.8922191946715107e-05,2.4422829140527637e-05,5.676657584014532e-05,5.676657584014532e-05
2011-01-26,2011-01-26,speech,{'unknown'},4.31105681292873e-06,-1.724422725171492e-05,3.0177397690501105e-05,-7.544349422625276e-06,1.0777642032321825e-06,1.0777642032321822e-05,1.1065190570244596e-05,4.94679107846229e-05,2.8856281291030026e-05,0.00010511931041732366,0.00010511931041732366
2011-01-26,2011-01-26,statements,,0.00011335333364859464,-0.00011335333364859464,0.0,-0.00011335333364859464,0.0,-0.00011335333364859464,0.00045454545454545455,0.0007575757575757576,0.0,0.0022727272727272726,0.0
2011-01-26,2011-03-15,minutes,,1.3118692645858059e-05,6.054781221165257e-06,5.550216119401487e-05,-6.054781221165257e-06,0.0,6.862085383987293e-05,2.8984537863839556e-05,1.7705486930399733e-05,5.808642203482017e-05,0.00010033109260559848,0.0
2011-03-15,2011-03-15,speech,{'unknown'},1.3669896611678312e-06,-1.7087370764597893e-06,2.323882423985313e-05,-5.809706059963283e-06,0.0,1.708737076459789e-05,7.520097460463088e-06,1.2863324603423702e-05,2.215922051683123e-05,4.373530365164059e-05,0.0
2011-03-15,2011-03-15,statements,,0.00020745418219864025,0.0,0.00020745418219864025,0.0,0.0,0.0004149083643972805,0.000715307582260372,0.0,0.001072961373390558,0.0,0.0
2011-03-15,2011-04-27,minutes,,5.8081949133055965e-05,4.065736439313917e-05,6.389014404636155e-05,-7.74425988440746e-06,1.936064971101865e-06,0.0001568212626592511,8.285095665237947e-05,8.327583335316091e-05,6.300764110847625e-05,0.0001546551190844417,0.0001546551190844417
2011-04-27,2011-06-22,minutes,,5.080092701044808e-05,1.7462818659841526e-05,7.620139051567211e-05,-6.35011587630601e-06,1.5875289690765025e-06,0.00013970254927873218,6.357582211484972e-05,5.124430489429697e-05,6.484733855714671e-05,0.00013509862199405565,0.00013509862199405565
2011-04-27,2011-04-27,press_conferences,,2.9973238543472917e-05,9.122289991491756e-06,1.1728658560489403e-05,0.0,0.0,5.082418709545408e-05,6.0890053742090905e-05,3.625778247402389e-05,3.0634126416828345e-05,0.0,0.0
2011-04-27,2011-04-27,statements,,0.00021575705432971237,0.0,0.00021575705432971237,0.0,0.0,0.00043151410865942475,0.0007137758743754461,0.0,0.0010706638115631692,0.0,0.0
2011-04-27,2011-04-27,speech,{'unknown'},7.292684445678623e-06,-1.7679235019826966e-06,6.850703570182949e-06,-9.281598385409158e-06,0.0,3.093866128469718e-06,1.2697142373442195e-05,1.6245502026626377e-05,9.064990130857518e-06,3.655237955990935e-05,0.0
2011-06-22,2011-08-09,minutes,,3.317395885631728e-05,1.842997714239849e-06,2.3958970285118036e-05,-9.214988571199244e-06,0.0,4.976093828447592e-05,6.728468899521531e-05,5.15591486553374e-06,2.0038968085631133e-05,0.00014952153110047846,0.0
2011-06-22,2011-06-22,speech,{'unknown'},3.008344293200444e-06,-3.760430366500555e-07,1.8050065759202664e-05,-4.387168760917314e-06,0.0,1.6295198254835738e-05,1.036400098803476e-05,2.423838940750065e-06,1.3259824793515061e-05,2.5046335721084007e-05,0.0
2011-06-22,2011-06-22,press_conferences,,-5.054025692342155e-06,5.054025692342155e-06,1.6846752307807184e-06,0.0,0.0,1.6846752307807184e-06,2.2355194229379195e-05,2.4985217079894396e-05,7.451731409793065e-06,0.0,0.0
2011-06-22,2011-06-22,statements,,0.00032122430534835977,0.0,-0.00010707476844945327,0.0,0.0,0.0002141495368989065,0.00130718954248366,0.0,0.0004357298474945534,0.0,0.0
2011-08-09,2011-08-09,statements,,0.0,-8.443911944781494e-05,-0.00025331735834344484,0.0,0.0,-0.00033775647779125977,0.0,0.0006325110689437065,0.0008132285172133369,0.0,0.0
2011-08-09,2011-09-21,minutes,,5.9221985142643235e-06,-7.896264685685764e-06,-5.132572045695746e-05,-1.1844397028528647e-05,1.974066171421441e-06,-6.317011748548611e-05,1.886199308393587e-05,1.746480841105173e-05,5.108456460232631e-05,0.00015718327569946557,0.00015718327569946557
2011-08-09,2011-08-09,speech,{'unknown'},-5.488215946591149e-06,1.0976431893182298e-05,7.683502325227609e-05,-5.488215946591149e-06,0.0,7.683502325227609e-05,4.444839541292559e-05,0.00015556938394523958,0.00012811596324902082,0.00031113876789047915,0.0
2011-09-21,2011-09-21,statements,,-7.00322039538324e-05,7.00322039538324e-05,-7.00322039538324e-05,-7.00322039538324e-05,0.0,-0.0001400644079076648,0.00033557046979865775,0.0005592841163310962,0.00033557046979865775,0.0016778523489932886,0.0
2011-09-21,2011-11-02,minutes,,0.0,-2.016902149560596e-05,-4.033804299121192e-05,-2.1609665888149243e-05,0.0,-8.211673037496713e-05,0.0,5.5682830596919944e-05,4.242501378812948e-05,0.00012727504136438844,0.0
2011-09-21,2011-09-21,speech,{'unknown'},5.915350733084048e-07,2.9576753665420243e-06,2.7802148445495028e-05,-1.4788376832710121e-05,5.915350733084048e-07,1.715451712594374e-05,3.0637911965023757e-06,2.0725646329280778e-05,3.639514597163812e-05,5.338424054511716e-05,7.046719751955464e-05
2011-11-02,2011-11-02,statements,,-9.463084118256597e-05,9.463084118256597e-05,0.0004731542059128298,-9.463084118256597e-05,0.0,0.00037852336473026386,0.00040899795501022495,0.0006816632583503748,0.002044989775051125,0.002044989775051125,0.0
2011-11-02,2011-12-13,minutes,,4.881340698245326e-06,4.881340698245326e-06,2.277958992514486e-05,-2.7660930623390188e-05,0.0,4.881340698245324e-06,9.19667080516853e-06,1.182429103521668e-05,2.3552449622992576e-05,0.00013795006207752792,0.0
2011-11-02,2011-11-02,press_conferences,,1.650902618524796e-06,-3.301805237049592e-06,8.254513092623979e-06,-6.603610474099184e-06,0.0,0.0,1.0744947188584569e-05,2.7936862690319878e-05,3.6759029855684045e-05,0.0001396843134515994,0.0
2011-11-02,2011-11-02,speech,{'unknown'},2.46807527289598e-06,-2.46807527289598e-06,1.6453835152639868e-05,-2.8794211517119766e-06,0.0,1.357441400092789e-05,8.362369337979094e-06,4.181184668989547e-06,1.1614401858304297e-05,3.484320557491289e-05,0.0
2011-12-13,2011-12-13,speech,{'unknown'},3.3483454144158525e-06,2.092715884009908e-06,1.297483848086143e-05,-1.6323183895277284e-05,0.0,2.0927158840099055e-06,5.595344673231871e-05,3.108524818462151e-05,1.365792794253449e-05,5.595344673231871e-05,0.0
2011-12-13,2012-01-25,minutes,,-2.276045976438831e-05,1.4631724134249626e-05,3.251494252055473e-05,-2.601195401644378e-05,0.0,-1.6257471260277342e-06,8.057090239410682e-05,3.1874203144921376e-05,3.368818218568926e-05,0.00013812154696132598,0.0
2011-12-13,2011-12-13,statements,,-0.00022783539199399078,0.00011391769599699539,0.00045567078398798156,-0.00011391769599699539,0.0,0.00022783539199399075,0.0011547344110854503,0.0007698229407236335,0.0023094688221709007,0.0023094688221709007,0.0
2012-01-25,2012-03-13,minutes,,1.9001525696316903e-06,8.550686563342607e-06,6.6505339937109165e-06,-9.500762848158452e-06,0.0,7.600610278526762e-06,5.361987796115776e-06,2.1186390804164773e-05,7.424290794621844e-06,9.651578033008396e-05,0.0
2012-01-25,2012-01-25,speech,{'unknown'},2.464981135144304e-06,1.9719849081154428e-06,6.4089509513751895e-06,-1.2817901902750379e-05,4.929962270288607e-07,-1.4789886810865831e-06,3.467021689687691e-05,1.7830397261250978e-05,8.723473928891609e-06,6.240639041437844e-05,6.240639041437844e-05
2012-01-25,2012-01-25,statements,,-0.0001203016783333672,0.0001203016783333672,0.0003609050350001016,-0.0001203016783333672,0.0,0.00024060335666673436,0.00047393364928909954,0.0007898894154818325,0.0014218009478672985,0.002369668246445498,0.0
2012-01-25,2012-01-25,press_conferences,,-6.236079452706302e-06,3.118039726353151e-06,-1.0393465754510504e-06,-2.0786931509021007e-06,0.0,-6.236079452706302e-06,1.9238662015185717e-05,1.0614434215274878e-05,2.3861906375424144e-06,0.00010260619741432382,0.0
2012-03-13,2012-03-13,statements,,0.0,0.0002312361082317593,0.0004624722164635186,-0.00011561805411587965,0.0,0.0005780902705793983,0.0,0.0023094688221709007,0.0023094688221709007,0.0023094688221709007,0.0
2012-03-13,2012-03-13,speech,{'unknown'},1.711082288782611e-05,-1.9012025430917903e-06,3.8024050861835807e-06,-5.703607629275371e-06,0.0,1.3308417801642533e-05,7.269555103227682e-05,1.70520428347316e-05,6.975835705117473e-06,0.0001534683855125844,0.0
2012-03-13,2012-04-25,minutes,,-4.28369955309121e-06,3.426959642472968e-05,7.924844173218738e-05,-1.4992948435819234e-05,0.0,9.424139016800661e-05,8.289124668435014e-06,6.631299734748011e-05,7.050519832921735e-05,8.926749642930014e-05,0.0
2012-04-25,2012-04-25,press_conferences,,3.1482074192843647e-06,1.5741037096421824e-06,1.1018725967495276e-05,-1.4166933386779642e-05,0.0,1.5741037096421832e-06,1.6914749661705008e-05,7.121999857560003e-06,4.985399900292002e-05,0.00013531799729364006,0.0
2012-04-25,2012-06-20,minutes,,3.475408396649317e-05,1.5639337784921928e-05,4.518030915644112e-05,-1.3901633586597268e-05,0.0,8.167209732125895e-05,7.578341101132961e-05,3.160722751935943e-05,4.456786314237718e-05,0.00014398848092152627,0.0
2012-04-25,2012-04-25,speech,{'unknown'},-2.4649105578787865e-07,9.859642231515146e-07,-6.162276394696965e-06,-7.641222729424238e-06,0.0,-1.3064025956757567e-05,1.3104270681815202e-05,1.2096249860137112e-06,7.738742528631025e-06,3.931281204544561e-05,0.0
2012-04-25,2012-04-25,statements,,0.00022401528121644218,0.00022401528121644218,0.00022401528121644218,-0.00011200764060822109,0.0,0.0005600382030411055,0.0007541478129713423,0.0022624434389140274,0.0011312217194570137,0.0022624434389140274,0.0
2012-06-20,2012-08-01,minutes,,-1.073423945512333e-05,9.200776675819997e-06,3.0669255586066657e-06,-2.4535404468853326e-05,0.0,-2.3001941689549993e-05,1.8996960486322186e-05,1.9946808510638297e-05,2.7138514980460265e-06,0.00011820330969267139,0.0
2012-06-20,2012-06-20,speech,{'unknown'},-1.3459318367385517e-06,-6.729659183692759e-07,3.701312551031017e-06,-1.3795801326570157e-05,0.0,-1.2113386530646966e-05,5.348823526265398e-06,2.674411763132699e-06,5.574037148423941e-06,4.813941173638858e-05,0.0
2012-06-20,2012-06-20,press_conferences,,-6.8357361329161015e-06,1.3671472265832203e-05,-6.8357361329161015e-06,-3.4178680664580508e-06,0.0,-3.4178680664580508e-06,9.52925481227368e-05,5.7175528873642086e-05,2.38231370306842e-05,7.14694110920526e-05,0.0
2012-06-20,2012-06-20,statements,,0.0,0.00017571313220331503,8.785656610165752e-05,-8.785656610165752e-05,0.0,0.000175713132203315,0.0,0.0009881422924901185,0.0003952569169960474,0.001976284584980237,0.0
2012-08-01,2012-09-13,minutes,,-5.380921610069411e-06,1.7936405366898037e-05,-2.6904608050347054e-05,-1.434912429351843e-05,0.0,-2.869824858703686e-05,1.3390645295196776e-05,5.2606106516844475e-05,2.2317742158661292e-05,0.00014729709824716454,0.0
2012-08-01,2012-08-01,speech,{'unknown'},1.4762673099208155e-06,0.0,2.657281157857468e-05,-7.381336549604078e-06,0.0,2.0667742338891418e-05,4.3217079389774834e-05,0.0,7.77907429015947e-05,0.0001296512381693245,0.0
2012-08-01,2012-08-01,statements,,-0.00010546998662176034,-0.00010546998662176034,-0.00021093997324352068,-0.00010546998662176034,0.0,-0.0005273499331088017,0.00043383947939262476,0.0007230657989877079,0.0010845986984815619,0.0021691973969631237,0.0
2012-09-13,2012-09-13,press_conferences,,0.0,2.0301073832315188e-05,5.413619688617384e-06,-2.706809844308692e-06,0.0,2.300788367662388e-05,0.0,4.960301057205499e-05,9.411853288030947e-06,0.0001223540927444023,0.0
2012-09-13,2012-09-13,statements,,7.769049226657471e-05,0.00015538098453314942,0.00015538098453314942,-7.769049226657471e-05,-7.769049226657471e-05,0.0002330714767997241,0.00035398230088495576,0.0008849557522123894,0.0005899705014749262,0.0017699115044247787,0.0017699115044247787
2012-09-13,2012-09-13,speech,{'unknown'},4.264386202111137e-06,5.685848269481518e-06,3.2693627549518725e-05,-1.705754480844455e-05,1.4214620673703796e-06,2.7007779280037205e-05,5.418096442116669e-05,3.1605562579013905e-05,5.701395602488783e-05,0.00012642225031605562,0.00012642225031605562
2012-09-13,2012-10-24,minutes,,1.4398256478455019e-05,1.599806275383891e-06,-1.599806275383891e-06,-1.75978690292228e-05,-3.199612550767782e-06,-6.399225101535563e-06,3.722730995458268e-05,3.6891928783820677e-06,1.5689670862084656e-06,0.0001365001365001365,0.0001365001365001365
2012-10-24,2012-10-24,speech,{'unknown'},-6.120741296715493e-07,-1.2241482593430986e-06,1.1323371398923665e-05,-1.3159593787938312e-05,3.0603706483577466e-07,-3.3664077131935208e-06,4.541326067211626e-06,1.2975217334890358e-05,1.1127752615021865e-05,4.541326067211626e-05,4.541326067211626e-05
2012-10-24,2012-10-24,statements,,0.00024042062782815695,0.00016028041855210465,0.00016028041855210465,-8.014020927605233e-05,-8.014020927605233e-05,0.00040070104638026166,0.0010869565217391304,0.0009057971014492754,0.0006038647342995169,0.0018115942028985507,0.0018115942028985507
2012-10-24,2012-12-12,minutes,,1.633845621740152e-05,2.2465377298927082e-05,3.267691243480304e-05,-1.4296149190226327e-05,-2.04230702717519e-06,5.514228973373011e-05,4.589050525446285e-05,6.543646119617851e-05,3.1339857246950244e-05,0.00016061676839062,0.00016061676839062
2012-12-12,2013-01-30,minutes,,-1.6852811912065077e-06,3.5390905015336664e-05,0.0,-1.1796968338445553e-05,0.0,2.1908655485684602e-05,5.23491689569428e-06,8.022156432050424e-05,0.0,0.0001099332548095799,0.0
2012-12-12,2012-12-12,statements,,5.6889034201366643e-05,0.0003413342052081998,0.0001706671026040999,-5.6889034201366643e-05,0.0,0.0005120013078122997,0.0001610305958132045,0.0014492753623188406,0.0008695652173913043,0.0014492753623188406,0.0
2012-12-12,2012-12-12,press_conferences,,-4.197536033874491e-06,5.876550447424287e-06,-1.6790144135497964e-06,0.0,-8.395072067748982e-07,-8.39507206774898e-07,2.118850565944986e-05,1.7798344753937886e-05,6.356551697834958e-06,0.0,8.899172376968942e-05
2012-12-12,2012-12-12,speech,{'unknown'},2.4251086164785522e-06,-8.083695388261841e-07,4.04184769413092e-06,-5.254402002370196e-06,2.0209238470654602e-07,6.062771541196387e-07,5.90359430499936e-06,3.130693949620873e-06,4.8503709078633246e-06,3.4437633445829606e-05,3.4437633445829606e-05
2013-01-30,2013-01-30,speech,{'unknown'},6.866338414317757e-06,0.0,9.61287378004486e-06,-1.922574756008972e-05,0.0,-2.746535365727104e-06,0.00012354830738818879,0.0,6.652601167056319e-05,0.00012354830738818879,0.0
2013-01-30,2013-01-30,statements,,0.00012987665699879493,0.0001948149854981924,0.0001948149854981924,-6.493832849939746e-05,0.0,0.0004545682994957823,0.0003081664098613251,0.0009244992295839753,0.0009244992295839753,0.0015408320493066256,0.0
2013-01-30,2013-03-20,minutes,,1.02923700977149e-05,9.356700088831728e-06,2.3391750222079318e-05,-8.421030079948555e-06,0.0,3.4619790328677396e-05,3.3852195160982576e-05,2.981301278381988e-05,2.4091323461672632e-05,9.540164090822362e-05,0.0
2013-03-20,2013-03-20,statements,,0.00013062662360564396,0.00019593993540846597,0.00032656655901410994,0.0,0.0,0.0006531331180282199,0.0003091190108191654,0.0009273570324574961,0.0015455950540958269,0.0,0.0
2013-03-20,2013-03-20,speech,{'unknown'},-5.967934580251927e-07,3.3818295954760925e-06,2.188242679425707e-06,-3.8791574771637525e-06,9.946557633753213e-07,2.088777103088175e-06,2.1467519642780476e-06,7.298956678545361e-06,2.3151246673586785e-06,2.1467519642780472e-05,2.1467519642780472e-05
2013-03-20,2013-03-20,press_conferences,,0.0,9.99780509270581e-06,1.8745884548823393e-05,-2.4994512731764523e-06,0.0,2.624423836835275e-05,0.0,2.9005685114282398e-05,5.614003570506271e-05,0.00011602274045712959,0.0
2013-03-20,2013-05-01,minutes,,-5.046649287143595e-06,2.186881357762225e-05,5.046649287143595e-05,-6.728865716191461e-06,5.046649287143595e-06,6.560644073286674e-05,1.2805900959161982e-05,5.549223748970192e-05,4.695497018359393e-05,0.0001408649105507818,8.451894633046907e-05
2013-05-01,2013-05-01,speech,{'unknown'},1.0576354185919924e-06,1.9037437534655864e-06,7.6149750138623454e-06,-3.595960423212774e-06,0.0,6.98039376270715e-06,8.452685249049918e-06,5.809300043892489e-06,6.2041068429919786e-06,3.5501278046009656e-05,0.0
2013-05-01,2013-05-01,statements,,0.00018414391933997644,0.0003069065322332941,0.00024552522578663523,0.0,6.138130644665881e-05,0.0007979569838065645,0.0004052411184654869,0.0014858841010401188,0.0009905894006934125,0.0,0.0004952947003467063
2013-05-01,2013-06-19,minutes,,-1.807266715511553e-06,2.530173401716174e-05,5.6025268180858136e-05,-7.229066862046212e-06,3.614533431023106e-06,7.590520205148522e-05,4.220923115885444e-06,5.170630816959669e-05,5.032639099709568e-05,0.00014773230905599054,7.386615452799527e-05
2013-06-19,2013-07-31,minutes,,-6.998470966342254e-06,5.598776773073803e-05,4.6189908377858875e-05,-9.797859352879155e-06,2.7993883865369014e-06,8.81807341759124e-05,1.5961793850240062e-05,9.57707631014404e-05,3.7693263642677e-05,0.0001245019920318725,6.225099601593625e-05
2013-06-19,2013-06-19,press_conferences,,-5.755062959940604e-06,6.906075551928725e-06,1.611417628783369e-05,0.0,3.4530377759643624e-06,2.071822665578617e-05,1.484185998189293e-05,2.059308072487644e-05,4.522402041541493e-05,0.0,0.00010982976386600769
2013-06-19,2013-06-19,speech,{'unknown'},-5.081275112140085e-07,1.016255022428017e-06,6.859721401389114e-06,-1.2449124024743208e-05,0.0,-5.081275112140086e-06,3.646720322078339e-06,7.293440644156678e-06,1.0940160966235016e-05,4.011392354286173e-05,0.0
2013-06-19,2013-06-19,statements,,5.757020772262923e-05,0.00034542124633577534,0.00017271062316788767,0.0,5.757020772262923e-05,0.0006332722849489215,0.0001097333479644464,0.0014265335235378032,0.0006113715100876299,0.0,0.000475511174512601
2013-07-31,2013-09-18,minutes,,-5.131096598751268e-06,3.2496945125424695e-05,3.420731065834179e-05,-1.1972558730419626e-05,3.420731065834179e-06,5.3021331520429774e-05,1.0403914646284242e-05,5.7479783755003006e-05,2.8437366699843595e-05,0.00014218683349921798,7.109341674960899e-05
2013-07-31,2013-07-31,statements,,0.00022892697841630122,0.0003433904676244518,0.00011446348920815061,0.0,5.7231744604075305e-05,0.0007440126798529789,0.00047348484848484844,0.0014204545454545455,0.0003551136363636364,0.0,0.00047348484848484844
2013-07-31,2013-07-31,speech,{'unknown'},3.752345561601809e-06,-4.690431952002261e-07,5.628518342402714e-06,-5.1594751472024875e-06,9.380863904004522e-07,4.690431952002261e-06,7.546030787805614e-06,2.6247063609758656e-06,6.9655668810513364e-06,6.036824630244491e-05,6.036824630244491e-05
2013-09-18,2013-09-18,statements,,0.00018639279120995908,0.0002795891868149386,0.0003261873846174284,0.0,0.0,0.0007921693626423261,0.0004156275976724854,0.0009351620947630922,0.0006713984270093995,0.0,0.0
2013-09-18,2013-09-18,press_conferences,,4.9386164139623825e-06,2.2223773862830723e-05,1.8519811552358935e-05,-1.2346541034905956e-06,3.7039623104717875e-06,4.8151510036133235e-05,1.6441148907485654e-05,6.092896359832919e-05,5.5687762428580445e-05,0.00011508804235239959,0.00011508804235239959
2013-09-18,2013-10-30,minutes,,-1.1948065697695222e-05,3.7551063621327845e-05,2.560299792363262e-05,-1.1948065697695222e-05,5.120599584726525e-06,4.4378529734296556e-05,3.9925851989162985e-05,7.469121970761783e-05,2.4584884229780162e-05,0.00014259232853272493,0.00014259232853272493
2013-10-30,2013-10-30,statements,,0.00019466400461567264,0.000291996006923509,0.000291996006923509,0.0,0.0,0.0007786560184626905,0.00042735042735042735,0.0009615384615384616,0.000641025641025641,0.0,0.0
2013-10-30,2013-10-30,speech,{'unknown'},2.428807203020593e-06,2.6986746700228814e-07,6.206951741052626e-06,-8.63575894407322e-06,1.0794698680091526e-06,1.349337335011441e-06,1.2960194921331616e-05,3.2123560061420248e-06,1.5245943584705798e-05,4.176062807984632e-05,4.176062807984632e-05
2013-10-30,2013-12-18,minutes,,-1.0855738435534696e-05,1.8609837318059476e-05,2.7914755977089214e-05,-4.652459329514869e-06,1.5508197765049564e-06,3.2567215306604083e-05,2.8267752148349163e-05,3.8074931465123364e-05,3.075282926029195e-05,0.00013326226012793177,2.6652452025586356e-05
2013-12-18,2013-12-18,press_conferences,,-5.832114583846402e-06,6.804133681154136e-06,5.832114583846402e-06,-2.916057291923201e-06,4.860095486538668e-06,8.748171875769603e-06,1.962515945442057e-05,2.215743809370064e-05,1.7316317165665206e-05,9.812579727210283e-05,9.812579727210283e-05
2013-12-18,2014-01-29,minutes,,-1.2892760784126147e-05,4.512466274444151e-05,7.091018431269381e-05,-5.157104313650459e-06,9.024932548888303e-06,0.000107009914508247,2.032941788744821e-05,7.503403329367248e-05,6.060826454295307e-05,0.00011791062374719962,9.17082629144886e-05
2013-12-18,2013-12-18,statements,,4.038411276758343e-05,0.00032307290214066744,0.00020192056383791713,0.0,8.076822553516686e-05,0.0006461458042813349,8.731336767659129e-05,0.0009080590238365494,0.0006305965443309371,0.0,0.0005675368898978433
2013-12-18,2013-12-18,speech,{'unknown'},1.975791548165823e-06,8.78129576962588e-07,1.3611008442920112e-05,-4.1711154905722926e-06,2.19532394240647e-07,1.2513346471716877e-05,1.2130475393330664e-05,8.086983595553775e-06,1.8195713089996e-05,3.6391426179992e-05,3.6391426179992e-05
2014-01-29,2014-03-19,minutes,,-4.082099111486599e-06,1.7144816268243716e-05,4.1637410937163314e-05,-4.082099111486599e-06,2.4492594668919597e-06,5.306728844932579e-05,7.635732786004006e-06,4.4585229974862424e-05,3.999473010615072e-05,4.835964097802538e-05,5.222841225626741e-05
2014-01-29,2014-01-29,statements,,4.314911378727664e-05,0.00038834202408548975,0.00025889468272365985,0.0,4.314911378727664e-05,0.000733534934383703,9.114108640174992e-05,0.001184834123222749,0.0008886255924170616,0.0,0.00039494470774091627
2014-01-29,2014-01-29,speech,{'unknown'},-2.329255456766433e-06,-9.317021827065733e-06,1.39755327405986e-05,-1.6304788197365034e-05,6.9877663702993e-06,-6.987766370299302e-06,2.510229183924492e-05,5.857201429157148e-05,4.054985604801103e-05,0.00017571604287471446,0.00017571604287471446
2014-03-19,2014-03-19,press_conferences,,9.213638469311381e-06,1.2284851292415175e-05,-9.213638469311381e-06,-4.6068192346556905e-06,4.6068192346556905e-06,1.2284851292415173e-05,2.662052442433116e-05,4.0954652960509475e-05,4.9913483295620925e-05,0.0001331026221216558,0.0001331026221216558
2014-03-19,2014-03-19,statements,,-7.973916816741686e-05,0.00015947833633483372,7.973916816741686e-05,0.0,3.986958408370843e-05,0.00019934792041854214,0.00018747656542932132,0.0007499062617172853,0.00037495313085864263,0.0,0.00037495313085864263
2014-03-19,2014-03-19,speech,{'unknown'},5.156938706849398e-06,1.2892346767123495e-06,-7.735408060274096e-06,-6.446173383561748e-06,0.0,-7.735408060274096e-06,0.00011845534233593936,1.692219176227705e-05,4.4420753375977256e-05,0.00011845534233593936,0.0
2014-03-19,2014-04-30,minutes,,-7.066044714674569e-06,2.5437760972828453e-05,9.892462600544398e-06,-7.066044714674569e-06,4.239626828804742e-06,2.5437760972828453e-05,1.2279460882549412e-05,5.6362725450901804e-05,1.0563295265229252e-05,8.946464357286001e-05,7.51503006012024e-05
2014-04-30,2014-04-30,statements,,-4.497164095975731e-05,0.00017988656383902924,8.994328191951462e-05,0.0,4.497164095975731e-05,0.00026982984575854384,0.00011046062078868883,0.0008100445524503847,0.00040502227622519235,0.0,0.00040502227622519235
2014-04-30,2014-04-30,speech,{'unknown'},4.756016870236894e-07,-7.134025305355341e-07,1.664605904582913e-06,-2.1402075916066026e-06,4.756016870236894e-07,-2.3780084351184492e-07,2.0201734520925964e-06,1.3547045502268002e-06,2.0201734520925964e-06,3.8383295589759336e-05,3.8383295589759336e-05
2014-04-30,2014-06-18,minutes,,-1.1806784786422122e-05,4.722713914568849e-06,5.667256697482619e-05,-1.4168141743706547e-05,2.3613569572844243e-06,3.778171131655079e-05,3.276454090325286e-05,1.360988622135119e-05,5.8976173625855154e-05,0.00017692852087756547,0.00017692852087756547
2014-06-18,2014-06-18,press_conferences,,1.9822004051931694e-05,1.9822004051931694e-05,-1.8020003683574264e-06,-1.8020003683574264e-06,1.8020003683574264e-06,3.7842007735505956e-05,6.515622686213534e-05,5.254534424365754e-05,6.4383623381556665e-06,0.00014808233377758035,0.00014808233377758035
2014-06-18,2014-07-30,minutes,,-3.1052610470290985e-06,1.7078935758660044e-05,3.2605240993805536e-05,-4.657891570543648e-06,3.1052610470290985e-06,4.502628518192192e-05,5.8203829812001626e-06,4.462293618920125e-05,3.089280197713933e-05,5.737234652897303e-05,0.00013386880856760375
2014-06-18,2014-06-18,statements,,-4.610578314649821e-05,0.00023052891573249108,0.00023052891573249108,0.0,4.610578314649821e-05,0.0004610578314649821,0.0001122334455667789,0.0008818342151675486,0.0008818342151675486,0.0,0.00041152263374485596
2014-06-18,2014-06-18,speech,{'unknown'},-7.513472325406184e-07,7.513472325406184e-07,3.0053889301624735e-06,-6.762125092865566e-06,7.513472325406184e-07,-3.005388930162474e-06,1.7354783846167194e-05,2.6032175769250796e-05,2.3139711794889594e-05,5.206435153850159e-05,5.206435153850159e-05
2014-07-30,2014-07-30,speech,{'unknown'},5.926382277155774e-06,1.975460759051925e-06,5.926382277155774e-06,-2.436401602830707e-05,0.0,-1.05357907149436e-05,4.541326067211626e-05,2.5229589262286808e-05,1.7466638720044714e-05,7.568876778686043e-05,0.0
2014-07-30,2014-09-17,minutes,,3.0283544498823475e-05,3.893598578420161e-05,3.749391223663859e-05,-7.210367737815113e-06,2.884147095126045e-06,0.0001023872218769746,5.9251735229388865e-05,5.441485888413262e-05,3.9299620305206896e-05,0.00012696800406297612,6.348400203148806e-05
2014-07-30,2014-07-30,statements,,8.335457720343063e-05,0.0002083864430085766,0.00016670915440686126,0.0,4.1677288601715315e-05,0.0005001274632205838,0.00028968713789107763,0.0006437491953135059,0.000772499034376207,0.0,0.0003862495171881035
2014-09-17,2014-09-17,press_conferences,,-1.0105905073746083e-05,5.0529525368730414e-06,-6.737270049164055e-06,-6.737270049164055e-06,0.0,-1.8527492635201154e-05,3.2668350901646484e-05,1.572920598968164e-05,2.359380898452246e-05,0.00014156285390713478,0.0
2014-09-17,2014-10-29,minutes,,-4.262405730580905e-06,3.6940849665034506e-05,5.683207640774539e-05,-1.136641528154908e-05,0.0,7.814410506064992e-05,7.697320819200196e-06,6.286145335680161e-05,5.238454446400134e-05,0.00012572290671360322,0.0
2014-09-17,2014-09-17,speech,{'unknown'},1.4841925580740743e-06,1.6326118138814818e-05,-7.420962790370372e-06,-2.9683851161481486e-06,7.420962790370372e-07,8.163059069407407e-06,5.85480093676815e-06,2.4368630926007976e-05,1.2807377049180328e-05,8.19672131147541e-05,8.19672131147541e-05
2014-09-17,2014-09-17,statements,,7.714569223167802e-05,0.00019286423057919504,0.00023143707669503403,0.0,0.0,0.0005014469995059071,0.0002205071664829107,0.000787525594581824,0.0008269018743109151,0.0,0.0
2014-10-29,2014-10-29,statements,,-0.00010399150117680431,0.0002599787529420108,0.00020798300235360862,0.0,0.00010399150117680431,0.00046796175529561937,0.00027434842249657066,0.0009798157946306096,0.0013717421124828531,0.0,0.0013717421124828531
2014-10-29,2014-12-17,minutes,,-3.5240641246974534e-05,1.8975729902217057e-05,3.659605052570433e-05,0.0,4.06622783618937e-06,2.4397367017136216e-05,5.475459412104135e-05,4.27507023329669e-05,3.9733871359384035e-05,0.0,0.00012214486380847684
2014-10-29,2014-10-29,speech,{'unknown'},6.395166983331889e-07,-6.395166983331889e-07,2.87782514249935e-05,-6.395166983331889e-06,0.0,2.2383084441661612e-05,6.748002591232995e-06,7.422802850356295e-05,3.3740012956164975e-05,7.422802850356295e-05,0.0
2014-12-17,2014-12-17,statements,,-0.0002558571933270073,0.00020468575466160583,0.0002558571933270073,0.0,0.00010234287733080291,0.00030702863199240875,0.0006175889328063241,0.0009057971014492753,0.001358695652173913,0.0,0.001358695652173913
2014-12-17,2015-01-28,minutes,,-4.8942789843557746e-05,3.3281097093619266e-05,4.5027366656073126e-05,-3.91542318748462e-06,1.95771159374231e-06,2.740796231239233e-05,6.63112384286889e-05,6.186992757579066e-05,4.930649345081141e-05,0.00015649452269170578,0.00015649452269170578
2014-12-17,2014-12-17,speech,{'unknown'},1.6948004349833618e-06,0.0,7.457121913926792e-06,-9.829842522903498e-06,0.0,-6.779201739933445e-07,4.861448711716091e-05,0.0,2.9708853238265006e-05,4.861448711716091e-05,0.0
2014-12-17,2014-12-17,press_conferences,,-2.0967764749367986e-05,2.4193574710809216e-05,9.677429884323687e-06,-9.677429884323687e-06,1.6129049807206145e-06,4.838714942161845e-06,4.157964260697962e-05,0.00012135235059503102,4.584422133590061e-05,0.00013753266400770182,0.00013753266400770182
2015-01-28,2015-01-28,statements,,-7.550448573716758e-05,0.00030201794294867034,0.00022651345721150275,0.0,0.00015100897147433517,0.0006040358858973407,0.0002501876407305479,0.0011675423234092236,0.0017513134851138354,0.0,0.0017513134851138354
2015-01-28,2015-03-18,minutes,,-1.4655932619139744e-06,1.3923135988182758e-05,1.905271240488167e-05,-3.6639831547849366e-06,7.327966309569872e-07,2.8579068607322503e-05,2.540030886775583e-06,3.766679949169645e-05,2.248197550848176e-05,8.128098837681866e-05,8.128098837681866e-05
2015-01-28,2015-01-28,speech,{'unknown'},0.0,0.0,0.0,0.0,0.0,0.0,0.0,0.0,0.0,0.0,0.0
2015-03-18,2015-03-18,statements,,-0.00014513421691555027,0.00029026843383110054,-7.256710845777513e-05,0.0,7.256710845777513e-05,0.00014513421691555027,0.0004266211604095563,0.0011376564277588168,0.00034129692832764505,0.0,0.0017064846416382253
2015-03-18,2015-03-18,speech,{'unknown'},7.354383112713924e-07,-3.677191556356962e-07,1.4708766225427847e-06,-1.2870170447249365e-05,3.677191556356962e-07,-1.0663855513435189e-05,8.554466286848363e-06,1.7108932573696725e-05,5.702977524565575e-06,5.132679772109018e-05,5.132679772109018e-05
2015-03-18,2015-03-18,press_conferences,,-1.2349725106246402e-05,2.4699450212492804e-05,1.4113971549995889e-05,-3.528492887498972e-06,0.0,2.293520376874332e-05,4.088188056650606e-05,0.00010220470141626514,4.171620465970006e-05,0.0001460067163089502,0.0
2015-03-18,2015-04-29,minutes,,-8.030380431630931e-06,4.282869563536497e-05,0.0,-4.015190215815466e-06,1.3383967386051553e-06,3.2121521726523725e-05,1.3476180850347011e-05,7.463730932499884e-05,0.0,0.00012128562765312311,0.00012128562765312311
2015-04-29,2015-06-17,minutes,,4.718494420579506e-06,1.8873977682318025e-05,3.774795536463605e-05,-1.572831473526502e-06,1.572831473526502e-06,6.134042746753358e-05,8.223571497101191e-06,6.19930774396859e-05,3.581822252070741e-05,0.0001343183344526528,0.0001343183344526528
2015-04-29,2015-04-29,statements,,-7.833193116776013e-05,0.0,-7.833193116776013e-05,0.0,7.833193116776013e-05,-7.833193116776013e-05,0.0002541942043721403,0.0,0.0005931198102016607,0.0,0.0017793594306049821
2015-04-29,2015-04-29,speech,{'unknown'},7.556636047125004e-06,1.3696402835414071e-05,7.556636047125004e-06,-5.19518728239844e-06,9.445795058906255e-07,2.4559067153156266e-05,1.617239776012291e-05,2.4771102203005164e-05,1.0107748600076818e-05,6.0646491600460916e-05,6.0646491600460916e-05
2015-06-17,2015-06-17,press_conferences,,-3.215853420809333e-06,3.3766460918498e-05,1.7687193814451334e-05,-4.823780131214e-06,1.6079267104046666e-06,4.502194789133066e-05,9.149967975112086e-06,9.297548103742926e-05,3.871140297162806e-05,0.0001372495196266813,0.0001372495196266813
2015-06-17,2015-07-29,minutes,,4.26763533156174e-06,4.4098898426137986e-05,3.414108265249392e-05,-4.26763533156174e-06,1.4225451105205802e-06,7.96625261891525e-05,7.430027714003373e-06,8.331116181446335e-05,3.295055768818887e-05,0.00012631047113805733,0.00012631047113805733
2015-06-17,2015-06-17,statements,,-8.063639696366195e-05,0.0003225455878546478,0.00024190919089098586,0.0,8.063639696366195e-05,0.0005644547787456338,0.0002611647949856359,0.0018281535648994515,0.0018281535648994515,0.0,0.0018281535648994515
2015-06-17,2015-06-17,speech,{'unknown'},-6.89798296066543e-07,2.5292604189106573e-06,1.8394621228441144e-06,-1.6095293574886e-06,0.0,2.0693948881996284e-06,2.2978715581713844e-06,9.174464961884269e-06,1.830824493502404e-06,3.753190211679928e-05,0.0
2015-07-29,2015-09-17,minutes,,-6.64833498097015e-06,3.989000988582091e-05,3.7230675893432844e-05,-7.97800197716418e-06,1.3296669961940301e-06,6.382401581731345e-05,1.0233759535305447e-05,7.547397657287767e-05,3.9316676168196745e-05,0.00012075836251660427,0.00012075836251660427
2015-07-29,2015-07-29,statements,,-8.201076796821755e-05,0.0004920646078093052,0.0002460323039046526,0.0,8.201076796821755e-05,0.0007380969117139578,0.0002640612622128334,0.0018484288354898336,0.0018484288354898336,0.0,0.0018484288354898336
2015-07-29,2015-07-29,speech,{'unknown'},8.300907744532444e-07,7.0557715828525775e-06,9.130998518985688e-06,-2.1997405523010977e-05,0.0,-4.980544646719467e-06,2.776852160390981e-06,2.1956505454254265e-05,1.1313101394185477e-05,5.553704320781961e-05,0.0
2015-09-17,2015-09-17,press_conferences,,1.5734649120645139e-06,3.6189692977483815e-05,2.8322368417161247e-05,-1.5734649120645139e-06,1.5734649120645139e-06,6.608552630670957e-05,2.760844597579291e-06,6.914381914381914e-05,4.87012987012987e-05,0.00013528138528138528,0.00013528138528138528
2015-09-17,2015-10-28,minutes,,1.5932588902742132e-05,4.9391025598500616e-05,3.823821336658112e-05,-7.966294451371066e-06,1.5932588902742134e-06,9.7188792306727e-05,1.8917037440600505e-05,8.983580333493684e-05,2.971694608850697e-05,0.00013620266957232362,0.00013620266957232362
2015-09-17,2015-09-17,statements,,7.188041776948906e-05,0.00043128250661693445,7.188041776948906e-05,-7.188041776948906e-05,7.188041776948906e-05,0.0005750433421559125,0.00024213075060532685,0.001694915254237288,0.00033898305084745765,0.001694915254237288,0.001694915254237288
2015-09-17,2015-09-17,speech,{'unknown'},-1.19570653234961e-05,-2.989266330874025e-06,-2.0924864316118176e-05,-2.989266330874025e-06,0.0,-3.886046230136232e-05,1.5962456302775872e-05,2.3056881326231813e-05,8.544608962074142e-05,0.00020751193193608634,0.0
2015-10-28,2015-10-28,statements,,0.0,0.00014704951079462324,0.00022057426619193483,0.0,7.352475539731162e-05,0.00044114853238386967,0.0,0.0017211703958691911,0.0017211703958691911,0.0,0.0017211703958691911
2015-10-28,2015-12-16,minutes,,1.4193124498875762e-06,3.406349879730183e-05,4.116006104673971e-05,-7.096562249437882e-06,1.4193124498875762e-06,7.096562249437882e-05,2.683389550344413e-06,7.965430033653942e-05,3.62124748229647e-05,0.0001261193088661874,0.0001261193088661874
2015-10-28,2015-10-28,speech,{'unknown'},9.229190181721936e-06,6.712138313979589e-06,-1.957707008244047e-06,-3.0763967272406454e-06,0.0,1.0907224760216834e-05,9.869102799864465e-06,1.973820559972893e-05,2.603154651558453e-06,4.276611213274601e-05,0.0
2015-12-16,2015-12-16,statements,,6.804138174397718e-05,0.0002721655269759087,0.00040824829046386303,0.0,6.804138174397718e-05,0.000816496580927726,0.0002380952380952381,0.0008333333333333334,0.0016666666666666668,0.0,0.0016666666666666668
2015-12-16,2015-12-16,press_conferences,,1.4272781150449228e-05,2.724803674176671e-05,1.5570306709580976e-05,1.2975255591317479e-06,1.2975255591317479e-06,5.9686175720060414e-05,2.907975784492558e-05,7.13775874375446e-05,3.244435792615664e-05,0.00011896264572924102,0.00011896264572924102
2015-12-16,2016-01-27,minutes,,-4.595803994983934e-06,4.595803994983933e-05,6.434125592977507e-05,-6.1277386599785775e-06,3.0638693299892888e-06,0.00010263962255464116,5.315614617940199e-06,8.666762964032934e-05,6.0667340748230535e-05,0.000132890365448505,0.000132890365448505
2015-12-16,2015-12-16,speech,{'unknown'},-2.857856961645516e-06,3.1586840102397808e-06,4.512405728913972e-06,-7.069435641965224e-06,1.5041352429713244e-07,-2.1057893401598547e-06,4.441123211483716e-06,1.6969765534406197e-05,3.421323696452863e-06,2.8282942557343666e-05,2.8282942557343666e-05
2016-01-27,2016-01-27,statements,,-7.387159844160996e-05,0.0005171011890912697,0.00036935799220804983,0.0,7.387159844160996e-05,0.0008864591812993194,0.00035211267605633805,0.0017605633802816902,0.0012575452716297787,0.0,0.0017605633802816902
2016-01-27,2016-01-27,speech,{'unknown'},2.3793873198475427e-05,5.948468299618857e-06,2.9742341498094286e-05,-1.1896936599237714e-05,0.0,4.7587746396950855e-05,0.0001313197636244255,0.00032829940906106366,0.0001492270041186653,0.00032829940906106366,0.0
2016-01-27,2016-03-16,minutes,,-8.987908140598758e-06,2.0971785661397102e-05,-2.321876269654679e-05,-1.1234885175748448e-05,0.0,-2.2469770351496895e-05,1.767304860088365e-05,6.414662084765178e-05,1.9223316022013797e-05,8.247422680412371e-05,0.0
2016-03-16,2016-03-16,speech,{'unknown'},1.0008828770026424e-05,1.4679615529372087e-05,1.3345105026701898e-05,-2.1352168042723035e-05,1.3345105026701897e-06,1.801589178604756e-05,1.2586680271469519e-05,4.940889000682741e-05,1.8624193572418314e-05,7.635919364691509e-05,7.635919364691509e-05
2016-03-16,2016-03-16,statements,,7.14061801759916e-05,0.0003570309008799579,0.0004998432612319412,0.0,7.14061801759916e-05,0.0009996865224638823,0.00034423407917383823,0.0017211703958691911,0.0017211703958691911,0.0,0.0017211703958691911
2016-03-16,2016-04-27,minutes,,1.7959136719717787e-05,5.2380815432510215e-05,7.782292578544374e-05,-4.489784179929447e-06,2.9931894532862977e-06,0.0001466662832110286,2.9075261313911057e-05,9.34561970804284e-05,5.765772158860328e-05,0.00013083867591259977,0.00013083867591259977
2016-03-16,2016-03-16,press_conferences,,4.5317211661775956e-05,4.0461796126585674e-05,1.2947774760507414e-05,-1.6184718450634268e-06,1.6184718450634268e-06,9.872678254886902e-05,8.378467338938928e-05,0.00011100503962879914,2.621833316946875e-05,0.00013764624913971095,0.00013764624913971095
2016-04-27,2016-04-27,speech,{'unknown'},-2.1798849370637246e-05,1.0061007401832576e-05,-1.676834566972096e-05,-3.353669133944192e-06,1.676834566972096e-06,-3.0183022205497724e-05,5.560189046427578e-05,7.057163020465773e-05,2.6137640816539898e-05,0.00014114326040931546,0.00014114326040931546
2016-04-27,2016-04-27,statements,,-7.049423078259622e-05,0.0004229653846955773,0.0004229653846955773,0.0,7.049423078259622e-05,0.0008459307693911546,0.00034129692832764505,0.0017064846416382253,0.001279863481228669,0.0,0.0017064846416382253
2016-04-27,2016-06-15,minutes,,-5.690257248009158e-06,4.438400653447143e-05,5.121231523208242e-05,-1.1380514496018315e-05,2.276102899203663e-06,8.080165292173004e-05,9.237602214068499e-06,8.675805181457802e-05,3.528896960913937e-05,0.00010900370612600828,0.00010900370612600828
2016-06-15,2016-06-15,statements,,-7.752753322022198e-05,0.00031011013288088793,0.00023258259966066593,0.0,7.752753322022198e-05,0.0005426927325415539,0.00036363636363636367,0.0012121212121212121,0.001090909090909091,0.0,0.0018181818181818182
2016-06-15,2016-07-27,minutes,,-1.8775114762031145e-05,4.55967072792185e-05,3.218591102062482e-05,-5.36431850343747e-06,2.682159251718735e-06,5.632534428609344e-05,3.0402529490453606e-05,6.460537516721391e-05,2.806387337580333e-05,0.00012161011796181443,0.00012161011796181443
2016-06-15,2016-06-15,speech,{'unknown'},-1.2170217682850411e-06,8.519152377995287e-06,-1.6226956910467214e-06,-6.085108841425205e-06,0.0,-4.0567392276168066e-07,2.0296491142611264e-06,1.3865193346819985e-05,1.4051416944884722e-06,5.480052608505042e-05,0.0
2016-06-15,2016-06-15,press_conferences,,8.94831462224779e-06,1.2527640471146906e-05,0.0,-1.789662924449558e-06,1.789662924449558e-06,2.14759550933947e-05,2.7297344514325643e-05,4.486259228876128e-05,0.0,0.00014740566037735848,0.00014740566037735848
2016-07-27,2016-07-27,statements,,-7.252675271550427e-05,0.00043516051629302556,7.252675271550427e-05,0.0,7.252675271550427e-05,0.0005076872690085298,0.00034782608695652176,0.0017391304347826088,0.0002484472049689441,0.0,0.0017391304347826088
2016-07-27,2016-07-27,speech,{'unknown'},6.019860724502278e-06,1.4447665738805465e-05,-1.08357493041041e-05,-7.223832869402733e-06,0.0,2.4079442898009098e-06,3.7724460540214275e-05,6.173093542944154e-05,2.4842937428921594e-05,0.00011317338162064282,0.0
2016-07-27,2016-09-21,minutes,,-1.966864329943953e-06,4.2287583093794986e-05,3.245326144407522e-05,-4.917160824859882e-06,1.966864329943953e-06,6.982368371301032e-05,3.803554040895813e-06,6.749799075748443e-05,2.7423944261248804e-05,9.889240506329114e-05,9.889240506329114e-05
2016-09-21,2016-09-21,press_conferences,,7.119457660995935e-06,2.2782264515186992e-05,-1.423891532199187e-06,0.0,1.423891532199187e-06,2.9901722176182926e-05,2.5313251487153527e-05,7.788692765278008e-05,3.420709660426152e-06,0.0,0.00012656625743576763
2016-09-21,2016-09-21,statements,,-6.588844956949586e-05,0.00032944224784747935,0.0,0.0,6.588844956949586e-05,0.00032944224784747935,0.0003262642740619902,0.0016313213703099511,0.0,0.0,0.0016313213703099511
2016-09-21,2016-09-21,speech,{'unknown'},3.1548705465955486e-06,1.998084679510514e-05,-3.1548705465955486e-06,-9.464611639786646e-06,-1.0516235155318495e-06,9.464611639786646e-06,8.384806730204869e-06,5.038050539601729e-05,2.954646181119811e-06,7.159334977328773e-05,0.00010341261633919338
2016-09-21,2016-11-02,minutes,,-9.742375888592368e-06,4.384069149866566e-05,9.742375888592368e-06,-1.217796986074046e-06,1.217796986074046e-06,4.384069149866566e-05,1.7544321341789698e-05,7.331019989247838e-05,9.503174060136085e-06,0.00011403808872163302,3.801269624054434e-05
2016-11-02,2016-12-14,minutes,,3.4433895161187e-05,4.24684706987973e-05,1.95125405913393e-05,-1.1477965053729e-06,5.7389825268645e-06,0.00010100609247281521,5.138675729006797e-05,9.432855911851236e-05,1.882450906787675e-05,0.00010962508221881167,0.00010962508221881167
2016-11-02,2016-11-02,speech,{'unknown'},0.0,2.3640340471749446e-06,1.5760226981166297e-06,-7.880113490583148e-06,1.970028372645787e-07,-3.743053908026996e-06,0.0,9.233724022456416e-06,1.4562145411759224e-06,3.385698808234019e-05,3.385698808234019e-05
2016-11-02,2016-11-02,statements,,0.0003343389450033768,0.0003343389450033768,0.00013373557800135073,0.0,6.686778900067536e-05,0.0008692812570087798,0.0016474464579901153,0.0016474464579901153,0.0008237232289950577,0.0,0.0016474464579901153
2016-12-14,2016-12-14,press_conferences,,1.388283337493023e-05,2.974892866056478e-05,4.7598285856903646e-05,-1.9832619107043183e-06,1.9832619107043183e-06,9.123004789239864e-05,8.499787505312367e-05,0.00012462094462676029,0.00010523546435148644,0.00015785319652722967,0.00015785319652722967
2016-12-14,2017-02-01,minutes,,7.1984539943047e-05,4.2657505151435264e-05,2.666094071964704e-05,-2.666094071964704e-06,5.332188143929408e-06,0.00014396907988609403,9.618673050615595e-05,8.426019548365353e-05,2.8168379304128358e-05,0.00012112403100775194,0.00012112403100775194
2016-12-14,2016-12-14,statements,,0.0003929843457597425,0.00047158121491169103,0.00015719373830389702,0.0,7.859686915194851e-05,0.001100356168127279,0.001834862385321101,0.001834862385321101,0.0009174311926605505,0.0,0.001834862385321101
2016-12-14,2016-12-14,speech,{'unknown'},1.7067837514494022e-06,3.901220003312919e-06,9.265397507868183e-06,-7.314787506211722e-07,0.0,1.4141922512009332e-05,4.336551054215561e-06,9.461565936470316e-06,7.199516798746223e-06,3.9028959487940054e-05,0.0
2017-02-01,2017-02-01,statements,,0.0002612429511854241,0.0002612429511854241,0.0002612429511854241,0.0,8.708098372847471e-05,0.0008708098372847471,0.0011787819253438114,0.0011787819253438114,0.0011787819253438114,0.0,0.0019646365422396855
2017-02-01,2017-03-15,minutes,,2.1907516070107542e-05,2.1152084481483146e-05,3.7771579431219905e-05,-6.043452708995185e-06,1.5108631772487962e-06,7.629859045106419e-05,3.8181607524673214e-05,5.278397780056705e-05,4.1473125414731254e-05,8.294625082946251e-05,8.294625082946251e-05
2017-02-01,2017-02-01,speech,{'unknown'},1.1780043388943657e-05,1.1289208247737671e-05,1.1780043388943657e-05,-9.816702824119712e-07,0.0,3.386762474321301e-05,2.1333902237392996e-05,2.602089591075964e-05,1.022858326450349e-05,6.222388152572957e-05,0.0
2017-03-15,2017-05-03,minutes,,4.7552168408741774e-05,3.4475322096337785e-05,4.992977682917886e-05,-1.1888042102185442e-06,3.566412630655633e-06,0.00013433487575469552,6.412620036231303e-05,7.937572361920455e-05,5.480553170500009e-05,0.00011222085063404781,0.00011222085063404781
2017-03-15,2017-03-15,speech,{'unknown'},5.213446587028752e-06,1.1585436860063893e-05,2.8963592150159732e-06,-1.1585436860063892e-06,1.737815529009584e-06,2.0274514505111813e-05,1.0178750162577259e-05,2.7595722662987237e-05,3.1646470943792705e-06,6.89893066574681e-05,6.89893066574681e-05
2017-03-15,2017-03-15,press_conferences,,1.9977111146497766e-05,1.6344909119861807e-05,1.6344909119861807e-05,0.0,3.6322020266359575e-06,5.629913141285734e-05,8.617853057770954e-05,0.00012178949362634985,4.321562677064026e-05,0.0,0.00014885382554331647
2017-03-15,2017-03-15,statements,,0.0002451768568377097,0.00032690247578361293,0.00032690247578361293,0.0,8.172561894590323e-05,0.0009807074273508387,0.0011299435028248588,0.0018832391713747645,0.0018832391713747645,0.0,0.0018832391713747645
2017-05-03,2017-05-03,statements,,8.26578447569321e-05,0.0004132892237846604,0.0004132892237846604,0.0,8.26578447569321e-05,0.0009918941370831852,0.0003795066413662239,0.0018975332068311196,0.0018975332068311196,0.0,0.0018975332068311196
2017-05-03,2017-06-14,minutes,,-1.159281133729642e-05,4.25069749034202e-05,6.0540236983659076e-05,-3.864270445765473e-06,2.576180297176982e-06,9.016631040119436e-05,1.9372127812994394e-05,0.00010017211390480006,6.114401757825459e-05,0.00011838522552385462,0.00011838522552385462
2017-05-03,2017-05-03,speech,{'unknown'},1.1161827047254578e-06,1.1161827047254578e-06,1.25570554281614e-05,-8.650415961622297e-06,2.7904567618136446e-07,6.418050552171381e-06,2.1351097446408747e-05,7.764035435057726e-06,2.315179241176852e-05,4.270219489281749e-05,4.270219489281749e-05
2017-06-14,2017-06-14,press_conferences,,-1.5728265464278627e-05,2.9883704382129394e-05,3.145653092855726e-06,0.0,3.145653092855726e-06,2.0446745103562217e-05,3.97778803163137e-05,0.0001352447930754666,9.660342362533328e-06,0.0,0.0001352447930754666
2017-06-14,2017-06-14,speech,{'unknown'},1.2272680509374429e-05,1.943174413984285e-05,9.715872069921424e-06,-1.5340850636718036e-06,1.0227233757812023e-06,4.0908935031248095e-05,2.740576982807447e-05,3.3749698029017635e-05,1.2525661124171494e-05,2.131559875516903e-05,6.39467962655071e-05
2017-06-14,2017-06-14,statements,,-7.525852601082872e-05,0.00022577557803248616,0.00030103410404331486,0.0,0.00015051705202165743,0.0006020682080866297,0.0003565062388591801,0.0010695187165775401,0.0017825311942959,0.0,0.0017825311942959
2017-06-14,2017-07-26,minutes,,-1.8464376850638512e-05,3.429098557975723e-05,3.5609869640517134e-05,-1.3188840607598938e-06,1.1869956546839042e-05,6.198755085571501e-05,2.3384779849001136e-05,7.444950319273831e-05,4.2170697612669953e-05,0.00012026458208057727,0.00012026458208057727
2017-07-26,2017-07-26,statements,,-8.531501030287053e-05,0.0004265750515143526,0.0003412600412114821,0.0,0.00017063002060574106,0.0008531501030287053,0.0003875968992248062,0.001937984496124031,0.001937984496124031,0.0,0.001937984496124031
2017-07-26,2017-07-26,speech,{'unknown'},1.5291288743494824e-06,1.5291288743494824e-06,5.73423327881056e-06,-3.058257748698965e-06,2.6759755301115943e-06,8.410208808922153e-06,1.7557721007813185e-05,2.633658151171978e-05,1.0534632604687912e-05,5.267316302343956e-05,5.267316302343956e-05
2017-07-26,2017-09-20,minutes,,-2.34779955282831e-05,3.7564792845252966e-05,3.13039940377108e-05,-1.56519970188554e-06,7.8259985094277e-06,5.1651590162222826e-05,3.209695849221328e-05,8.987148377819717e-05,3.851635019065593e-05,0.00013480722566729578,0.00013480722566729578
2017-09-20,2017-09-20,statements,,-7.881368802505001e-05,0.00039406844012525007,0.00015762737605010002,0.0,0.00015762737605010002,0.0006305095042004001,0.0003676470588235294,0.001838235294117647,0.0006127450980392157,0.0,0.001838235294117647
2017-09-20,2017-09-20,speech,{'unknown'},-2.2370074273640178e-06,1.1185037136820089e-06,1.1185037136820089e-06,-5.592518568410044e-06,2.796259284205022e-06,-2.796259284205022e-06,4.525296406914653e-06,6.78794461037198e-06,1.3053739635330731e-06,6.787944610371979e-05,6.787944610371979e-05
2017-09-20,2017-11-01,minutes,,-5.0058704665717625e-06,3.8795496115931164e-05,3.128669041607352e-05,-2.5029352332858813e-06,8.760273316500584e-06,7.133365414864762e-05,7.03821398281972e-06,7.659673302579333e-05,3.415603844603688e-05,0.00011613053071652537,0.00011613053071652537
2017-09-20,2017-09-20,press_conferences,,-6.765782840957945e-06,2.706313136383178e-05,-6.765782840957945e-06,-1.353156568191589e-06,5.412626272766356e-06,1.7591035386490658e-05,1.4919405372179486e-05,7.196419061874811e-05,1.853623091695027e-05,0.00012233912405187178,0.00012233912405187178
2017-11-01,2017-12-13,minutes,,-2.3219281976750078e-05,4.489061182171681e-05,4.489061182171681e-05,-3.095904263566677e-06,1.2383617054266708e-05,7.584965445738358e-05,2.112869488051723e-05,8.623637688270367e-05,6.361699933969942e-05,0.00013381506757660912,0.00013381506757660912
2017-11-01,2017-11-01,statements,,-8.384829684528899e-05,0.0002515448905358669,0.0002515448905358669,0.0,0.00016769659369057798,0.0005869380779170228,0.0002736726874657909,0.0011494252873563218,0.0019157088122605363,0.0,0.0019157088122605363
2017-11-01,2017-11-01,speech,{'unknown'},-3.6205349362643844e-06,2.068877106436791e-06,8.275508425747165e-06,-5.172192766091978e-07,1.5516578298275932e-06,7.758289149137967e-06,5.798715004754946e-06,5.237549036552855e-06,9.840243644432636e-06,4.0591005033284626e-05,4.0591005033284626e-05
2017-12-13,2017-12-13,statements,,-0.00018160265655575546,0.0004540066413893886,0.0003632053131115109,0.0,9.080132827787773e-05,0.0007264106262230218,0.0006734006734006733,0.00202020202020202,0.00202020202020202,0.0,0.00202020202020202
2017-12-13,2017-12-13,press_conferences,,2.5029352332858813e-06,2.8783755182787637e-05,-3.754402849928822e-06,0.0,3.754402849928822e-06,3.128669041607352e-05,7.742035381101692e-06,0.00010684008825920335,8.93311774742503e-06,0.0,0.00011613053071652537
2017-12-13,2017-12-13,speech,{'unknown'},5.873704372928748e-07,1.762111311878624e-06,1.7033742681493366e-05,-5.873704372928748e-07,0.0,1.8795853993371992e-05,7.013606396409034e-05,1.912801744475191e-05,5.215245781945179e-05,7.013606396409034e-05,0.0
2017-12-13,2018-01-31,minutes,,-1.581159108516546e-05,5.217825058104601e-05,5.534056879807911e-05,-1.1068113759615822e-05,4.743477325549638e-06,8.538259185989348e-05,1.696525515743757e-05,0.00013572204125950055,7.08995737922764e-05,0.0001055615876462782,0.00013572204125950055
2018-01-31,2018-01-31,speech,{'unknown'},0.0,0.0,1.3048797010334076e-05,-2.6097594020668152e-05,0.0,-1.3048797010334076e-05,0.0,0.0,0.00034916201117318437,0.00034916201117318437,0.0
2018-01-31,2018-01-31,statements,,0.00022429898705600564,0.0003364484805840085,0.0004485979741120113,0.0,0.00011214949352800282,0.0011214949352800283,0.0007751937984496124,0.0013953488372093023,0.002325581395348837,0.0,0.002325581395348837
2018-01-31,2018-03-21,minutes,,2.3739600068457293e-05,1.8379045214289518e-05,5.6668722744059344e-05,-5.360554854167776e-06,1.5315871011907933e-06,9.495840027382917e-05,3.554511879522686e-05,5.580201445272174e-05,6.0725721610314836e-05,6.510235019484204e-05,8.370302167908261e-05
2018-03-21,2018-03-21,statements,,0.00020539162534686272,0.0005134790633671567,0.00010269581267343136,0.0,0.00010269581267343136,0.0009242623140608822,0.0007309941520467836,0.0021929824561403508,0.0004385964912280702,0.0,0.0021929824561403508
2018-03-21,2018-03-21,press_conferences,,2.5944903121434277e-05,1.5566941872860565e-05,1.7296602080956182e-06,-3.4593204161912363e-06,0.0,3.978218478619922e-05,0.0001029230135858378,7.628411595185625e-05,6.861534239055852e-06,0.00014409221902017292,0.0
2018-03-21,2018-05-02,minutes,,3.5689868929698285e-05,5.515707016407917e-05,4.866800308595221e-05,-4.866800308595221e-06,4.866800308595221e-06,0.00013951494217972964,5.2369231648154935e-05,0.00011735468728427447,5.0511343163963186e-05,8.283860278889963e-05,0.00013806433798149937
2018-03-21,2018-03-21,speech,{'unknown'},2.5302126345509274e-06,1.644638212458103e-05,8.855744220928245e-06,-2.5302126345509274e-06,1.2651063172754637e-06,2.6567232662784738e-05,6.8807497264901985e-06,5.632021072423459e-05,1.9042074824472876e-05,3.899091511677779e-05,0.00011697274535033338
2018-05-02,2018-05-02,statements,,0.00011214949352800282,0.0005607474676400142,0.00022429898705600564,0.0,0.00011214949352800282,0.0010093454417520254,0.0007751937984496124,0.002325581395348837,0.0011627906976744186,0.0,0.002325581395348837
2018-05-02,2018-06-13,minutes,,3.8126146458282866e-05,5.648317993819684e-05,4.2362384953647625e-05,-5.648317993819683e-06,4.236238495364762e-06,0.0001355596318516724,6.41200707695596e-05,0.00011987173724115196,5.2443885043003985e-05,0.00012586532410320956,0.00012586532410320956
2018-05-02,2018-05-02,speech,{'unknown'},1.0094293865711987e-05,1.0094293865711987e-05,2.321687589113757e-05,-1.7665014264995978e-05,0.0,2.5740449357565566e-05,3.5217467864060575e-05,3.0186401026337635e-05,3.9405491069516424e-05,5.9964877714481516e-05,0.0
2018-06-13,2018-06-13,speech,{'unknown'},6.591346751005856e-07,1.6478366877514638e-06,1.2523558826911127e-05,-5.273077400804684e-06,9.887020126508784e-07,1.054615480160937e-05,2.8066000005613198e-06,1.5904066669847478e-05,2.666270000533254e-05,4.771220000954244e-05,4.771220000954244e-05
2018-06-13,2018-08-01,minutes,,3.848232551064824e-05,4.852119303516517e-05,6.190634973452109e-05,0.0,0.0,0.0001489098682803345,7.859002658393074e-05,0.00012311402056428675,6.911366395815822e-05,0.0,0.0
2018-06-13,2018-06-13,press_conferences,,1.6204113848281757e-05,1.4957643552260086e-05,1.8697054440325106e-05,0.0,0.0,4.985881184086695e-05,3.345944972074228e-05,7.72141147401745e-05,6.949270326615705e-05,0.0,0.0
2018-06-13,2018-06-13,statements,,0.00035712463696290284,0.0007142492739258057,0.0005356869554443542,0.0,0.0,0.0016070608663330628,0.0030303030303030303,0.0030303030303030303,0.0030303030303030303,0.0,0.0
2018-08-01,2018-08-01,speech,{'unknown'},-3.000900225052512e-06,7.002100525122528e-06,1.9005701425332576e-05,-7.002100525122528e-06,0.0,1.6004801200280065e-05,2.0004000800160035e-05,3.6849475158189534e-05,8.262522069631317e-05,0.00010002000400080016,0.0
2018-08-01,2018-08-01,statements,,0.0003785718650495887,0.0007571437300991773,0.00018928593252479434,0.0,0.0,0.0013250015276735604,0.0031446540880503146,0.0031446540880503146,0.0031446540880503146,0.0,0.0
2018-08-01,2018-09-26,minutes,,1.616826044513255e-05,3.637858600154823e-05,5.389420148377516e-05,0.0,0.0,0.00010644104793045594,4.854368932038835e-05,9.929390997352162e-05,6.387327542156361e-05,0.0,0.0
2018-09-26,2018-09-26,speech,{'unknown'},5.8089290056460315e-05,1.0891741885586309e-05,1.996819345690823e-05,0.0,1.8152903142643848e-06,9.076451571321923e-05,8.818342151675484e-05,2.7901785714285713e-05,3.637566137566137e-05,0.0,0.00014880952380952382
2018-09-26,2018-09-26,statements,,0.00020752426878823012,0.0006225728063646904,0.00020752426878823012,0.0,0.0,0.0010376213439411506,0.0033333333333333335,0.0033333333333333335,0.0033333333333333335,0.0,0.0
2018-09-26,2018-09-26,press_conferences,,1.5271338478998668e-05,5.454049456785238e-06,2.1816197827140953e-05,-1.0908098913570475e-06,0.0,4.145077587156781e-05,6.181342940906362e-05,5.8869932770536776e-05,5.04599423747458e-05,0.0001059658789869662,0.0
2018-09-26,2018-11-08,minutes,,3.864170913782601e-05,3.6961634827485746e-05,2.8561263275784437e-05,-1.0080445862041565e-05,0.0,9.408416137905463e-05,9.810947310947311e-05,0.00012903528528528528,2.8153153153153154e-05,0.00010557432432432433,0.0
2018-11-08,2018-12-19,minutes,,1.6264039351339917e-05,3.523875192790315e-05,3.388341531529149e-05,0.0,1.3553366126116596e-06,8.674154320714622e-05,6.1020258725897e-05,9.915792042958262e-05,3.9623544627205845e-05,0.0,0.000122040517451794
2018-11-08,2018-11-08,statements,,0.00019407563553699265,0.000582226906610978,-0.00019407563553699265,0.0,0.0,0.000582226906610978,0.003194888178913738,0.003194888178913738,0.0010649627263045792,0.0,0.0
2018-11-08,2018-11-08,speech,{'unknown'},1.9081399073085022e-05,5.630576775664432e-06,1.1261153551328864e-05,-2.815288387832216e-06,0.0,3.3157841012246106e-05,2.627037730721742e-05,1.3824247730519331e-05,1.7280309663149165e-05,4.608082576839777e-05,0.0
2018-12-19,2019-01-30,minutes,,-2.642261810102145e-06,3.170714172122574e-05,1.7174701765663943e-05,-1.4532439955561796e-05,0.0,3.170714172122574e-05,7.058258868702268e-06,8.999280057595392e-05,1.752668775262024e-05,0.00011999040076793856,0.0
2018-12-19,2018-12-19,speech,{'unknown'},4.351247756122159e-06,4.0952920057620324e-06,5.1191150072025406e-06,-9.726318513684826e-06,0.0,3.839336255401907e-06,1.7572258159212927e-05,2.4807893871830017e-05,7.6061938757969395e-06,3.829718616463759e-05,0.0
2018-12-19,2018-12-19,statements,,0.00017066436858401748,0.0005119931057520525,-0.00017066436858401748,0.0,0.0,0.0005119931057520525,0.0029411764705882353,0.0029411764705882353,0.000980392156862745,0.0,0.0
2018-12-19,2018-12-19,press_conferences,,3.3529592374981902e-06,6.7059184749963804e-06,0.0,3.3529592374981902e-06,1.6764796187490951e-06,1.5088316568741854e-05,1.1760278483394486e-05,4.7041113933577944e-05,0.0,0.00014112334180073385,0.00014112334180073385
2019-01-30,2019-01-30,statements,,0.0,0.0005064214753607485,-0.00016880715845358287,0.0,0.0,0.0003376143169071657,0.0,0.002967359050445104,0.0009891196834817012,0.0,0.0
2019-01-30,2019-01-30,press_conferences,,-7.539129039598745e-06,0.0,-1.507825807919749e-06,0.0,7.539129039598745e-06,-1.507825807919749e-06,5.057401507105649e-05,0.0,6.920654693934046e-06,0.0,0.00013149243918474687
2019-01-30,2019-01-30,speech,{'unknown'},4.5536923846997715e-05,2.504530811584874e-05,2.0491615731148974e-05,0.0,2.276846192349886e-06,9.335069388634532e-05,0.00012362161894872176,0.0001119866430476656,0.00010384215991692627,0.0,0.00017307026652821047
2019-01-30,2019-03-20,minutes,,6.245354658336897e-07,1.3115244782507481e-05,8.118961055837965e-06,-4.996283726669517e-06,8.118961055837965e-06,2.498141863334758e-05,1.4875838811360975e-06,4.9378187538356264e-05,8.693494791593525e-06,5.831328814053503e-05,7.289161017566878e-05
2019-03-20,2019-05-01,minutes,,-1.977682581740531e-05,4.4207022415376574e-05,2.3266853902829774e-06,1.1633426951414887e-06,5.816713475707444e-06,3.3736938159103175e-05,2.7965539874747284e-05,9.104893161266826e-05,2.6242173271821676e-06,0.00011021712774165106,0.00011021712774165106
2019-03-20,2019-03-20,speech,{'unknown'},-1.6750610773051604e-06,1.4656784426420155e-06,0.0,-4.187652693262901e-07,1.2562958079788705e-06,6.281479039894354e-07,7.0521861777150925e-06,8.511259180000973e-06,0.0,3.5260930888575456e-05,3.5260930888575456e-05
2019-03-20,2019-03-20,press_conferences,,1.632058768116771e-06,6.528235072467084e-06,3.264117536233542e-06,-4.896176304350313e-06,1.632058768116771e-06,8.160293840583855e-06,6.600921488639814e-06,5.544774050457444e-05,1.1551612605119674e-05,0.0001386193512614361,0.0001386193512614361
2019-03-20,2019-03-20,statements,,-0.0004714165973585517,0.0004714165973585517,0.00015713886578618387,0.0,0.0,0.00015713886578618387,0.0016997167138810198,0.0028328611898017,0.0028328611898017,0.0,0.0
2019-05-01,2019-05-01,press_conferences,,-1.3438134928844923e-05,5.7592006837906814e-06,1.1518401367581363e-05,-7.678934245054241e-06,3.839467122527121e-06,0.0,3.089280197713933e-05,6.619886137958427e-05,6.619886137958427e-05,0.00015446400988569664,0.00015446400988569664
2019-05-01,2019-05-01,speech,{'unknown'},7.145143954871186e-06,9.696981081610893e-06,1.1738450783002662e-05,-8.67624623091501e-06,0.0,1.990432958856973e-05,2.232142857142857e-05,2.817987660180351e-05,2.486163957108267e-05,6.377551020408164e-05,0.0
2019-05-01,2019-06-19,minutes,,-1.681323527332812e-05,2.8022058788880197e-05,2.5780294085769785e-05,-2.241764703110416e-06,3.3626470546656243e-06,3.8109999952877076e-05,2.556590122358403e-05,8.134604934776737e-05,2.7139187452727666e-05,5.3688392569526465e-05,0.00010737678513905293
2019-05-01,2019-05-01,statements,,-0.0005255839675114604,0.0005255839675114604,0.00017519465583715348,0.0,0.0,0.00017519465583715348,0.00182370820668693,0.00303951367781155,0.00303951367781155,0.0,0.0
2019-06-19,2019-06-19,speech,{'unknown'},2.7854979587059336e-06,4.642496597843222e-06,1.624873809245128e-06,-4.410371767951062e-06,0.0,4.642496597843222e-06,3.7132642129829333e-06,1.0786148428188519e-05,1.7500704403352236e-06,3.775151949865982e-05,0.0
2019-06-19,2019-07-31,minutes,,-4.2275588156115815e-05,2.7274573003945687e-05,-5.0457960057299517e-05,0.0,0.0,-6.545897520946965e-05,5.3110292946096476e-05,8.109313546608279e-05,4.054656773304139e-05,0.0,0.0
2019-06-19,2019-06-19,statements,,-0.00032312152786288665,0.00048468229179432997,0.00016156076393144332,0.0,0.0,0.00032312152786288665,0.001366120218579235,0.00273224043715847,0.0009107468123861566,0.0,0.0
2019-06-19,2019-06-19,press_conferences,,1.538700402816742e-05,1.538700402816742e-05,1.3677336913926597e-05,0.0,-1.7096671142408246e-06,4.274167785602062e-05,5.147269087789534e-05,0.00011698338835885305,4.399375288709004e-05,0.0,0.00014297969688304262
2019-07-31,2019-07-31,statements,,-0.0004029299246188105,0.0004029299246188105,0.00013430997487293682,0.0,0.0,0.00013430997487293682,0.0014527845036319612,0.002421307506053269,0.0008071025020177562,0.0,0.0
2019-07-31,2019-07-31,speech,{'unknown'},1.0317594140403607e-05,1.3959097954663704e-05,-4.24842111663678e-06,-1.092451144278029e-05,0.0,9.103759535650245e-06,1.7605889066328633e-05,3.1010594837140444e-05,7.695605809083013e-06,5.359439759897099e-05,0.0
2019-07-31,2019-07-31,press_conferences,,-1.5779666761994594e-05,-3.1559333523989186e-06,-2.0513566790592967e-05,-1.5779666761994593e-06,0.0,-4.1027133581185933e-05,8.445945945945946e-05,6.756756756756757e-05,6.506506506506506e-05,0.00013513513513513514,0.0
2019-07-31,2019-09-18,minutes,,-1.8494411145730542e-05,2.5308141567841792e-05,-6.813730422111252e-06,1.9467801206032145e-06,0.0,1.9467801206032133e-06,2.0770884030688435e-05,6.324187585133295e-05,7.484245662879639e-06,4.864759680871765e-05,0.0
2019-09-18,2019-09-18,press_conferences,,-3.9018814979054934e-06,1.0405017327747984e-05,-6.50313582984249e-06,1.300627165968498e-06,1.300627165968498e-06,2.601254331936995e-06,2.743986097137108e-05,9.512485136741974e-05,2.201964152023605e-05,0.00011890606420927467,0.00011890606420927467
2019-09-18,2019-09-18,statements,,-0.00042811193536210917,0.00042811193536210917,0.00042811193536210917,0.0,0.0,0.00042811193536210917,0.001507537688442211,0.002512562814070352,0.002512562814070352,0.0,0.0
2019-09-18,2019-09-18,speech,{'unknown'},3.756743642512078e-06,1.502697457004831e-06,1.502697457004831e-06,-6.76213855652174e-06,0.0,0.0,1.1150683648414485e-05,1.650301179965344e-05,8.25150589982672e-06,8.251505899826719e-05,0.0
2019-09-18,2019-10-30,minutes,,-3.5915832724274915e-05,2.578572605845378e-05,4.604593939009604e-06,-9.209187878019207e-07,0.0,-6.446431514613448e-06,4.2314127059558765e-05,5.506261405827198e-05,4.3299565445561194e-06,1.887861053426468e-05,0.0
2019-10-30,2019-10-30,speech,{'unknown'},1.8551761445835624e-06,1.8551761445835624e-06,8.116395632553086e-06,-1.8551761445835624e-06,2.318970180729453e-07,1.0203468795209593e-05,7.187238339604199e-06,1.2577667094307347e-05,1.715136421951002e-05,3.7733001282922044e-05,3.7733001282922044e-05
2019-10-30,2019-10-30,statements,,-0.0004669929155659381,0.0004669929155659381,0.0003113286103772921,0.0,0.0,0.0003113286103772921,0.0016759776536312849,0.002793296089385475,0.002793296089385475,0.0,0.0
2019-10-30,2019-12-11,minutes,,-2.188258488495591e-05,1.7506067907964728e-05,-1.0211872946312757e-05,-7.29419496165197e-07,7.29419496165197e-07,-1.4588389923303937e-05,4.1824321121561e-05,5.707789706001265e-05,1.1320449583569177e-05,2.695345138945042e-05,8.086035416835126e-05
2019-10-30,2019-10-30,press_conferences,,-3.038602443028045e-06,2.430881954422436e-05,7.596506107570112e-06,1.5193012215140225e-06,0.0,3.0386024430280448e-05,9.42951438000943e-06,0.00011734506784011734,1.783962180001784e-05,0.000132013201320132,0.0
2019-12-11,2020-01-29,minutes,,-3.154463045276877e-05,4.074514766815966e-05,-5.257438408794795e-06,0.0,0.0,3.943078806596098e-06,4.3388183228297774e-05,8.601959581889267e-05,6.11884635270866e-06,0.0,0.0
2019-12-11,2019-12-11,press_conferences,,2.4955414688993564e-05,9.982165875597424e-06,-3.7433122033490345e-06,1.247770734449678e-06,0.0,3.2442039095691635e-05,5.039205015016831e-05,5.1511873486838715e-05,1.6557387906483872e-05,0.0001159017153453871,0.0
2019-12-11,2019-12-11,statements,,-0.0005497526113249038,0.0005497526113249038,0.0003665017408832692,0.0,0.0,0.0003665017408832692,0.0018691588785046728,0.003115264797507788,0.003115264797507788,0.0,0.0
2019-12-11,2019-12-11,speech,{'unknown'},5.713131200292585e-06,1.0986790769793433e-05,4.3947163079173725e-07,-3.515773046333898e-06,0.0,1.3623620554543857e-05,4.15163031328841e-06,2.627430373095113e-05,4.346125429179886e-07,5.7803468208092484e-05,0.0
2020-01-29,2020-01-29,press_conferences,,-6.872083421722435e-06,8.017430658676175e-06,1.0308125132583654e-05,-1.1453472369537393e-06,2.2906944739074786e-06,1.2598819606491134e-05,3.284072249589491e-05,5.8944886531093426e-05,3.6489691662105454e-05,2.1893814997263275e-05,0.00010946907498631637
2020-01-29,2020-01-29,speech,{'unknown'},5.704833887522518e-07,1.7114501662567555e-06,6.27531727627477e-06,-1.7114501662567555e-06,5.704833887522518e-07,7.416284053779273e-06,4.0461913201103804e-06,2.2928417480625487e-05,2.1618222196018318e-05,6.878525244187646e-05,6.878525244187646e-05
2020-01-29,2020-01-29,statements,,-0.0005507062158773735,0.0005507062158773735,0.00036713747725158235,0.0,0.0,0.00036713747725158235,0.0018691588785046728,0.003115264797507788,0.003115264797507788,0.0,0.0
2020-01-29,2020-03-03,minutes,,-7.56499747880592e-06,1.6505449044667463e-05,6.87727043527811e-07,-2.063181130583433e-06,0.0,7.564997478805921e-06,1.4977295781168092e-05,4.9016604374731935e-05,8.528530065200613e-07,3.326126725428238e-05,0.0
2020-03-03,2020-03-03,statements,,0.0,0.0,0.0006102078630791158,0.0,0.0,0.0006102078630791158,0.0,0.0,0.007194244604316547,0.0,0.0
2020-03-03,2020-03-03,press_conferences,,0.0,1.831052046631527e-05,3.662104093263054e-05,0.0,0.0,5.493156139894581e-05,0.0,0.0002188183807439825,0.00014587892049598833,0.0,0.0
2020-03-03,2020-03-03,speech,{'unknown'},0.0,3.617212535994192e-06,-9.86512509816598e-07,-6.576750065443986e-07,0.0,1.9730250196331955e-06,0.0,4.031223659618133e-05,3.176115610608226e-06,4.7641734159123394e-05,0.0
2020-03-15,2020-03-15,press_conferences,,-1.7337806752956479e-06,6.9351227011825915e-06,-3.4675613505912957e-06,-1.3870245402365183e-05,0.0,-1.2136464727069536e-05,1.6035663315213034e-05,0.0001443209698369173,1.6035663315213034e-05,0.0001443209698369173,0.0
2020-03-15,2020-04-29,minutes,,-1.0372704910981838e-05,1.7633598348669123e-05,-1.2447245893178204e-05,-9.335434419883653e-06,0.0,-1.4521786875374575e-05,3.202172353724767e-05,7.573833740983796e-05,1.2547287590105208e-05,6.148170919151552e-05,0.0
2020-03-15,2020-03-15,statements,,-0.00010752868320461498,0.00021505736640922997,0.00016129302480692248,5.376434160230749e-05,0.0,0.00032258604961384497,0.00047483380816714147,0.0014245014245014246,0.0006105006105006105,0.0014245014245014246,0.0
2020-04-29,2020-04-29,speech,{'unknown'},-2.396633132605536e-05,-7.189899397816609e-05,-4.793266265211072e-05,-2.396633132605536e-05,0.0,-0.00016776431928238754,0.0008312551953449709,0.0008312551953449709,0.00016625103906899418,0.0008312551953449709,0.0
2020-04-29,2020-06-10,minutes,,-5.0067425947623966e-06,1.2516856486905991e-06,-6.759102502929236e-05,-2.0026970379049586e-05,1.2516856486905991e-06,-9.012136670572313e-05,1.4518002322880372e-05,1.2904890953671441e-05,7.466401194624192e-05,0.00011614401858304297,0.00011614401858304297
2020-04-29,2020-04-29,statements,,-0.00033411473911436676,0.00011137157970478892,-0.0005568578985239446,0.0,0.0,-0.0007796010579335224,0.0023148148148148147,0.0023148148148148147,0.0023148148148148147,0.0,0.0
2020-04-29,2020-04-29,press_conferences,,-5.898185537874876e-06,-7.372731922343595e-06,-3.0965474073843095e-05,-2.949092768937438e-06,0.0,-4.718548430299901e-05,8.636697326942177e-05,4.982709996312795e-05,7.352863940504827e-05,0.00012955045990413266,0.0
2020-06-10,2020-06-10,speech,{'unknown'},7.543593755706769e-06,-3.7717968778533845e-06,-2.263078126712031e-05,0.0,0.0,-1.8858984389266923e-05,6.05766900896535e-05,3.4615251479801996e-05,6.05766900896535e-05,0.0,0.0
2020-06-10,2020-07-29,minutes,,-1.0435195806758993e-05,1.1478715387434895e-05,-3.1305587420276984e-05,-7.304637064731296e-06,0.0,-3.756670490433238e-05,2.7073857483214208e-05,4.920379316514582e-05,3.283425269240872e-05,8.00182898948331e-05,0.0
2020-06-10,2020-06-10,statements,,-0.0003306643458519891,0.00011022144861732969,-0.0003306643458519891,0.0,0.0,-0.0005511072430866485,0.0022988505747126436,0.0022988505747126436,0.001379310344827586,0.0,0.0
2020-06-10,2020-06-10,press_conferences,,1.0301371420425043e-06,1.0301371420425043e-06,-1.1331508562467546e-05,0.0,0.0,-9.271234278382538e-06,9.272653091502542e-06,4.079967360261118e-06,3.619325884102605e-05,0.0,0.0
2020-07-29,2020-07-29,speech,{'unknown'},-8.225882317160497e-06,6.854901930967081e-06,2.741960772386832e-06,-1.5080784248127578e-05,0.0,-1.3709803861934161e-05,3.365756790414325e-05,2.4682216463038383e-05,4.570780826488589e-06,0.0001234110823151919,0.0
2020-07-29,2020-09-16,minutes,,-1.4867150630502773e-05,2.230072594575416e-05,-9.911433753668515e-06,-9.911433753668515e-06,0.0,-1.2389292192085644e-05,4.6141423462913834e-05,9.438018435596012e-05,9.228284692582766e-06,0.00011535355865728458,0.0
2020-07-29,2020-07-29,statements,,-0.0003080874380202941,0.00010269581267343136,-0.0003080874380202941,0.0,0.0,-0.0005134790633671569,0.0021929824561403508,0.0021929824561403508,0.0013157894736842105,0.0,0.0
2020-07-29,2020-07-29,press_conferences,,-1.0686520890069063e-06,3.205956267020719e-06,-1.0686520890069063e-06,0.0,0.0,1.0686520890069067e-06,0.00010452597470471412,2.8507084010376577e-05,4.544607595857136e-06,0.0,0.0
2020-09-16,2020-09-16,speech,{'unknown'},5.9196196028871355e-06,1.2684899149043862e-06,-8.033769461061114e-06,-3.805469744713159e-06,0.0,-4.65112968798275e-06,5.257919741610802e-06,2.77056660857712e-06,1.4662496344022292e-05,4.609215357905573e-05,0.0
2020-09-16,2020-11-05,minutes,,-4.190882341561451e-06,2.6193014634759064e-05,1.9906691122416887e-05,-9.429485268513263e-06,0.0,3.247933814710124e-05,7.641229015274816e-06,9.551536269093521e-05,2.0205930334206087e-05,0.00010315659170621003,0.0
2020-09-16,2020-09-16,press_conferences,,1.8596542195413462e-06,1.3947406646560096e-05,5.578962658624039e-06,-1.8596542195413462e-06,0.0,1.9526369305184133e-05,9.52653138992093e-06,6.212955254296258e-05,2.0413995835544847e-05,9.52653138992093e-05,0.0
2020-09-16,2020-09-16,statements,,-7.607066402280714e-05,0.00022821199206842145,-7.607066402280714e-05,0.0,0.0,7.607066402280717e-05,0.0001994813484939158,0.0017953321364452424,0.0003590664272890485,0.0,0.0
2020-11-05,2020-12-16,minutes,,4.597989084356289e-06,4.597989084356289e-06,-6.896983626534434e-06,-8.046480897623505e-06,0.0,-5.7474863554453625e-06,9.144445663703865e-06,1.4631113061926186e-05,8.029269363252175e-06,0.0001097333479644464,0.0
2020-11-05,2020-11-05,speech,{'unknown'},6.697533145021355e-07,2.679013258008542e-06,6.027779830519219e-06,-4.911524306348994e-06,0.0,4.4650220966809045e-06,1.3975153109448276e-06,6.133539420257854e-06,6.171635938396102e-06,3.680123652154712e-05,0.0
2020-11-05,2020-11-05,press_conferences,,-2.7083008800987985e-06,1.3541504400493993e-06,5.416601760197597e-06,0.0,0.0,4.062451320148198e-06,4.0799673602611176e-05,2.447980416156671e-05,1.7485574401119076e-05,0.0,0.0
2020-11-05,2020-11-05,statements,,-0.00029070583049026926,0.0001938038869935128,-0.0003876077739870256,0.0,0.0,-0.00048450971748378207,0.0009041591320072332,0.002109704641350211,0.002109704641350211,0.0,0.0
2020-12-16,2020-12-16,statements,,-0.00018552406975925928,0.00027828610463888896,-0.00037104813951851855,0.0,0.0,-0.00027828610463888896,0.0005122950819672131,0.0020491803278688526,0.0020491803278688526,0.0,0.0
2020-12-16,2020-12-16,speech,{'unknown'},1.4176144758420919e-06,2.480825332723661e-06,2.8352289516841837e-06,-4.252843427526276e-06,0.0,2.4808253327236597e-06,6.677350427350427e-06,2.062122926093514e-05,8.70958751393534e-06,5.0080128205128203e-05,0.0
2020-12-16,2020-12-16,press_conferences,,1.0274635725231809e-05,5.1373178626159045e-06,-1.027463572523181e-06,0.0,0.0,1.4384490015324534e-05,4.6283011357850984e-05,5.656812499292899e-05,3.2846008060410375e-06,0.0,0.0
2020-12-16,2021-01-27,minutes,,1.1386808426816652e-05,1.708021264022498e-05,-7.116755266760408e-06,-5.693404213408326e-06,0.0,1.56568615868729e-05,2.2005952610181052e-05,4.217807583618035e-05,7.810754784477844e-06,0.00012653422750854106,0.0
2021-01-27,2021-01-27,press_conferences,,1.431139817759284e-05,5.963082573997017e-06,7.15569908879642e-06,-1.1926165147994034e-06,0.0,2.6237563325586878e-05,4.217273954116059e-05,6.247813265357125e-05,2.5952455102252675e-05,0.00011246063877642825,0.0
2021-01-27,2021-01-27,speech,{'unknown'},1.9466964924022804e-05,7.6175080137480526e-06,-1.0156677351664072e-05,-2.539169337916018e-06,0.0,1.4388626248190768e-05,2.982581722739203e-05,3.834747929236118e-05,2.6843235504652828e-05,8.947745168217609e-05,0.0
2021-01-27,2021-03-17,minutes,,9.732084211761436e-06,4.491731174659125e-06,-7.486218624431875e-07,-9.732084211761436e-06,0.0,3.7431093122159368e-06,1.8803708091235592e-05,1.6489405556929674e-05,1.0178645405512142e-06,8.244702778464837e-05,0.0
2021-01-27,2021-01-27,statements,,-0.00018160265655575546,0.00018160265655575546,-0.0003632053131115109,0.0,0.0,-0.0003632053131115109,0.000505050505050505,0.00101010101010101,0.00202020202020202,0.0,0.0
2021-03-17,2021-03-17,press_conferences,,1.0320313565339605e-05,1.2384376278407526e-05,-2.064062713067921e-06,-2.064062713067921e-06,0.0,1.857656441761129e-05,3.1913807189542485e-05,4.084967320261438e-05,6.382761437908497e-06,0.00010212418300653595,0.0
2021-03-17,2021-04-28,minutes,,3.881489351841222e-06,3.6227233950518074e-05,2.5876595678941485e-06,-5.175319135788297e-06,0.0,3.7521063734465156e-05,6.720942007231734e-06,9.235072165492493e-05,3.2090984358854224e-06,0.00011873664212776063,0.0
2021-03-17,2021-03-17,statements,,-9.21946839699236e-05,0.0003687787358796944,-0.0003687787358796944,0.0,0.0,-9.219468396992359e-05,0.0002915451895043732,0.0020408163265306124,0.0020408163265306124,0.0,0.0
2021-03-17,2021-03-17,speech,{'unknown'},3.387152400847051e-06,1.3240686657856651e-05,-2.77130650978395e-06,-9.853534257009601e-06,0.0,4.002998291910151e-06,6.87117790728907e-06,1.2489072061945797e-05,4.611199065463656e-06,4.5599635202918376e-05,0.0
2021-04-28,2021-04-28,speech,{'unknown'},1.3556952900155458e-05,6.2942995607864634e-06,9.683537785825329e-07,-5.32594578220393e-06,0.0,1.5493660457320526e-05,1.961905402526934e-05,2.4290257364619185e-05,1.622628528405735e-06,6.165988407941794e-05,0.0
2021-04-28,2021-04-28,statements,,9.333522872973548e-05,0.00037334091491894193,0.0,0.0,0.0,0.00046667614364867744,0.00029394473838918284,0.00205761316872428,0.0,0.0,0.0
2021-04-28,2021-04-28,press_conferences,,1.1936244786368693e-05,1.4106471111163e-05,1.627669743595731e-05,0.0,0.0,4.2319413333489e-05,2.5812507333098674e-05,6.536933675265249e-05,6.886736146182453e-05,0.0,0.0
2021-04-28,2021-06-16,minutes,,2.581220698846267e-06,2.4521596639039536e-05,3.742770013327087e-05,-1.0324882795385068e-05,0.0,5.42056346757716e-05,4.939149675991781e-06,6.0871682493304114e-05,4.4644781486886754e-05,9.48316737790422e-05,0.0
2021-06-16,2021-06-16,press_conferences,,2.0840368084861975e-05,2.2825165045325018e-05,1.1908781762778272e-05,0.0,9.923984802315227e-07,5.656671337319679e-05,3.798807897902515e-05,7.381708127260648e-05,3.730972042582828e-05,0.0,9.949258780220874e-05
2021-06-16,2021-07-28,minutes,,3.0433332492668758e-05,2.8179011567285886e-05,2.705185110459445e-05,-4.508641850765742e-06,3.3814813880743064e-06,8.453703470185766e-05,3.7016370832744956e-05,7.318051290757886e-05,3.094490260091906e-05,0.00010830715910321672,0.00010830715910321672
2021-06-16,2021-06-16,speech,{'unknown'},1.3525256002156312e-05,6.296239863072766e-06,1.4924420416172483e-05,-2.0987466210242556e-06,2.3319406900269505e-07,3.288036372938e-05,1.505058814065553e-05,1.0999150621146478e-05,1.3470564711330008e-05,3.7885963250615644e-05,3.7885963250615644e-05
2021-06-16,2021-06-16,statements,,9.391435011269723e-05,0.0003756574004507889,0.00018782870022539445,0.0,0.0,0.0006574004507888807,0.00029515938606847696,0.002066115702479339,0.002066115702479339,0.0,0.0
2021-07-28,2021-09-22,minutes,,2.6415404996133357e-05,3.2285494995274106e-05,2.2502011663372863e-05,-3.913393332760497e-06,1.9566966663802486e-06,7.924621498840008e-05,3.3682088489083886e-05,7.563238991476459e-05,2.9437400088824154e-05,9.855129594954174e-05,9.855129594954174e-05
2021-07-28,2021-07-28,speech,{'unknown'},6.110328706497174e-06,4.58274652987288e-06,1.374823958961864e-05,0.0,0.0,2.4441314825988696e-05,8.820675663755844e-05,0.00013231013495633765,0.00013231013495633765,0.0,0.0
2021-07-28,2021-07-28,press_conferences,,3.7353966516172183e-05,2.1506829206280954e-05,1.4715198930613285e-05,0.0,0.0,7.357599465306643e-05,6.762696963549063e-05,8.972379238858902e-05,4.8688591513953025e-05,0.0,0.0
2021-07-28,2021-07-28,statements,,8.998207127474314e-05,0.00035992828509897256,0.00017996414254948628,0.0,0.0,0.000629874498923202,0.00028686173264486515,0.002008032128514056,0.002008032128514056,0.0,0.0
2021-09-22,2021-09-22,press_conferences,,2.548649407767575e-05,2.0631923777166083e-05,1.5777353476656418e-05,0.0,0.0,6.189577133149826e-05,9.55740129707589e-05,6.239470892868285e-05,0.00011377858686995108,0.0,0.0
2021-09-22,2021-09-22,speech,{'unknown'},2.855963930171102e-05,1.1759851477175127e-05,6.719915129814357e-06,0.0,0.0,4.70394059087005e-05,3.3639896125277615e-05,2.6919384135765993e-05,1.3149560914245138e-05,0.0,0.0
2021-09-22,2021-09-22,statements,,8.531501030287053e-05,0.0003412600412114821,0.00017063002060574106,0.0,0.0,0.0005972050721200937,0.0002768549280177187,0.001937984496124031,0.001937984496124031,0.0,0.0
2021-09-22,2021-11-03,minutes,,4.843904018473404e-05,4.7164328600925256e-05,1.2747115838087907e-06,-1.2747115838087907e-06,1.2747115838087907e-06,9.687808036946808e-05,6.569756988146776e-05,7.90885578094607e-05,1.8660963876106129e-06,0.00011756407241946862,0.00011756407241946862
2021-11-03,2021-12-15,minutes,,4.928314820407572e-05,4.083460851194846e-05,9.856629640815145e-06,-1.4080899486878779e-06,1.4080899486878779e-06,9.997438635683933e-05,6.192936513553685e-05,9.341579693338487e-05,1.1725293132328309e-05,0.0001256281407035176,0.0001256281407035176
2021-11-03,2021-11-03,speech,{'unknown'},1.8000690655593646e-05,6.207134708825396e-06,6.8278481797079345e-06,-4.138089805883597e-06,4.1380898058835965e-07,2.7311392718831738e-05,2.0155283719210485e-05,1.5900981408572536e-05,1.0590928901489599e-05,3.498215909885958e-05,3.498215909885958e-05
2021-11-03,2021-11-03,press_conferences,,2.127418657112039e-05,7.837858210412774e-06,1.3436328360707614e-05,0.0,1.1196940300589679e-06,4.366806717229974e-05,5.853538309867833e-05,3.972622952680385e-05,4.9766924901710325e-05,0.0,0.00010782833728703904
2021-11-03,2021-11-03,statements,,0.0,0.000256615631097896,0.00032076953887237006,0.0,0.0,0.0005773851699702661,0.0,0.0016025641025641025,0.0016025641025641025,0.0,0.0
2021-12-15,2021-12-15,speech,{'unknown'},3.5049962655436006e-06,7.009992531087202e-07,2.8039970124348806e-06,-9.813989543522082e-06,0.0,-2.8039970124348815e-06,1.9119873961790844e-05,2.4855836150328096e-05,6.856782386297406e-06,4.971167230065619e-05,0.0
2021-12-15,2021-12-15,statements,,8.172561894590323e-05,0.0004086280947295162,0.0002451768568377097,0.0,8.172561894590323e-05,0.0008172561894590324,0.0006277463904582548,0.0018832391713747645,0.0018832391713747645,0.0,0.0018832391713747645
2021-12-15,2021-12-15,press_conferences,,3.49412453253952e-05,3.105888473368462e-05,2.135298325440818e-05,0.0,9.705901479276445e-07,8.832370346141564e-05,7.352220370551907e-05,6.535306996046138e-05,7.188837695650753e-05,0.0,9.802960494069208e-05
2021-12-15,2022-01-26,minutes,,5.2346519380547044e-05,5.46730313530158e-05,2.6754887683390713e-05,-1.1632559862343788e-06,3.4897679587031365e-06,0.00013610095038942233,7.900516693791775e-05,9.808566008518845e-05,3.796964739404405e-05,0.00011060723371308483,0.00011060723371308483
2022-01-26,2022-03-16,minutes,,1.7981269499800202e-05,2.5588729672792592e-05,1.9364444076707908e-05,-2.7663491538154153e-06,2.0747618653615616e-06,6.224285596084684e-05,3.630919795774727e-05,6.729218083045825e-05,3.2201822623160466e-05,7.820442637053257e-05,7.820442637053257e-05
2022-01-26,2022-01-26,statements,,0.00010834802150518095,0.0005417401075259047,0.0003250440645155428,0.0,0.00010834802150518095,0.0010834802150518094,0.0007575757575757576,0.0022727272727272726,0.0022727272727272726,0.0,0.0022727272727272726
2022-01-26,2022-01-26,press_conferences,,2.180454801576858e-05,2.639497917698302e-05,9.180862322428876e-06,-1.1476077903036096e-06,0.0,5.623278172487687e-05,4.083624022885489e-05,0.00010961306587745259,3.9859296682710035e-05,0.00010961306587745259,0.0
2022-01-26,2022-01-26,speech,{'unknown'},6.843878837876842e-05,2.138712136836513e-05,-2.994196991571118e-05,-2.138712136836513e-05,0.0,3.8496818463057235e-05,0.0002342263211828429,0.00010134792743488397,0.0001085018987832287,0.00026350461133069827,0.0
2022-03-16,2022-03-16,press_conferences,,1.955830853348596e-05,4.0339011350314786e-05,3.6671828500286175e-06,1.2223942833428724e-06,0.0,6.478689701717224e-05,2.9503202941469333e-05,0.00010779205931829688,8.365237419380024e-06,0.00011432491139819366,0.0
2022-03-16,2022-05-04,minutes,,7.711752691202314e-05,3.659814836502794e-05,1.1763690545901836e-05,-2.6141534546448524e-06,0.0,0.00012286521236830805,8.928098541996111e-05,0.00011954572624028691,1.7077960891469558e-05,5.9772863120143455e-05,0.0
2022-03-16,2022-03-16,statements,,0.0005905211425493742,0.0005905211425493742,0.0,0.0,0.0,0.0011810422850987484,0.002793296089385475,0.002793296089385475,0.0,0.0,0.0
2022-03-16,2022-03-16,speech,{'unknown'},4.6294499954480357e-05,4.232639995838204e-05,5.290799994797755e-06,-6.613499993497194e-06,0.0,8.729819991416299e-05,6.694246964159002e-05,0.00010710795142654402,1.6066192713981605e-05,0.00012049644535486203,0.0
2022-05-04,2022-05-04,press_conferences,,1.3059711721342805e-05,1.8864028041939607e-05,-5.804316320596802e-06,0.0,0.0,2.611942344268561e-05,2.8135374919501567e-05,6.171257132549109e-05,1.5079089826138094e-05,0.0,0.0
2022-05-04,2022-05-04,statements,,0.0006516968207755705,0.0001303393641551141,-0.0002606787283102282,0.0,0.0,0.0005213574566204564,0.002570694087403599,0.0008568980291345329,0.0012853470437017994,0.0,0.0
2022-05-04,2022-06-15,minutes,,7.806299401685426e-05,2.7647310380969222e-05,-6.505249501404522e-06,-3.252624750702261e-06,0.0,9.59524301457167e-05,0.00010690327925809124,8.694140149539212e-05,8.368691053032396e-06,0.00013808340237503452,0.0
2022-05-04,2022-05-04,speech,{'unknown'},5.5356163032558004e-05,2.3577624995348777e-05,3.792922281860456e-05,-1.0251141302325556e-06,0.0,0.00011583789671627877,6.535757857433336e-05,6.680996920931853e-05,3.515599761319281e-05,0.00010166734444896299,0.0
2022-06-15,2022-06-15,speech,{'unknown'},1.1450941521912244e-05,1.5267922029216329e-06,1.5267922029216328e-05,-1.5267922029216329e-06,7.633961014608164e-07,2.7482259652589393e-05,2.1235991324389678e-05,3.093638242318496e-06,4.640457363477745e-05,8.35282325425994e-05,8.35282325425994e-05
2022-06-15,2022-06-15,statements,,0.0005442798940461796,0.0,0.0,0.0,0.0,0.0005442798940461796,0.0026455026455026454,0.0,0.0,0.0,0.0
2022-06-15,2022-07-27,minutes,,7.101269027303906e-05,1.3314879426194827e-05,2.0712034662969727e-05,-1.4794310473549805e-06,0.0,0.00010356017331484864,7.419223207330192e-05,4.327880204275945e-05,2.5967281225655675e-05,0.00012983640612827837,0.0
2022-06-15,2022-06-15,press_conferences,,1.3828094770494716e-05,1.6132777232243833e-05,-4.609364923498238e-06,0.0,0.0,2.5351507079240314e-05,1.73548842429221e-05,5.129332454019199e-05,1.2212696319093328e-05,0.0,0.0
2022-07-27,2022-07-27,statements,,0.0006890586799686158,0.0,-0.00017226466999215395,0.0,0.0,0.0005167940099764618,0.0030959752321981426,0.0,0.0030959752321981426,0.0,0.0
2022-07-27,2022-07-27,press_conferences,,-5.5714142641648485e-06,2.2285657056659394e-05,-3.342848558498909e-06,-4.457131411331878e-06,0.0,8.914262822663758e-06,1.0537318968860115e-05,5.9711474156873986e-05,1.1118688291279983e-05,0.00010748065348237318,0.0
2022-07-27,2022-07-27,speech,{'unknown'},2.9248866512605624e-05,1.6713638007203215e-05,3.4820079181673364e-06,-2.785606334533869e-06,2.089204750900402e-06,4.8748110854342715e-05,3.9283469516027656e-05,4.285469401748471e-05,5.693256451598211e-06,5.237795935470354e-05,7.856693903205531e-05
2022-07-27,2022-09-21,minutes,,6.125137842932702e-05,9.527992200117537e-06,-1.6333700914487205e-05,-6.805708714369669e-06,0.0,4.763996100058767e-05,5.942900610930183e-05,2.4563989191844757e-05,1.991674799338764e-05,0.00012281994595922377,0.0
2022-09-21,2022-09-21,statements,,0.0006858710562414266,0.0,-0.0006858710562414266,0.0,0.0,0.0,0.0030864197530864196,0.0,0.0030864197530864196,0.0,0.0
2022-09-21,2022-11-02,minutes,,5.6862842743308466e-05,2.6126170990168754e-05,-4.30313404543956e-05,-1.5368335876569857e-06,0.0,3.842083969142464e-05,5.936651119058736e-05,5.521829089645271e-05,4.780588080628033e-05,0.00013317352510320947,0.0
2022-09-21,2022-09-21,press_conferences,,3.4208014390370413e-06,1.7104007195185207e-06,1.5393606475666687e-05,0.0,0.0,2.0524808634222247e-05,4.4693935926773455e-06,6.8105045221750025e-06,4.152210821584115e-05,0.0,0.0
2022-09-21,2022-09-21,speech,{'unknown'},3.27679535549482e-05,1.3601792041676612e-05,1.1747002217811619e-05,-1.2365265492433284e-06,0.0,5.68802212651931e-05,3.403922989132494e-05,6.140894449189681e-05,2.3371354837439925e-05,7.257420712678714e-05,0.0
2022-11-02,2022-11-02,statements,,0.0007642854765974091,0.0,-0.0002547618255324697,0.0,0.0,0.0005095236510649394,0.002531645569620253,0.0,0.0008438818565400843,0.0,0.0
2022-11-02,2022-12-14,minutes,,7.057241604825347e-05,1.6172845344391418e-05,-2.9405173353438945e-05,-4.410776003015842e-06,0.0,5.29293120361901e-05,8.386975027781856e-05,6.1838747034551e-05,3.2324799586242565e-05,0.00012929919834497026,0.0
2022-11-02,2022-11-02,press_conferences,,2.3024901537125174e-05,1.6884927793891796e-05,-1.5349934358083449e-06,0.0,0.0,3.837483589520862e-05,3.383064379715146e-05,7.703890464684667e-05,4.9284147753874964e-06,0.0,0.0
2022-11-02,2022-11-02,speech,{'unknown'},1.8039907184557836e-05,7.676556248748017e-06,1.1514834373122024e-06,-4.98976156168621e-06,3.838278124374008e-07,2.2262013121369247e-05,2.3199130476845788e-05,3.7725029802773546e-05,1.7411552216664714e-06,5.281504172388296e-05,5.281504172388296e-05
2022-12-14,2022-12-14,statements,,0.0007642854765974091,0.0,-0.0002547618255324697,0.0,0.0,0.0005095236510649394,0.002531645569620253,0.0,0.0008438818565400843,0.0,0.0
2022-12-14,2023-02-01,minutes,,3.4316360500755646e-05,1.5598345682161656e-05,-2.651718765967481e-05,-1.5598345682161655e-06,0.0,2.1837683955026324e-05,3.362474781439139e-05,4.4832997085855186e-05,3.132168289559746e-05,0.00013449899125756557,0.0
2022-12-14,2022-12-14,speech,{'unknown'},3.144740393727243e-05,1.4050967716653641e-05,-7.360030708723335e-06,-6.6909370079303055e-06,0.0,3.144740393727243e-05,3.0214044001933698e-05,4.5899632802937575e-05,1.1852017859913458e-05,7.649938800489595e-05,0.0
2022-12-14,2022-12-14,press_conferences,,6.1338511172133315e-06,1.2267702234426663e-05,-6.1338511172133315e-06,-3.0669255586066657e-06,0.0,9.200776675819997e-06,7.5987841945288756e-06,3.546099290780142e-05,2.6595744680851067e-05,0.00013297872340425532,0.0
2023-02-01,2023-02-01,press_conferences,,-2.3001941689549993e-05,-1.5334627793033329e-06,-1.3801165013729994e-05,-1.5334627793033329e-06,0.0,-3.987003226188665e-05,2.890841813135985e-05,6.332320162107396e-06,4.787234042553191e-05,0.00013297872340425532,0.0
2023-02-01,2023-03-22,minutes,,3.1579130426434996e-05,1.0526376808811665e-05,-3.1579130426434996e-05,-7.894782606608749e-06,0.0,2.6315942022029185e-06,3.602305475504323e-05,3.202049311559398e-05,3.894384297842511e-05,0.00012007684918347742,0.0
2023-02-01,2023-02-01,statements,,0.0006031119494757501,0.0,-0.00030155597473787506,0.0,0.0,0.00030155597473787506,0.0028328611898017,0.0,0.0009442870632672332,0.0,0.0
2023-02-01,2023-02-01,speech,{'unknown'},2.8614391938918682e-05,0.0,-1.609559546564176e-05,0.0,0.0,1.2518796473276924e-05,3.030727791395006e-05,0.0,2.6946591854943502e-05,0.0,0.0
2023-03-22,2023-03-22,statements,,0.00039712768163970827,0.0002647517877598055,-0.0002647517877598055,0.0,0.0,0.0003971276816397083,0.0025974025974025974,0.0025974025974025974,0.0008658008658008658,0.0,0.0
2023-03-22,2023-05-03,minutes,,3.914498975747458e-05,1.7941453638842514e-05,-4.893123719684322e-06,-1.1417288679263417e-05,0.0,4.077603099736934e-05,4.750687860013065e-05,5.255789730186867e-05,5.694317640426618e-06,0.00013856172925038105,0.0
2023-03-22,2023-03-22,speech,{'unknown'},1.4354406264395147e-05,4.376343373291204e-06,1.5754836143848332e-06,-2.4507522890430737e-06,0.0,1.7855480963028113e-05,1.1558685986023575e-05,2.1143937779311417e-05,2.7343422448585252e-06,2.4339021710407366e-05,0.0
2023-03-22,2023-03-22,press_conferences,,-4.8003837667681915e-06,1.1200895455792447e-05,-3.2002558445121276e-06,-1.6001279222560638e-06,0.0,1.6001279222560638e-06,1.107816383127218e-05,8.694680097877256e-05,1.1385890604363073e-05,0.00013663068725235688,0.0
2023-05-03,2023-05-03,press_conferences,,-1.3212668680979878e-06,3.963800604293963e-06,-1.0570134944783902e-05,-2.6425337361959756e-06,0.0,-1.0570134944783904e-05,3.8841739333087336e-06,4.013646397752358e-05,6.020469596628537e-05,0.00012040939193257074,0.0
2023-05-03,2023-05-03,statements,,0.0003041370442641731,0.0,0.0003041370442641731,0.0,0.0,0.0006082740885283462,0.002849002849002849,0.0,0.0014245014245014246,0.0,0.0
2023-05-03,2023-05-03,speech,{'unknown'},6.082859130046222e-06,1.2165718260092444e-05,-1.7379597514417778e-06,-2.6069396271626666e-06,0.0,1.3903678011534224e-05,1.4858967174418801e-05,4.4576901523256405e-05,2.665728330294403e-06,5.7313159101329664e-05,0.0
2023-05-03,2023-06-14,minutes,,5.641925682102817e-06,2.8209628410514085e-06,-1.1283851364205634e-05,-2.2567702728411268e-05,0.0,-2.5388665569462677e-05,7.6224450516992334e-06,8.384689556869158e-06,1.3238983510846036e-05,0.00012577034335303736,0.0
2023-06-14,2023-06-14,press_conferences,,-8.954544496377886e-06,-1.279220642339698e-06,3.837661927019094e-06,0.0,0.0,-6.39610321169849e-06,1.2690585398575028e-05,1.3093461125513917e-05,1.86064973888882e-05,0.0,0.0
2023-06-14,2023-06-14,statements,,0.000291587694999271,0.0,0.0004373815424989065,0.0,0.0,0.0007289692374981776,0.002770083102493075,0.0,0.0016620498614958448,0.0,0.0
2023-06-14,2023-06-14,speech,{'unknown'},9.931053937741865e-07,4.303456706354808e-06,-1.0262089068999927e-05,-1.6220721431645045e-05,0.0,-2.1186248400515977e-05,2.929821974250771e-06,2.488395463463655e-05,2.0893894736558316e-05,4.78537589127626e-05,0.0
2023-06-14,2023-07-26,minutes,,0.0,1.064370240132237e-05,1.064370240132237e-05,-7.095801600881581e-06,0.0,1.4191603201763161e-05,0.0,2.9308323563892145e-05,1.4654161781946073e-05,0.00014654161781946072,0.0
2023-07-26,2023-07-26,statements,,0.00030155597473787506,0.0,0.0004523339621068126,0.0,0.0,0.0007538899368446876,0.0028328611898017,0.0,0.0016997167138810198,0.0,0.0
2023-07-26,2023-07-26,speech,{'unknown'},3.6845646544280563e-07,2.2107387926568338e-06,4.789934050756473e-06,-1.5106715083155032e-05,0.0,-7.737585774298918e-06,1.2535459681574253e-06,2.202659344048047e-05,1.3100784333880541e-05,5.139538469445444e-05,0.0
2023-07-26,2023-07-26,press_conferences,,-5.95906116288199e-06,1.0726310093187583e-05,-7.150873395458389e-06,-1.191812232576398e-06,0.0,-3.5754366977291947e-06,9.213940323151314e-06,5.951121455776555e-05,1.7748958727754636e-05,0.00011241007194244605,0.0
2023-07-26,2023-09-20,minutes,,1.2853072696042673e-05,0.0,-5.508459726875431e-06,-9.180766211459052e-06,0.0,-1.836153242291811e-06,2.058103193294112e-05,0.0,7.140358017551e-06,0.000149947518368571,0.0
2023-09-20,2023-09-20,speech,{'unknown'},1.0744954050658414e-05,1.841992122970014e-05,1.0744954050658414e-05,-1.5349934358083449e-06,0.0,3.837483589520862e-05,1.3499570906496186e-05,7.984031936127745e-05,1.9818518990388018e-05,0.0001330671989354624,0.0
2023-09-20,2023-09-20,press_conferences,,-1.1337850347348764e-06,6.802710208409258e-06,-6.802710208409258e-06,0.0,0.0,-1.1337850347348767e-06,2.051530339056419e-06,2.7182776992497555e-05,2.3299523136426473e-05,0.0,0.0
2023-09-20,2023-11-01,minutes,,3.545498031957182e-05,5.909163386595304e-06,1.1818326773190608e-05,-9.848605644325506e-06,0.0,4.333386483503223e-05,5.237795935470354e-05,2.2447696866301515e-05,1.6255228765252824e-05,0.00015713387806411063,0.0
2023-09-20,2023-09-20,statements,,0.0002952605712746871,0.0,0.00044289085691203063,0.0,0.0,0.0007381514281867177,0.002793296089385475,0.0,0.0016759776536312849,0.0,0.0
2023-11-01,2023-12-13,minutes,,2.5822217582855356e-05,1.844444113061097e-05,2.3977773469794263e-05,-9.222220565305485e-06,0.0,5.9022211617955105e-05,3.899221826729722e-05,6.266606507244197e-05,3.990165776041203e-05,0.00015039855617386073,0.0
2023-11-01,2023-11-01,press_conferences,,0.0,1.2284987049008359e-05,9.827989639206688e-06,0.0,0.0,2.2112976688215046e-05,0.0,8.193229115458985e-05,3.529391003582332e-05,0.0,0.0
2023-11-01,2023-11-01,statements,,0.00028799033975876877,-0.00028799033975876877,0.00043198550963815315,0.0,0.0,0.00043198550963815315,0.0027472527472527475,0.0027472527472527475,0.0016483516483516484,0.0,0.0
2023-11-01,2023-11-01,speech,{'unknown'},3.5636170588664032e-06,5.5778353964865445e-06,3.873496803115656e-06,-5.5778353964865445e-06,0.0,7.437113861982059e-06,8.398651103601012e-06,1.9231693831434204e-05,7.9251485569097e-06,2.8847540747151304e-05,0.0
2023-12-13,2024-01-31,minutes,,2.2268834180921612e-05,1.1134417090460806e-05,9.278680908717337e-06,-3.711472363486935e-06,1.8557361817434674e-06,4.082619599835628e-05,2.9228086242339806e-05,3.235966691116193e-05,1.1616290686058129e-05,0.00015101177891875566,0.00015101177891875566
2023-12-13,2023-12-13,speech,{'unknown'},5.029136925858001e-06,3.017482155514801e-06,-7.795162235079902e-06,-7.543705388787003e-06,0.0,-7.2922485424941035e-06,1.0215141086421113e-05,1.8387253955558008e-05,9.148226350728243e-06,3.73491095972272e-05,0.0
2023-12-13,2023-12-13,press_conferences,,-1.5102081525682724e-06,7.5510407628413625e-06,-4.530624457704817e-06,0.0,0.0,1.5102081525682722e-06,3.5575920793769947e-06,3.134069212784495e-05,1.8804415276706968e-05,0.0,0.0
2023-12-13,2023-12-13,statements,,0.00027541214906363855,-0.00027541214906363855,0.0004131182235954578,0.0,0.0,0.0004131182235954578,0.0026666666666666666,0.0026666666666666666,0.0015999999999999999,0.0,0.0
2024-01-31,2024-03-20,minutes,,1.4712996198494186e-05,1.6347773553882428e-06,3.9234656529317826e-05,-8.173886776941213e-06,0.0,4.740854330625904e-05,2.4489396091492384e-05,6.033619326889428e-06,6.167699756375859e-05,0.00013877324451845685,0.0
2024-01-31,2024-01-31,press_conferences,,1.4661188127767282e-05,1.83264851597091e-05,-7.330594063883641e-06,0.0,0.0,2.5657079223592735e-05,1.9591836734693877e-05,6.857142857142857e-05,1.7142857142857142e-05,0.0,0.0
2024-01-31,2024-01-31,speech,{'unknown'},5.570313922540699e-06,8.35547088381105e-06,-1.2533206325716574e-05,-2.7851569612703497e-06,1.3925784806351749e-06,1.5142866107791058e-21,1.3126718779740222e-05,2.8777806555584333e-05,3.401013502023603e-05,0.00012470382840753212,0.00012470382840753212
2024-01-31,2024-01-31,statements,,0.00045041864699384225,-0.00030027909799589485,0.00015013954899794742,0.0,0.0,0.00030027909799589485,0.002824858757062147,0.002824858757062147,0.0009416195856873823,0.0,0.0
2024-03-20,2024-05-01,minutes,,3.213158171862805e-05,1.0146815279566755e-05,-1.6911358799277923e-06,-5.0734076397833774e-06,0.0,3.551385347848363e-05,5.503975898379224e-05,3.5486160397445e-05,2.326961337537377e-06,0.00014194464158978,0.0
2024-03-20,2024-03-20,press_conferences,,7.347018087866442e-06,1.4694036175732884e-05,-5.8776144702931535e-06,0.0,0.0,1.6163439793306174e-05,1.374990031322273e-05,5.8749574065588024e-05,1.8464151849184805e-05,0.0,0.0
2024-03-20,2024-03-20,statements,,0.0004621174719128425,0.0,0.00015403915730428087,0.0,0.0,0.0006161566292171234,0.0028735632183908046,0.0,0.0009578544061302681,0.0,0.0
2024-03-20,2024-03-20,speech,{'unknown'},5.380477622104505e-06,8.70371380046317e-06,5.855225647584314e-06,-1.2659947346128247e-06,0.0,1.8673422335539166e-05,6.217086015213575e-06,1.98657795693099e-05,9.41308163940265e-06,2.9256875365710943e-05,0.0
2024-05-01,2024-05-01,press_conferences,,1.4706247395726788e-05,1.0695452651437664e-05,-1.2032384232867373e-05,-1.336931581429708e-06,0.0,1.2032384232867373e-05,2.0537714712471995e-05,6.0679611650485434e-05,2.663982950509117e-05,0.00012135922330097087,0.0
2024-05-01,2024-05-01,statements,,0.00034119829796585156,0.0,0.00011373276598861718,0.0,0.0,0.0004549310639544687,0.002347417840375587,0.0,0.0007824726134585289,0.0,0.0
2024-05-01,2024-06-12,minutes,,7.088010010671224e-05,8.86001251333903e-06,2.658003754001709e-05,-1.7720025026678062e-06,0.0,0.00010454814765740056,0.00010098918910730607,3.1833548740346475e-05,3.993663387425285e-05,0.0001464343242055938,0.0
2024-05-01,2024-05-01,speech,{'unknown'},2.5874357889780948e-05,1.1716690365183827e-05,1.4645862956479784e-06,-7.322931478239892e-07,0.0,3.832334140278876e-05,2.2748021029472424e-05,1.9130411216160097e-05,1.2876238318569296e-06,3.905792289966019e-05,0.0
2024-06-12,2024-06-12,statements,,0.0002903802934959319,0.0,0.00014519014674796595,0.0,0.0,0.0004355704402438979,0.0013812154696132596,0.0,0.0009208103130755064,0.0,0.0
2024-06-12,2024-07-31,minutes,,2.2008411655763276e-05,3.401299983163415e-05,2.2008411655763276e-05,-4.001529391956959e-06,0.0,7.402829375120374e-05,3.424678858523403e-05,7.295323268648135e-05,3.295445694050822e-05,0.00015878056525881233,0.0
2024-06-12,2024-06-12,speech,{'unknown'},2.7580693952276528e-06,1.3790346976138264e-06,6.4354952555311895e-06,-3.0645215502529476e-07,1.5322607751264738e-07,1.0419373270860022e-05,7.363137678402689e-06,1.0308392749763765e-05,1.1135609451905303e-05,4.772404050816558e-06,2.863442430489935e-05
2024-06-12,2024-06-12,press_conferences,,1.050588646420164e-05,1.2840527900690893e-05,1.050588646420164e-05,0.0,0.0,3.385230082909417e-05,1.956436676666232e-05,4.878048780487805e-05,2.558417192563534e-05,0.0,0.0
2024-07-31,2024-07-31,statements,,0.0002710635867744138,0.0,0.0001355317933872069,0.0,0.0,0.00040659538016162065,0.002638522427440633,0.0,0.0008795074758135443,0.0,0.0
2024-07-31,2024-09-18,minutes,,2.8842770055820934e-05,1.1537108022328373e-05,9.614256685273644e-06,-3.845702674109458e-06,1.922851337054729e-06,4.807128342636823e-05,6.268832617989879e-05,2.8993350858203187e-05,1.7181244953009293e-05,0.00015463120457708364,0.00015463120457708364
2024-07-31,2024-07-31,press_conferences,,4.0247071236164616e-06,1.4757259453260359e-05,1.3415690412054871e-05,0.0,0.0,3.219765698893169e-05,1.1771584180560406e-05,5.8175510225668096e-05,5.068320966630175e-05,0.0,0.0
2024-07-31,2024-07-31,speech,{'unknown'},1.1713192580394336e-05,3.2943354132359076e-06,4.758484485785199e-06,-3.2943354132359076e-06,1.830186340686615e-07,1.6654695700248197e-05,1.3939540726981899e-05,9.06614660563471e-06,6.073296276882511e-06,3.223518793114564e-05,3.223518793114564e-05
2024-09-18,2024-11-07,minutes,,2.1175918393383975e-05,1.732575141276871e-05,2.8876252354614513e-05,-9.625417451538171e-06,0.0,5.7752504709229026e-05,3.782798583169985e-05,4.2204777580822144e-05,4.551495621461212e-05,0.00015475085112968121,0.0
2024-09-18,2024-09-18,statements,,0.0002743141612390408,0.0,0.0001371570806195204,0.0,0.0,0.0004114712418585612,0.0026595744680851063,0.0,0.0008865248226950354,0.0,0.0
2024-09-18,2024-09-18,press_conferences,,1.2922183956654545e-06,9.04552876965818e-06,1.9383275934981814e-05,0.0,0.0,2.972102310030545e-05,2.524213518173075e-06,2.0255274328754677e-05,7.118282121248072e-05,0.0,0.0
2024-09-18,2024-09-18,speech,{'unknown'},1.9335051602513773e-05,3.932552868307886e-06,9.831382170769716e-06,-1.966276434153943e-06,0.0,3.1132710207437435e-05,2.8911846310505388e-05,6.632516575764342e-06,1.5499902867275367e-05,4.753303545964445e-05,0.0
2024-11-07,2024-11-07,statements,,0.00016092553053858615,0.0,0.00016092553053858615,0.0,0.0,0.0003218510610771723,0.0029585798816568047,0.0,0.0009861932938856016,0.0,0.0
2024-11-07,2024-11-07,speech,{'unknown'},7.807587375530425e-06,7.807587375530425e-06,7.207003731258854e-06,-1.351313199611035e-06,0.0,2.1470865282708666e-05,1.3115786160222444e-05,1.3858189150423714e-05,9.039803384276393e-06,2.8249385575863725e-05,0.0
2024-11-07,2024-11-07,press_conferences,,2.967271596064038e-05,1.6484842200355767e-05,1.6484842200355767e-05,0.0,0.0,6.264240036135191e-05,6.610162022415793e-05,6.977393245883338e-05,4.360870778677086e-05,0.0,0.0
2024-11-07,2024-12-18,minutes,,4.416686701839066e-05,1.3589805236427894e-05,4.076941570928368e-05,-6.794902618213947e-06,0.0,9.17311853458883e-05,8.412714847794575e-05,3.5592255125284736e-05,7.765582936425761e-05,0.00014236902050113895,0.0
2024-12-18,2024-12-18,statements,,0.00014340381440827775,0.0,0.00014340381440827775,0.0,0.0,0.0002868076288165555,0.0027397260273972603,0.0,0.0009132420091324201,0.0,0.0
2024-12-18,2024-12-18,speech,{'unknown'},9.411919981060615e-06,1.1204666644119779e-05,1.52383466360029e-05,-4.481866657647912e-07,0.0,3.5406746595418504e-05,1.9521717911176184e-05,2.1219258599104547e-05,2.1183140712127348e-05,5.856515373352855e-05,0.0
2024-12-18,2025-01-29,minutes,,5.243499300507612e-05,1.6854104894488754e-05,1.8726783216098615e-05,-7.490713286439447e-06,0.0,8.052516782922403e-05,7.877826170138537e-05,4.4108565883494576e-05,2.9217212444195124e-05,0.00015192950470981463,0.0
2024-12-18,2024-12-18,press_conferences,,1.674392821170688e-05,8.930095046243668e-06,4.465047523121834e-06,0.0,0.0,3.013907078107238e-05,2.273405849927933e-05,3.074510768473966e-05,1.9565068526652516e-05,0.0,0.0
2025-01-29,2025-01-29,speech,{'unknown'},2.3340874229271196e-05,7.502423859408598e-06,2.41744768803166e-05,-5.835218557317799e-06,0.0,4.91825564116786e-05,4.9601417183348104e-05,1.771479185119575e-05,3.951761259112898e-05,8.857395925597875e-05,0.0
2025-01-29,2025-01-29,press_conferences,,2.2549981665578684e-05,2.5055535183976315e-06,7.5166605551928945e-06,0.0,0.0,3.257219573916921e-05,6.536897152818128e-05,1.0564682267180815e-05,4.357931435212086e-05,0.0,0.0
2025-01-29,2025-01-29,statements,,0.00016989226246064764,0.00033978452492129527,0.00016989226246064764,0.0,0.0,0.0006795690498425905,0.003067484662576687,0.003067484662576687,0.0010224948875255623,0.0,0.0
2025-01-29,2025-03-19,minutes,,3.7939390219317536e-05,2.1888109741913962e-05,2.918414632255195e-06,-5.83682926451039e-06,0.0,5.69090853289763e-05,5.973056918637776e-05,8.390247176681825e-05,4.7648317299674555e-06,0.00012865045670912132,0.0
2025-03-19,2025-03-19,statements,,0.00013237589387990275,0.0002647517877598055,0.0002647517877598055,0.0,0.0,0.0006618794693995138,0.0025974025974025974,0.0025974025974025974,0.0025974025974025974,0.0,0.0
2025-03-19,2025-03-19,press_conferences,,3.85663841605227e-05,0.0,4.820798020065337e-06,0.0,0.0,4.3387182180588035e-05,9.060022650056626e-05,0.0,2.5166729583490623e-05,0.0,0.0
2025-03-19,2025-03-19,speech,{'unknown'},8.335965505141324e-06,5.407112760091671e-06,7.660076410129866e-06,-1.5770745550267373e-06,0.0,1.9826080120336123e-05,1.0924228077805305e-05,1.399482191589112e-05,6.836550935923823e-06,2.3324703193151866e-05,0.0
2025-03-19,2025-05-07,minutes,,6.903713886665522e-05,2.5888927074995707e-05,-1.553335624499742e-05,-5.177785414999142e-06,0.0,7.421492428165436e-05,0.00010658140154543032,9.383797309978104e-05,2.443328356182978e-05,0.00014388489208633093,0.0
2025-05-07,2025-05-07,statements,,0.0003162210938221492,0.0001581105469110746,0.0003162210938221492,0.0,0.0,0.000790552734555373,0.0029239766081871343,0.0009746588693957114,0.0029239766081871343,0.0,0.0
2025-05-07,2025-05-07,press_conferences,,2.665125581056304e-05,-1.0660502324225214e-05,-1.1993065114753367e-05,0.0,0.0,3.997688371584455e-06,8.07297973682086e-05,4.03648986841043e-05,4.3594090578832645e-05,0.0,0.0
2025-05-07,2025-05-07,speech,{'unknown'},2.3064818674100003e-05,9.185104781721239e-06,6.327516627407965e-06,-2.0411343959380533e-07,2.0411343959380533e-07,3.8577440083229204e-05,1.856565983833746e-05,2.1971948169639066e-05,7.024002602959416e-06,1.1555617185513878e-05,3.4666851556541634e-05
2025-05-07,2025-06-18,minutes,,6.258026084787223e-05,1.6046220730223648e-05,1.283697658417892e-05,0.0,0.0,9.14634581622748e-05,7.978201099764336e-05,5.7108918128654974e-05,1.713267543859649e-05,0.0,0.0
2025-06-18,2025-06-18,statements,,0.00017886862533936858,0.0,0.00017886862533936858,0.0,0.0,0.00035773725067873716,0.0031746031746031746,0.0,0.001058201058201058,0.0,0.0
2025-06-18,2025-06-18,speech,{'unknown'},1.932677200368198e-05,9.504969837876384e-07,-3.1683232792921275e-07,-4.5940687549735845e-06,0.0,1.5366367904566822e-05,1.9843593447059895e-05,5.166605815531507e-06,2.957316460068539e-07,2.9277432954678535e-05,0.0
2025-06-18,2025-07-30,minutes,,6.462781866354271e-05,1.0771303110590452e-05,2.513304059137772e-05,0.0,0.0,0.00010053216236551088,9.495674192867695e-05,3.408703556414044e-05,3.565425559007793e-05,0.0,0.0
2025-06-18,2025-06-18,press_conferences,,3.492664913113121e-05,3.4926649131131205e-06,-5.821108188521868e-06,0.0,0.0,3.259820585572246e-05,6.916777335104028e-05,1.5809776765952063e-05,1.9080765062355943e-05,0.0,0.0
2025-07-30,2025-09-17,minutes,,6.745459239210375e-05,5.325362557271349e-06,-3.3727296196051875e-05,1.7751208524237829e-06,0.0,4.0827779605747e-05,0.00011142061281337047,1.7592728338953232e-05,5.926628341136727e-05,4.8868689830425645e-05,0.0
2025-07-30,2025-07-30,speech,{'unknown'},1.4753174453790604e-05,8.196208029883668e-07,1.6392416059767335e-06,-4.098104014941835e-06,0.0,1.311393284781387e-05,4.1379310344827587e-05,3.67816091954023e-06,2.6913372582001685e-06,5.5172413793103446e-05,0.0
2025-07-30,2025-07-30,press_conferences,,3.596767473466531e-05,1.1989224911555105e-05,-1.0490571797610718e-05,0.0,0.0,3.74663278486097e-05,8.27107055223181e-05,6.547930853850184e-05,4.8247911554685556e-05,0.0,0.0
2025-07-30,2025-07-30,statements,,0.00015605272523425088,0.0,-0.00046815817570275257,0.0,0.0,-0.0003121054504685017,0.002898550724637681,0.0,0.002898550724637681,0.0,0.0
2025-09-17,2025-09-17,speech,{'unknown'},1.9042508625263057e-05,3.7156114390757185e-06,-8.824577167804832e-06,-4.644514298844648e-07,0.0,1.3469091466649482e-05,3.36838092609115e-05,6.313011748514863e-06,1.8087279692173537e-05,5.997361161089121e-05,0.0
2025-09-17,2025-10-29,minutes,,7.111983910530761e-05,2.510111968422622e-05,-8.367039894742073e-06,-1.255055984211311e-05,0.0,7.530335905267864e-05,0.0001263865346299105,4.088976120379457e-05,1.4222525636102458e-05,9.813542688910696e-05,0.0
2025-09-17,2025-09-17,press_conferences,,4.1047914125610136e-05,6.219380928122748e-06,-7.463257113747297e-06,0.0,0.0,3.9804037939985586e-05,9.786651008025054e-05,1.7524306212717038e-05,3.855347366797748e-05,0.0,0.0
2025-09-17,2025-09-17,statements,,0.00014950560350261274,0.00014950560350261274,-0.0004485168105078382,0.0,0.0,-0.0001495056035026127,0.0028169014084507044,0.0009389671361502347,0.0028169014084507044,0.0,0.0
2025-10-29,2025-12-10,minutes,,5.596464785981808e-05,1.5390278161449972e-05,1.9587626750936327e-05,-1.399116196495452e-06,2.798232392990904e-06,9.234166896869984e-05,0.00010877723510023822,3.3561756683366186e-05,3.0195060088169576e-05,2.5018764073054793e-05,0.00012509382036527395
2025-10-29,2025-10-29,speech,{'unknown'},8.356578698624513e-06,0.0,-2.73986186840148e-07,-4.10979280260222e-06,1.36993093420074e-07,4.10979280260222e-06,1.4096061190770548e-05,0.0,3.2808076035997017e-07,2.6574541589157588e-05,2.6574541589157588e-05
2025-10-29,2025-10-29,statements,,0.00013186181309826105,0.00013186181309826105,0.0,0.0,0.0,0.0002637236261965221,0.0025906735751295338,0.0008635578583765112,0.0,0.0,0.0
2025-10-29,2025-10-29,press_conferences,,2.7950598538589224e-05,8.152257907088526e-06,4.658433089764871e-06,0.0,0.0,4.076128953544262e-05,8.301970334292672e-05,3.099402258135931e-05,1.702968273701061e-05,0.0,0.0
2025-12-10,2025-12-10,minutes,,3.5688827163216103e-05,1.2413505100249081e-05,2.9482074613091564e-05,-1.5516881375311351e-06,1.5516881375311351e-06,7.758440687655676e-05,5.8164088480222946e-05,2.6806058169146228e-05,5.418245800146578e-05,0.00013403029084573114,0.00013403029084573114
2025-12-10,2025-12-10,statements,,0.0001222393268437106,0.0001222393268437106,0.0001222393268437106,0.0,0.0,0.00036671798053113184,0.0024630541871921183,0.0008210180623973727,0.0008210180623973727,0.0,0.0
2025-12-10,2025-12-10,speech,{'unknown'},5.561328441687772e-06,-5.031678113907985e-06,1.8537761472292576e-06,-3.972377458348409e-06,0.0,-1.588950983339364e-06,2.4743288383026105e-05,1.599056051964272e-05,3.4779722626743517e-06,4.123881397171017e-05,0.0
2025-12-10,2025-12-10,press_conferences,,2.084859606052618e-05,7.35832802136218e-06,3.67916401068109e-06,0.0,0.0,3.1886088092569446e-05,4.3283430084529994e-05,2.1482584784601282e-05,1.374885426214482e-05,0.0,0.0
