date,meeting_date,doc_type,speaker_types,gardner_inf,gardner_labor,gardner_out,gardner_fin,gardner_mp,gardner_total,gardner_inf_consensus,gardner_labor_consensus,gardner_out_consensus,gardner_fin_consensus,gardner_mp_consensus
1999-02-03,1999-02-03,speech,{'unknown'},,,,,,,,,,,
1999-03-30,1999-03-30,speech,{'unknown'},,,,,,,,,,,
1999-05-18,1999-05-18,statements,,,,,,,,,,,,
1999-05-18,1999-05-18,speech,{'unknown'},-0.6541312803784889,0.9817583150916251,-0.5833053292837709,1.3598838781084404,-0.5773502691896257,-0.16881441519300228,-1.0235205919811883,0.4341758503099304,-0.7179516174507069,0.5773502691896254,-0.5773502691896256
1999-06-30,1999-06-30,statements,,-0.8989398079763283,-0.3757738109223186,-1.018059983500108,-0.16420777508112372,-0.5,-1.1024538340490886,-1.0408201702565403,1.1979285047414516,1.4895664583903936,0.4999999999999994,-0.5
1999-06-30,1999-06-30,speech,{'unknown'},0.3155497444198009,-0.7832740713610402,-0.9262708717181549,0.30668050427697974,8.711637364569764,-0.525558306856886,0.457074377440507,0.32051930261128053,-1.002974919082018,0.44721359549995676,1.7888543819998317
1999-08-24,1999-08-24,statements,,-0.3147616244057197,-0.3789078095168264,-0.4595910519793026,-1.3391477316487925,-0.5178675414204537,-0.7181704240778616,1.7760713098780196,0.9819899392376011,1.278672901219142,0.408248290463862,-0.6454972243679027
1999-08-24,1999-08-24,speech,{'unknown'},-0.9197817015535095,-1.4049111411629347,-1.350121899166162,1.4498889004050668,-0.4754467661681622,-1.2098307402075679,-1.115500739836101,-2.2807942791970395,-0.6921683842402516,-16.231474313118486,-0.5855400437691198
1999-10-05,1999-10-05,statements,,-0.1023607887087275,-1.170035321966969,-0.9289908381635376,1.1988096518542097,-0.44212026576841057,-0.6558999175641921,1.4736175966324552,-1.6254759026490635,1.1983967852850697,-2.4432820921920153,-0.5400617248673216
1999-10-05,1999-10-05,speech,{'unknown'},-0.06886968466919725,1.0327051145785673,0.1938036632391193,-0.5297166952445207,-0.4150111185995416,0.2372192600122694,-0.47338657396758205,0.10367231138085284,-0.6985715756884593,0.5527287321340887,-0.5039526306789696
1999-11-16,1999-11-16,statements,,-0.9089324342000702,-1.1320139904841309,-1.7169527541133756,1.1493292379860829,-0.39238394192391524,-1.4623806633970016,-1.0744141321444503,-1.427806074917015,1.153669853561665,-1.8838086970945858,-0.4743416490252569
1999-11-16,1999-11-16,speech,{'unknown'},-1.2711926626904235,-0.7708231521478824,-0.05900664508948937,-0.002609011761183026,-0.37311799527702955,-0.6423058091332055,-0.7999302617405816,-0.5904723416055857,-1.0513440484124728,0.6240713248206853,-0.4494665749754947
1999-12-21,1999-12-21,statements,,-0.7153690599681836,-0.9769173990878224,-0.6980667499198377,1.0852270769066852,-0.3564514388230046,-0.7293255058988521,-0.9252283858391973,-1.2355516762310417,1.124887616650485,-1.6497650246374447,-0.42817441928883754
1999-12-21,1999-12-21,speech,{'unknown'},1.9722510610834696,0.8428121507390925,-0.5617158725098438,0.9981312358009502,-0.3418452419439808,0.7148444201761375,0.3566701697534047,0.9699486028268685,-1.2003556406661988,-1.435109323740901,-0.40967324519935133
2000-02-02,2000-02-02,statements,,0.6787161403610273,-0.9793849921859631,-1.1140271962954922,0.929517593983748,-0.3289055175784568,-0.5151368914059682,1.6553502997030216,-1.1966629143572363,-1.6011024775359013,-1.2881620501712052,-0.39339789623472154
2000-02-02,2000-02-02,speech,{'unknown'},-0.17064780866062268,0.27706469403821155,-1.635601259086327,0.723270546436757,-0.31733668348364674,-0.9315081902427497,-0.4336456864388595,0.24245687152506165,-1.2169533230364422,0.8216793908740585,-0.3789323733725367
2000-03-21,2000-03-21,speech,{'unknown'},0.49038532308656724,-1.3234642652306585,-1.176488583812698,0.3985054801248461,3.1092842838029955,-0.8677590511418733,0.648939356653962,-0.6552085190461269,-1.1596926291386795,0.77992566484889,2.5617376914899
2000-03-21,2000-03-21,statements,,0.6436950530576029,-0.8698772719297204,-0.024521248138295374,0.8420931369306678,-0.39910699388387705,0.1596704941764841,1.5263726180227626,-1.1387158412449891,0.009080002598890344,-1.3095796176639565,-0.44908871313907184
2000-05-16,2000-05-16,speech,{'unknown'},0.6903773254442569,1.180687939647018,4.149328470260581,0.616312213339993,-0.38672128337559963,3.6385450630143805,-0.2566006146906221,0.040415424004381646,-0.044275305397745324,0.8023164607593278,-0.4346134936801766
2000-05-16,2000-05-16,statements,,0.6205124502084738,-0.8828464292343369,-0.7742184681348624,0.7847942562830541,-0.3754278725493479,-0.47002270151718384,1.4448650101309624,-1.101531747239902,-1.3274727055730722,-1.270956957607394,-0.42146361521176223
2000-06-28,2000-06-28,statements,,-0.15356267489448366,0.3523884961867226,-1.7323232882506348,0.753830473292079,-0.3650743532578788,-1.1752806635377417,-0.3139086399854777,1.5551440591277446,1.3923488765245968,-1.1907740899005963,-0.40944726012458477
2000-06-28,2000-06-28,speech,{'unknown'},2.2464168788564876,1.0213903536999076,0.08890999751562143,0.06132405803884051,-0.3555366360323603,0.9115393688052253,0.5028093076212371,0.9973800229023573,-0.6105440204703093,0.8696662240119685,-0.3984095364447979
2000-08-22,2000-08-22,statements,,-0.23925289207199701,0.2858823018479037,-1.9322323003324355,0.7413264537610302,-0.346712502779527,-1.4036537396945696,-0.3349331494963067,1.3914059568043513,1.3474295444188682,-1.1715766538296444,-0.3882237799894312
2000-08-22,2000-08-22,speech,{'unknown'},-0.9238664159865901,-0.10799320658596741,0.7110385602858093,-1.5784357105986133,-0.3385168722944078,0.04843608529106539,1.4314619744458634,0.4817583150216541,0.7527175027738722,0.8803861959753428,-0.37878524373260003
2000-10-03,2000-10-03,statements,,0.5925605404752621,0.2540670391889714,-1.4663643758266638,0.7600412423763702,-0.33087826429477685,-0.8504560210908814,0.051839752650990195,1.3080974416808324,1.2489027897156229,-1.1559173324932714,-0.37000643495047747
2000-10-03,2000-10-03,speech,{'unknown'},-0.6617703134479479,-0.38294864638526493,0.7253111223844216,0.34152350068585713,-0.3237361183619224,0.38699135545301167,-0.3891088150187998,-0.0018091177731822984,0.1751759538639858,-0.4389766958071559,-0.36181361349331637
2000-11-15,2000-11-15,statements,,2.2401409487697332,0.2540707071159694,-1.118981214040242,0.7365683678138446,-0.31703873326416326,-0.11694125574331037,1.4099296938304602,1.2649162480856788,1.2035680063647507,-1.1044639980357611,-0.3541441234874142
2000-11-15,2000-11-15,speech,{'unknown'},0.26759632179907816,-0.825761353436495,0.1745959718987309,0.44944448567372336,-0.31074166350691146,0.1447730971912348,-0.2184542274813053,-0.8003589656626807,-0.6453566349232174,0.9591873192008139,-0.3469443332443554
2000-12-19,2000-12-19,statements,,1.461099424881764,-1.0149976721215122,-2.112885385788842,-1.0728064401020354,-0.30480645762700515,-1.7139386784596689,1.3666122641892815,-1.2823743642217835,0.4334290406477447,0.9268690964340299,-0.3401680257083045
2000-12-19,2000-12-19,speech,{'unknown'},-0.17987985312256086,0.9623613966185812,1.2979469645015045,0.07660111744854393,-0.29919965520278013,1.2811253117416854,-0.395108516855287,0.39182683827376896,-0.1024250981461395,0.8976458778944579,-0.33377512720957286
2001-01-03,2001-01-31,statements,,-0.43441657506261844,-1.0140019699165084,-0.2036875503143689,-0.7384751833089157,-0.293891982026465,-0.6154578540804394,1.33380108193175,-1.2570145657694747,-0.9643446839042669,0.8710510701600372,-0.32773069341672506
2001-01-31,2001-01-31,statements,,-0.4679375157606025,-0.9813734858983653,-1.6369051330781446,0.7865969622540999,-0.28885769869586725,-1.6558911386494355,1.2755252905672818,-1.205878050461002,0.4675400243644019,-1.1997671064804705,-0.32200409305581884
2001-01-31,2001-01-31,speech,{'unknown'},0.26498781367116314,0.8132475112289163,0.8828813285884445,0.4390268256640369,-0.28407406916515604,1.0653469209371234,0.7454973892852146,0.4292702490724059,-0.0730345476152256,0.8786314798195198,-0.3165683452927334
2001-03-20,2001-03-20,speech,{'unknown'},-0.736844875555635,0.4816037778568406,0.9747647972839597,-0.2591704251700601,-0.2795209239534521,0.6849984773591093,-0.9661694093696932,1.0443105107825736,0.10895250166904169,0.8553729267130922,-0.3113995776646092
2001-03-20,2001-03-20,statements,,-0.4237661878938278,-1.007966027243236,-1.6633951161379517,0.7822270225464907,-0.27518029868224186,-1.6640338579974487,1.240686718650934,-1.218569198119544,0.020040623601523734,-1.2167571855507417,-0.3064765794284131
2001-04-18,2001-05-15,statements,,-0.48480636635416396,-0.979354719746522,-1.4673569802899702,0.7644511211546892,-0.27103613303402885,-1.5004962201864507,1.196554140057394,-1.1761244794442685,0.4787914082274029,-1.1744486712311446,-0.3017804310611087
2001-05-15,2001-05-15,speech,{'unknown'},0.5778800734755076,-0.8591908488233007,0.08565892333207861,0.12448295267843726,6.946001667807137,0.13225528128070516,-0.17677846023327717,-0.6378252027236947,-0.9247640678738953,0.8913971069090544,3.2702361450580977
2001-05-15,2001-05-15,statements,,-1.1774725409126074,-0.9335086995653828,-1.9340710550504516,0.7548778730236689,-0.3014529123940935,-2.092161532052661,-1.4812649914881528,-1.130147607042192,1.3344405508208184,-1.1640686820784238,-0.34341828421928544
2001-06-27,2001-06-27,speech,{'unknown'},-0.4338374162763051,0.10306086301283686,1.3048533205078303,0.4664082072678537,-0.29720366697421335,1.0950442351527658,-0.8557610589720825,-0.25907716165918415,-0.7152648744793815,0.8968222021551819,-0.3384539608149552
2001-06-27,2001-06-27,statements,,-1.142319400722919,-0.925584013717231,-1.2941578367758446,0.7351783068648438,-0.2931295309128794,-1.5006661027832098,-1.4039920971946935,-1.1038174745568994,0.3396345225829429,-1.154862072703965,-0.333699432656562
2001-08-21,2001-08-21,speech,{'unknown'},-0.18075162207463172,-0.904356154530182,0.4910599496374999,0.7211857677834114,-0.2892187778813543,0.3180357878005342,-0.5887744095671337,-1.0736380553714344,-0.3424204891667119,-1.1216794231003369,-0.32914029430219166
2001-08-21,2001-08-21,statements,,-1.1191112763538886,-0.8845359401793867,-1.7699969178975072,0.7079684837431679,-0.2854607539712538,-1.8964759486913707,-1.3498469339936352,-1.0458243643006946,1.343591524330308,-1.0912229251867693,-0.3247634908414431
2001-09-17,2001-10-02,statements,,-0.2574417923655618,-2.1830333940296205,-1.4686882832271382,0.6954571278272972,-0.2818457546267378,-1.6085334937309648,1.2902098222503027,1.5124359120690256,1.2995762709520724,-1.0631377711503391,-0.32055715906929366
2001-10-02,2001-10-02,speech,{'unknown'},-0.6206771695952097,-0.7818952361784686,-0.08141974967167696,0.006144616950961984,-0.278364918430977,-0.35212354507641824,1.2509181568291534,-1.0400828413188896,-0.6997804015035826,0.9740777431852802,-0.3165104909423466
2001-10-02,2001-10-02,statements,,-0.1288139883954817,-0.7677267861894035,-1.3176714399401337,0.6915392790382817,-0.2750101350821155,-1.216599319504431,1.2150339061577957,-1.0157693730824258,1.2833584488770369,-1.0601658246891135,-0.3126136157099891
2001-11-06,2001-11-06,speech,{'unknown'},-0.9998559696535657,-0.7543067356239055,0.565828489457587,-1.6530637573146185,-0.2717739653690559,-0.06604834045582644,-1.0827386646318378,-0.9930967520218664,-0.0034892770810966856,0.9752087892625186,-0.30885749777128496
2001-11-06,2001-11-06,statements,,-0.04585934555225499,-0.741571202490895,-1.3682499776427473,0.7032806993534325,-0.268649571338634,-1.2394769017441005,1.2036661926133425,-0.971887870455945,1.2603833784098786,-1.057461437579558,-0.30523384783367985
2001-12-11,2001-12-11,speech,{'unknown'},0.006249021802357251,-0.8650193228987872,0.6144239757595763,-0.6404950499248911,-0.2656306551534014,0.3202677049604387,-0.2742923744665468,1.5452330085236086,-0.5374954196639297,0.976245306510954,-0.3017350453711765
2001-12-11,2001-12-11,statements,,-1.1004349936455455,-0.7134744370104797,-0.9990808224421536,0.7100878697658437,-0.2627114053888314,-1.1736991928268647,-1.367394527960136,-0.9704669223323441,1.2469420170557817,-1.0549899933961109,-0.2983540707199275
2002-01-30,2002-01-30,speech,{'unknown'},-0.13926702949223438,-1.4751894105040775,0.15327252817723933,0.4814880926536652,8.611732159641765,-0.035409954993504154,-0.6759798762805417,0.41768663562201414,-1.3611501056567943,0.9771986648112517,3.3197000110349286
2002-01-30,2002-01-30,statements,,-0.008818587351105989,-0.6654416679928558,-1.656566419100084,0.6951663285851738,-0.27535198292399404,-1.4760506432888199,1.2281907255188014,-0.9680064956471285,1.231903777074538,-1.0527226064154565,-0.3299831645537222
2002-03-19,2002-03-19,speech,{'unknown'},-0.2301315193918054,-0.42866018615493573,1.0104344779819998,-0.13173827536413668,-0.27248703301304794,0.7424562421621078,-0.010211601256006049,0.2939752628885703,-0.6383712273608648,0.9780784817318523,-0.32644197780981743
2002-03-19,2002-03-19,statements,,-0.3148926207830899,-0.6531443131565589,-0.15309446948521663,0.6944085844264417,-0.2697098016102957,-0.23846613342543047,1.2105050717403456,-0.9641425606975164,-1.7163855976001932,-1.0506349817682135,-0.32301261927282754
2002-05-07,2002-05-07,statements,,-0.1529017145911343,-0.6444339167635588,-0.15163717021607823,0.6847846914423085,-0.26701589672107157,-0.19885399106814433,1.1826984992596603,-0.9467523392030083,-1.6542011715999416,-1.0299899293850554,-0.31968931458782796
2002-05-07,2002-05-07,speech,{'unknown'},0.07700633947971579,-0.4809653498753139,0.42733569870010035,-0.4391599479999559,2.6380906206154497,0.2878522881366994,1.1567348013554482,1.584878929038686,-0.2455106214290902,0.9975788584729741,3.101373650258627
2002-06-26,2002-06-26,speech,{'unknown'},-1.123638290680139,-0.6318579033549416,0.504306478068033,0.5121069692186424,-0.29675019467501984,0.13193873617040688,-1.4038748545689101,-0.9463308558002193,0.23904745324033963,0.9796490799055345,-0.3467313578382388
2002-06-26,2002-06-26,statements,,-0.19125689816022898,-0.6240328553866981,0.3204982150943872,0.6842149899231919,-0.29390205853907253,0.20983447008367306,1.147766045943126,-0.9304514910804325,-0.1807619959692637,-1.0469197206734668,-0.34330328116279757
2002-08-13,2002-08-13,speech,{'unknown'},-1.6545029133350517,-0.6164928284720973,0.06889616873145413,0.6754762497122457,-0.29113450181574857,-0.35855816637114946,1.1246788264151346,-0.9153500041391168,-0.5156373815813727,-1.0278480283424243,-0.33997510987629265
2002-08-13,2002-08-13,statements,,-0.09345022510377687,-0.6092208783598221,-0.9803906155213471,0.6670656068167816,-0.28844379035481305,-0.9126141119515665,1.102938406651834,-0.9009647395748823,1.2963027267549512,-1.0097876991558397,-0.3367420755774231
2002-09-24,2002-09-24,speech,{'unknown'},-1.0708246402321009,-0.6022014410263884,-0.16263377469708745,0.6589629713274834,-0.28582642814324344,-0.42747564099976193,-1.4164434121678162,-0.8872406802853658,-1.6517558739341605,-0.9926522132427028,-0.3335997229973105
2002-09-24,2002-09-24,statements,,-0.1666257864092193,-0.5954201912313648,-0.6494476141011062,0.6511499374371101,-0.28327913810829125,-0.6381897826748343,1.0970183101402031,-0.8741285555958923,-0.1624336685937738,-0.9763650776262319,-0.3305438840143004
2002-11-06,2002-11-06,speech,{'unknown'},0.4762603894522065,0.2929204379750774,0.8201726272396913,-1.0437137558772454,-0.28079884478047695,0.7632395606434903,-0.07364870497210284,0.8732920869261359,-0.7331682337375773,1.0482003093123453,-0.32757065425956844
2002-11-06,2002-11-06,statements,,-0.2500276763178541,-1.8073496827040705,-0.6153685272431592,0.6600555248536112,-0.27838265860705314,-0.8255131096931524,1.0874766781388006,1.6336092658434127,-0.1498381646324098,-0.9771162901311401,-0.32467637201339244
2002-12-10,2002-12-10,speech,{'unknown'},-1.403757599379811,-0.7941993818948353,-1.25124942283229,-1.396922262779406,-0.2760278617332489,-1.7329782222181478,-1.0908092461384709,0.3476112792235953,-0.688555202200297,1.046629505760489,-0.3218575991314014
2002-12-10,2002-12-10,statements,,-0.04346835027436808,-0.5487449291433242,-0.9606527195400371,0.6695429122824943,-0.2737318950915667,-0.8617191100449711,1.0843748189924765,-0.9035486098915918,1.3359882805196712,-0.9778212303888038,-0.3191111037737862
2003-01-29,2003-01-29,speech,{'unknown'},0.34230048446162187,-0.5432970115362638,0.32781271768983744,0.6621382445476872,-0.2714923466591448,0.3504220683054514,-0.40646258016524944,-0.8910143888825014,-0.97794359521934,-0.9632187162030817,-0.3164338447392753
2003-01-29,2003-01-29,statements,,0.9755064471580075,-2.0123812131928136,-0.12708136488001365,0.654974954824727,-0.2693069407602156,-0.13731484328833837,1.0795123515542286,1.625342700609978,-1.6097943012869913,-0.949254621413573,-0.3138229572304239
2003-03-18,2003-03-18,speech,{'unknown'},2.1259040627916517,0.057588729313300335,1.0039261760457212,-1.6705818075302614,1.4950910732535765,1.2125952551004948,-0.6148260958029425,-0.4800678003535116,-0.8280106152094234,1.075540019885313,3.1646366889635735
2003-03-18,2003-03-18,statements,,-0.22398017965808045,-1.757849800177922,-0.3829798077210102,0.6639928706283064,-0.28659984491422785,-0.6064444513035636,1.0763042623857348,1.598301333844673,-0.9778267510125703,-0.9507092513871489,-0.33625368115553184
2003-05-06,2003-05-06,statements,,-2.8648760784103615,-1.7352262111250527,0.11298466774137621,0.657107817348053,-0.2843744867986097,-0.8211249511025938,1.0596026632750557,1.5578503227926837,-0.5764247711567659,-0.937684417447019,-0.3335670055199937
2003-05-06,2003-05-06,speech,{'unknown'},2.6927596133135414,0.2962369319833756,1.7588072813555344,0.33555051035672606,-0.28220023193958166,2.292899270296582,-0.5446647885974075,0.08674905803347935,-0.449247269354968,1.0877072296361805,-0.33094381626464864
2003-06-25,2003-06-25,speech,{'unknown'},1.101049094010479,0.003186241159191685,0.36816215069897734,0.31348710669753416,1.9134583056908614,0.6501183585180647,-0.08389722118262838,1.5299982537786194,-0.7078358984339725,1.0711147361051778,3.0023465001632066
2003-06-25,2003-06-25,statements,,-2.3812148198056984,0.6257630166161671,0.04383274163268978,0.649637836096406,-0.3011644510679889,-0.4099327283235244,1.0653254675921255,1.495035961405514,-0.560078617080699,-0.9533818599123441,-0.35108957388234824
2003-08-12,2003-08-12,speech,{'unknown'},-2.2589517484547312,0.3011565398832662,-1.0383281148210064,0.18754745426120828,-0.29893515507088364,-1.4218406937025505,-1.0720320956462266,-0.1457303429344751,0.019606770538361035,1.0690912760164397,-0.3484120230837248
2003-08-12,2003-08-12,statements,,-0.11999849601540594,-0.46578342809331363,0.3507563684779673,0.6450969628009128,-24.995429494160323,0.04076103005762951,-0.6247355464567258,-0.9542339335944376,1.4299523767760678,-0.9546123346862274,2.8528080050212834
2003-09-16,2003-09-16,speech,{'unknown'},-0.09602995635702227,1.9888788589860136,1.2804080737941792,0.6390457079862037,-1.3769114329364012,1.4139767091132431,-1.173172634661893,0.6303024986966481,-0.009856047877438453,-0.9425267451431198,2.6898988002442685
2003-09-16,2003-09-16,statements,,-0.11500698089767544,-0.47901813220482264,0.07776941340092006,0.6331622067987099,-8.053454964214637,-0.19012387476093476,-0.6021101439154695,-0.9543268640398637,1.4108514121260074,-0.930890784654489,2.5520889276702023
2003-10-28,2003-10-28,speech,{'unknown'},0.8825649018150762,1.0912378165519183,1.916410809745307,-1.4283616610194492,0.09944692664860803,1.8802970925251605,-1.0044153675225758,0.12568359851897942,-0.1874613385305945,1.0936013906491615,-0.4055886641687172
2003-10-28,2003-10-28,statements,,-0.12763880640833114,-0.488655248921882,0.05122303849861588,0.6415405568241964,-5.902497685777555,-0.21010343430055098,-0.5839556877833554,-0.9502652680662367,1.3949491909103886,-0.932604489593441,2.4521053225382703
2003-12-09,2003-12-09,statements,,-1.7352456468578787,0.8349230215354586,0.057119089622529165,0.63584402441658,-4.99993381877452,-0.42139675513007524,-0.579031141706504,1.520279459666073,1.3692294118441564,-0.9216342897134321,2.347905072154345
2003-12-09,2003-12-09,speech,{'unknown'},-0.3122085677388647,3.5325565369030962,0.5439785412003965,-0.09204271072133449,0.18217646729653464,0.955616354259408,-0.6401104706064361,0.03718440516194024,-1.0295343513628734,0.43215707653518776,-0.437726487217692
2004-01-28,2004-01-28,speech,{'unknown'},-1.1677951635687742,3.4316845513319962,1.9961447555572247,-0.7593520600527425,-0.20931917833477126,1.8684463709365506,-0.9982744745592178,0.8242867203306958,-0.20246008524792744,0.23614269450248743,2.2729258309189277
2004-01-28,2004-03-16,minutes,,-1.374629296834993,1.8338971734513014,2.1658463258986487,0.6463636223248436,-1.2333840880500695,1.799428755580624,-1.0192622965445044,0.21567538210047757,0.5201372308300561,-0.9294028312507646,2.190413067817462
2004-01-28,2004-01-28,statements,,-1.6512215034990223,-0.5290779492463601,-0.25252798520844333,0.6408750637123466,0.19892252970859137,-0.6740402341627654,-0.5439576272419611,-0.9769797198590939,-1.6124922464950604,-0.9190271929844414,-0.4668303179017626
2004-03-16,2004-03-16,speech,{'unknown'},-0.5201061840930308,-0.17178530823107632,0.05969323639882359,0.16470467562463093,0.1977021465795416,-0.09502551536215482,-0.8400625711244211,-0.4706596622405126,-1.31889626202465,1.1319330045584854,-0.46346878279922976
2004-03-16,2004-03-16,statements,,-1.6180719595379038,-0.5261006742133794,0.0010857623731762934,0.637289181640523,0.19650396148160929,-0.4570711970497844,-0.5308618482599338,-0.9646381317799307,1.3835288575654696,-0.920851702321981,-0.4601789933084223
2004-03-16,2004-05-04,minutes,,-3.3340067226579273,0.5456169203342942,2.273172439310013,0.6321084844904182,0.19532730926372502,1.1812413603818068,0.12447697872560642,-0.571123576391116,0.31273826737341787,-0.911012101310684,-0.45695842870910425
2004-05-04,2004-06-30,minutes,,1.7665075988321122,3.591129992512147,2.115200944436677,0.6270524985286526,1.1604216064307051,3.1110292148406304,-0.30152813227596054,0.74739086877719,0.15776112158758887,-0.9014824870254633,2.1782625154482407
2004-05-04,2004-05-04,statements,,0.013066056351728285,0.5636453250265696,-0.046358279144957416,0.6221162893440029,0.18064134931042525,0.13995561987797717,-0.5307688999199679,1.5421429511007232,1.369818073187002,-0.8922468907834609,-0.4687184332805461
2004-05-04,2004-05-04,speech,{'unknown'},2.9668420756308653,2.7575035857543426,1.911478617718512,-0.23674706819395833,0.17960194186494433,2.92795164489569,-0.19422053992136068,-0.2429439121937829,-0.2698918601610646,0.651631673835197,-0.46552702081723923
2004-06-30,2004-06-30,statements,,-0.13100995994850975,0.3438196331431881,-0.10454314178271,0.6232418278952078,0.1785802779731444,0.008977988345808718,-0.5276734053016977,1.5240228014319432,1.3579892181637208,-0.8934472907378165,-0.462400058189674
2004-06-30,2004-06-30,speech,{'unknown'},1.8708629293092576,0.9611075305414785,0.8582511107349642,0.31809854675548843,0.17757585833782524,1.4386585417190743,-0.06567569931369428,0.9240820665315075,-0.1674563619089796,1.1710064993655869,-0.4593354014105718
2004-06-30,2004-08-10,minutes,,3.6256467957761607,3.298206936694117,1.8729749897460646,0.6181191198110055,0.17658820311851325,3.212923777568697,0.683426660920525,0.8400880354666039,0.39108249072878304,-0.8956408812429657,-0.45633100515965697
2004-08-10,2004-09-21,minutes,,0.3345322746238249,0.8272079046087838,0.16541749347398357,1.1033160394625516,0.17561685096710608,0.48405358561210204,-0.8615214154845072,0.2377498526430502,-1.2010950145574342,1.1669575684770537,-0.4533849170155949
2004-08-10,2004-08-10,statements,,-0.1981729802746208,0.24676337375166715,-0.539566366661703,0.601152863725094,0.17466135812131586,-0.3712831119014937,-0.5266642048663495,1.486187583415775,1.3576800112390317,-0.8977458534060443,-0.45049527209509393
2004-08-10,2004-08-10,speech,{'unknown'},-0.5894879252000161,0.13231640853081195,1.137018193410574,-0.6625054417484639,0.1737212975518588,0.6942809198734878,-1.2000169225632527,-0.5257736846206716,-0.35059623405317086,1.1630970189861434,-0.44766028806561864
2004-09-21,2004-09-21,speech,{'unknown'},2.383414862237211,-4.174813666726308,0.13745663540952244,0.6055746843939769,0.17279625815966626,0.06825684959261426,0.23437524261098217,0.9183712603667702,-0.8785576679257289,-0.8997674773005544,-0.4448782605013046
2004-09-21,2004-09-21,statements,,-1.3101779930601325,0.292675716644827,-0.1425375395421474,0.60133019342146,0.17188584401968435,-0.3747551292381067,-0.5144608674942844,1.4642680452901236,1.3581638397510603,-0.8914148239085012,-0.44214755855449506
2004-09-21,2004-11-10,minutes,,-1.621530044282686,2.2745513191125877,-0.1844019278081825,0.5971739500925025,1.2728482936323644,-0.05812178957553765,-0.835594083164527,0.49575666331360424,-1.4749306277782144,-0.8832913107308746,2.2522664322039376
2004-11-10,2004-11-10,statements,,-0.7134491722142948,0.29099672392118764,-0.13313203578854185,0.5931029328934629,0.15764773230039644,-0.19735938968694364,-1.4133646352346825,1.4415836266294997,1.3456216568542534,-0.8753866332284559,-0.45301540958395914
2004-11-10,2004-11-10,speech,{'unknown'},0.2208610658194676,0.19364141328372966,2.0781634997477023,-5.56952644614038,0.4743252477333474,1.2545462045165139,-0.8859673435591701,0.5936929171262859,-0.18967826029202298,1.190295485863572,0.43264223725512807
2004-11-10,2004-12-14,minutes,,0.3913866878275643,2.6428377329158774,0.459093402725738,0.5656775793877141,0.15274429352547664,1.0904003979987509,-0.6801655450392918,0.8659427178106279,-0.8457979165401557,-0.8777104030889763,-0.45644777342599324
2004-12-14,2004-12-14,speech,{'unknown'},0.3826042374793522,-0.14060753832152545,0.0400248110571128,0.7748897335323642,0.15198359858643581,0.20000019468480082,-0.21367636059412173,-0.5242414248407611,-1.1564121023849636,1.186142676738803,-0.4537592216781426
2004-12-14,2005-02-02,minutes,,0.6360443715095737,1.7724949504874359,0.9833159816951494,1.8680112227913324,0.1512341587273822,1.5393805970944352,-0.591315761737903,0.11855770110286454,-0.23068287392341177,1.1723687890073393,-0.45111770911424076
2004-12-14,2004-12-14,statements,,-0.735579968457987,0.16217755818296778,-0.18704809828296012,0.5313585487874373,0.1504956990662741,-0.26750503418821653,-1.3853379459745976,1.4275455497700307,1.3630085276779023,-0.8896629217544778,-0.44852187795022885
2005-02-02,2005-02-02,speech,{'unknown'},0.0953281391843568,-1.4440374177530066,0.825256980083279,-0.3765364202113971,0.1497679540304791,0.3370426846052023,-0.7830954207401841,-0.7531761461649998,-0.8145327968252533,1.1687528336907564,-0.44597042470598064
2005-02-02,2005-03-22,minutes,,1.8940118909675865,1.6358400029543496,1.308754360370831,0.8592950630349863,0.1490506669552321,2.0329686892257204,0.44010621684802237,0.8609151131008612,0.2480655004819347,1.1557851434194029,-0.4434620974420194
2005-02-02,2005-02-02,statements,,-0.743379085272028,0.227547808207701,-0.186661876562464,0.5265086117708714,0.14834358970306472,-0.25552641907048973,-1.3707473592546973,1.410865432983912,1.3582158814490821,-0.9010630584826412,-0.4409956931662899
2005-03-22,2005-03-22,speech,{'unknown'},2.8230274693056177,0.6581365020040012,1.33054244039674,0.22083535460272422,0.14764648230292302,2.03370856139117,0.2541247687362283,0.3591411294355024,-0.35063783730533554,1.1526382106881474,-0.4385700553987453
2005-03-22,2005-05-03,minutes,,2.651466697072276,1.0345254874357845,1.498857338371279,0.9467123360553978,1.2744049954186578,2.305925958026365,0.015574903423460119,0.002178216194319283,-0.11151129404988032,1.140394376660248,2.3067426878402473
2005-03-22,2005-03-22,statements,,0.8106873624671204,0.17388413200477762,-0.21991608092394418,0.5153552037908169,0.1349968017483575,0.16727581047119533,1.3982976664430204,1.4002581772524152,1.3563515990193775,-0.9119506560057751,-0.4484495635744455
2005-05-03,2005-05-03,minutes,,2.902886090048632,-0.5876273841958464,0.24353518839895127,0.5124314310827076,0.1343817535637893,0.9942217598048265,0.7318617178589044,-1.1241100285541479,-1.0882378679245601,-0.9044580754664826,-0.44603581971108586
2005-05-03,2005-05-03,statements,,0.26177303623501524,0.18682156070688039,-0.6370334836544724,0.5095569579228381,0.1337750369082344,-0.308518452585939,1.3762091327696944,1.3901903049618964,1.3477936172017428,-0.8971477200831887,-0.4436606983645967
2005-05-03,2005-05-03,speech,{'unknown'},0.20975151417132,0.01366429351278581,0.4613713474437858,-0.6178439388693341,0.1331764653448262,0.3628520440727343,-0.18070254725960494,0.1991931591808937,-1.0015984813835828,1.1556959975732533,-0.4413231790895277
2005-06-30,2005-06-30,speech,{'unknown'},1.3853410678006972,-0.5306101715395185,0.28818066117556385,-1.768976434138409,0.13258585822622662,0.37300643867527505,-0.08689343904224961,-0.9953267650667933,-0.5486872341671069,1.1439199499249157,-0.43902227882965195
2005-06-30,2005-06-30,statements,,0.8197319137400666,0.2237589370726947,-0.4337402848708066,0.5241367641113733,0.13200304046548214,0.03021768176929187,1.372912027841193,1.3851703153365533,-1.6142686526859835,-0.9076275147655962,-0.4367570501734381
2005-06-30,2005-08-09,minutes,,1.3645159365329458,1.4637492147044662,0.12358929504762803,0.9470421894217388,0.131427842317869,0.9216012983555143,-0.17875618704550514,0.12090934968810554,-1.0989571757324095,1.1412320076766647,-0.43452657970804975
2005-08-09,2005-08-09,speech,{'unknown'},-1.4723823051549667,-0.6022799177793414,-1.4288708566393615,0.513420930499996,0.1308600991731103,-1.6150481016349512,-0.023856000790943004,-1.1319074634077657,0.9941746505169777,-0.9091345625897305,-0.43232998646536114
2005-08-09,2005-08-09,statements,,-0.774772741712446,0.1999358842669771,-0.20444285178595595,0.5106844592788742,0.13029965135738678,-0.30289747485721696,-1.4167685576109235,1.3806824631340335,1.353420355566157,-0.9021260899702632,-0.43016642045396575
2005-08-09,2005-09-20,minutes,,1.3663768432489152,1.5201939869843861,0.9832724470868244,0.017218147079702574,0.1297463439446003,1.4907309094021195,-0.3768541229055511,0.9107956444222827,-0.35328687944890114,1.1471625091225284,-0.42803506127160845
2005-09-20,2005-11-01,minutes,,1.8848656751354478,0.7577385840143026,0.8133727813283738,0.5099945984722933,0.1292000265763839,1.4143080574105866,0.16533839942362188,0.1102773296914264,-0.41951881354857645,-0.9036799747186219,-0.4259351167928833
2005-09-20,2005-09-20,statements,,-0.7855517227105949,-1.3227513910267183,-1.3918808461737573,0.5073508758654728,0.12866055329038242,-1.5041173557151255,-1.4080160417356213,1.3620735623740037,1.353465204420187,-0.8969223072587487,-0.42386582192741523
2005-09-20,2005-09-20,speech,{'unknown'},-0.2796742932473311,-0.7627271973131298,-7.05740947141894e-08,0.5047479167802289,0.12812778235635874,-0.18990135781774953,-0.5718918199008844,-0.3176630291009995,-0.7386166661285382,-0.8903144084935486,-0.4218264374440949
2005-11-01,2005-11-01,statements,,-1.8021655441983144,0.19050121435963305,-0.4248256726264292,0.5021846829511887,0.12760157611970785,-0.7936919309235161,0.006102927712481386,1.3538289898572324,-1.600824942301246,-0.8838508200569484,-0.41981624885724983
2005-11-01,2005-12-13,minutes,,1.389293358088577,0.06989956897595945,0.43535735380791973,0.022848508993808064,0.12708180085198553,0.7875276209102914,-0.1942001698521146,-0.47740719534616294,-0.845822941872579,1.1692925905740412,-0.4178345653709327
2005-11-01,2005-11-01,speech,{'unknown'},1.8093618349260177,0.09791069172542141,0.853586663831056,-1.49333681121216,0.5812388870868616,1.1113638441765086,-0.30743303484799783,-0.3808537413333966,-1.0018913275745214,1.1582753232580962,2.4196696371070474
2005-12-13,2005-12-13,speech,{'unknown'},-0.7753921788776178,-0.534769036429021,-0.2674630364517748,-1.9193666331322627,0.12228094345118076,-0.7360048064356233,-1.4024150025962596,-0.9306344058554628,-1.369711028831566,1.1475645015117424,-0.4269502533793534
2005-12-13,2006-01-31,minutes,,-0.4809161913459882,2.182451958968071,1.2074190074023625,1.0023611778625081,1.46871584722917,1.3255106960723435,-1.220590608608958,1.3622516779669847,-0.029466518312742187,1.137146166478118,2.3666549883601213
2005-12-13,2005-12-13,statements,,-1.3258739971823539,-0.6175532649616309,-0.44310895405202433,0.5127158658710047,0.10982888811509664,-0.8253740853461723,-0.437623026724237,-1.159239699103319,-1.5550327022515844,-0.9094308921945384,-0.4357128853858742
2006-01-31,2006-01-31,statements,,-1.3857223417227686,-0.614259306236444,0.10832888875728126,0.5102166285093451,0.10940055039425509,-0.43831729390330365,-0.43561103812019325,-1.1487581531045439,1.3834811552508772,-0.9030138896373247,-0.433712500926993
2006-01-31,2006-03-28,minutes,,1.0426051135998253,0.22773608308270768,1.4972797381026597,0.5077536461750876,0.10897718572360438,1.5418199351122206,-0.07706073988185057,0.6472570749075133,0.9028026562696646,-0.8967311721903868,-0.43173945405234493
2006-01-31,2006-01-31,speech,{'unknown'},-1.0155385495185718,0.6567920432820059,0.9947526456524796,0.5053260496300828,0.10855869860844232,0.5899288295179936,-0.8130941923691544,1.3597005165411482,0.5307274184929638,-0.8905781154327863,-0.4297931270488112
2006-03-28,2006-05-10,minutes,,1.2473892740366066,1.2978287895381866,1.0509390663392124,1.3997173711457167,1.3607807282777913,1.6227356183653998,-0.283381158245646,0.5765575715823975,-0.29170032478547175,1.1580717536269056,2.349793913627486
2006-03-28,2006-03-28,statements,,-1.292364140949503,0.2396616405663066,-0.23074483992725697,0.4906565795283283,0.0976043056674706,-0.4878907797536479,-0.4284729716097085,1.3442019165380428,1.3688672536881796,-0.8921396109580229,-0.4381669986089895
2006-03-28,2006-03-28,speech,{'unknown'},1.2715924223408008,-0.2556718138437959,-0.5094409677678686,-2.2084483464616516,0.5409749677575052,-0.20579553421758748,-0.5318000421963535,-0.6237761208915783,-1.5298740099999617,1.1554963589512732,2.303821553021439
2006-05-10,2006-05-10,statements,,-1.2655409719569684,0.20808435471790876,-0.005953347690516573,0.4976707088576793,0.09347928177504652,-0.32363206174140996,-0.4237885988089141,1.3378970545163609,1.3589209000603413,-0.8936570594336677,-0.4462406103716248
2006-05-10,2006-06-29,minutes,,2.5631435464772645,1.021685268052089,0.8352598778796053,0.4953970113605418,0.0931345147515355,1.7102616976591232,0.6968374896715729,1.3242550760081087,-0.3399721553406368,-0.8877677549888825,-0.444281626637691
2006-05-10,2006-05-10,speech,{'unknown'},-0.28968481538946517,-0.030366569671584534,0.6649817212995758,-2.0477446643379627,0.09279353452643246,0.18808604650918323,-0.12040476927191121,0.8585577641823542,-0.6058059297566053,1.1604128062426387,-0.44234825170903336
2006-06-29,2006-06-29,statements,,0.8125473848489935,0.2161933074530978,-0.9511115654832184,0.5022286604937819,0.09245627228119928,-0.3288845299566022,1.500016351505004,1.3060806967952472,-0.09673522190305635,-0.8893099661125384,-0.4404399318714632
2006-06-29,2006-06-29,speech,{'unknown'},1.3081481729042232,-0.7170396173292126,1.3785373153311904,-2.4570437719508416,0.0921226609356094,1.0641405601945597,-0.357373570844493,-1.0256730793375972,-0.11736019981697,1.1578900608776799,-0.4385561300424284
2006-06-29,2006-08-08,minutes,,2.670173779679576,0.6304664016174779,0.268012486864376,0.5084720351541817,1.3481920679864685,1.3085884658469769,0.33422499857177956,1.3005562724146478,-0.8147229292837382,-0.8908102555740591,2.3008030264510433
2006-08-08,2006-09-20,minutes,,2.143346073834745,0.026787649764391856,-0.9148593019738933,0.506211431057726,0.08199566814863786,0.11908429109755335,0.11209181785126664,-0.5142317309905633,-1.1847048922004662,-0.8851631703037758,-0.44628115240827326
2006-08-08,2006-08-08,speech,{'unknown'},-1.3964851875154094,-0.409668636902317,0.08574013702547262,0.013868768766261922,0.8030701745732034,-0.4720823153765324,-0.3647434746523632,-0.5684250693020362,-1.0905929601657447,1.1625949960594046,2.260113682108492
2006-08-08,2006-08-08,statements,,-0.750896438742806,-0.6544507267566192,-0.48107651046591854,0.5056670955354092,0.07618719845324962,-0.6893786162050823,-1.4135742971066922,-1.1885117033923251,-1.5393214908316175,-0.8866847429168561,-0.45374886734549136
2006-09-20,2006-09-20,statements,,-0.7468319209311177,-0.6512157551391315,-0.47902742121888947,0.5034706192191329,0.07592251420774965,-0.6858587744388668,-1.3989513451183815,-1.1785995905864026,-1.5214507758313227,-0.8812030066025912,-0.45185647703918186
2006-09-20,2006-09-20,speech,{'unknown'},-0.5934027647118976,0.008879890462432977,1.1240519162184355,-0.023731334338964512,0.0756605695446409,0.6162173816459636,-0.41879152249167645,1.3151243864356996,0.23798985899377806,1.1671287542730422,-0.4499875978574468
2006-09-20,2006-10-25,minutes,,1.6068578257344712,1.186360464497704,1.2490499031593019,0.9619450136311256,0.0754013175286843,1.8048718158623405,-0.14032829448381742,0.476919060883375,-0.3454928402294191,1.157726905621817,-0.4481417464717473
2006-10-25,2006-10-25,statements,,-0.7473681669409394,-0.6575106081718459,-0.106567307778447,0.49679622422109876,0.07514471234271801,-0.414573800364959,-1.3895765249247176,-1.1814156650073495,-0.538980538530136,-0.8896097129198667,-0.44631845336155984
2006-10-25,2006-10-25,speech,{'unknown'},0.6216301395210734,0.8311375219508282,0.785082527691904,-0.434945322517491,0.07489070925364491,0.910160741234085,-0.15684205634596476,1.0336776736505648,-0.4064586122579709,0.5726457912761619,-0.44451726231098093
2006-10-25,2006-12-12,minutes,,1.3911797173746137,0.599707675657985,-0.21519413376773072,0.4990013431162162,0.0746392645796761,0.4949092741407109,-0.0669254645310147,1.3021670091252369,-1.3016944584879424,-0.8901157558954591,-0.4427377299275938
2006-12-12,2006-12-12,statements,,-0.756115769270091,-0.6660542808840203,0.2391324522799559,0.49693135448971876,0.07439033565877613,-0.16959379154462534,-1.3835835557933365,-1.1845515852652853,-0.03710145759088868,-0.8848142400120225,-0.4409794251824407
2006-12-12,2006-12-12,speech,{'unknown'},1.9060380491882658,0.5377611363219386,0.42924848193172294,-0.30878285541007083,0.5499716522016432,1.0714530177400288,-0.1831281803561012,-0.11580752282434063,-0.9298582878504632,0.5827405643563877,2.286464835734331
2006-12-12,2007-01-31,minutes,,1.0818389938256616,1.5352690919243128,1.1635851461515758,0.05569298399240951,1.3804006691386135,1.5758665948603543,-0.04303871048371677,0.3717096356206162,-0.586555700219423,1.1664077289681802,2.2405237799475906
2007-01-31,2007-01-31,speech,{'unknown'},0.3055760957309908,0.05454855415490506,0.6755194589843486,-3.563082597278222,0.0614869837148502,0.26254013519460295,-0.29581910587749866,-0.355047559267693,-0.7717555467522972,0.9866608645964257,-0.45679633453074175
2007-01-31,2007-03-21,minutes,,0.6722865453510747,0.4510057464621028,1.3613518802907107,0.5040494380760905,0.06128757736545676,1.3606996160147145,-0.07085285330261162,0.4020506962796559,-0.0718747595015218,-0.8984809601530668,-0.45501035818623287
2007-01-31,2007-01-31,statements,,1.2804977659619619,-0.6823036232024823,0.7980094046883219,0.5020174783806262,0.06109009853477546,0.9430317853592364,1.5710720132742015,-1.1909849303414017,1.4591480415564464,-0.8932585574342213,-0.45324519273783864
2007-03-21,2007-05-09,minutes,,1.1937490433222573,-0.0132447451030227,0.9042968207176038,-0.36419356107522494,0.06089451636907803,1.0337177258068835,-0.14912223767949245,-0.349228440471103,-0.598496406029054,1.1642081174187435,-0.4515004367566573
2007-03-21,2007-03-21,statements,,1.3270666718822421,-0.6812104058864623,-0.1953905290719745,0.5037333370619627,0.060700800701646476,0.2440117174672345,1.5595839980964763,-1.182903121629669,1.4514172009645183,-0.8945480790829512,-0.4497756995795281
2007-03-21,2007-03-21,speech,{'unknown'},1.7893270612246783,-0.6780636463428268,0.4710944626620191,-1.157298662320815,0.5695242977466379,0.7415248950427182,-0.08112931411750066,-1.1739576895567039,-0.7093561275356576,1.1619292606738563,2.240353004702105
2007-05-09,2007-05-09,speech,{'unknown'},3.86466174624008,0.26443477820364497,0.8706857380850798,-2.683874361487971,0.05704948592702082,1.7849716812869387,0.016428815218433396,-0.6967018411571786,-0.5704398198802678,1.1533754309996824,-0.45643696830003516
2007-05-09,2007-05-09,statements,,1.2276017339230043,-0.6786014851124202,-0.20237120815998413,0.5153765871936631,0.05687146957292908,0.2302837219966004,1.5529394574418423,-1.1627524677391556,1.4506385861765323,-0.9021024735070707,-0.4547195468858681
2007-05-09,2007-06-28,minutes,,2.676431230200072,0.21320291232208738,0.7073345373479941,0.9357113348388986,0.05669510928275112,1.632482381158057,0.9169996598452612,-0.529262084652871,-0.6857898247919918,1.151299616356637,-0.4530213892758516
2007-06-18,2007-06-28,statements,,1.0731831824808884,-0.6788645795227648,0.10382839812142226,0.5077864471577876,0.0565203795384313,0.39900131498798264,1.5317232121036368,-1.1536127929236606,1.443359692513794,-0.9032528085354422,-0.45134213768693654
2007-06-28,2007-08-07,minutes,,3.1516604572554225,1.005183711111931,1.2537947319379161,-2.284772338661276,0.05634725536901463,2.038154423958193,0.42260107071304387,0.5234369410821561,-0.36480544851488456,1.1492795021959956,-0.44968144357723094
2007-06-28,2007-06-28,speech,{'unknown'},0.3633578125482744,0.31606575875821497,-0.6012860078722178,-0.15450810328587342,0.05617571233565788,-0.2388642632743372,-0.4224378526227694,0.44538452200035955,-1.4883321938498422,1.1411772919449075,-0.4480389673411874
2007-08-07,2007-09-18,minutes,,-0.1631981529362366,1.0460867761949302,1.0090799471413365,-1.5124796187979062,0.05600572651713954,0.6963695927927451,-1.0026037177619087,0.5199854388561478,-0.41316282616530925,1.1332443903245344,-0.4464143780169952
2007-08-07,2007-08-07,statements,,0.8479930959767148,0.4186372916547865,0.32831315447861903,-3.6240154928766066,0.05583727449584923,0.26848716387453053,1.5297936350389785,1.3582054129591772,1.445726477642468,1.1254749780483084,-0.44480735300560315
2007-08-07,2007-08-07,speech,{'unknown'},1.1951669098222344,-0.8266946050169858,-0.28934350551236165,-0.41356899304683126,0.8443096740875298,0.07858792522820819,0.4361685166498007,1.3466950341813462,-0.5263400709453598,1.1178635120977678,2.2647337207139984
2007-08-10,2007-09-18,statements,,-0.8201157139202807,-0.6918547848954842,-0.5698255718319801,0.5295094851565345,0.05068892126575737,-0.7917245102473214,-1.4271866144871264,-1.1728096844074993,-1.505861439680357,-0.9285354828096809,-0.4511951132017413
2007-09-18,2007-09-18,statements,,-0.2959561410389638,-0.688836412950218,-1.1334621075381572,-1.3661956983094425,0.05053924039592498,-1.1874639402129603,1.5195002632406374,-1.1645974409989963,-0.024586108720766296,1.1163739722045056,-0.44959387657434585
2007-09-18,2007-09-18,speech,{'unknown'},-0.28383886164105404,-0.25584245566540287,-0.15621232444600364,-4.675192712125524,0.05039087769921038,-0.7596315008739023,-0.08942383306715714,1.346411214265071,-1.21353757097758,1.1090232845802583,-0.4480095859171254
2007-09-18,2007-10-31,minutes,,-0.33588318953516266,-0.2977839240869523,-1.7090822763228195,-6.033899680021073,0.05024381394141767,-2.0634237809737432,-0.8787427417774122,-0.7455113104219343,-0.7348907718741826,1.101816185167789,-0.44644194416800287
2007-10-31,2007-12-11,minutes,,0.8378671162279817,-0.48984579431370634,-0.18169472860454294,-4.310412715895058,0.05009803027898062,-0.42664357509559536,-0.1388100923895701,-0.9315694065304935,-1.2579615375090927,1.094748056327378,-0.4448906615095715
2007-10-31,2007-10-31,statements,,0.1484706360316841,-0.6850383804520833,-0.8103563665185606,-0.9178274275238504,0.049953508248821665,-0.7567590203930072,1.52102517064,-1.1539499603624832,-0.4954270682874252,1.087814485714374,-0.4433554551433846
2007-10-31,2007-10-31,speech,{'unknown'},0.5366037370109492,0.2346336779257658,-0.8264391529041285,-6.674791131904298,0.04981022975853104,-1.1885597671061268,-0.7855513290712094,-0.025997478948141518,-1.2769275775285929,0.9710852032070725,-0.44183604907278157
2007-12-11,2008-01-30,minutes,,1.0484414519752752,-0.49557669001229865,-0.7422604356810089,-5.424708182459325,0.04966817707685372,-0.9931624838956724,-0.2475861657639407,-0.7913705398130693,-1.3216880427143756,1.075655034532409,-0.440332173893877
2007-12-11,2007-12-11,speech,{'unknown'},0.04919379563107925,-0.5943560405945502,0.17801377879766642,-1.8836590659009838,0.04952733282447322,-0.2567146277101058,-0.7698442500344439,-0.9180576357585706,-0.6827698062431541,1.0690838739792525,-0.43884356659434776
2007-12-11,2007-12-11,statements,,0.7383984228712926,-0.6819216829155313,-0.8222356681567504,-0.7705452802501014,0.04938767996508113,-0.5427216959062121,1.5244170106173602,-1.1414804618807135,1.4841013872111182,1.06263191138999,-0.4373699703596791
2008-01-30,2008-01-30,speech,{'unknown'},0.8626968576023987,-0.8070393335898001,-1.5553102816617093,-3.4639250271811877,0.04924920179672215,-1.4533152815917678,0.7171690698801536,-0.8554553844112749,-0.3304661856821425,1.0562955837753594,-0.43591113438654483
2008-01-30,2008-01-30,statements,,0.28238819417241656,-0.6752828286611802,-0.2213899353323075,-2.1428694157117825,0.049111881943404496,-0.5162908013270884,1.5083357444711376,-1.1302065200830398,1.476374529399084,1.0500714755188514,-0.4344668137030118
2008-01-30,2008-03-18,minutes,,2.712760503301294,-1.2861431331023692,-2.0276509631937962,-2.81882182771689,0.048975704346966076,-1.0971548718792383,1.068773872733626,-0.28707444878990657,-0.5038050861078757,1.04395631063065,-0.43303676899527727
2008-03-11,2008-03-18,statements,,-0.853765729503057,-0.664263892764392,-0.5090552141504702,0.5202376367448361,0.048840653259187565,-0.7208368277081495,-1.4388714734022985,-1.1243649364440604,-1.4617822650956853,-0.9920383365939272,-0.4316207664406585
2008-03-18,2008-03-18,speech,{'unknown'},3.270607506122738,-1.1234173702922983,-1.6213366700580254,-4.156773085323443,0.048706713234143176,-0.7892811289391126,0.28087837042466696,-0.48923028500822807,-0.8190265803485893,1.043459010030718,-0.4302185775465724
2008-03-18,2008-04-30,minutes,,3.2067569931425974,-1.0344946760005853,-1.2922007068426637,-3.7795295850649815,-1.1211586827464073,-0.5378348016033908,0.9620300382823863,-0.6134750391541796,-0.8137470309782904,1.0375209052938945,2.340907179456419
2008-03-18,2008-03-18,statements,,1.361875871054223,-0.6493062174416991,-0.23922863219318213,-1.4625261609628337,-5.809406667747164,-0.18064136334897965,1.489123573442604,-1.1156354958442514,-0.46723561390224155,1.031683217971387,2.300383309577678
2008-04-30,2008-04-30,statements,,1.108905285873076,-1.706805433427237,-1.0438161750680706,-1.6718885280086302,0.07929996240090124,-0.9114103992694755,1.4762462315363887,1.4117266387333853,0.023234124503323822,1.0259431475047824,-0.44360451182877186
2008-04-30,2008-06-25,minutes,,2.6570019144223345,-0.8105097835854116,-1.7810555882623293,-3.3037879098234617,0.07908631440971667,-0.9403711819011868,0.9150327400982218,-0.920145306192572,-0.5714012120008205,1.0202980015011593,-0.44218176357527883
2008-04-30,2008-04-30,speech,{'unknown'},1.3065608511619897,-0.5444775539447266,0.38616507861888344,-4.42462566568721,0.07887438399194524,-0.10641811567743291,-0.3901176724635174,-0.8296298697003149,-0.6114923723537088,0.8215568405941714,-0.4407726304827898
2008-06-25,2008-06-25,speech,{'unknown'},2.135699124956436,-0.31487839168144915,0.46337572340944316,-4.661005126361376,0.07866414825671168,0.24916851874843485,-0.026970091090032167,-0.7828856407868658,-0.8721082176390066,1.0112641978473411,-0.4393768966079394
2008-06-25,2008-06-25,statements,,0.941354524916337,-0.6287838187690868,-0.4769212380362406,-1.9093342576987755,0.07845558473798685,-0.4572663240414276,1.468915112421852,-1.1025989836516399,-1.4426862902745372,1.0058674628107211,-0.43799435077503907
2008-06-25,2008-08-05,minutes,,2.6749801673733726,0.3981055881970141,-0.24555404064801697,-2.899785436584884,0.07824867138450327,0.41905748024362194,0.41576905152534166,-0.16837070116135258,-1.3083186164301062,1.000556365910323,-0.4366247864415206
2008-08-05,2008-08-05,speech,{'unknown'},0.3803857851487846,-0.2099867063158565,0.6515782297288915,-5.028034764153603,0.07804338654996187,-0.47492081580079876,-0.3525344111610593,-0.37673960754969155,-0.3912999453984215,0.9953286643934699,-0.43526800156799617
2008-08-05,2008-09-16,minutes,,2.503428364761072,-0.4231633911486232,-0.7504320289604437,-1.703862757737951,0.07783970898351948,0.06756032018842707,0.5047479701432912,-0.8174604601217692,-1.215186781320228,0.9901821969037969,-0.43392379849274443
2008-08-05,2008-08-05,statements,,2.610429715424192,-0.629605788002325,-0.055976055969285,0.5416694948657085,0.07763761782054848,1.0987272259080774,1.4632043957406542,-1.0953509335476748,1.5283235575461465,-1.0452490515776076,-0.43259198381044967
2008-09-16,2008-09-16,statements,,2.032643382613924,-0.6273454853630174,-0.476998084167232,0.5398686686156566,0.07743709257365866,0.559383261887916,1.4514195897864834,-1.0891586334842964,-1.4176941298641337,-1.0396271080091886,-0.43127236825502085
2008-09-16,2008-09-16,speech,{'unknown'},-0.692516569438042,-0.6251093862448095,0.24583343452867928,-1.3788423731582158,0.07723811312397294,-0.5589290103387392,-0.2268502967744503,-1.083070354868469,-0.11417450638840822,0.9954181130895409,-0.4299647665863331
2008-09-16,2008-10-29,minutes,,1.005357842952192,-0.177617494764743,-1.8770534202558233,-3.301453917761796,0.07704065971264848,-1.6803144149616216,0.24060712528629688,-0.6555483538997663,-0.404243209521941,0.9903755050929547,-0.42866899748073406
2008-10-08,2008-10-29,statements,,-0.5505758810019689,-0.6235380890386681,-1.072876457949957,-1.951191649034184,0.07684471293263503,-1.5799121256017008,-0.8979609279829265,-1.0753270080986441,1.5283837409887406,0.9854088913075061,-0.4273848834251696
2008-10-29,2008-10-29,speech,{'unknown'},-0.7613468187692704,-1.0361733986920234,-0.5672837418633535,-5.044186307512149,0.07665025372066263,-2.1060164046561853,-1.154540204755011,0.015631119008964436,-1.2933523510552059,0.9805163806579988,-0.42611225061478875
2008-10-29,2008-12-16,minutes,,-0.8749060822030261,-0.9537989783978198,-2.079473954751999,-3.249789047595832,0.07645726334945112,-2.820921297654768,-1.4733572287891348,-0.2261566201300904,-0.4300767257347012,0.9756961473180239,-0.42485092885389175
2008-10-29,2008-10-29,statements,,-0.03122798551919556,-0.6114202487586985,-1.7247955696578035,-0.9079265719676608,0.07626572342013473,-1.5544714234194505,1.4598373128730275,-1.073709484378024,0.22239955944408302,0.9709464278434582,-0.4236007514600954
2008-12-16,2008-12-16,speech,{'unknown'},-0.4937860793447384,-0.7890300211819179,0.07241367732911073,-5.816103826114319,0.5971731128991408,-1.7108045987835099,-0.42439299812390696,-0.5592749263601985,-0.920507885985946,0.9662655184583883,2.3763639148115847
2008-12-16,2009-01-28,minutes,,-1.6799470934741527,-2.343632809565536,-3.2823312095937047,-1.6955642125267507,0.07323694208598933,-3.8605639453917058,-0.6825452723073786,0.5253821891718322,0.1877282048873437,0.9616517724839777,-0.42922180748781064
2009-01-28,2009-01-28,speech,{'unknown'},-1.030645113369714,-0.5879948210241142,-0.15512717527755465,-1.639410326175222,0.07305625811766081,-1.050603424657407,-0.0027424525744520045,-1.07154965398022,-0.6352066271981666,0.9571035979014627,-0.4279734284338944
2009-01-28,2009-03-18,minutes,,-0.2894772685100555,-2.3620983179358674,-1.8696356148363449,-1.9554638243226001,-0.7984003830376453,-2.344234025772497,-0.791716942140392,0.8477472408984413,-0.3136325930653861,0.9526194550410853,2.351587128321693
2009-01-28,2009-01-28,statements,,-0.5373280806743445,-1.3077816317249924,-1.1496862557594492,-0.9521413650973582,-4.329056190516085,-1.6039579947072091,-0.4877406300392683,1.4825371982240754,1.5455787835142947,0.9481978543893419,2.314708595411607
2009-03-18,2009-03-18,speech,{'unknown'},-0.43044540039569057,-0.3645288780522614,-0.1663605967888777,-0.8436218768825827,0.09389664272444853,-0.5628242255185357,-0.3355773497709774,-0.43839919977424463,-1.0692767159447572,0.94383735450746,-0.4400605757383104
2009-03-18,2009-04-29,minutes,,-1.0918092740268464,-2.2131220438301464,-2.776576758484972,-0.43338068758290504,2.1974856407048664,-2.7640321864190605,-1.140158593289296,0.4557075022784545,0.20729886963605765,0.2617163706846672,2.2861235587781312
2009-03-18,2009-03-18,statements,,-0.5147165886289297,0.2215164621485306,-1.7289741593927557,0.042599436687828306,0.08235026566284971,-1.3332975587904397,-0.4798839682327014,1.4767465774923878,0.8840504060730554,0.9403973480988236,-0.44529022118040146
2009-04-29,2009-06-24,minutes,,0.1234607396991531,-2.5915950137931696,-1.2961202690820257,-1.3488249012506286,0.0821526294301005,-1.6190545241921237,0.012927819003620071,0.7859006279516518,-0.7887823458476799,0.9361676658062276,-0.44401719815449703
2009-04-29,2009-04-29,statements,,-0.185495979036901,-0.5274776586635428,-1.1194778623155015,0.05320643969229036,0.08195640936820242,-0.913654779270575,0.012897144224098976,-1.0879178520420305,0.06353538163521169,0.9319946362231057,-0.4427550406261982
2009-04-29,2009-04-29,speech,{'unknown'},-0.8510760481665791,-1.0738549705857228,-0.8065778519272992,-4.824637762641842,2.3615404401557365,-2.2017498356812037,-1.4684119907806217,-0.23230067940635268,-1.1379833978394016,0.927877004992821,2.2718146140114914
2009-06-24,2009-08-12,minutes,,-0.3538401982980858,-1.7948221832860858,-0.629527706938968,-0.9079163606794102,0.0698728043012573,-1.1056639701193083,-0.8666236685287497,-0.23172512478912397,-1.2069015249807946,0.9238135563103047,-0.44785080351086043
2009-06-24,2009-06-24,speech,{'unknown'},-0.5658446955291829,-0.509565319064788,0.46352367660495003,-1.2155648200468436,0.5284487685096245,-0.2929680397570259,0.023822468449315747,-1.0849772337683075,-0.6365436864020098,0.9198031114117908,2.245599558720606
2009-06-24,2009-06-24,statements,,-1.2048973914773369,-0.5080693620353339,-1.1685358589082897,0.04621966182471511,0.06735343405651102,-1.3307888785779665,-0.47011061923043956,-1.0794723151374082,1.5587612557210653,0.9158445271362389,-0.45283314003978625
2009-08-12,2009-08-12,statements,,-1.1763870799145617,-0.5065865165387229,-0.9196086060974265,0.07852494186829947,0.06719663702070114,-1.1416481041929973,-0.4687791815586221,-1.0740504741982186,1.5463947579935633,0.9119366945544612,-0.45156744281516126
2009-08-12,2009-09-23,minutes,,-1.2964711642290234,-2.938662769665931,0.23845460149355135,-0.45892727785593923,2.0885927050849498,-0.9027878708155656,-0.821517263796773,0.42380759085000286,-1.03037339278779,0.9080785376622188,2.2267737103850798
2009-08-12,2009-08-12,speech,{'unknown'},-0.8265075087257896,-0.48315240420339567,-0.3868026918032759,0.08366607406486047,0.05697697515539247,-0.6425281483303117,-1.4561430900003258,-1.072703780544144,-1.2311872641984658,0.9042690121337891,-0.45643443279077056
2009-09-23,2009-09-23,statements,,-1.1480474105681209,-0.48178902481125385,-0.3376474177644768,0.0972214022165537,0.05684632219892057,-0.7305936981081502,-0.4561804421776539,-1.0674255318788564,-1.3970307730928655,0.9005071041327252,-0.45517274884761577
2009-09-23,2009-09-23,speech,{'unknown'},-0.7659044954078823,-0.5953162104486801,0.23016163711187648,-1.0513548748501846,0.05671656392694743,-0.5157299321205194,-1.2713663084755524,-0.2082806137403401,-0.2502139124896161,0.8967918291767317,-0.4539214790083183
2009-09-23,2009-11-04,minutes,,-0.2874326405666118,-2.4925154153334033,1.7991052904110045,-0.20437302615138017,2.0310328281434895,0.6696952497707456,-0.8445300209872335,-0.10081135566498624,-0.1583388176453133,0.8931222310537724,2.21490092339794
2009-11-04,2009-11-04,speech,{'unknown'},-1.0088090574751785,-0.6319389810187783,0.5011013462035674,-2.7998338925137203,0.5499089236013609,-0.8692779231506891,-1.1323989348314545,-0.6979415342950471,-0.7628946005997728,0.8894973807866933,2.1856716673510457
2009-11-04,2009-12-16,minutes,,-1.117523696765052,-1.4725506547425387,1.15468890363834,-0.08702867475094087,1.04257854392096,0.09331413841790547,-1.0584011009874086,-0.5115911533728377,-0.22385218107489938,-0.13868858057311545,2.157570808097361
2009-11-04,2009-11-04,statements,,-1.4256993223914667,-1.133096519263826,-0.3527392146177472,0.13685809649408195,0.03997735061922821,-0.9598511180994084,0.060136566276017676,1.5174256266565873,-1.3917303449996818,0.8885032856686165,-0.47042670618591054
2009-12-16,2010-01-27,minutes,,-1.0163307145666105,-1.0897523604128685,1.2549783018552303,0.2718197985186081,0.039888273768218165,0.32965737948406726,-1.2713831586900388,-0.7451715411734384,-0.39956192858872885,-0.8071759149613458,-0.4691474576084391
2009-12-16,2009-12-16,speech,{'unknown'},-0.7493706272527259,-0.4413909021225425,-0.10836694333261508,-0.9516106283853907,0.6036487227129635,-0.6762044675203442,-1.3543913968346877,-1.0645606440039117,-1.0756753513467117,0.8892468002455051,2.1421879598228055
2009-12-16,2009-12-16,statements,,-1.3442587271681588,-0.4402270834752936,-0.3572878026735867,0.6051475333929659,0.03718146564283103,-0.6886906783869032,0.07142564780179589,-1.0595482120547663,-1.3782414648171086,-1.1715938096334984,-0.4736161329548854
2010-01-27,2010-01-27,speech,{'unknown'},-0.9376388870063281,0.7596276580606499,1.2188686674147173,-0.7983480033545942,0.03709972745805086,0.3850126772186629,-1.229467021772648,0.33153973133976733,-0.2833707641582664,0.8901704557513832,-0.47234204664005397
2010-01-27,2010-01-27,statements,,-1.07116325843508,-1.089238833314314,0.1473132022648247,1.0481920030296983,0.037018525973768666,-0.240949451180774,-0.4183925814905552,-0.19835939917071205,-0.10501822378188086,-0.4843978558379752,-0.4710781965025152
2010-01-27,2010-03-16,minutes,,-0.773748353092091,-1.5413195109683204,0.544009026368247,0.6026196509088266,0.8618784619600736,-0.0276932561429165,-1.409055131004364,-0.19791065341551278,-0.48184461186211036,-1.1697884502467648,2.1331545416389353
2010-03-16,2010-03-16,statements,,-1.1096018341645797,-1.1751374758013766,-0.3657189963253706,1.1114219996398764,0.03320944423317817,-0.6060674280819914,-0.4103213874818105,1.5293537485325512,-1.3737476021042445,-0.4776313073902825,-0.4754479849040694
2010-03-16,2010-04-28,minutes,,-2.529280560256001,-0.24808624589984873,0.3360045674030035,0.23306381962385816,1.09501539162199,-0.7242449594777801,0.08642384279818525,-0.9284888180198428,-0.854893973810351,-0.6013294266243957,2.113315976700733
2010-03-16,2010-03-16,speech,{'unknown'},-0.8036297564499639,-0.2965195350359242,-0.2654746647483501,-0.01693466868935964,0.028405905410887496,-0.5594944567357771,-0.9782888783202699,1.522822427215891,-1.0069340806748528,0.9020901093168744,-0.4797324961413496
2010-04-28,2010-04-28,statements,,-1.1031140011119147,-0.4238299506359255,0.05887386052406799,1.1478614415276316,0.028345097008740647,-0.17719160159980768,-0.40638440379233853,-1.0642849942878971,-0.37082063533430026,-0.4784976874363019,-0.4784691017886526
2010-04-28,2010-06-23,minutes,,-0.5848441400097327,0.43664214821169917,1.7273149783443593,-0.2307535561648117,0.028284677451097646,0.9554082234605661,-1.2586134156554758,-0.49953190298621314,0.09300316188533206,0.14974257824389892,-0.477215645248296
2010-04-28,2010-04-28,speech,{'unknown'},0.3817121408997869,-0.581902531693648,0.6574251406633069,-0.7978462674562627,0.9692391993020938,0.3165784948847441,0.19700441618439002,-0.8244995772512796,-0.28492376765661304,0.7552791625700523,2.1052607552083282
2010-05-09,2010-06-23,statements,,-0.7399468016558834,-0.423491317083562,-0.3766359895997189,0.011632622109515416,0.02412101017635454,-0.6265842016682303,-1.39744165606539,-1.0562551116066827,-1.3636440788918383,0.9010067446221917,-0.481408997607688
2010-06-23,2010-08-10,minutes,,-2.1096258095028237,-0.2606948446220299,1.2855869716821033,0.04620788013519363,0.02407025459206005,-0.0058845223906303255,0.23047227080413926,-0.9483143551975659,-0.2509283357320696,-0.38005718492994434,-0.4801608978423086
2010-06-23,2010-06-23,statements,,-1.505842522361465,-0.4221760903515385,0.3156985914082999,0.6003298791949583,0.024019818059353205,-0.3126832781324155,0.10187284047548713,-1.0477976135111262,0.43068210027443626,-1.1791086646188795,-0.4789224636429775
2010-06-23,2010-06-23,speech,{'unknown'},-0.05570755888512486,-0.18471114996324609,0.9828677135547675,-1.017795618622975,0.9710836654787918,0.37811408886985604,-0.49259258638578257,-0.33930460814953617,0.25346928158502374,0.9049977006456673,2.097541694406897
2010-08-10,2010-09-21,minutes,,-1.031460868701924,0.8299173899044738,-0.10579382870042266,0.23699714573389663,1.0918888720616744,-0.24883302245753294,-0.8960533842389691,-0.09107565519760777,-1.1699078690016071,-0.48444376046269977,2.074180814329771
2010-08-10,2010-08-10,statements,,-1.323306035058452,-1.1191707455009972,-0.38714560535757875,0.12876228547331384,0.01538939294356198,-0.9725688691324819,0.10763859396535634,1.5456212833648808,-1.3590638642340622,0.9050308492868027,-0.48830511982552327
2010-08-10,2010-08-10,speech,{'unknown'},-0.9804519102222319,-0.9201563770416658,0.23844054373468968,-0.4237412593109001,0.015357688425372686,-0.5143688274236117,0.7518172240753138,-0.18765350563303793,-0.7544709881040563,0.2072520691261863,-0.4870584866945188
2010-09-21,2010-09-21,statements,,-1.6504425374239404,-1.1358911959422242,-0.7669944403345654,0.11307614913921411,0.01532617904759584,-1.3750020233191245,0.40540805985947187,1.5386921801517839,0.14370143134818147,0.9025698022018296,-0.4858213609740146
2010-09-21,2010-09-21,speech,{'unknown'},-0.291493433378078,-1.7182803840981808,-0.17832422462842817,0.4275617502989947,1.5920597651976254,-0.3909982686119989,-0.5603972021536426,0.5599784113308834,-1.0960741526134838,-0.7712556703082607,2.067367036359188
2010-09-21,2010-11-03,minutes,,-1.4373191477790908,1.6617151370709122,0.6109963806968728,-0.30204573753022884,0.00876931066591025,0.04862219854658111,-0.46727490160114965,0.179106381539421,-0.4412483459573857,0.9031225802108854,-0.4897742866082646
2010-11-03,2010-11-03,speech,{'unknown'},0.07365487568974109,-1.4586319815789228,0.3757315958634762,0.011362126452227037,0.5885966109184777,0.041933012931159294,-0.6690500111382092,0.2967249275844658,-0.5158250049054909,0.8997960660020142,2.0505034037288628
2010-11-03,2010-11-03,statements,,-0.09908074878531156,-2.3899744417607507,-0.3903738035762547,0.14723637321052535,0.00637705288047006,-0.7051889617295157,-0.3943339532716316,1.5319318155912143,-1.347853565659009,0.8965060897439165,-0.4936564111452998
2010-11-03,2010-12-14,minutes,,-0.8395340525197081,-1.5715245189364837,-0.3894690286304168,0.37191037561989576,0.006364234566632487,-0.80393277433737,-1.2665020427253264,-0.39562259698009417,-1.340224605687534,-0.15290314402618543,-0.49242130649104093
2010-12-14,2011-01-26,minutes,,0.18339939990356208,-1.433006722830874,1.3764507747549493,-0.13644025292446463,0.006351493238747674,0.7122761103015628,-0.4455626757864337,-0.5113099406245472,-0.1168488305279378,0.8956314575726221,-0.49119543390892406
2010-12-14,2010-12-14,statements,,-0.37805117061956056,-1.7414710255798576,-0.39337626315736524,0.12494282861168479,0.006338828129284027,-0.7151499346643301,-0.7912472819318478,1.5301480707174926,-1.3349031984380295,0.8924092886130088,-0.4899786788840542
2010-12-14,2010-12-14,speech,{'unknown'},-0.21395803787794612,-0.989787213961226,1.7135269159668758,-0.952772264110707,0.6571874861417917,0.6682665198721939,-0.13081282742181247,-0.20645287738987214,-0.04040089401878237,0.8892216931336072,2.049467067309195
2011-01-26,2011-01-26,speech,{'unknown'},-0.42933134483419694,-2.6264322264019837,0.6824907127510002,-0.09360874647286609,0.8904228550333166,-0.19708741114476971,-1.0779368527179667,0.1501007653485499,-0.5071264526209541,0.8860680568692171,2.0285101350400514
2011-01-26,2011-01-26,statements,,-0.3725163019939614,-1.0280775891471572,-0.4008754966735343,0.12367549973023917,0.00020320639501937183,-0.5908733370541887,-0.7852118992424854,-0.20702219853408266,-1.3299764487209675,0.882947780729957,-0.4987429980534395
2011-01-26,2011-03-15,minutes,,0.13841865709591855,0.48010099180214805,1.687317960836249,0.01938163096232191,0.0002028075721416496,1.3111616184721253,-0.5121677185664881,-0.6151669693107976,0.41269963519804737,0.8798602803225727,-0.49751962108440767
2011-03-15,2011-03-15,speech,{'unknown'},-0.5113985705718341,-0.8234946277030106,1.3822745432187438,-0.5630854920580877,0.0002024110882833181,0.4394404658852781,-0.9225294536977158,-0.3874421328888623,0.03459778225640141,0.6555597748125581,-0.4963052101142419
2011-03-15,2011-03-15,statements,,-0.07533030170812977,-0.3427701119777835,-0.046978692167308024,0.623136342964065,0.00020201692067071904,0.03374424867890203,-0.37193802441425866,-1.073990937237661,0.17492253475999794,-1.2289642452028158,-0.4950996560888368
2011-03-15,2011-04-27,minutes,,1.693147562808245,3.259130357811328,1.1430225134147938,0.1217034633115095,1.0918737105454055,2.1636012241290983,0.24699162050135826,0.3366511453683003,-0.10451215735248524,0.879142410083913,2.027945484224164
2011-04-27,2011-06-22,minutes,,1.6835019605219896,1.390304581645694,1.7051311249725356,0.15217121114499715,1.0203222576888626,2.1917453842329073,0.04721394821896073,-0.08040402053688292,0.11491687860367253,0.8761271883701985,2.0080239967447286
2011-04-27,2011-04-27,press_conferences,,0.8877067032547489,0.6750878016332837,-0.051006972540260674,0.6227711364652491,-0.007967869896965806,0.6133270767401876,0.17135426111026744,-0.27672466977719556,-0.5596120517009994,-1.2308790917192016,-0.503584783294464
2011-04-27,2011-04-27,statements,,-0.0653671455022014,-0.3559349215012606,-0.04224954102072936,0.6211120986033404,-0.007952590609911603,0.03511606015896762,-0.3750234231179763,-1.075273801064012,0.17759568009530968,-1.2249413156679338,-0.5023732736768963
2011-04-27,2011-04-27,speech,{'unknown'},0.5579469818029912,-1.006315201159249,0.2835816299422541,-1.930501447540568,-0.007937398884626495,-0.2649003987739076,-0.3310260299322897,0.09578778726056458,-0.587678338923999,0.8808708071371326,-0.5011704731490434
2011-06-22,2011-08-09,minutes,,0.6978056215473224,-0.18538409758889968,0.18063836953631338,0.007896303412781575,-0.00792229388798504,0.3736549402233093,-0.01403397254330996,-0.9825595851189972,-0.9325824009095213,0.8778905999954473,-0.49997627780035014
2011-06-22,2011-06-22,speech,{'unknown'},0.05222335435713579,-0.5537619716470195,2.2944649297276802,-1.1285206339929261,-0.007907274797917247,1.1912572854524328,-0.12580428463499677,-0.8150620799527565,0.272719440818302,0.8749404753202153,-0.4987905854485217
2011-06-22,2011-06-22,press_conferences,,-0.9352403841428232,0.13245898136668588,-0.384910220728483,0.6287192798230112,-0.007892340803220663,-0.45770193095366185,-0.9171892293335895,-0.6027525305771713,-1.1798085202501327,-1.2307344425382913,-0.4976132956027277
2011-06-22,2011-06-22,statements,,0.22890669688331453,-0.3507823586741363,-0.6129042404233563,0.6270671119718549,-0.007877491103376365,-0.23401164962951135,0.45407191634674987,-1.066202033655816,-0.7260327763736726,-1.2249099184757322,-0.4964443094277604
2011-08-09,2011-08-09,statements,,-0.7077987284817379,-0.9531361084493992,-0.9278779128053187,0.6254279140104048,-0.007862724908368736,-0.9468471791837283,-1.406425841640422,-0.18381999000631763,-0.02775173691143939,-1.21916741192798,-0.49528352970911577
2011-08-09,2011-09-21,minutes,,-0.4663386309417198,-1.027497049750521,-1.6492771739022993,-0.13267341861987775,1.1037119449536152,-1.5216204674239715,-1.0273914869734415,-0.7699368554575607,-0.3437599332087132,0.8833726803889523,2.0268807284548913
2011-08-09,2011-08-09,speech,{'unknown'},-0.8173862605860375,0.13549023438343827,0.5080151777567623,0.44804349199422683,-0.011961585138868682,0.15909189760162923,-0.9527578050247043,0.25946065278924224,-0.07783352654801332,0.880443547918148,-0.4988130531483161
2011-09-21,2011-09-21,statements,,-0.9683563995034706,0.22296640177757077,-0.5749032006738889,0.20429753032449557,-0.011939410936623356,-0.6939083556997147,-0.7726006792312797,-0.1820124109066656,-0.7261866393762317,0.8775433964447836,-0.4976575288292283
2011-09-21,2011-11-02,minutes,,-0.6990063884374249,-2.5008580996329193,-1.6059614252622558,-1.0881632856150396,-0.011917359595311103,-2.1429679005376077,-1.3895327271651174,0.09443135872423622,-0.31546175497497325,0.8746717509270814,-0.4965100042052583
2011-09-21,2011-09-21,speech,{'unknown'},-0.6435655760529054,0.232690873048039,1.0661577137947744,-1.4880265700043664,0.734937163675995,0.15931057243953195,-1.247661461154001,-0.28648205390079073,0.2474814426879403,0.36262145921992844,2.0217303933424478
2011-11-02,2011-11-02,statements,,-0.990850184353449,0.2903047871790006,0.45173266287445735,0.16720157756166001,-0.014609859624105302,0.009026374034004681,-0.7585291462406942,-0.1816032341269093,1.7340629371552492,0.8718940109531185,-0.49997705082553506
2011-11-02,2011-12-13,minutes,,-0.46600385158820523,0.14250890999502155,0.2026263784681617,-1.3882802338865798,-0.014583169925388174,-0.3765807526307091,-1.168353622854478,-0.8410801232461499,-0.8197154380542491,0.8690878980551913,-0.49883470133413454
2011-11-02,2011-11-02,press_conferences,,-0.6156164524689334,-0.657136134879992,-0.19560930917768415,0.1615916704752918,-0.014556625964246417,-0.46707626423204224,-1.1316504871835125,-0.5337670120268628,-0.5338259814161695,0.8663087376257006,-0.4977001523791939
2011-11-02,2011-11-02,speech,{'unknown'},-0.23639417787217656,-1.295302576138711,1.3575846051605474,-0.19531362027585125,-0.014530226419192972,0.5403661137645619,-0.6236341780682453,-0.7460894806185079,-0.3171309697761934,0.8635561007036114,-0.4965733155345454
2011-12-13,2011-12-13,speech,{'unknown'},-0.3064112218839517,0.17659694381432411,0.4486286212505869,-2.3070500863662904,-0.014503969985455646,-0.3718640275672222,1.7262743463277452,0.41970785311849,-0.5909274959642267,0.8608295678278814,-0.4954541037716536
2011-12-13,2012-01-25,minutes,,-1.7482139530642367,1.1059195363509486,0.46089450494190093,-1.244550057802961,-0.014477855374706264,-0.49848857795226614,0.431039043459086,-0.45022911051277836,-0.5900822366023788,0.8581287287686283,-0.4943424314313311
2011-12-13,2011-12-13,statements,,-1.3124272811462336,0.3339273248114076,0.3164811816880828,0.15306387353603762,-0.014451881314795183,-0.2109122641385032,0.17316350715811277,-0.17442487011157762,1.7419981324711646,0.8554531822675375,-0.49323821419615216
2012-01-25,2012-03-13,minutes,,-0.5499037487734106,0.8665705807587368,-0.16819232099349649,-0.33987136873406903,-0.014426046549491004,-0.2622391903235669,-1.1999963048840017,-0.4796337661473132,-1.1055907032350027,0.8528025357871374,-0.4921413690635414
2012-01-25,2012-01-25,speech,{'unknown'},-0.42188304879592603,0.08944702134196113,-0.0402740962245085,-1.4138323999983247,0.6993244908579224,-0.5284167561074209,0.34846407110429295,-0.3006300187779873,-0.9082187456199442,0.8501764052685868,2.0395219527258583
2012-01-25,2012-01-25,statements,,-0.99933248992032,0.3501994102317223,0.14746384861433723,0.14454039691413026,-0.016904532455246847,-0.20080952562295723,-0.7513742558993821,-0.17183883237497347,0.5080894089352919,0.8475744148976324,-0.4955348463688931
2012-01-25,2012-01-25,press_conferences,,-1.059928581183795,0.07167790548161332,-0.46838928772011595,0.4508023204141462,-0.016874631535488554,-0.6242090502352642,-0.7879651687367559,-0.7915389668866433,-1.2666234155624911,0.8449961968784161,-0.4944425980279277
2012-03-13,2012-03-13,statements,,-0.6666438226627628,1.0239563476534093,0.3310280426032657,0.14997887324787373,-0.01684488872123808,0.19040885297453775,-1.3661834853345391,1.6303950959048303,1.7396528543853176,0.8424413912148218,-0.4933575458457925
2012-03-13,2012-03-13,speech,{'unknown'},0.0499462221610034,-0.516220315255246,-0.33660686365794246,0.27970548458155237,-0.016815302624067233,-0.23825299969978547,0.10492146983980169,-0.77208195856755,-1.1944968194326862,0.8399096454990641,-0.4922796111051253
2012-03-13,2012-04-25,minutes,,-0.832270325020606,2.480876521355368,1.3895835483994547,-0.25862343331729576,-0.016785871872557586,1.0255661733707802,-1.2072237904121585,0.008040646150142224,-0.027609092495465254,-0.13976665176365635,-0.49120871628932955
2012-04-25,2012-04-25,press_conferences,,-0.5142283600698766,-0.19355924590650467,-0.1249319321909437,-0.4022978662879279,-0.016756595112033503,-0.4382715103610645,-0.9699920435408231,-0.929065384284908,-0.20180643996760989,0.8393344052014929,-0.49014478505911957
2012-04-25,2012-06-20,minutes,,0.8903987265904617,1.1233391896873461,0.7599395207395669,-0.31898540777220524,-0.01672747100430023,1.0215848766491835,0.2751275242729331,-0.47575252860833167,-0.38221348621205914,0.8368459474855267,-0.4890877422296227
2012-04-25,2012-04-25,speech,{'unknown'},-0.7065086074592759,-0.014554980027902757,-1.034961586440465,-1.3105513832399298,-0.016698498227387025,-1.3440056944035519,-0.323520800656951,-0.984724476648787,-0.7277966099126267,0.8343795172849313,-0.4880375137480231
2012-04-25,2012-04-25,statements,,-0.026326345304104062,0.9904391216712473,-0.05684821278839781,0.1630573313983078,-0.016669675475295135,0.18295616070050266,-0.32290386727631576,1.6376371686970217,0.20672992601184254,0.8319347913491913,-0.4869940266717337
2012-06-20,2012-08-01,minutes,,-1.186334234191799,0.5816470137816483,-0.3466102377651455,-1.2070849732999036,-0.01664100145775052,-0.9218693318822317,-0.9144971835917827,-0.6629259190754141,-1.2714976492001593,0.5933624017984198,-0.48595720914708007
2012-06-20,2012-06-20,speech,{'unknown'},-0.8411346824200184,-0.5515175762025728,-0.14021865390677082,-2.2369542249041423,-0.01661247489996129,-1.1255955610935282,-1.0103459041340426,-0.9160040962364219,-0.9721879504989046,0.8284000645258813,-0.48492699038848197
2012-06-20,2012-06-20,press_conferences,,-0.9668599393517077,0.9433603591566402,-0.6174455397848831,0.4310298636521055,-0.01658409454237968,-0.52322574438793,0.7208586539965092,0.01609857541085715,-0.8123270622782367,-0.23842851836770568,-0.4839033006581201
2012-06-20,2012-06-20,statements,,-0.6550364871228359,0.8485433857781303,-0.2623162092354613,0.2229814769726692,-0.016555859140468455,-0.22544144915504316,-1.3559789834942007,0.28630851625661546,-0.7073509599069671,0.8281644148161729,-0.4828860712460738
2012-08-01,2012-09-13,minutes,,-0.8894400793697227,1.2940790067251193,-1.1336788867241472,-0.3123715806461868,-0.0165277674644717,-0.9723110523767944,-1.066901711518157,-0.10087688396633228,-0.8550276552097803,0.8257936296066827,-0.4818752344509169
2012-08-01,2012-08-01,speech,{'unknown'},-0.57708251284172,-0.3701349425707797,0.3579653574181525,0.09776524359520991,-0.016499818299189884,-0.03607841622778496,-0.3097488662479959,-1.0689854018645,0.5307942862311822,0.823443111058968,-0.4808707235607605
2012-08-01,2012-08-01,statements,,-0.964020872058118,-1.0325645468457845,-0.8039701301826757,0.18181468724365993,-0.01647201044375908,-1.0980015119139221,-0.7241245227885266,-0.16160718374818459,0.22082808123906178,0.8211125719000882,-0.4798724728347276
2012-09-13,2012-09-13,press_conferences,,-0.6462871089704884,1.8968021768324472,-0.2577221905526695,0.45046703422470225,-0.016444342711434246,0.04320888080251572,-1.3451933726466136,0.034348340120478514,-1.0882076894591948,0.8188017305273065,-0.4788804174848525
2012-09-13,2012-09-13,statements,,-0.3604482235225463,0.8213801296776435,-0.08956923014016338,0.22826941985098892,-4.104561176842586,-0.10575549096989505,-0.7167861146242062,0.2915498421865031,-0.29134833431652807,0.8165103108649834,2.0958264541163065
2012-09-13,2012-09-13,speech,{'unknown'},-0.4256949894918102,0.23740455559532714,0.5695008434790158,-0.6988183151974062,1.0178711034648293,0.11127592323087501,-0.003439207337810882,-0.3899234434695447,0.07353052055944703,0.8142380422258593,2.0770784408973046
2012-09-13,2012-10-24,minutes,,0.04117991737316612,-0.2155214493814108,-0.4757144818731675,-0.6359224275993921,-2.133360371875634,-0.5794429978080486,-0.48938442922763314,-0.9973695570893092,-1.289944894086074,0.8119846591765709,2.0588250449689616
2012-10-24,2012-10-24,speech,{'unknown'},-0.7328524771307278,-0.7422609756227994,0.5347333509286389,-2.2749596211718415,0.6090922570409971,-0.6504639483496925,-1.0276589457336174,-0.2884506236662199,-0.5605716557281868,0.8097499014072455,2.04104489295722
2012-10-24,2012-10-24,statements,,0.22087391841693102,0.8340218248138289,-0.08918586049109974,0.23516375128371117,-3.9964779606277414,0.13547249997394317,0.536771608047576,0.2974637880501082,-0.2854207256236785,0.8075335136050311,2.023717882516259
2012-10-24,2012-12-12,minutes,,0.018400461558092263,1.5330295994448728,0.35680108582390757,-0.21944395136724934,-1.109150860693306,0.46016856922181953,-0.44668858460508554,0.04359806691439551,-0.7143385608080647,0.8053352453314214,2.0068250867715105
2012-12-12,2013-01-30,minutes,,-0.7239927625007806,3.029469604383745,-0.43392617656867855,-0.16273089776556024,0.015591048901306873,-0.04240362722833281,-1.2240960300717547,0.4824468152197573,-1.3193075919384996,0.32636153764675024,-0.5030551576942341
2012-12-12,2012-12-12,statements,,-0.38762617766003776,2.780058079552344,0.024841887998331633,0.28748434839590314,0.015565546811848264,0.4867383641341815,-0.9874512448530846,1.6680585169605904,0.5500814499087746,0.8032665864880957,-0.5020236039628129
2012-12-12,2012-12-12,press_conferences,,-0.9526528960622683,0.48823534149487613,-0.5073623872642965,0.6870753307684377,-0.8186305475838266,-0.4833063249003195,-0.5871503545554271,-0.5310332430805271,-1.0946046088861001,-1.3488789835083796,1.9985478637482945
2012-12-12,2012-12-12,speech,{'unknown'},-0.1797908807333333,-0.7039623005314578,0.024953116211618945,-0.8710914544371015,0.5374140231623129,-0.4100073601113826,-0.7945781026678046,-0.8287541851732096,-0.8749207836699552,0.8044354421282328,1.9824046241616722
2013-01-30,2013-01-30,speech,{'unknown'},-0.2768359069785406,-0.3896032154322263,-0.1296150183230187,-0.8995908760497582,0.016490890856810075,-0.5159382300036837,1.8030776879463206,-1.075639276234729,0.36399967028994484,0.8022876162075903,-0.5090774640113885
2013-01-30,2013-01-30,statements,,-0.08777114993463497,1.2974862710747395,0.060848932719685514,0.26141152038991844,0.016464264453022636,0.3359326946235284,-0.7062460540274992,0.5720973354343413,0.5549623730449681,0.8001569204376925,-0.5080420276606405
2013-01-30,2013-03-20,minutes,,0.06758319378372361,0.9140650112351472,0.5261224563605047,-0.21062224331312437,0.01643776660648641,0.5176120246535605,-0.22085982476271057,-0.21773034253781834,-0.5294448706819654,0.7980431281952397,-0.5070128881742574
2013-03-20,2013-03-20,statements,,-0.08650190571769328,1.2938000693312186,0.3920309926713971,0.693608606791456,0.016411396286036037,0.6770673890643322,-0.7049136598370482,0.572455041531941,1.8045782429275787,-1.356212134503886,-0.5059899819540112
2013-03-20,2013-03-20,speech,{'unknown'},-0.8275750291884834,1.6977515479525067,-0.038309192179160415,-1.1599444252075517,4.147063152160358,-0.1999251303861906,-1.016337380930207,-0.14380711930359727,-0.9821663042421841,0.7992226909388228,1.982684430200386
2013-03-20,2013-03-20,press_conferences,,-0.6417954561289558,0.7401123067128684,0.19642261657451446,0.4746281637322859,0.003057644239551923,0.1478460122442057,-1.3261395360432902,-0.3914785483297471,0.19038447512900689,0.7971334786546284,-0.5089329377796075
2013-03-20,2013-05-01,minutes,,-0.87712899640875,1.6557770992612333,0.9712517866369716,0.20474335238274832,3.1224535549941104,0.7942828514106909,-1.036036648625796,0.006258306625208435,-0.27883420349386345,0.7950605815383598,0.9795115458422949
2013-05-01,2013-05-01,speech,{'unknown'},-0.4408426986583403,0.2999151305554482,0.4016404889985743,-0.3453478908486097,-0.006766465712682332,0.06527995012577946,-0.5724012984448089,-0.6299964207010624,-0.7730292605520666,0.7930037882280123,-0.511059414869459
2013-05-01,2013-05-01,statements,,0.1831697250352746,2.3279323435732406,0.20649341009556935,0.6971199269285874,3.5468168911363036,0.9861410833165812,-0.46279511902791864,1.6841869415650255,0.764397552352749,-1.3633751104564493,0.31733575670313524
2013-05-01,2013-06-19,minutes,,-0.7198914864424227,1.8398189986572342,1.0519975172842095,0.19175736468028393,2.049667258210271,0.9202450560426192,-1.2271231099217785,-0.11822696800074045,-0.25580172164021503,0.7941926630197806,0.7310645953918917
2013-06-19,2013-07-31,minutes,,-1.0099767970073026,5.481416241694986,1.0159636352808001,-0.1154054295638236,1.8663861383402807,1.4438626072752168,-0.9102814875426505,1.0397224946556305,-0.37395266452304166,0.7921591899866811,0.7293033071560932
2013-06-19,2013-06-19,press_conferences,,-0.9814925087766706,0.37096523725759367,0.1264368911581597,0.6973882275397196,2.6033195973883894,0.03299917118551419,-0.8859680413256905,-0.5699939776731057,-0.03181739914944879,-1.3638246042980555,1.9722272913676062
2013-06-19,2013-06-19,speech,{'unknown'},-0.7148454518410544,-0.10209271461024878,0.22235953645162904,-2.5114014121592994,-0.03748513951220977,-0.8202782497622361,-1.022085942115021,-0.5845217034674256,-0.46796956564449177,0.7933417455993891,-0.5209368330536693
2013-06-19,2013-06-19,statements,,-0.3610635691398818,2.6301558890515815,0.024062163974764256,0.6978527852792014,3.317490130188947,0.7266730129891632,-1.0626592429609685,1.6806717137142646,0.022445220748167224,-1.3610100084118653,0.30710060895799957
2013-07-31,2013-09-18,minutes,,-0.8687407166404041,2.428539373203864,0.4984747822203295,-0.16752180839680816,1.9226160093768097,0.5325180532816131,-1.070906804834269,0.026903620784080807,-0.6966840316082967,0.7945107953943708,0.7206683530197229
2013-07-31,2013-07-31,statements,,0.4457374947993844,2.5664298396468777,-0.1384155064139975,0.6978164412715403,3.232218277446729,0.9407247780276242,-0.25251044380526183,1.6732483238505282,-0.5376562788379394,-1.358239487950031,0.30457681720597335
2013-07-31,2013-07-31,speech,{'unknown'},-0.2145012775170985,-0.5294108169731936,-0.08782660537816692,-0.18253782697844692,1.187044622663297,-0.27219773699239735,-0.9055560441333445,-0.972644421916495,-0.9609012126111464,0.7956665712859599,1.9639936011203711
2013-09-18,2013-09-18,statements,,0.36834108857820064,2.3257132547357147,0.5835450485177665,0.6978210079474644,-0.06543108771473279,1.243190491267941,-0.24938070771459545,0.9775701201000099,0.37565595924280304,-1.3555119987546453,-0.5296230029182648
2013-09-18,2013-09-18,press_conferences,,-0.34411778506753926,1.9226895114745082,0.18053619985142655,0.5856766363970082,2.5235528845199355,0.6494817995165095,-0.8474563490105282,0.36661541228147787,0.20267910435435327,0.79680929987949,1.9531997329543265
2013-09-18,2013-10-30,minutes,,-1.1909314533608897,2.763805999090578,0.2547321523461461,-0.16923622318345138,2.792822817714448,0.3569195759497996,-0.4141388142187102,0.35051818773436544,-0.7822380473014996,0.7948201358415989,1.9389080106907481
2013-10-30,2013-10-30,statements,,0.3883610160695252,2.2991341252365305,0.44725175270781364,0.6966942736406697,-0.08014441818343325,1.161937429977892,-0.24553989881597782,0.975057358345963,0.2558826255411531,-1.3560175328884312,-0.5359381264040093
2013-10-30,2013-10-30,speech,{'unknown'},-0.239256070348068,-0.3717083347529902,0.12935241433376526,-1.4429574881863598,1.9644951185147843,-0.40582030909499917,-0.3176026847194342,-0.8882054201407729,-0.1719132019510352,0.7959571284382392,1.9286539528764366
2013-10-30,2013-12-18,minutes,,-1.1746351901783425,1.2253703286898452,0.3733306080147128,0.33797835464519316,0.8308894791354919,0.17228501758885423,-0.6270896732882635,-0.3085176569369654,-0.5977230174875204,0.7939897656928518,-0.04783021778679263
2013-12-18,2013-12-18,press_conferences,,-1.02288099254591,0.37864218190276755,-0.2302551547647414,0.3911027192528839,3.8143410013241463,-0.2512392334003208,-0.6640643726664981,-0.47387415064378047,-0.7689213821627068,0.7920369332034837,1.9179895999041896
2013-12-18,2014-01-29,minutes,,-1.3540139812998082,4.136152676033624,1.9511461147293943,0.24532528007926888,5.813696451978418,1.983783004931964,-0.7498477066448288,0.6650366054781152,0.305447535812471,0.7900984528966962,1.3606994433898365
2013-12-18,2013-12-18,statements,,-0.37880704190616354,2.878722622106855,0.23995910953266603,0.6982411132490939,5.1335887001004785,1.0495026353083872,-1.050214886794303,1.1175703800032135,0.4371073953695093,-1.3628175734323853,0.675935323475428
2013-12-18,2013-12-18,speech,{'unknown'},-0.25280783769052495,-0.17919825184484153,1.0266762836373842,-0.4921603108789093,0.3078393949418662,0.4335377689874081,-0.23577705153761797,-0.48850903416054126,0.2593497205534865,0.791243210318189,1.8975787451250707
2014-01-29,2014-03-19,minutes,,-0.9311325572657173,1.8266464732751049,1.4421375080198926,0.21198956863704968,1.8798173563006386,1.1560845796828063,-1.0134910835362123,0.31747951203362834,0.1296093768597261,-0.16598820767266106,0.9099007138884287
2014-01-29,2014-01-29,statements,,-0.36960812399555576,3.3275314946733197,0.39455918267960227,0.6993183936010461,2.454076802167845,1.1778219128971832,-1.044638681603299,1.6731342034092038,1.0576279402131414,-1.36161416674891,0.2574461327401171
2014-01-29,2014-01-29,speech,{'unknown'},-0.7026721633315077,-1.0699475906575655,-0.16361291642538475,-0.267880227803642,2.6644123443400205,-0.617515109511383,-0.8325637097901261,-0.18477621875026295,-0.604236906202349,0.7940069288008954,1.884260119042176
2014-03-19,2014-03-19,press_conferences,,-0.1466529595888965,0.5890422826873267,-0.7609763673198201,0.3388439204199521,2.2733717149796773,-0.2569034334676668,-0.6494046142954106,-0.25569307370567335,-0.14187602787429388,0.7920944122055207,1.8716454319824583
2014-03-19,2014-03-19,statements,,-1.0897087299757324,1.1521399648109667,-0.19597948130530837,0.6994496630772994,2.3105958345422115,-0.025097039990306897,-0.7537634303631191,0.7428741828068512,-0.2750754879807708,-1.3620523154860553,0.24410308190528307
2014-03-19,2014-03-19,speech,{'unknown'},-0.31607784465629685,-0.34376855871611367,-0.7439290007125899,0.12963910998736522,-0.15149197356176963,-0.6868671338986816,1.8926308823339628,-0.7162939984929868,-0.14104644251444326,0.7932082012668007,-0.5649881413860476
2014-03-19,2014-04-30,minutes,,-0.9891825161302156,1.8505538550497551,-0.16102499882698473,0.1085648977330602,2.1830063057729467,0.04759947180034593,-0.9717053459297244,0.1405179331025772,-1.0741264426367694,0.17682025149210664,0.8932456011824491
2014-04-30,2014-04-30,statements,,-0.8555500649072506,1.2125748605672395,-0.18078507330485685,0.6992470733694154,2.3816456070474676,0.09942575842520464,-0.9914922282338363,0.7444761363356325,-0.27142316045337084,-1.3618718119147948,0.24308776673418672
2014-04-30,2014-04-30,speech,{'unknown'},-0.5203015480142602,-0.6856218777041173,-0.3043530909623058,0.11332626821877773,0.6814682929374619,-0.5259268375065895,-1.1096644400468676,-1.0189207562519542,-1.173330617538592,0.7949087172590592,1.8644788478221108
2014-04-30,2014-06-18,minutes,,-1.0533880238603661,-0.16914830829435096,0.8163996686368088,-0.1420992097532669,0.7451645453947328,0.07753346570463235,-0.6870735292089706,-0.8997557735970537,-0.2674430761383917,0.7930257270159948,1.8524113439663894
2014-06-18,2014-06-18,press_conferences,,0.30351700094604434,1.051740824091861,-0.5311480279720715,0.5719091590604901,0.6631590951167212,0.19275807315920715,0.12047264703927997,-0.1217565162799116,-1.199537619114574,0.7911560672241787,1.8405753155132398
2014-06-18,2014-07-30,minutes,,-0.7582460772754416,0.9770434913565625,0.5058713407812905,0.3327634136263403,1.4146854921102139,0.4146396397487428,-1.1358576849898236,-0.181684198565458,-0.5931528394684068,-0.44191748145168475,1.828963455347951
2014-06-18,2014-06-18,statements,,-0.8522002150147533,1.6479606338167019,0.27446318094970323,0.6987868820618943,2.37325761931258,0.5161039825756266,-0.9819202704074316,0.8848091651584947,0.9640302704515014,-1.3656468529588595,0.2181697092871649
2014-06-18,2014-06-18,speech,{'unknown'},-0.695088368831335,-0.3183436496174645,-0.2498544940437193,-0.6719887295847922,0.7988772549560504,-0.6731125224690512,-0.21144450693273079,0.28260524023906114,0.0928797548182947,0.7944355509828982,1.8194408117288063
2014-07-30,2014-07-30,speech,{'unknown'},-0.06588894764574435,-0.1850983152744504,-0.1658061100842609,-2.696568240508767,-0.18090920842713198,-0.8964227849762985,0.6345124450533088,-0.1850696976737649,-0.5959477591698271,0.7925814623947679,-0.5862359026605097
2014-07-30,2014-09-17,minutes,,1.0202980362170464,3.011281761066048,0.7181226825281775,0.10734091212397505,1.3607957911610646,1.7146322426088252,0.21005920048781387,0.08256686376726546,-0.34072769442750955,0.7907403066114624,0.6132645478937978
2014-07-30,2014-07-30,statements,,-0.11183950375902846,1.5403615053299122,0.09947892602671894,0.701911847254719,2.2534511220465463,0.6739046559273277,-0.47886705047425415,0.4394404819300655,0.8134399567961069,-1.3690267211575256,0.21224802296661943
2014-09-17,2014-09-17,press_conferences,,-1.0845859128779582,-0.08736400364615028,-0.6819864310165352,0.20165261641039883,-0.18960449276409483,-0.8762362055597026,-0.5392190623815218,-0.8122139230569889,-0.8043385110270489,0.7918217325203237,-0.5887886400116091
2014-09-17,2014-10-29,minutes,,-0.826854763572525,2.818632641808507,1.3599016136213582,-0.24797978520132638,-0.18932683690300625,1.198397777729963,-1.0782232168422332,0.28477242793430196,0.005873492238823211,0.7899993021574896,-0.587667125765979
2014-09-17,2014-09-17,speech,{'unknown'},-0.4717616105283522,1.7283208741935234,-0.8587675808726573,0.32188858958999694,0.4227203546602059,-0.2425030231887471,-1.042442918388957,-0.2872004452855259,-0.837348729789433,0.7881894086266701,1.8200863428271528
2014-09-17,2014-09-17,statements,,-0.11842712707465018,1.449049181102364,0.36934012741934813,0.7024285857362066,-0.1904623665910246,0.7369567066195408,-0.6300330914302167,0.8905006970261958,1.0880001689838597,-1.372343990658667,-0.5897633994714151
2014-10-29,2014-10-29,statements,,-1.1105217158622067,1.6047857870283377,0.1305886829258601,0.7009571614866654,4.945388999760866,0.4218559602181872,-0.6287986385562159,0.8882610984674135,1.8942922356837593,-1.3667998513034383,1.812407982913252
2014-10-29,2014-12-17,minutes,,-2.55437262528394,1.2183089087095,0.7358709550626569,0.6994949531234853,1.986906865557988,0.030710213106678066,0.16424613826986417,-0.14304407735601843,-0.29495665032721735,-1.3613224231041827,1.8015823491014349
2014-10-29,2014-10-29,speech,{'unknown'},-0.5214536610785051,-0.6008182758721499,1.0949109163247612,-0.21042223600364235,-0.20236843066006927,0.31216851290646486,-0.9772828740738384,1.6958896778996733,0.12307417930244313,0.7949993677662878,-0.5950081256268682
2014-12-17,2014-12-17,statements,,-1.8516249874395907,1.1647208673420462,0.27551389360613604,0.6995625254783566,4.727229187767796,0.10246171361282354,0.1867683783407415,0.7462826316323786,1.8876751928521214,-1.3588267297432697,1.7942278761672468
2014-12-17,2015-01-28,minutes,,-2.6785615288170006,1.8476357595022677,0.6825027702542166,0.4337584390166016,0.586315433537981,-0.038622815477177046,0.08794467985246622,-0.021317143536114355,-0.3324294743193553,0.7960369372107952,1.7837611557486228
2014-12-17,2014-12-17,speech,{'unknown'},-0.326645679749088,-0.5106357355048702,0.13021523665435186,-1.4411729375599927,-0.2109142469593397,-0.5635182284274534,1.933360513633835,-1.138994406760373,0.6236966801318474,0.7942379852703275,-0.6001689888957826
2014-12-17,2014-12-17,press_conferences,,-1.578954885630031,1.433642937440079,-0.21093673766689,-0.04257117636340528,0.5367296832983435,-0.4259729331871344,-0.30516804341880366,1.3581353855131895,-0.274916847241112,0.7924511853273761,1.776711117689706
2015-01-28,2015-01-28,statements,,-0.8415777023986849,1.3894644083262342,0.031875058243134226,0.7017311698906152,5.287949419700346,0.4363934438949163,-0.8141355293328624,0.744004319818795,1.8820501672327852,-1.362144903593943,1.7665831447727918
2015-01-28,2015-03-18,minutes,,-0.6721306701028901,1.3711493166380553,0.4644694228787446,0.22317163903116238,0.3360448394249638,0.45435235033451393,-1.1689768435535104,0.16834064089935802,-0.46161047553153306,0.7934897111009808,1.7566265348857997
2015-01-28,2015-01-28,speech,{'unknown'},-0.5503082263644075,-0.5192468717489515,-0.5025712115940565,0.7005981448239836,-0.22005428411634706,-0.5267657542643411,-1.265019563532792,-1.1425444141091845,-1.3534490788634304,-1.3596835724934255,-0.6083278383301408
2015-03-18,2015-03-18,statements,,-1.1181837621978525,1.3553345732141808,-0.6771865230489572,0.6991730587679966,2.4042522442158867,-0.28847638772469464,-0.4625788255219196,0.7457631632837828,-0.7035330164290801,-1.3544041581871276,1.750011818996863
2015-03-18,2015-03-18,speech,{'unknown'},-0.45029401512087625,-0.600275745249166,-0.3818987926098912,-1.9634687014553311,0.2143944047132864,-1.1063190153209272,-0.7280864920755341,-0.19874736161661852,-0.9888300824070103,0.7973053745684553,1.7403662739945223
2015-03-18,2015-03-18,press_conferences,,-1.11163452600953,1.3426705192945703,-0.10013233167463068,0.4448886299464688,-0.22570826812201478,-0.08371867346336526,-0.3642126139977361,0.8401174325511978,-0.42294131842284904,0.795535601029565,-0.6132922899448985
2015-03-18,2015-04-29,minutes,,-0.9853310256469013,3.361201207408427,-0.5001846156381168,0.34956387521680365,0.452906696526914,0.2178447136125285,-0.9042828955457484,0.5984081218929639,-1.3449548714118849,0.7937775705246751,1.7340134937361356
2015-04-29,2015-06-17,minutes,,-0.30456875808276024,0.9995248130193429,0.6652920103226769,0.5757490280022749,0.49368372599932586,0.7548864366491991,-1.061795847299951,0.16098589524659554,-0.4796220666326941,0.7920311537017489,1.7246624898189555
2015-04-29,2015-04-29,statements,,-0.8344367022453778,-0.5278679846615879,-0.6840847337521481,0.6989100767791315,2.483212782848867,-0.6500267619112383,-0.7974211382888732,-1.1499391992085304,-0.263544145382314,-1.3605143904229275,1.7154612538128031
2015-04-29,2015-04-29,speech,{'unknown'},0.2977072998820976,1.9259454701651897,0.017090011507788307,-0.21165718883260445,0.7193046135433111,0.6105451581659032,-0.399116584838924,0.013087749923105017,-0.8020524245172803,0.7930498045967393,1.7064058298018245
2015-06-17,2015-06-17,press_conferences,,-0.6961662794118315,2.1322668189718765,0.034802153509376155,0.3254839365911878,0.4815715297912849,0.39347588866825867,-1.0398089500138015,0.7776027145744625,-0.427032716785557,0.7913202315557313,1.6974924066249923
2015-06-17,2015-07-29,minutes,,-0.3105341590212026,3.227159883986355,0.6232839477919125,0.3394649367166011,0.4530174338948829,1.2434747820644538,-1.0620667017210763,0.7251861747180809,-0.494954283696754,0.7896019350231799,1.6887173111364098
2015-06-17,2015-06-17,statements,,-0.8338280401825932,1.3416582817878582,0.047511886312906315,0.6988694253919315,2.4671066961647994,0.335144467411545,-0.7896722191458685,1.6924896743392321,1.9019108026215794,-1.3637156853313692,1.680077001845209
2015-06-17,2015-06-17,speech,{'unknown'},-0.6588833741731978,0.17785144560830032,-0.2999984899283662,0.24035802179779417,-0.2434776033329057,-0.3784644534664017,-1.0497900060597816,-0.46101860169688746,-1.18261821092027,0.7906211389628645,-0.6330097838561334
2015-07-29,2015-09-17,minutes,,-0.9045185782132918,2.975530563196479,0.7831029698510323,-0.007394879384604088,0.4286153303591348,0.9546790230626027,-0.9714375096444824,0.621162568950064,-0.28512767183558035,0.7889191637596715,1.674584577723322
2015-07-29,2015-07-29,statements,,-0.8303876337591364,2.2619685800646723,0.049510014512593264,0.6986719724372327,2.465170287765222,0.5884865788340103,-0.782572360921611,1.686549307929405,1.8955009030261265,-1.3640937305811338,1.6661885795195075
2015-07-29,2015-07-29,speech,{'unknown'},-0.4289960877340393,0.7860884139511857,0.1804139486790231,-3.538606661160585,-0.2493756256251598,-0.7904019735344063,-1.0788680578958865,-0.03747626383896343,-0.6813965107643064,0.789933582492546,-0.6376606537885224
2015-09-17,2015-09-17,press_conferences,,-0.45068651862929454,2.2566232112410884,0.36842330966670706,0.5735976053411707,0.4574898133504008,0.8412655952840457,-1.170734235881823,0.29144478630873255,-0.17618039108368663,0.788247624634666,1.6608988196108063
2015-09-17,2015-10-28,minutes,,0.2611482628538684,3.2302803800264015,0.6672112192226874,0.07847399299983937,0.46081791440093467,1.474091661540296,-0.7871831358242612,0.7133124574841818,-0.6337534731343314,0.7865724248152458,1.6527353188944804
2015-09-17,2015-09-17,statements,,-0.24319179662794593,2.0687526375693177,-0.3341688316535683,0.24815065483212814,2.329523992199228,0.41403089951174726,-0.7727854954104926,1.6808216316001603,-0.6913321858899166,0.784907869057089,1.6446911011740721
2015-09-17,2015-09-17,speech,{'unknown'},-0.9197606542920963,-0.7025392810296094,-0.9354850792259821,0.5438686138782268,-0.2565612743927285,-1.070918383108682,-0.9828152803130508,-0.8514912350181326,-0.005383237653853513,0.7832538450668166,-0.6451065017026837
2015-10-28,2015-10-28,statements,,-0.5275523476301044,0.3233521997213934,0.028981114241748214,0.6953857224756499,2.3323196166908917,0.18226746621535392,-1.2272269271575573,1.675281527623676,1.8988242294126862,-1.372688744194247,1.6396958123647534
2015-10-28,2015-12-16,minutes,,-0.4504367067735718,2.219941898711228,0.8628554112019229,0.09822313463451005,0.41726755533243354,1.0466267744061475,-1.1549861654133882,0.6229832784115987,-0.41238083570977635,0.7842781619602959,1.6318676151106317
2015-10-28,2015-10-28,speech,{'unknown'},0.9374902420723638,1.0465356451323289,-0.7053118087064553,-0.06801281615662447,-0.26212793430650216,0.17572469056552245,-0.4797528455988326,0.1396131660655093,-1.1425145329423707,0.7826392974538489,-0.649594770772764
2015-12-16,2015-12-16,statements,,-0.2516543630007934,1.1086004032909755,0.5204403294261382,0.6957605579514347,2.2035346554699005,0.8390049762828713,-0.7611669757414258,0.24864909415759212,1.892842667264577,-1.3729925502163938,1.627050084573626
2015-12-16,2015-12-16,press_conferences,,0.2862179610181448,1.777198978214409,0.038752281041111315,0.8103005865359649,0.3892704285113166,0.8705831797586172,-0.4333721009079846,0.5326249854921142,-0.4584958761119933,0.7836585847661779,1.6194279587179299
2015-12-16,2016-01-27,minutes,,-0.76505468356776,2.9577218918036907,1.5298785088040947,0.20258199854234857,1.1195015499723988,1.633772936188267,-1.0899731932642533,0.6802231362837924,0.13423222465236612,0.7820346068330823,1.6119120314153486
2015-12-16,2015-12-16,speech,{'unknown'},-1.2156255778008938,0.5587592361678626,0.15548899118166593,-1.9668242549734938,0.04960977468461742,-0.7629037117109226,-0.7107902132301451,0.5303703966799631,-0.9481544006545489,0.7804206914402975,1.6044998590409523
2016-01-27,2016-01-27,statements,,-0.8100751912625686,2.3960798854120053,0.3672893284869133,0.6954780869692426,2.255813878532488,0.8700481793529986,-0.5712089854855502,1.6696577666200036,0.9679378288439994,-1.3759804971960627,1.5971890759700336
2016-01-27,2016-01-27,speech,{'unknown'},-0.030018974225118244,-0.3907803537953934,-0.13669968384186224,0.30969710060826594,-0.2750031217787522,-0.14431007412979388,0.07354148904371044,1.6616191598606123,0.12766719148764044,0.7814395375540092,-0.6623575762231243
2016-01-27,2016-03-16,minutes,,-1.2657446770054797,1.9829849965792257,-1.7102047732539247,-0.7527457402355889,-0.27462742568294274,-1.3241523576458836,-0.5251129769869207,1.0231226156246738,-0.5878005632637912,0.779840070669248,-0.6611466286921229
2016-03-16,2016-03-16,speech,{'unknown'},0.37203016265805117,1.3495221374821107,0.22323301726509184,-2.275302098521396,0.7751086509249889,0.11634801996639396,-0.6837912140484993,0.6495640933826748,-0.5518223098314899,0.778250392989769,1.5956291740566886
2016-03-16,2016-03-16,statements,,-0.2388368623647071,1.4966413787052713,0.7113775832059953,0.6985512629168354,2.2159279071023064,1.0915105859143257,-0.5690039493187525,1.6505752491078147,1.8954100758826573,-1.3789184856877053,1.5884890578657695
2016-03-16,2016-04-27,minutes,,0.41473659496815374,3.4169164029853505,1.9965079327343151,0.3342258055827815,1.0870045823310712,2.6156599624742634,-0.49625517793948803,0.8333097263560517,0.08069692994363457,0.7792685887771068,1.5814440079046603
2016-03-16,2016-03-16,press_conferences,,1.7248618875482284,2.3149903101254323,-0.12436202397103985,0.5726542013698013,0.4194971907435581,1.4569633626869842,0.7543909210634443,1.0927734419632846,-0.7273023248490799,0.7776929398259275,1.5744919329482319
2016-04-27,2016-04-27,speech,{'unknown'},-1.5780444840768806,0.11427892990275595,-1.0216267417645606,0.444477451062468,0.4261878751600511,-1.1583959083318212,0.0579980010519879,0.2213515481807852,-0.7430016479006641,0.7761268175563227,1.5676308056117816
2016-04-27,2016-04-27,statements,,-0.8020273381734295,1.8468556149762436,0.5266927052540543,0.6959210406794589,2.188073899021697,0.8328983837741606,-0.5704103880162242,1.6396429800788208,1.0843358805319687,-1.3818077750847864,1.5608586598670036
2016-04-27,2016-06-15,minutes,,-0.8744684066696132,3.3954381916768543,1.4624188557187507,-0.4138580938117913,0.954626616199018,1.519357370661937,-0.9431901065846713,1.0543113299741758,-0.29629124378009786,0.7771441676206272,1.5541735886750747
2016-06-15,2016-06-15,statements,,-0.8074899962007552,1.0582129135883753,0.016113811192565764,0.6963855298454152,2.2495353737639796,0.2741192985396288,-0.5671943266326724,0.6856510043692147,0.5980075790425315,-1.3794170703046442,1.54757374173039
2016-06-15,2016-07-27,minutes,,-1.5664334141920975,3.0289651444311945,0.5929833793181445,0.22597849723416952,1.0116790686294603,0.7350859815862345,-0.40397271496525633,0.300804630906768,-0.5986889317230375,0.778152190665118,1.5410573233088836
2016-06-15,2016-06-15,speech,{'unknown'},-0.6616871905751802,0.8930631866805905,-0.6504880414448488,-0.48696703605205316,-0.29907748071107465,-0.5852935431906434,-1.0953482299269988,-0.48865825778187866,-1.2624836750622688,0.7766038748769275,-0.6842636504507735
2016-06-15,2016-06-15,press_conferences,,-0.09678611913046792,0.21723400461402106,-0.5242318508485916,0.5678307332780832,0.42229027936177554,-0.1548509211752599,-0.6111259108854917,-0.34218886450338837,-1.3414775502511334,0.775064771790496,1.5373331617276107
2016-07-27,2016-07-27,statements,,-0.7937891579661798,1.7987725714075677,-0.34704684900737043,0.6964103480376731,2.178914668722359,0.2560448842201626,-0.5619290553676243,1.6351155029350422,-0.8746559835405702,-1.3822606328798925,1.5309671867218582
2016-07-27,2016-07-27,speech,{'unknown'},-0.1459267174756815,0.6193410390968793,-0.9284653069519986,0.013848958667760279,-0.3039908931531746,-0.5053105659914728,-0.12719596752799653,0.33871098652626475,-0.6246776109208696,0.7760718662944639,-0.6883012821552305
2016-07-27,2016-09-21,minutes,,-0.6440534318966564,3.4841841821236703,0.8686355254423433,0.16459410550772702,0.8745733883598409,1.4227649477612285,-1.0876198133111394,0.7274277928632743,-0.43641670235775876,0.7745459287123507,1.5273632230492424
2016-09-21,2016-09-21,press_conferences,,-0.1233936964537023,1.0950172240399059,-0.5708695324651425,0.696391110646393,0.3608019669878686,0.09690628994526816,-0.5585984881200258,0.5353045684408815,-1.2471942444941533,-1.38248236901154,1.5211416813078877
2016-09-21,2016-09-21,statements,,-0.7834701783104245,1.2989007679592266,-0.522254603711494,0.6951283403284808,2.0887794809230362,0.0002386216539488858,-0.5577036405476578,1.62796472264399,-1.3308662458330254,-1.3775725683040216,1.514995605032498
2016-09-21,2016-09-21,speech,{'unknown'},-0.29734381282646594,1.2124142441670331,-0.650885488612295,-0.28661639351801554,-0.9116021819444371,-0.3109205686571816,-0.9447755071415336,0.16566016485284082,-1.2338987735274436,0.11628237805763629,1.5089234806673073
2016-09-21,2016-11-02,minutes,,-1.090278917059179,3.0084317761130817,-0.15749823678146993,0.5808171723693137,0.3222977450286638,0.5157905247797523,-0.7051814225291585,0.6076991195299946,-1.0529800488317071,0.7787133578231932,0.03598927058279479
2016-11-02,2016-12-14,minutes,,1.6458921678562526,2.9998133410281054,0.2361739515477232,0.5821153762406232,2.7868821560626156,2.0310219568466623,0.3242121726196924,1.225341934886488,-0.7644301506261484,0.7771969103259232,1.5046657245643766
2016-11-02,2016-11-02,speech,{'unknown'},-0.5058851097188445,0.032255907815854294,-0.3235280043834945,-1.8066071490049656,0.027402590211147312,-0.8841762913553628,-1.208284339899138,-0.4482713427128669,-1.179449696078468,0.7756892944219251,1.498735117335701
2016-11-02,2016-11-02,statements,,0.8816345967486773,1.2626247668499702,-0.17556644070262958,0.6961129087577662,2.06994345343476,0.9133835117136343,2.061897150209576,1.620742624718214,0.30203996921176124,-1.3822948924366398,1.492874135294218
2016-12-14,2016-12-14,press_conferences,,0.093746023984106,1.1249041817579213,0.7645707694734474,0.5601854941310367,0.4169891097366141,1.052887656507989,0.547130823625023,1.016113385959646,0.8413039541871813,0.7766717572276752,1.4870814265304761
2016-12-14,2017-02-01,minutes,,3.558743703932024,2.6335413365105356,0.4156402529229776,0.4579444198055838,2.2590122102082755,2.7685183529380186,1.3788568503491014,0.7473359617773808,-0.5665463123200951,0.7751767741185501,1.4813556756017612
2016-12-14,2016-12-14,statements,,0.9359125556880603,1.7361911235374832,-0.15925638966010844,0.6936587285982183,2.173394194392075,1.096067651424769,2.04383300957533,1.610246450100945,0.30133221404892,-1.3825113807646607,1.4756956022770789
2016-12-14,2016-12-14,speech,{'unknown'},-0.21677815903092987,0.2914003784950532,0.4898501192062419,0.4910369139930146,-0.32708052136584764,0.4307591363423329,-0.8495111165976476,-0.5439817404804285,-0.7230629157853357,0.7761544263504662,-0.7137168415523396
2017-02-01,2017-02-01,statements,,0.3866058182051552,0.5933284918843754,0.0421104925935533,0.6918880155095103,2.248192501114721,0.6561511165751469,0.7371786864237757,0.4712530288798554,0.6275546292926241,-1.3802181725606841,1.4726699777284349
2017-02-01,2017-03-15,minutes,,1.2732815912987236,1.7106617606613554,1.4238180414105934,-0.09345559958549572,0.7226474918885948,1.987435198654121,0.28273620014958,0.5738230613177024,0.30156307877928556,0.7771234974319797,1.4671278731646988
2017-02-01,2017-02-01,speech,{'unknown'},0.7636673801837321,1.0299897608414672,0.27982050825164617,0.5217215770252571,-0.33231800645025905,0.9295412025190685,-0.09905098887508501,-0.04710600214132278,-0.790599916051027,0.7756447439767703,-0.7174525957459706
2017-03-15,2017-05-03,minutes,,2.347735406918479,2.177367490559075,1.374821101869087,0.5768304434748927,1.508423498145614,2.7462934394689804,0.6441744196469216,0.7755833976385169,0.26533905760135634,0.7741744063064704,1.4641942487654844
2017-03-15,2017-03-15,speech,{'unknown'},-0.012581345709520528,0.8949854576802488,-0.3547887717850321,0.5090116150098576,1.1215248455614388,0.22158678734819928,-0.735957851077839,-0.10066142542129504,-1.1767000374479002,0.7727124048649286,1.4587658318550647
2017-03-15,2017-03-15,press_conferences,,0.3823961701908771,0.36390669082022725,-0.06368205555413338,0.6896591267325308,1.0729652059307448,0.45477041240453725,0.6696592172428268,1.0912082348208334,-0.37731279505750936,-1.3854204228844527,1.4533973880406743
2017-03-15,2017-03-15,statements,,0.35479452427565766,0.944674885097752,0.21002884874362787,0.6884631591257371,2.1680338501880616,0.8490550039488602,0.7370929337632461,1.6064368646536267,1.9366825136164814,-1.3806718607062793,1.448087820954141
2017-05-03,2017-05-03,statements,,-0.23036470973090983,1.3456082242800098,0.3996949714650405,0.6872733961817764,2.163076229346382,0.8528090672454299,-0.5678416219669745,1.599705253543141,1.9259336117162285,-1.3759718276775377,1.442836062083496
2017-05-03,2017-06-14,minutes,,-1.1860884331787394,2.6274293403739675,1.6613639329161252,0.3328328345384749,0.8997171353683909,1.5134553185851143,-0.6855669716638862,1.1563234353851226,0.34915516254827594,0.7785129378012101,1.437641069869568
2017-05-03,2017-05-03,speech,{'unknown'},-0.3448658834795491,-0.4074383982392467,0.7216514875578686,-1.5085978994396674,0.025195204020170166,-0.18473639536094957,0.4133755316662364,-0.73198966274701,0.4319832889145926,0.7770537793780087,1.4325018288381237
2017-06-14,2017-06-14,press_conferences,,-1.3073699602930278,1.3567611985809458,-0.4421760892226614,0.6885223668830288,0.9847574948017371,-0.1820604544326978,-0.25976372511860335,1.592306679448723,-1.0964587625327022,-1.3762252449758225,1.4274173487659252
2017-06-14,2017-06-14,speech,{'unknown'},0.778785125389209,2.1021431781748334,0.11136892513101852,0.42767011105092545,0.5656083897820982,1.1736895875787408,0.18026969274582752,0.24742634869231062,-0.6898380266834437,-0.6550698682529816,1.4223866638791394
2017-06-14,2017-06-14,statements,,-0.8050480012405004,0.492629448901505,0.18412789021802917,0.6870046014671171,4.495286032524232,0.33296603991033386,-0.5682978514879188,0.45203532315037387,1.9222137293262036,-1.3709954505664321,1.4174088320826301
2017-06-14,2017-07-26,minutes,,-1.5560943254097006,1.9207010501577653,0.7318004957108759,0.5669453401273641,5.189578271324053,0.82578562166067,-0.5856321177506162,0.5054990519779363,-0.18999111999718496,0.7824153973903486,1.4124829342187413
2017-07-26,2017-07-26,statements,,-0.8107795276835558,1.325958486301972,0.21338507660942888,0.6850649232036324,4.447737293829302,0.6153288125869134,-0.5665076777325717,1.5875611995802983,1.9143913054214652,-1.3688588576329992,1.4076080733542369
2017-07-26,2017-07-26,speech,{'unknown'},-0.31592938147306804,-0.394253059319431,-0.07687494541921373,0.05357354401395725,2.35447215231315,-0.1653962630988573,-0.12808763151880903,0.16245208649551168,-0.680255808103896,0.7833283341698274,1.4027833740941513
2017-07-26,2017-09-20,minutes,,-1.6890343376030004,1.8502031454136627,0.45593449572364225,0.5583754423429107,2.7222839806212935,0.4566201673520074,-0.4408351182947491,0.6356882114230316,-0.4020409835297709,0.7818769864891996,1.3980079819213516
2017-09-20,2017-09-20,statements,,-0.7960258687314246,1.264605282704367,-0.1778241328483477,0.6838312725445262,4.157870838008754,0.34416083608439624,-0.5655070005064335,1.5821708890222645,-0.24742845539702188,-1.3691545432719583,1.3932810625606893
2017-09-20,2017-09-20,speech,{'unknown'},-0.7276033499355199,-0.5119447874248435,-0.47739190496388906,-0.21405051929956107,1.7645336165534908,-0.7273126833129501,-1.0034589079518246,-0.9780353270485349,-1.2645446568470309,0.7827858933164624,1.3886018013666517
2017-09-20,2017-11-01,minutes,,-0.7948656937310352,2.336249302420417,0.6188260683962011,0.4490796879069992,3.5261837812704933,1.1021761681971871,-1.0211081715205725,0.6121040353350775,-0.37101308238598946,0.7813462326849245,1.383969402733513
2017-09-20,2017-09-20,press_conferences,,-0.8757838922313218,1.312455047801573,-0.789604058692009,0.56289251786963,1.8814752904695013,-0.2125351796689214,-0.8168565297408011,0.40855595282181695,-0.8325806163302721,0.7799144918529243,1.3793830895269976
2017-11-01,2017-12-13,minutes,,-1.6727463501805,2.326785776783137,0.9063623505523716,0.4302584946497814,4.329513230316563,0.9686747529529814,-0.6969800723025875,0.56779082259724,0.21884249533405412,0.7784905984442475,1.3748421025365438
2017-11-01,2017-11-01,statements,,-0.790691175359957,0.49925464034130707,0.019001602072181115,0.6824302723073391,3.985628105549193,0.23943581629766122,-0.7453417959893561,0.44050857417185285,1.9207522619348774,-1.374216073546258,1.3703456999472883
2017-11-01,2017-11-01,speech,{'unknown'},-1.095674069578804,-0.21458139903139709,0.33408489780499967,0.5420112727339639,1.491558821791712,-0.08294893946225276,-0.7440315969375224,-0.9010829155633172,-0.5401058773096691,0.7794026141164266,1.3658931568309391
2017-12-13,2017-12-13,statements,,-1.0976624575997422,1.3297910613782593,0.2289641025584765,0.6806209345289168,1.8154475884168446,0.3884347051594699,-0.11465456648572665,1.581217235375348,1.913362232504014,-1.372105436706874,1.3614837646547422
2017-12-13,2017-12-13,press_conferences,,-0.34349751745449625,1.530958885001576,-0.694258423178181,0.6795005839120393,1.1899866145618125,0.1354151402575371,-0.994808244754521,1.347549853679744,-1.0762278923596078,-1.3676598014434727,1.3571168308077848
2017-12-13,2017-12-13,speech,{'unknown'},-0.4320101265756665,-0.44936487772553557,0.5050223765127295,0.5866545860762942,-0.39267382717022614,0.13128359454711755,2.0884518259982494,-0.4953144007317162,1.077928152648436,0.7826173322376089,-0.7714704943581022
2017-12-13,2018-01-31,minutes,,-1.2750320042024788,2.7396167658079826,1.222764781636042,-0.21633191830094137,1.316931471694971,1.1447109602727066,-0.8016908929831477,1.5729838288534834,0.3615570396044728,0.30413451342195924,1.3551400166590613
2018-01-31,2018-01-31,speech,{'unknown'},-0.48482162546196794,-0.6729442977761422,-0.39362429751228517,-0.14139184493083976,-0.3947894237838092,-0.7282855822415317,-1.2114784842745996,-1.271403797543772,1.9037375984875666,0.7813190982691751,-0.7724035302308431
2018-01-31,2018-01-31,statements,,0.16751301000823557,0.6034066643473196,0.28483144151388823,0.6798415319754723,1.9642500031055738,0.7317058664566033,-0.11202491363916134,0.4341111297527583,1.8939539608500886,-1.3700247660192832,1.353185395154394
2018-01-31,2018-03-21,minutes,,1.4333233770510359,1.2632027630991098,2.3969973296588343,-0.025208205803169535,0.4946774465272356,2.5624441166888485,0.18874009241468565,0.6227987379111825,1.0027984054993477,0.30490594061335274,1.34892709669879
2018-03-21,2018-03-21,statements,,0.14509548254584026,1.3880212049383993,-0.35634139041548385,0.6795484106753169,1.8861508677299796,0.550649724806534,-0.11243905368075453,1.5687929427660052,-0.6869110849715346,-1.3677039115691787,1.3447087747604702
2018-03-21,2018-03-21,press_conferences,,0.729286087273357,0.2729561284451777,-0.5072122535694985,0.4141076281401626,-0.40187402916964543,0.14370736433982526,1.1445093498767387,0.22807023752838432,-1.1754117803032176,0.7845966882214571,-0.7779091603229678
2018-03-21,2018-05-02,minutes,,1.2588795509671329,2.8420055132630107,0.9741682045746259,0.2896697774037137,1.315380197247952,2.197586321704788,0.036827797772257954,1.1380395517463935,-0.1502178415024092,-0.07635423436907066,1.3428408070846212
2018-03-21,2018-03-21,speech,{'unknown'},-0.3465727187778074,0.5491612006683813,-0.23165188790828636,0.43957330433300607,0.12236532073468323,0.0017399796929631296,-1.021359606480775,0.08917749433861079,-0.8029497799453469,-0.6499342606140083,1.338693441119081
2018-05-02,2018-05-02,statements,,-0.16612930755756783,1.4283381117952976,-0.14109130879830026,0.677839862092804,1.9446172463499716,0.5785963664950771,-0.11275970641192135,1.5624275550508253,0.2831475644097821,-1.3664563188470733,1.3345842923959332
2018-05-02,2018-06-13,minutes,,1.5599390284866268,3.2391643596905357,0.9055278294783223,0.18094614395123007,1.2269467663732765,2.3718631833022106,0.46940151276870046,1.4214401570045359,0.014495665021538925,0.7884152313760986,1.3305127774664307
2018-05-02,2018-05-02,speech,{'unknown'},0.5820002514229835,0.6933000000832483,1.033083065597583,-2.4050158406750795,-0.4101424246355179,0.49203641129736664,0.6213430140793532,0.06730688824558959,0.6751190628340737,0.6707189638251476,-0.785594243854396
2018-06-13,2018-06-13,speech,{'unknown'},-0.40347343974901595,-0.3876509919488489,0.5784764800636889,-0.5372111725736464,0.5971664580960633,-0.022703361773605272,-1.0238815596761275,-0.33804010367430987,0.4715042065853303,0.7860222385701828,1.3287572245006076
2018-06-13,2018-08-01,minutes,,1.364961009659877,2.3154078882392453,1.3601698701246225,0.6805009349491449,-0.41121265806142,2.3190400662697477,0.6405465093795483,1.2112792204707683,0.25947232256898556,-1.369042067236139,-0.7864516953204679
2018-06-13,2018-06-13,press_conferences,,0.44816308307363883,0.4257773238183367,0.13378325409619785,0.6794174719655574,-0.41068964117803075,0.5522179695229654,-0.261634381447234,0.6059800092609551,0.6038440855308255,-1.3647635054451754,-0.7850664792425328
2018-06-13,2018-06-13,statements,,0.2981211392319165,1.3452836002239867,0.20058310066099563,0.6783391709069463,-0.4101686155973654,0.8280640224775678,2.0963850249659632,1.551810253108562,1.8963697421059216,-1.3605248350482617,-0.7836885620034552
2018-08-01,2018-08-01,speech,{'unknown'},-0.7051626388556651,-0.08821812186152805,0.2581864514608143,-0.0949665113287531,-0.40964956871176955,-0.19974301853941887,-0.558541467629509,-0.24498653116580812,1.3261735044796368,0.791323113091872,-0.7823178797068218
2018-08-01,2018-08-01,statements,,0.3166626433770397,1.3866078860947142,-0.30963801693717846,0.6782008945696308,-0.40913248802508706,0.5255035904602362,2.086950942621798,1.5481979529017764,1.8825433550995287,-1.3585911857162152,-0.780954369236756
2018-08-01,2018-09-26,minutes,,0.40352069341481,1.8911550927727137,1.3705478838790963,0.6771327007936861,-0.40861736115139435,1.790090333890337,0.09856205554252556,1.0271691544077526,0.35137255470465795,-1.354423516690729,-0.7795979682457005
2018-09-26,2018-09-26,speech,{'unknown'},2.1514563049696975,-0.067432593130113,0.01153768350520238,0.6760695416272468,0.18821618294728323,1.042061361303729,0.7335285153042825,-0.762667616190607,-0.5555769299695104,-1.3502939934536093,1.3383037891785028
2018-09-26,2018-09-26,statements,,-0.08385650176662932,0.9108845179470574,-0.3032586666712232,0.6750113776305005,-0.40893424784733945,0.2125616475317923,2.076412243796884,1.5425686926036166,1.8769555177876285,-1.3462020375486292,-0.7804649143709174
2018-09-26,2018-09-26,press_conferences,,0.47128415205199625,-0.2564563585128906,0.3262469440598619,0.56001837077024,-0.4084227522062404,0.43380505555069493,0.6948502161323178,0.27857193211993,0.18654568751751963,0.7987473901444702,-0.7791187211755873
2018-09-26,2018-11-08,minutes,,1.3555668782763302,1.5642239027222777,0.3127932073385175,-0.11996790660585258,-0.4079131717799567,1.2024746522729706,1.0675346238944963,1.3017282112648634,-0.7011032763118517,0.26191552778747756,-0.7777794746755535
2018-11-08,2018-12-19,minutes,,0.39380216466656487,1.7838050161690435,0.6404706741998545,0.6742236972600755,0.13750555956075025,1.3169004027011642,0.41729574470197817,1.0029713072999131,-0.2991673865731951,-1.3462847808037517,1.3409988216819313
2018-11-08,2018-11-08,statements,,-0.09884242212796335,0.8609751889447428,-0.8466227338566124,0.6731792043963635,-0.40812671390221056,-0.15171307754974311,2.0626464456535807,1.531854757529771,-0.2709585575268744,-1.3422551526873392,-0.7786457811950859
2018-11-08,2018-11-08,speech,{'unknown'},2.3016937727886106,0.3434334703257588,0.4953780243543689,-0.006097772029532873,-0.40762085402282044,1.3391701011197663,0.6409015341817925,-0.4532539594786428,-0.136431867556209,0.8019381615229332,-0.7773164923653445
2018-12-19,2019-01-30,minutes,,-0.6628838497301525,1.5647778384216497,0.0495843722205256,-0.6730957321417852,-0.4071168711278724,0.07307260087191533,-1.0382883517638837,0.8210466604162394,-0.8744991169101256,0.8005406995989186,-0.7759939928845888
2018-12-19,2018-12-19,speech,{'unknown'},0.21752499359662902,0.1622838870282732,-0.021546452236921348,-2.008182047107385,-0.40661475363518085,-0.3959969446362868,0.2016310700578055,0.4384317794639089,-0.7354254815939938,0.6920587404952973,-0.7746782251336337
2018-12-19,2018-12-19,statements,,-0.12079635896690041,0.7852368496991139,-0.836683704682041,0.6767682046602211,-0.40611449006239425,-0.17654257370304613,2.0547982063419075,1.5278426018922187,-0.2674331183820565,-1.3448922323426613,-0.7733691321757051
2018-12-19,2018-12-19,press_conferences,,-0.3530209412015805,-0.3044598238915074,-0.5794402003216911,0.9392317607024807,0.18047250661289047,-0.36308010905092475,-0.9580446127691307,-0.36413802089805386,-1.3438482732183485,0.8002855928414265,1.3480726161160275
2019-01-30,2019-01-30,statements,,-0.5138561718068856,0.7559083158653538,-0.8295318218179817,0.6738361237159689,-0.4064109929715121,-0.3435572324106163,-1.2290074391424233,1.5246440377939996,-0.26407876539416053,-1.3431106673843207,-0.7742406183019835
2019-01-30,2019-01-30,press_conferences,,-0.9026093371720518,-0.7150495854115805,-0.6276661214935383,0.6728079371985495,2.428152350490028,-0.6920095678342257,0.033072036764939104,-1.3092642859692558,-1.1706138530328418,-1.3391615453908927,1.3462778097415016
2019-01-30,2019-01-30,speech,{'unknown'},1.2760955257918336,0.5329415330134425,-0.053412318107536695,0.6717844458107749,0.23805798683928903,0.8442490506945997,1.1131797684870994,0.5233581608216452,0.5999299818496983,-1.335247076515989,1.3423156953523734
2019-01-30,2019-03-20,minutes,,-0.45554662261296414,0.8358834261052414,-0.08436528166567403,-0.09084322468510636,5.073281860343902,0.29448870383257764,-1.1623033991456606,0.6085406325601589,-0.9544200946438903,0.3779904276784286,1.3383883801454721
2019-03-20,2019-05-01,minutes,,-1.7324140686530334,2.742008562675425,-0.4836494328539549,0.7890534659832977,2.1234103848176553,0.1919546970542146,-0.3954548965272481,1.0284761944701457,-1.2610165207749626,0.8052631518948832,1.3344953576110181
2019-03-20,2019-03-20,speech,{'unknown'},-0.8306381057969192,-0.3622769676068594,-0.5764941387036826,0.538125107107673,1.2911937935616882,-0.6135008378216834,-0.5710737251687639,-0.6286508324885786,-1.3345202428087657,0.8038817039257599,1.3306361315009667
2019-03-20,2019-03-20,press_conferences,,-0.4271019565541157,-0.3144475373616234,-0.47136684982905813,0.27633617421736195,0.14745958878060778,-0.4978738766443242,-1.0700391190142287,-0.1785051040561211,-1.0617330337160271,0.8025073460473572,1.3268102155632493
2019-03-20,2019-03-20,statements,,-1.6362065995112118,0.7100204477200666,-0.3292176284196773,0.6697210727432695,-0.41600017713771215,-0.5067362362342809,0.7436709151644341,1.5226783419157326,1.898517304073357,-1.3398508771216515,-0.7858376615668563
2019-05-01,2019-05-01,press_conferences,,-1.0918295757739849,-0.3999639639358758,-0.24406775001607695,0.11428721272633942,0.774779503897578,-0.6613629841138549,-0.5697877384806181,-0.10033057013182704,0.05055866577414159,0.8032548015042764,1.3251717401046161
2019-05-01,2019-05-01,speech,{'unknown'},0.25921395074652426,0.5869225261005475,0.2426204205531975,-0.8496169712696219,-0.41726963935450684,0.21383482482929292,-0.07656502685358405,-0.0625644064680945,-0.0742967659646441,0.8018908548218457,-0.7866484723409433
2019-05-01,2019-06-19,minutes,,-1.5628679935668899,1.5229331055699395,0.49153378513651685,0.4379681464025573,1.0847369425496904,0.33366120553423934,-0.4442423461845401,0.8331714898642524,-0.5162854078566579,-0.26987457783559066,1.3235498911172707
2019-05-01,2019-05-01,statements,,-1.6679712688514206,0.761433858753566,-0.3210941313073493,0.6707695978407608,-0.41892190344257446,-0.5010101553126907,0.7466305890109922,1.5196861542746538,1.895949817564089,-1.3410103112723268,-0.7874530772251772
2019-06-19,2019-06-19,speech,{'unknown'},0.006133048180442677,0.3310453847784154,-0.38575788128476696,-0.6366774410090319,-0.4184169246101746,-0.3168655142727502,-0.9052375536597989,-0.5097917707237635,-1.1824320241120105,0.8039527205531672,-0.786144494578319
2019-06-19,2019-07-31,minutes,,-2.8449060451137607,1.201505835810461,-2.426647876001606,0.6714873433800373,-0.41791376815530273,-2.1750194397783993,0.20971910050382206,0.5713279453397332,-0.25622118811358535,-1.3392996581173944,-0.7848424182865247
2019-06-19,2019-06-19,statements,,-1.2783480730088748,0.795903588085993,-0.3070746470699562,0.6704921223858267,-0.4174124231401223,-0.3240756552847348,0.4182959749255182,1.516612238416461,-0.2559423914819509,-1.3354801926622277,-0.783546794592523
2019-06-19,2019-06-19,press_conferences,,0.24159858673262238,0.19447653433509948,-0.14452990573609364,0.6695013159740394,-0.99206974003116,0.1827320516648699,-0.04381161181921995,0.9961666700688996,-0.33831949142720347,-1.3316932396709276,1.328330306840748
2019-07-31,2019-07-31,statements,,-1.6002025725646556,0.700407655346811,-0.32301835225762715,0.6685148915921728,-0.4148999069845574,-0.5005900291384279,0.7483659012424028,1.5095023900646394,-0.2552062338661601,-1.3279383404197267,-0.7843541943844635
2019-07-31,2019-07-31,speech,{'unknown'},0.4909039431302954,0.9485585491068935,-0.8339449916265852,-1.0469829897597485,-0.4144062676668002,-0.2979801663285304,-0.4204963979432906,-0.09784517830626031,-0.9836467562706703,0.2771339388582823,-0.783067874799152
2019-07-31,2019-07-31,press_conferences,,-1.26332595460033,-0.9371509625191602,-1.2434953657336605,0.538648561942624,-0.4139143867230153,-1.5090219678958978,0.8312804006089023,0.08938168000950478,0.22552289849387006,0.811116277463838,-0.7817878671298044
2019-07-31,2019-09-18,minutes,,-1.7520226385304571,1.5067840174514011,-0.8765933789947057,0.8935249650106656,-0.4134242537359861,-0.5956574234059226,-0.5305520307676116,0.5147641323435234,-1.0825589698150595,-0.25918511750177453,-0.7805141199064433
2019-09-18,2019-09-18,press_conferences,,-0.6916233051480702,0.01664393410737401,-0.806781061182517,0.7900908768320355,0.11498496401328444,-0.5895974757273353,-0.47267924080158774,0.9398977123869344,-0.7302606845054623,0.8110462589792277,1.3330403200374035
2019-09-18,2019-09-18,statements,,-1.612391945002692,0.7304821875237578,0.19628974923164233,0.6659773230708136,-0.4135801340074217,-0.17137711569394082,0.7503719769299131,1.5059036527876426,1.905765357328152,-1.3309555733824485,-0.7813240110644895
2019-09-18,2019-09-18,speech,{'unknown'},-0.16216111848743892,-0.5819458335246895,-0.48184537960048945,-0.2556909328538526,-0.41309346461160273,-0.650577452441831,-0.7905864121117155,-0.7673047699434049,-1.0057766068801837,0.8117419732040206,-0.7800592661151934
2019-09-18,2019-10-30,minutes,,-3.01471741797014,1.617297370743713,-0.3449597234153944,0.556438191946242,-0.4126085097758314,-0.8418999187197201,0.24831627679112492,0.3212479144326821,-1.1783216069032838,-0.9013926452968472,-0.7788006470040821
2019-10-30,2019-10-30,speech,{'unknown'},-0.13053910786112904,-0.3169811542242328,0.39758926154292834,0.11222135715926664,-0.11446863854416951,0.1133024726348485,-0.6069910124908815,-0.38887440497548587,0.142034041728994,0.8123518300104352,1.3355947318623087
2019-10-30,2019-10-30,statements,,-1.5689478297641715,0.7002705443191953,-0.06575343301597486,0.6659327758833788,-0.41230425203925697,-0.3348618764182498,0.7529667196574796,1.505898854020059,1.902129971351442,-1.329864055835891,-0.7796100256060979
2019-10-30,2019-12-11,minutes,,-2.250319423691164,1.1243638012196904,-1.1285284388270822,0.5633043906241051,0.02587432333088953,-1.1579143144948862,0.47701157235110114,0.6663197898016984,-0.8746986461528398,-0.6131178871688293,1.3339636918181974
2019-10-30,2019-10-30,press_conferences,,-0.5994474686786841,0.8429454157362336,-0.3043708411058246,0.7941051303845169,-0.41228632304550467,0.002743305239451533,-1.0049207892577037,1.1850067109669726,-0.8888245793211459,0.8147668736608997,-0.7804134082148276
2019-12-11,2020-01-29,minutes,,-2.1957107185436087,2.1980213694388295,-0.758558178202124,0.6629714620157651,-0.41180739447562736,-0.5537611483035517,-0.031972675154996,0.7054526988868547,-1.157264306661441,-1.3278673612716887,-0.7791662949118628
2019-12-11,2019-12-11,press_conferences,,0.9790690446179579,-0.007808496386214751,-0.7047213842927379,0.7835587829271069,-0.4113301316088302,0.1443459677267727,0.2046975021761272,-0.08075099295177823,-0.8597946664595381,0.8154395881463378,-0.7779251449878706
2019-12-11,2019-12-11,statements,,-1.6056283188679954,0.7689048174440625,-0.0323077864381434,0.6607278354845684,-0.41085452480939116,-0.3146396270042494,0.7545368688045532,1.4985375231270186,1.901611085277978,-1.326290413609378,-0.776689911052205
2019-12-11,2019-12-11,speech,{'unknown'},0.2121474059327546,0.8846734162814944,-0.5254827452961008,-0.02747819408361836,-0.4103805645194624,0.019792744922604872,-1.0058177631979006,-0.05485193421653638,-1.2945117967227047,0.8161074045371102,-0.775460546239899
2020-01-29,2020-01-29,press_conferences,,-0.8528391052891992,-0.12193112519265333,-0.13658265645427017,0.5421566051900699,0.6106406171896384,-0.32189210906198407,-0.2438486685199727,0.18368244305890943,-0.24540015307892712,-0.8968295121785461,1.3406049294586166
2020-01-29,2020-01-29,speech,{'unknown'},-0.3830283029346804,-0.5382159004423623,-0.14961870047492912,0.3782719935397818,-0.006626293933599358,-0.3421641152681404,-1.04761386487704,-0.40001212422278204,-0.30633443517815034,0.8166920284399563,1.3369199111807588
2020-01-29,2020-01-29,statements,,-1.6032625032998804,0.7713365348360843,-0.029841596066061148,0.6597039284275296,-0.4117575158378067,-0.3133143161448758,0.7585136369951611,1.4984143676581627,1.8988026882675935,-1.3252615355668311,-0.7782949616811762
2020-01-29,2020-03-03,minutes,,-1.0754177106003902,1.0795677728505841,-0.5200701215972962,0.3574607645725831,-0.4112859350334714,-0.3708574222442043,-0.5999871369519734,0.4460541067193086,-1.2816653452387903,-0.40495614428873933,-0.7770708069072974
2020-03-03,2020-03-03,statements,,-0.43132038126121236,-0.7557376746697182,-0.17750730946072177,0.6586406244909767,-0.4108159713322664,-0.4064262162167557,-1.243155926820758,-1.3517716239833566,1.8915835774530991,-1.3219777756124766,-0.7758524138445325
2020-03-03,2020-03-03,press_conferences,,-0.43082137249852304,-0.3938134656471332,-0.18246440648932474,0.6577192429646026,-0.41034761551078197,-0.2901609792680476,-1.2400699053997783,0.073674091714976,-0.24826124483502893,-1.3184360628874816,-0.7746397374215687
2020-03-03,2020-03-03,speech,{'unknown'},-0.43032409228676305,-0.09921985819858743,-0.6530569510550789,0.5000263286279399,-0.40988085841910676,-0.5293733449770476,-1.2370067669047173,1.0588267108010365,-1.1013546321123018,0.8227785828254364,-0.7734327330592419
2020-03-15,2020-03-15,press_conferences,,-0.5091205252705752,-0.33988126892510706,-0.6671322783821574,-0.43595259373890777,-0.4094156909800764,-0.8863930853638459,-0.8637778539858173,1.4944711584821604,-0.9567905363070892,0.8214375708647196,-0.7722313566636502
2020-03-15,2020-04-29,minutes,,-1.0977633650674474,0.7328136195429914,-1.1061581162901442,-0.37855168579953713,-0.40895210418853173,-1.0491141018071994,-0.19118167608460718,0.7482730150622169,-0.9187354085417986,-0.03551969144993428,-0.7710355646193815
2020-03-15,2020-03-15,statements,,-0.9254252191982854,0.5490820997247451,-0.04435065100033702,1.0885993283583222,-0.4084900891105853,0.002381993745149658,-0.12149731047007253,1.4889768583663947,0.06254676505767265,0.8209683745949108,-0.7698453137828581
2020-04-29,2020-04-29,speech,{'unknown'},-0.6156315427232806,-1.506931074059291,-0.8164475791370329,0.3285889077992339,-0.40802963688289856,-1.2194705021773498,2.1045112224218485,1.484353498566111,-0.6696869261994349,0.8196404307643672,-0.7686605614757938
2020-04-29,2020-06-10,minutes,,-0.7091621067819064,-0.6613008867176606,-3.184841439780108,-1.307565240273865,0.12273567159281172,-2.8537293395017675,-0.8183289377481273,-1.0420693993469201,0.7505922844594242,0.8183189141073515,1.3515579170275949
2020-04-29,2020-04-29,statements,,-1.3774519266140905,-0.337456296368257,-1.6214493456291597,0.6587373791858753,-0.40819549541988215,-1.58505426146125,2.095782292243287,1.4816609376673644,1.8945787059462167,-1.326178785839519,-0.7694742540197809
2020-04-29,2020-04-29,press_conferences,,-0.7208678501767026,-1.2462546925521925,-1.608915348250949,0.3985521729688524,-0.4077381212463233,-1.6573080280277348,0.9789292450069763,-0.2666322619274826,0.5031662054634614,0.8189583653162656,-0.7682973209218762
2020-06-10,2020-06-10,speech,{'unknown'},-0.2131499765097449,-0.8854886028701193,-0.952921306553163,0.6575972459965551,-0.40728228154566115,-0.8427693647657052,-0.40551267045299166,-0.9520158990231237,-0.5138697551419924,-1.3246593140028113,-0.767125775028152
2020-06-10,2020-07-29,minutes,,-1.0898777533582988,0.21629001670789091,-1.8932648471031752,-0.15308863193361436,-0.40682796775467456,-1.652819267925685,-0.3613646480728022,0.0010559406044561121,-0.2917681524714767,0.3438682768823583,-0.7659595753518027
2020-06-10,2020-06-10,statements,,-1.368098263709572,-0.33505735170562173,-1.1700052601102149,0.6576039513245957,-0.4063751713769102,-1.2933253171750658,2.088055923995991,1.482328998031556,0.6088733534544521,-1.3229449330888718,-0.7647986813413442
2020-06-10,2020-06-10,press_conferences,,-0.34703123484581616,-0.662808002126561,-1.0214994497770973,0.65670592411386,-0.4059238839820146,-0.870655918909867,-0.9344704823885356,-1.2446252980877315,-0.1783226485398868,-1.3194784584347505,-0.7636430528746867
2020-07-29,2020-07-29,speech,{'unknown'},-0.8543261197878799,-0.2677056733822001,-0.4256887526301939,-0.7407278341589009,-0.4054740972050743,-0.9261170124881459,-0.3303519073256751,-0.7881038654008627,-1.198498696023782,0.8235006722206191,-0.762492650253306
2020-07-29,2020-09-16,minutes,,-1.264623932588422,0.9287190889836433,-0.9072867487447214,-0.3248691530678475,-0.40502580274596395,-0.9140882326303791,0.09207137189482813,0.9659180999872775,-1.057844177695035,0.8221881476910629,-0.7613474341965115
2020-07-29,2020-07-29,statements,,-1.3382406097381607,-0.3449101016232083,-1.1490065466321555,0.658679979593504,-0.40457899236870287,-1.2698111324116659,2.0836455507693112,1.4797139030202902,0.6129456807165149,-1.3199787193296324,-0.7602073658358077
2020-07-29,2020-07-29,press_conferences,,-0.47402479114036333,-0.4849580152405284,-0.5658611278551643,0.6577864080112252,-0.4041336579008188,-0.5781480359891538,2.0731530813186785,-0.5846938974985233,-1.1747745057455405,-1.3165559401007227,-0.7590724067093496
2020-09-16,2020-09-16,speech,{'unknown'},0.28891652120577654,-0.5553061112921216,-1.1556075222230877,-0.11692163418168344,-0.4036897912327192,-0.8390141799382261,-0.9280288081094618,-1.2175288515771867,-0.4762793441197552,0.4360178098094663,-0.7579425187564882
2020-09-16,2020-11-05,minutes,,-0.6756321704173429,1.459015633803121,0.34321724245826535,-0.39037266082785266,-0.40324738431707086,0.2830987826838586,-0.9899402267981279,1.26906199802854,-0.6825790887880285,0.8245329335612968,-0.7568176643124055
2020-09-16,2020-09-16,press_conferences,,-0.27645826114452526,0.5201667444057579,-0.2569580273077801,0.4349878459365793,-0.40280642916818665,-0.027351521565151336,-0.9025606300294128,0.4908754413994015,-0.6224753406050433,0.8232298082068853,-0.7556978061028367
2020-09-16,2020-09-16,statements,,-0.686337640564845,0.35173012633964756,-0.7075113855149873,0.6586786907864525,-0.4023669178614193,-0.4867004829543753,-0.8643580806953561,1.475805029836535,-0.6676009036556901,-1.3188912968479087,-0.7545829072388789
2020-11-05,2020-12-16,minutes,,-0.12663772165473478,-0.39049968339162733,-0.798035041567265,-0.18474853551812565,-0.40192884253256284,-0.7540146437187999,-0.9546260797903691,-0.9814229083383571,-1.0747361511627183,0.8238374747557364,-0.7534729312118824
2020-11-05,2020-11-05,speech,{'unknown'},-0.28381566229413074,-0.12089018498790709,0.2162974222586233,-0.8761347514667011,-0.401492195377261,-0.2615990048604672,-1.102642804161702,-0.8852772375197707,-0.7684842484142923,0.8225436405359647,-0.7523678418884265
2020-11-05,2020-11-05,press_conferences,,-0.551380656094088,-0.6591507044521709,-0.31873548797660073,0.660518899770366,-0.4010569686504231,-0.5108460350143263,-0.12561227924741364,-0.7894402002804228,-0.8472934859403444,-1.3193870221763082,-0.7512676035053744
2020-11-05,2020-11-05,statements,,-1.3194929879399218,0.04675460193548528,-1.33925318856659,0.6596347015098695,-0.4006231546656461,-1.2548522048588568,0.18910308640414056,1.4772551468180177,1.9130910479408179,-1.3160186803950225,-0.7501721806650081
2020-12-16,2020-12-16,statements,,-1.0022418621380356,0.4304756351245864,-1.323896937787251,0.6587540464989508,-0.40019074579464436,-0.9861160982980912,-0.401478814591635,1.4728862678333496,1.904820058782441,-1.3126760200386411,-0.7490815383302424
2020-12-16,2020-12-16,speech,{'unknown'},-0.21103706386440596,-0.32399773844105695,-0.25773553468503235,-0.3205199686613459,-0.39975973446668567,-0.45953444344661903,-0.7870756038073238,-0.1936231537942347,-0.7493999555112362,0.8269261106297092,-0.7479956418199131
2020-12-16,2020-12-16,press_conferences,,0.2717986617302522,-0.31564900959119163,-0.5560009618074933,0.6590214662134679,-0.39933011316803363,-0.1990943341324872,0.27731770019051744,0.2132373644034336,-1.2022385585845423,-1.3112798377677228,-0.7469144568041423
2020-12-16,2021-01-27,minutes,,0.19889068913304697,0.4247395822784083,-0.762006748975989,0.1390410946209775,-0.39890187444139796,-0.24862936876686872,-0.6526480953308675,-0.4160229133156739,-1.1051228718487482,0.8275141971497183,-0.7458379492997758
2021-01-27,2021-01-27,press_conferences,,0.4468771162089991,-0.2938348939243135,-0.22388215686342902,0.5360302708207798,-0.39847501088538956,0.06262202301999137,0.014734561140109487,0.21396415317668638,-0.5615092703809283,0.8262267511766614,-0.7447660856658934
2021-01-27,2021-01-27,speech,{'unknown'},1.0482146545250588,-0.011971765678265914,-1.0179258648794534,0.33002565664654615,-0.39804951515398324,-0.14340754509234968,-0.12351523740156986,-0.14629485214285998,-0.33897898379877844,0.824945299137875,-0.7436988325993904
2021-01-27,2021-03-17,minutes,,0.38299628353181164,-0.28100617889382723,-0.5477849311213279,-0.7072239140477726,-0.397625379955986,-0.4714528857858159,-0.4729459671927342,-0.7948384707160163,-1.2611717750564369,0.823669794653476,-0.7426361571306274
2021-01-27,2021-01-27,statements,,-1.0041212236036392,0.03036102575269544,-1.3130173326461851,0.6594705968474629,-0.39720259805451213,-1.1117404189111795,-0.3995403520585746,0.05803622168174792,1.9076352659691536,-1.3156202051003147,-0.7415780266191494
2021-03-17,2021-03-17,press_conferences,,0.2711676871480823,0.30619804546065416,-0.5942693483672693,0.4246380530960918,-0.3967811622664642,-0.08042263807846245,-0.19126352825424855,-0.2261720716982913,-1.0982553906337118,0.824263071084437,-0.7405244087494723
2021-03-17,2021-04-28,minutes,,-0.18542219134520954,1.9236596679438054,-0.40509012339998146,0.15338505493209462,-0.39636106546201944,0.30152950458463484,-1.042853045825955,0.8484553686355663,-1.2094479205840163,0.8229964665854074,-0.7394752715269334
2021-03-17,2021-03-17,statements,,-0.7054314437942387,0.8233616486709755,-1.313800886316437,0.6586297526800499,-0.39594230056412355,-0.7281532457607485,-0.75378633128744,1.479291451742097,1.9026100010976559,-1.316121553082626,-0.7384305832736078
2021-03-17,2021-03-17,speech,{'unknown'},0.09393051366001462,1.7850781530120603,-0.7724575510321231,-1.8490815943995806,-0.3955248605479892,-0.3480255525546217,-0.7266449912179965,-0.5883930960856337,-0.9710924269923545,0.8235887314679894,-0.7373903126242887
2021-04-28,2021-04-28,speech,{'unknown'},1.067773021110719,0.12823309595025495,-0.4280650228388805,-0.3401705298197425,-0.39510873844060046,0.11886376346637618,-0.16769012329226138,-0.24631266672389893,-1.2078832308915646,0.8223309058915284,-0.7363544285225282
2021-04-28,2021-04-28,statements,,-0.10154581565585866,0.8242352061600154,-0.49814671552183004,0.6608372823673924,-0.39469392732022357,0.04885972843268054,-0.7520706728221154,1.4786635448950507,-1.2890533869132763,-1.3166178358423017,-0.73532290021674
2021-04-28,2021-04-28,press_conferences,,0.3516253087727305,0.40309951175726,0.19524880591287916,0.6599764674045684,-0.3942804203159227,0.5461237827403731,-0.41217420334103894,0.3914377256269392,0.7912574622894292,-1.3133566261378278,-0.734295697256363
2021-04-28,2021-06-16,minutes,,-0.260200635055346,1.0460836026522826,0.9220609186418002,-0.3509737827464017,-0.39386821060708155,0.7071441792198051,-1.0885823402273673,0.09078974217036677,-0.08784604192605197,0.3977852054834048,-0.7332727894880818
2021-06-16,2021-06-16,press_conferences,,0.9986856671488029,1.242104696628083,0.03844347586767017,0.6602784288318599,0.11111601729574962,1.0246356048565994,0.04875724855706086,0.7411413652277421,-0.09294304905687008,-1.3118398268382894,1.4146848160573693
2021-06-16,2021-07-28,minutes,,1.4765229424964739,1.509204744185159,0.6241899645438681,0.1760360277382837,1.1867537175748424,1.6293700233070199,-0.08505354151394698,0.5513531970543959,-0.37784578400851504,0.8265030095768787,1.4108590734680055
2021-06-16,2021-06-16,speech,{'unknown'},1.9814638382419518,0.6809055552437329,1.2729829350582693,0.015857330412112302,-0.08447503926417364,1.8736102870289164,0.10053817298594528,-0.5477306200303694,-0.1543611440639718,0.8252507910037926,1.4070642183265452
2021-06-16,2021-06-16,statements,,-0.10878840744414922,0.8170723698142038,-0.09463971373751387,0.6602498891450775,-0.3962057713115678,0.2988161421364101,-0.7508640699321968,1.4770998573843979,1.9061618942866618,-1.3123512202379541,-0.7379144897816794
2021-07-28,2021-09-22,minutes,,1.3797633988809201,2.0947164736331976,0.5248510079384145,0.1972417224365067,0.6107606170599711,1.6850790777431417,-0.08391828681436411,0.8102718145997767,-0.3386136153306173,0.8258264349660944,1.4052015719947928
2021-07-28,2021-07-28,speech,{'unknown'},-0.10621289091010581,-0.4775961135876263,-0.036921741116114126,0.6596154415573638,-0.397113075516052,-0.08515507617672864,1.004752677300836,1.4718919400640837,1.90037872815506,-1.311004427020164,-0.738766827533969
2021-07-28,2021-07-28,press_conferences,,1.8850602670203536,0.9527992446341093,0.10564744469364018,0.6587694560100842,-0.3967023010210513,1.3196983089668906,0.8554381435149924,0.9725707161761816,0.1354740154577722,-1.3078207614826156,-0.7377462182623145
2021-07-28,2021-07-28,statements,,-0.11838121045147278,0.7868972239373997,-0.10166485059704407,0.6579267188050992,-0.39629279896577,0.28004980130312096,-0.7538311390219731,1.466067084900732,1.8939884820115118,-1.3046601904123791,-0.7367298295539166
2021-09-22,2021-09-22,press_conferences,,1.0784303328285854,0.8040592369600541,0.12022774748091354,0.6570872092010251,-0.3958845627929125,0.9366026335404546,1.5845270856868099,0.17738972109022974,1.8862708809205464,-1.3015224359018385,-0.7357176323905895
2021-09-22,2021-09-22,speech,{'unknown'},2.3876010025753946,0.7307062516135476,-0.059834584351229105,0.6562509066414567,-0.3954775859924031,1.3581999557668252,0.4249469924426484,-0.255953421637212,-0.6802263301891632,-1.2984072247029244,-0.7347095980327476
2021-09-22,2021-09-22,statements,,-0.12914444417432094,0.7559710209311445,-0.10900561387715389,0.655417790752851,-0.3950718621009509,0.25979601649240597,-0.7558917077878545,1.464579981619115,1.8807557409347777,-1.2953142881271476,-0.7337056980159752
2021-09-22,2021-11-03,minutes,,2.320227547936959,2.727930266761177,-0.45897267353908916,0.5279004105202059,0.15781773053933668,1.7310002131298161,0.6394482007502365,0.5289711889119961,-1.243919756093481,0.8354173256092801,1.4127888575791858
2021-11-03,2021-12-15,minutes,,2.1763925483297495,2.044116844693492,-0.15166981577625377,0.5230279935181191,0.17632495723509015,1.6444630460065477,0.4177585735127565,0.7302009927736104,-0.995888737922218,0.8341630430086554,1.409049178188421
2021-11-03,2021-11-03,speech,{'unknown'},2.9734201404497673,0.7518735437695611,0.378558459128782,-0.7303391453230147,0.20784904603421273,1.5962431683787321,0.6965602290857559,-0.09437539859655981,-0.3311361520633466,0.8329143961850273,1.4053390548827704
2021-11-03,2021-11-03,press_conferences,,0.8656346160325843,-0.15994532062264424,0.05743115124727212,0.6551273959902197,0.13383410458784745,0.5244766150135299,0.5838323251838338,-0.3399052016260475,0.1722863560783174,-1.2977155846488846,1.4016581003402884
2021-11-03,2021-11-03,statements,,-0.4308336828335917,0.6011347210527064,0.40105940403624457,0.65430387098116,-0.3972215563142155,0.3969294444907231,-1.2406513344017815,1.4630018256501975,1.879656241233065,-1.2946535152599932,-0.7400961857166932
2021-12-15,2021-12-15,speech,{'unknown'},0.0327803500354739,-0.6710822816246057,-0.25376363109207223,-1.6594256679841013,-0.3968178531089464,-0.7881486745592908,0.05366628589774975,0.03335983754160294,-0.8554700679362994,0.8352361232796109,-0.7390904169059088
2021-12-15,2021-12-15,statements,,-0.14549507030721354,1.0971632367422735,0.0826343510123098,0.6553882995803307,1.8257305568772824,0.6075715052771175,-0.11873898079439876,1.4601953516990618,1.8741375860737544,-1.2934234736737122,1.4017220736988245
2021-12-15,2021-12-15,press_conferences,,1.9146046010864652,1.9647396549085998,0.48216852753044476,0.6545685753123508,0.10715755694396395,1.9357983638013807,1.2829887419945298,0.5058943958890226,1.024648260445761,-1.2904000970661926,1.398088680805396
2021-12-15,2022-01-26,minutes,,2.6738383878387557,3.498307954572747,0.591479084080089,0.5306025525426288,1.2143728180882398,2.863159644872504,1.1599535801821603,1.1333076307180319,-0.2088738284048754,0.837537867359637,1.394483411095477
2022-01-26,2022-03-16,minutes,,1.0658858035930634,2.0207102707149796,0.6169087571850899,0.23877030656092788,0.9550549974193071,1.6143639354654202,0.3173338495493118,1.0559635613390792,0.0077448657109375684,0.836295353178635,1.3909059035942226
2022-01-26,2022-01-26,statements,,-0.12613231090221558,1.2494539011640866,0.13836734488734403,0.6533584908957324,2.0344903805970724,0.7101549122185195,-0.12344594163828278,1.4519433043392667,1.8684295184160948,-1.2909943721281243,1.3873558037803106
2022-01-26,2022-01-26,press_conferences,,0.862423047453677,1.2675664522873378,-0.13270627697717044,0.529714213337903,-0.40541536083867113,0.8114787041023426,0.008683412504069652,1.448025731914085,-0.14743091750442913,0.8368198579681373,-0.7471996873259609
2022-01-26,2022-01-26,speech,{'unknown'},1.2585615484183594,-0.10381324976612848,-1.0358253284771748,-0.3008129309545301,-0.4050060167066603,-0.22410760921060047,1.7484593728069613,-0.3074544876332098,0.004738989964931642,0.8355857422311633,-0.7461897468428279
2022-03-16,2022-03-16,press_conferences,,0.6765744257363712,2.227309087222666,-0.3672582411062037,0.778698818314073,-0.40459791035304143,0.9628279833567688,-0.3794294582202569,1.2830335761195668,-1.0658263857894292,0.8343570735869331,-0.7451838926960301
2022-03-16,2022-05-04,minutes,,3.7740620274784367,1.8165419827545373,-0.06318119950816904,0.3949406101242088,-0.4041910355509172,2.2622593294614504,1.2661325892753128,1.4427857493469296,-0.8435510006612819,-0.23011731106369318,-0.7441820973950712
2022-03-16,2022-03-16,statements,,0.9223306113168824,1.0013437292577632,-0.5141159591413689,0.6517442393764787,-0.40378538611716625,0.5493828630320157,2.1149914025365106,1.4389526116771878,-1.294049464570184,-1.2940316596712345,-0.7431843337077191
2022-03-16,2022-03-16,speech,{'unknown'},2.0377460922622954,2.1931644794289045,-0.31219286631237664,0.005077661470827528,-0.40338095591204837,1.3975148019029733,0.6143000346209927,1.1194025852213734,-0.8696860346876973,0.8359614017423388,-0.7421905746568951
2022-05-04,2022-05-04,press_conferences,,0.20890861341069603,0.44625639021884067,-0.7212581129426503,0.651497511400111,-0.40297773883881477,-0.06981069794038522,-0.5141895232502026,-0.040255468451648874,-0.9179575640341537,-1.2928278585493165,-0.7412007935176078
2022-05-04,2022-05-04,statements,,1.1869068145020492,-0.3753898556672359,-0.9779840233584617,0.6507008874114604,-0.4025757288433201,-0.07249567828249381,2.1073474998752832,-0.4614883397233597,0.29229450536739143,-1.2898646219513994,-0.7402149638139321
2022-05-04,2022-06-15,minutes,,3.1955183734412667,0.8986157695877062,-0.7270504151486438,0.3722020047318657,-0.4021749199136421,1.3132489252819712,1.3414945585375104,0.3820967270429801,-1.098204097724334,0.8382170985374391,-0.739233059316033
2022-05-04,2022-05-04,speech,{'unknown'},3.0317716311914165,1.1671930773977763,1.204011189716219,0.53078953116941,-0.4017753060797026,2.5610985850854484,0.898834197036525,0.4600680002872497,-0.19396393203293863,0.8369961649598393,-0.7382550540372314
2022-06-15,2022-06-15,speech,{'unknown'},0.41672639172022996,-0.6546512407861661,0.32775637942797875,0.43345479181418295,0.06802106921254554,0.27486661731661005,-0.4030844631375151,-1.3073949822105473,0.4703161241712602,0.8357805539978068,1.4020324178332648
2022-06-15,2022-06-15,statements,,0.8528565517722779,-0.8096100114519634,-0.5125079381759285,0.6489536173501307,-0.4018349661766432,-0.07096012222971919,2.094826752590409,-1.4098497856453132,-1.2902465627470234,-1.2922105631626457,-0.7390658273964696
2022-06-15,2022-07-27,minutes,,3.0219123029837154,0.06564313419708005,0.22155811290974245,0.5134912027425229,-0.40143782224546365,1.5896610260730903,0.6541154536031515,-0.45780570924074987,-0.6540529349388621,0.8362958228159786,-0.7380931922335887
2022-06-15,2022-06-15,press_conferences,,0.335734604857206,0.44286481859876947,-0.7057338654469653,0.647702011847648,-0.4010418538310995,-0.003711130710639705,-0.7282731469845253,-0.07769477994109218,-0.9348497281990542,-1.2910298859838525,-0.737124389032284
2022-07-27,2022-07-27,statements,,0.9471240767911919,-0.8105739280900602,-0.7679350295819662,0.6469221442961596,-0.40064705514459964,-0.1824086045299037,2.0872284577279108,-1.407494756717019,1.882844091343085,-1.288110967538908,-0.7361593926892303
2022-07-27,2022-07-27,press_conferences,,-0.7893302842358316,0.9611387497792584,-0.6538851262043657,0.15520996949944674,-0.40025342043685336,-0.4179658977298433,-0.9282842308351476,0.17791732812056302,-0.9587683600164405,0.8385239738178432,-0.7351981783307718
2022-07-27,2022-07-27,speech,{'unknown'},1.894122462461428,1.0055662318463976,-0.30557989295616794,0.22633117686124743,0.9719259008122402,1.0921388893901418,0.41299972207407504,0.14897747297043482,-1.0551749497129668,0.12922588383999953,1.4074792658842383
2022-07-27,2022-09-21,minutes,,2.6846811033868017,-0.15032208992532814,-1.1229061847842763,-0.01051603270145529,-0.401522058885476,0.43699992282047717,0.3587924499627082,-0.8364050564954372,-0.7697252393511808,0.8377956656808189,-0.7360097059121274
2022-09-21,2022-09-21,statements,,0.9304346101491451,-0.8132265187742254,-1.5321528008902479,0.6471187002426603,-0.40112932049907846,-0.6534131624308113,2.081299528880301,-1.4057629857978196,1.880919927383606,-1.2899850888167101,-0.7350536817681901
2022-09-21,2022-11-02,minutes,,2.214626712700376,0.8651125743284518,-1.9924896466619184,0.5093225162739586,-0.4007377326098143,0.15846857821916338,0.227173666900109,-0.22035651291417913,-0.14913410036079922,0.8382987759044224,-0.7341013752915418
2022-09-21,2022-09-21,press_conferences,,-0.3188142599291622,-0.7114540974230561,-0.0054987170311262806,0.6458935035877251,-0.40034728961023097,-0.24963635397220663,-1.1539865236979256,-1.2671563339141179,-0.36582984507219907,-1.2888286815617034,-0.7331527624427202
2022-09-21,2022-09-21,speech,{'unknown'},2.359500750759477,0.790437637734178,0.2438238744008564,0.44259455161004646,-0.39995798593107107,1.5534717864068435,0.3062568090366213,1.0124583826560578,-0.2652550107536821,0.8387987639617294,-0.7322078193993615
2022-11-02,2022-11-02,statements,,1.4130994470338867,-0.8144427057763957,-0.9641385297246853,0.644820156226014,-0.3995698160409383,-0.08928355431565428,2.0756976658619,-1.4018334986355017,-0.22927645644801808,-1.2876815868562685,-0.731266522553686
2022-11-02,2022-12-14,minutes,,2.9301355424528577,0.2573486193119946,-1.5459822701814792,0.23808451021543947,-0.39918277444596745,0.4965655589424043,0.8987000087948828,-0.035830435285023124,-0.49287446777609334,0.8392956588853597,-0.7303288485100196
2022-11-02,2022-11-02,press_conferences,,0.5975788695011081,0.2726203430101256,-0.54940849685695,0.6441682955945792,-0.3987968556894974,0.15531372812134223,-0.4138107920119752,0.25128832508898113,-1.1669453780257224,-1.2865436913333348,-0.7293947740823489
2022-11-02,2022-11-02,speech,{'unknown'},1.6415329740622704,0.4306154379406723,-0.39550305219620996,-0.4823754074551506,-0.02136304173964546,0.5304563625360604,0.20207092496468645,0.6372602662632731,-1.1775393209867895,0.8397894893491524,1.418169880311814
2022-12-14,2022-12-14,statements,,1.3909283456658057,-0.8167327543974888,-0.9585524190966835,0.6446244936301019,-0.39870875286589563,-0.09136413368044058,2.068793956620947,-1.4027430627547182,-0.22435281332250065,-1.2854148834770744,-0.7302109256761856
2022-12-14,2023-02-01,minutes,,1.0984009807507218,0.17959959190926597,-1.4012556553125521,0.5055162249898152,-0.39832533667330905,-0.20110058941411194,-0.43044796008988273,-0.4483993524513955,-0.5424181681175406,0.8402802836736714,-0.7292817570524446
2022-12-14,2022-12-14,speech,{'unknown'},2.060672698571115,0.7608707109095502,-0.9336131451524017,-0.4006211805355098,-0.3979430247748909,0.50177439942933,0.051600894359406714,0.3132653370058806,-0.7889291576089174,0.8390924705107836,-0.7283561282037547
2022-12-14,2022-12-14,press_conferences,,-0.19897927862613882,-0.02553926922556649,-0.7018284004354259,0.36904331870246293,-0.39756181187877265,-0.4652898942125541,-1.0717697011021905,-0.6392548064738548,-0.6449521600626137,0.8379096830823706,-0.7274340167052101
2023-02-01,2023-02-01,press_conferences,,-1.5511205683847755,-0.9178912412183943,-0.9662498199412883,0.5065437646550066,-0.3971816927285268,-1.5087200182306542,-0.5370629453561566,-1.2645729648471884,-0.1365926014572394,0.8367318860381153,-0.7265154003303257
2023-02-01,2023-03-22,minutes,,1.1409366508999204,-0.06347337037533898,-1.6972615379398182,-0.14246687667080782,-0.39680266210286264,-0.5954399999018712,-0.26166756483194453,-0.636110924798286,-0.2497521343392193,0.8355590443748785,-0.7256002570487852
2023-02-01,2023-02-01,statements,,0.830034198876417,-0.8178991515301077,-0.972669086484923,0.6447065699571409,-0.39642471481532454,-0.35576388684194177,2.0691343629079517,-1.3975371124493483,-0.22090706810524624,-1.2911058530033694,-0.7246885650242201
2023-02-01,2023-02-01,speech,{'unknown'},1.4169808923311302,-0.8167774173780843,-1.278775014955867,0.6439566003584775,-0.39604784571399343,-0.2749977637563914,-0.1760358427802222,-1.3941481031039737,-0.35749363002756346,-1.2882776643910017,-0.7237803026120202
2023-03-22,2023-03-22,statements,,0.4562510375869597,0.062077643594769374,-0.9477551907933442,0.6432092431261873,-0.3956720496811921,-0.22373884153308676,2.062115210247924,1.4628824994506588,-0.22028783653158168,-1.2854679897781733,-0.7228754483571732
2023-03-22,2023-05-03,minutes,,1.2547397066405266,0.2994950600981808,-0.640356603551079,-0.34534096590506635,-0.39529732163319303,0.17711923304983385,-0.1246811576657959,-0.3104671595329665,-1.1508268912748127,0.8393799896298827,-0.7219739809921351
2023-03-22,2023-03-22,speech,{'unknown'},2.3376764639298657,0.3886403977740478,-0.24604496896070932,-0.296050046137065,-0.3949236565199286,0.9606065297063668,-0.03663786185693503,0.5353773845773859,-1.0012760048676654,0.3665271890096563,-0.7210758794347291
2023-03-22,2023-03-22,press_conferences,,-0.7061668361363648,-0.11119381805639517,-0.5850317437669077,0.5038560327114785,-0.3945510493247064,-0.6260309661324983,-0.9936289970245876,0.4225874913394814,-1.012519411358559,0.838205251397403,-0.7201811227860726
2023-05-03,2023-05-03,press_conferences,,-0.5569267754927099,-0.5348672716231645,-0.8804981943780883,0.3803882061049719,-0.39417949506392486,-0.9076595416873092,-1.1540977127513448,-0.4434874674862795,0.315789674958405,0.8370420654815317,-0.7192896903285342
2023-05-03,2023-05-03,statements,,0.16705163297302444,-0.8188207938851695,0.015929821907226898,0.643860580216759,-0.3938089887867937,-0.051226149452666694,2.0598463169595935,-1.3959165067813948,0.31550716985154154,-1.289233828985242,-0.7184015615237165
2023-05-03,2023-05-03,speech,{'unknown'},0.16310945015975636,1.017355090412774,-0.6153481545836665,0.09605128007657847,-0.39343952557505657,0.03143474242179985,-0.4008281954884766,0.8290571469044172,-1.1307727776817973,0.8375304033048125,-0.7175167160104678
2023-05-03,2023-06-14,minutes,,-0.21413763976627828,-0.625440027015902,-0.8883207697802882,-1.5163738084339093,-0.3930711005427167,-1.232051927638571,-1.0584625332745445,-1.2038024123937834,-0.941389656328644,0.8363745781192514,-0.7166351336029202
2023-06-14,2023-06-14,press_conferences,,-0.9582788464170656,-0.9126204148891288,-0.3235058456717385,0.645262709956239,-0.3927037088357652,-0.8101665021947617,-0.9006936226528846,-1.0744789523157017,-0.7721521909534453,-1.2897917490178872,-0.7157567942885531
2023-06-14,2023-06-14,statements,,0.15964676877929118,-0.8173652184532927,0.25475848768529846,0.6445238554948441,-0.39233734563191236,0.09316928149635707,2.056443634666571,-1.3899103561200055,0.6388236586926115,-1.2870156283009282,-0.7148816782262849
2023-06-14,2023-06-14,speech,{'unknown'},-0.36144699826012644,-0.03814061158535621,-1.46388540181917,-3.435884461296883,-0.3919720061403216,-1.914870586516631,-1.053880343301019,0.09723869451002712,0.11678885616063645,0.8384983178185302,-0.714009765744589
2023-06-14,2023-07-26,minutes,,-0.48913869766076257,-0.18789250909387814,-0.13647406617185068,0.06596764378833381,-0.3916076856013461,-0.37610801858153114,-1.2543530783330932,-0.8167178040722969,-0.958239121858431,0.8373475209715976,-0.7131410373396341
2023-07-26,2023-07-26,statements,,0.1684181411076306,-0.8171957969472053,0.2652979447313764,0.6441559865003668,-0.39124437928626815,0.1050712255028507,2.0503857404354067,-1.3869497179482175,0.6400041510557112,-1.287579322745256,-0.7122754736734522
2023-07-26,2023-07-26,speech,{'unknown'},-0.44501837484490053,-0.4432235685497435,-0.04192046939257288,-2.8682946294908134,-0.3908820824970414,-1.0795061904752228,-1.1715014463868232,-0.16032826336032632,-0.46332590404968077,0.8378296493635178,-0.7114130555721276
2023-07-26,2023-07-26,press_conferences,,-0.8165945290501929,0.01179401681203809,-0.7666344560273961,0.5183598340388366,-0.39052079056603534,-0.7401209061054438,-0.9796897120698167,0.1278802145155539,-0.773013477149826,0.83668605639332,-0.7105537640240132
2023-07-26,2023-09-20,minutes,,0.0422683917095628,-0.8165914121080077,-0.6413936842194654,-0.08387069361647513,-0.3901604988557823,-0.6835817826653131,-0.7961008790945314,-1.3858216167100375,-1.1246979179004652,0.8355471359213408,-0.7096975801779678
2023-09-20,2023-09-20,speech,{'unknown'},0.01148736015274316,0.38652716995247277,-0.09724877271817546,0.5072805785260096,-0.389801202758728,0.17240209817325877,-0.9129967703372217,0.3315629000418082,-0.7987073386149676,0.8344128562075274,-0.7088444853416187
2023-09-20,2023-09-20,press_conferences,,-0.5531726361670669,-0.27302270423822184,-0.760587405340646,0.6440697164370371,-0.389442897696983,-0.678411024218196,-1.1837015446022956,-0.6693651785998437,-0.5886517592981172,-1.2914360187925003,-0.7079944609796457
2023-09-20,2023-11-01,minutes,,0.91015072223227,-0.4898272310161244,-0.12162773229120519,-0.10299755654647734,-0.3890855791220783,0.13750289456263629,-0.14584998329860246,-0.975044779769051,-0.9427036314725914,0.8348994551287064,-0.7071474887120891
2023-09-20,2023-09-20,statements,,0.16557253309170297,-0.8165608451866817,0.26471207061607266,0.6440159350559523,-0.3887292425147222,0.1045604704467129,2.0514291449940756,-1.38215078175369,0.6478375837245439,-1.2903342121452384,-0.7063035503126789
2023-11-01,2023-12-13,minutes,,0.5747050193066566,0.2518947598459444,0.26853727704839897,-0.08779623329394094,-0.38837388338456025,0.4701153223103014,-0.3921236129275222,-0.18801169329755207,-0.42451648587966195,0.835383190243587,-0.7054626277071865
2023-11-01,2023-11-01,press_conferences,,-0.4913179968825239,0.11635871312527454,-0.07397055157679037,0.6439397133514799,-0.38801949726993734,-0.10022293941211875,-1.2446205395934993,0.6634713965042554,-0.2883184908260716,-1.2892408203083146,-0.7046247029717975
2023-11-01,2023-11-01,statements,,0.160059550671731,-1.7310849359097666,0.25848702716801836,0.6432184232683787,-0.38766607973766243,-0.2016593053266086,2.0460505342418025,1.4803542322348602,0.6491330793748373,-1.2865244344343416,-0.7037897583315058
2023-11-01,2023-11-01,speech,{'unknown'},0.27615721858315495,0.8695050591633756,0.15150658515311027,-1.6668090433544465,-0.38731362638277506,0.08599313526957396,-0.28731139811590983,0.5236065720448978,-0.39497949604882227,0.8374668203849389,-0.7029577761585298
2023-12-13,2024-01-31,minutes,,0.4247399866212647,-0.17299905549238895,-0.1874213645078887,0.3511049583655737,0.26530934914183224,0.12181137594406362,-0.607387448572109,-0.7710425739511699,-1.0295331459739065,0.8363421699035304,1.4700284295963695
2023-12-13,2023-12-13,speech,{'unknown'},0.2922542677382599,-0.15535115855507406,-1.3842357132204677,-1.6157990188713585,-0.38766539921056536,-1.1764411972781645,-0.4002983219535501,-0.06253252454561675,-0.5377204912747546,0.7025782321325164,-0.7038041619592416
2023-12-13,2023-12-13,press_conferences,,-0.5655132743281378,-0.31543637082760423,-0.6309199275219346,0.6458485291070674,-0.3873146101799161,-0.6174658668141855,-1.1537106769307242,-0.7023936025441461,-0.8158447105179448,-1.2887008602646912,-0.7029760793808105
2023-12-13,2023-12-13,statements,,0.1500220490223613,-1.7166900838349641,0.25101699041045505,0.6451295341786281,-0.3869647719152825,-0.20600433353899414,2.044866521994387,1.4812924805555259,0.6537237617368978,-1.2860083391431567,-0.702150914211617
2024-01-31,2024-03-20,minutes,,0.16700038294687447,-0.7090882690337011,0.8460960546365641,-0.05831955935239493,-0.38661588012868586,0.32924455639342365,-0.6621974795228773,-1.260294613901933,0.15306828039770096,0.8376326784189784,-0.7013286493565374
2024-01-31,2024-01-31,press_conferences,,0.30578847937818665,0.5865154861374869,-0.7710302246074254,0.6450091110251585,-0.38626793055917813,-0.0069479959328287285,-0.6779819173000031,0.33447482432767395,-0.7940645528379516,-1.2849476167410405,-0.7005092678603838
2024-01-31,2024-01-31,speech,{'unknown'},-0.21660670500557938,-0.22805449107096132,-0.939522182784887,0.37750092986119893,0.20924070975592507,-0.6512890762362494,-0.8942256781696137,-0.7229260106767177,-0.3982145628579258,0.8381014615619542,1.4748184721489062
2024-01-31,2024-01-31,statements,,0.5008305614855978,-1.740000267871806,-0.22200617103816944,0.6441375718681062,-0.38653719936150227,-0.34533401210115233,2.04216286653291,1.4810706084340581,-0.2027443929602351,-1.2838948385175142,-0.7013544382358263
2024-03-20,2024-05-01,minutes,,0.9187635239511336,-0.18575373916188578,-0.5252929821778141,0.21598489920725528,-0.38619096555262933,0.06844186986585064,0.03046794988646549,-0.6686773491700829,-1.2236749001173266,0.8385675344247234,-0.7005388390677862
2024-03-20,2024-03-20,press_conferences,,-0.14265736288801684,0.18233667344168195,-0.6813950808161775,0.6435695553943457,-0.3858456606948801,-0.291466928162935,-0.8910259344533746,-0.08238109711965862,-0.8140226033046487,-1.2828499145257928,-0.6997260799589756
2024-03-20,2024-03-20,statements,,0.5081410733661935,-0.8097171064274642,-0.21803371660674636,0.6428623617669845,-0.38550128064086925,-0.03405222937609571,2.037209715872335,-1.3845314256653016,-0.19938302271018826,-1.2802137261111812,-0.6989161444603762
2024-03-20,2024-03-20,speech,{'unknown'},0.6522172521915454,1.7875985097335056,0.46674817598274115,0.12381023268465063,-0.3851578212690928,1.1865956094557968,-0.5440384091143821,0.5625026037056946,-0.23659899392949552,0.8406029441096643,-0.6981090162560599
2024-05-01,2024-05-01,press_conferences,,0.2585467501696726,-0.04224535765954715,-0.9328435181594928,0.5103925695204596,-0.3848152784837201,-0.3677371109731727,-0.6849504738273244,0.04917318244410902,-0.5662008863718223,0.8394916430681165,-0.6973046791618079
2024-05-01,2024-05-01,statements,,0.4098654604134725,-0.8106340384184026,-0.24139588575689266,0.6420351721645748,-0.38447364821438945,-0.09471960454641831,2.0329448913324506,-1.3841538942630922,-0.1982293817385379,-1.28078327625586,-0.6965031171237464
2024-05-01,2024-06-12,minutes,,2.5341669072973723,-0.2819050893630248,0.38140804856250865,0.4961179218539886,-0.3841329264160035,1.4050663628808773,1.0123410092998892,-0.758309807016048,-0.393840946049405,0.8399497250533551,-0.695704314217
2024-05-01,2024-05-01,speech,{'unknown'},3.6343591826001007,1.8084071999705582,-0.29322676112313806,0.4158172364437796,-0.38379310906852954,2.1717507587973355,0.6608808610558916,0.02318593863479056,-1.1684736665273348,0.8388451357696932,-0.6949082546443613
2024-06-12,2024-06-12,statements,,0.14559675745814296,-0.8111078613638654,-0.22241518725081158,0.64071154391901,-0.3834541921767987,-0.20358042036029003,0.39113227959062596,-1.3814246467256555,-0.1957363847141967,-1.2813480025610007,-0.6941149227349787
2024-06-12,2024-07-31,minutes,,0.3529233851335144,1.0567462655461226,0.1812364905189681,0.33707927746814037,-0.38311617177030965,0.6836541034981076,-0.5378433795379388,-0.06165982118535428,-0.6023497947403134,0.8393029047936279,-0.6933243029430594
2024-06-12,2024-06-12,speech,{'unknown'},0.09051011588445032,-0.39196013381103495,0.5852771387791162,0.5112011034789035,-0.0952893087650946,0.3885011221435657,-0.4018310686001946,-0.34685316455395887,-0.015005751915714525,-0.9272395570016196,1.4895397962874068
2024-06-12,2024-06-12,press_conferences,,0.08078273565289598,0.19837127870602314,-0.025555603346514563,0.639514720499476,-0.38292444405041287,0.219715343171723,-0.6652805372616103,-0.11696741440165813,-0.5269687796909742,-1.2790453690917765,-0.6941732900511001
2024-07-31,2024-07-31,statements,,0.13019438971934924,-0.8124549185096996,-0.22942483086059354,0.6388252835733156,-0.3825885590519497,-0.21606979954238995,2.0296374101298973,-1.3805671851043204,-0.1941778505879958,-1.2764667210172864,-0.693386190702832
2024-07-31,2024-09-18,minutes,,0.6506313652959687,-0.16019727684106747,-0.17842060036084928,0.3385390586271134,0.28720865591362377,0.23596660430179872,0.08111948157020836,-0.8393715763416613,-0.9144859380563304,0.842815874218177,1.4891771936898806
2024-07-31,2024-07-31,press_conferences,,-0.3036877498299192,0.247924666863944,0.04810892768016007,0.6380533520084595,-0.38296080638502,0.10258028674490631,-0.9270001386277559,-0.0035956054944749054,0.07755521907067672,-1.2754739031906979,-0.6942311362298154
2024-07-31,2024-07-31,speech,{'unknown'},1.750652284258245,0.08057142457443017,0.22383743341777929,-0.5951406146340262,-0.07654944215241881,0.8297895026306676,0.17076504999470926,-0.5695823704085957,-0.6631995253592233,0.8432587658487541,1.4871725506675428
2024-09-18,2024-11-07,minutes,,0.33862533666296757,0.16590659731036791,0.40734209372977886,-0.11191475406966767,-0.38280007375027636,0.41451778816375673,-0.4439001134204325,-0.5935061492903111,-0.31929683050865826,0.8421614340894356,-0.6950712598768414
2024-09-18,2024-09-18,statements,,0.1289583479096509,-0.8143392915096239,-0.2296942408172258,0.6392407259884894,-0.3824668746895767,-0.21704420013070155,2.0279209640979916,-1.3772018487963371,-0.1916352039938802,-1.2760516063431915,-0.6942884682053742
2024-09-18,2024-09-18,press_conferences,,-0.44478240924659745,-0.14567569975911812,0.2980741290409178,0.6385580242270694,-0.3821345443865518,0.060107793865752254,-1.1737873508802255,-0.8835243974807685,0.6754329720011705,-1.2735097747218314,-0.6935083165095659
2024-09-18,2024-09-18,speech,{'unknown'},2.018827012913415,-0.08870625873164344,0.5029965632539007,0.13791953191157844,-0.38180307907181776,1.2302440161824881,0.7432414700690196,-0.9720028995562403,-0.21615486935059092,0.8441370758262046,-0.6927307899797807
2024-11-07,2024-11-07,statements,,-0.176356871924641,-0.8141741776276922,-0.2176821068884559,0.638143289443578,-0.38147247499885106,-0.3517323496254943,2.0208458115213586,-1.3716584917749137,-0.1923995836041254,-1.2725383076393781,-0.6919558739224508
2024-11-07,2024-11-07,speech,{'unknown'},1.2028271662731032,1.6112159061933695,0.7315137074995082,0.05863754620494719,-0.38114272844381086,1.533353276588085,0.2688753402954723,0.040488529854083216,-0.23567584587365456,0.8445725362028703,-0.6911835537589099
2024-11-07,2024-11-07,press_conferences,,0.8047354063135048,0.22037352686043826,0.08276120707122535,0.6378573710268814,-0.3808138357053623,0.6299091427678221,0.29928023984308216,0.06757777796646111,-0.2599334530018878,-1.2715738029389971,-0.69041381502424
2024-11-07,2024-12-18,minutes,,1.409971266038329,0.021389107846465076,0.8789705713441908,0.05896369005360161,-0.38048579310450265,1.1944989650315831,0.6812387161343203,-0.6516880521346545,0.5000869298064209,0.8450055611314062,-0.6896466433661327
2024-12-18,2024-12-18,statements,,-0.19394728355437707,-0.8161675294440942,-0.2300454005506816,0.6375720663278083,-0.3801585969843877,-0.3680375299701003,2.0148418046604673,-1.3705173480463104,-0.1926349490784528,-1.2706161852303635,-0.6888820245437649
2024-12-18,2024-12-18,speech,{'unknown'},0.4793442615316928,0.8639549310192343,0.7547977733949416,0.544074509943,-0.37983224371016056,1.078639231164406,-0.16231160877594514,-0.3254527577361311,-0.09983717371262771,0.8454361710417281,-0.6881199444266876
2024-12-18,2025-01-29,minutes,,1.6251235118363012,0.15718856917245552,0.10499595430216643,0.03807031364728733,-0.37950672966878213,0.8612050714789872,0.4409000215662445,-0.5323990813645166,-0.6533884706962245,0.8443501605156689,-0.6873603889937281
2024-12-18,2024-12-18,press_conferences,,0.44418220879274634,-0.08842724637132676,-0.28284747425100437,0.63684016090019,-0.37918205126886295,0.1368729977243397,-0.5607134311693177,-0.5451585117025849,-0.6869884211069553,-1.2712039834328654,-0.6866033443319055
2025-01-29,2025-01-29,speech,{'unknown'},1.1141061983434437,-0.07328412148413047,0.8156915689923745,-0.16429664553104173,-0.3788582049404966,0.9336407321664939,0.5768137611559737,-0.7915914920115633,0.17840127697098224,0.84478061419062,-0.6858487966353607
2025-01-29,2025-01-29,press_conferences,,0.6807761588889211,-0.6287278809443497,-0.17384263310066533,0.6368801919844274,-0.37853518713509465,0.13597165988546592,0.5843953665279802,-1.1050333349077555,-0.05464676338208815,-1.2702550694108,-0.6850967322042972
2025-01-29,2025-01-29,statements,,-0.18142151281804586,0.1571092298683152,-0.21786769861785613,0.6362135961067478,-0.3782129943252234,-0.03438003645574522,2.0116133604548487,1.5163829320784556,-0.19109677534923086,-1.2677839164530469,-0.684347137443936
2025-01-29,2025-03-19,minutes,,1.3078742248325337,0.679888691473853,-0.373142238930018,0.08339459224576591,-0.3778916230044419,0.6060731106223584,0.259703475227353,0.5113553276166607,-1.162248486595545,0.8467137115595678,-0.6835999988634825
2025-03-19,2025-03-19,statements,,-0.21059614498744236,0.07814532327262277,0.004115009243283625,0.6358951995090437,-0.37757106968714177,0.06130747041357294,2.005090375373055,1.5127383905810794,1.9956821316953066,-1.266853114405612,-0.6828553030751067
2025-03-19,2025-03-19,press_conferences,,1.590283326428852,-0.8207291877401249,-0.2784634758578938,0.6352331862375109,-0.37725133090838814,0.43377779802000943,1.3474133245229378,-1.3685531895564211,-0.5550508474342837,-1.2644076261267354,-0.6821130367929338
2025-03-19,2025-03-19,speech,{'unknown'},1.6907755353814318,1.2249710899279667,1.0833666233854389,-0.18963528090931756,-0.376932403223762,1.7899874796637238,0.2670211849403445,0.3598064309144346,-0.322608481891646,0.8486327037020484,-0.6813731868320493
2025-03-19,2025-05-07,minutes,,2.4453218643321852,0.765188425845895,-0.9967382296730172,0.19633218556946241,-0.3766142832092047,0.8149459716549275,1.1524591239049085,0.5096421966483796,-0.7259931063709839,0.8475536945741052,-0.6806357401075137
2025-05-07,2025-05-07,statements,,0.1358347452364112,-0.3456938582989307,0.034013517805199185,0.6354697133421345,-0.3762969674608634,0.10183003999200775,1.993243381263864,-0.40883284665922853,1.993744304827222,-1.2650110194022952,-0.6799006836333903
2025-05-07,2025-05-07,press_conferences,,0.8280402331414206,-1.5995657113978987,-0.9535496248465172,0.6348122968114253,-0.3759804525949376,-0.5874532286081459,0.9047690983568092,-0.4084812600340964,-0.10500581681847493,-1.2625878171947282,-0.6791680045217835
2025-05-07,2025-05-07,speech,{'unknown'},3.5813464793932996,1.516299862405283,0.38992650814753615,0.5622185407317701,-0.05349487651730857,2.5500206490096167,0.4781998983311119,0.45804216966752576,-0.6196242692146259,-0.5569659706233424,1.5192472946347704
2025-05-07,2025-06-18,minutes,,2.265159041980096,0.2102657581779594,-0.034265219369507306,0.633649538624951,-0.37586215307800036,1.2470555000947134,0.6288444638429943,-0.16867478820247042,-0.8729310101228733,-1.2600000224866963,-0.6800188528233844
2025-06-18,2025-06-18,statements,,-0.19229268625640442,-0.8216685801385571,-0.2123531542112944,0.6329979654501638,-0.37554748571654933,-0.3594018598598233,1.985276368603175,-1.3712448729613056,-0.19006270418168242,-1.2576087133591771,-0.6792891921700912
2025-06-18,2025-06-18,speech,{'unknown'},3.5023184625154165,-0.5344741572408639,-0.5330116044720085,-1.2875120707903058,-0.3752336075075744,0.8337402798152012,0.9340060163316289,-0.8593030799809765,-1.248397428315726,0.8536752234915591,-0.6785618762556195
2025-06-18,2025-07-30,minutes,,2.117767133184796,-0.17715318873115996,0.33237354734173324,0.6339290186141263,-0.3749205151574728,1.283558609497971,0.8195622191339375,-0.7015493577759646,-0.48901030663146816,-1.2567317805870823,-0.6778368925456407
2025-06-18,2025-06-18,press_conferences,,1.37116771674291,-0.5420829673424193,-0.7331346606999641,0.6332798509439737,-0.374608205391857,0.16410568348768081,0.760679243594933,-0.9545205533191058,-0.7144408421300154,-1.254364659834491,-0.677114228599448
2025-07-30,2025-09-17,minutes,,2.2425428339618634,-0.49949724912691934,-1.581224242731666,0.780834470450631,-0.374296674955411,0.11745006274836445,1.1975273846242165,-1.0191656458940102,0.0459367771704014,-0.5494918344184276,-0.6763938720690593
2025-07-30,2025-07-30,speech,{'unknown'},1.070308771839124,-0.688728260908856,-0.3358797564746531,-0.2777410423177232,-0.373985920611748,-0.0008444059523826861,1.1629910610920275,-1.171591453879272,-1.119600570168126,0.8567841924758066,-0.6756758106983302
2025-07-30,2025-07-30,press_conferences,,1.1123539255013632,-0.0101021278429473,-0.860722054069502,0.6325047471852776,-0.3736759391432687,0.13950654408049348,0.7772521440069716,0.08084721223941213,-0.06994488043155384,-1.253339344424986,-0.6749600323220778
2025-07-30,2025-07-30,statements,,-0.22103415348561511,-0.8198785741561856,-1.2489795709193103,0.6318616301535771,-0.3733667273510214,-1.003197501163023,1.9705786598975459,-1.3630455044656218,2.0020004920275594,-1.2510000597671413,-0.6742465248652147
2025-09-17,2025-09-17,speech,{'unknown'},1.3703125265060874,-0.2707513299211572,-1.1779462683804798,0.5362576167649674,-0.37305828205456354,-0.03762201986166482,0.5456529202388236,-1.056445845164527,-0.29141247682120397,0.858635268573717,-0.6735352763418923
2025-09-17,2025-10-29,minutes,,2.074937963434763,0.5396666865653863,-0.7171656070641209,-0.3106580293530703,-0.3727506000918237,0.6471816288258608,1.2282864308061372,-0.6371695168557117,-0.9942156067856217,0.0144700003842268,-0.672826274854655
2025-09-17,2025-09-17,press_conferences,,1.5861309674373238,-0.3439310687809349,-0.7803085245169299,0.6316329801913412,-0.372443678318966,0.30878275297429497,1.4636080965124603,-0.9208355491991733,-0.18576109043767203,-1.251085254789161,-0.6721195085936035
2025-09-17,2025-09-17,statements,,-0.2318091048358441,-0.3498426599039065,-1.2322751600958313,0.630994962169248,-0.37213751361025454,-0.8461506001232565,1.9576022497453096,-0.3946616016791133,1.9996196917087128,-1.2487687504813545,-0.6714149658355678
2025-10-29,2025-12-10,minutes,,2.139701451729057,0.2708886442619186,0.27970817556707045,0.49292961933142865,0.8630837402990529,1.4554853749813461,1.5300213783018692,-0.582232768737021,-0.48886457313541537,-0.8249581977627292,1.536216779006225
2025-10-29,2025-10-29,speech,{'unknown'},1.3337937597755143,-0.8212273863929165,-0.5188914072883819,-1.2713167195383575,-0.08850033220222013,-0.24303719971734278,0.4333815926895775,-1.3571291162726529,-1.2379631444411932,0.8624574123937893,1.5325039897630324
2025-10-29,2025-10-29,statements,,-0.24894525333411957,-0.3684000035232337,-0.46907068301701277,0.631542910006632,-0.3732843004432877,-0.39650768042324214,1.9472312803678486,-0.3914924513956221,-1.2760968288517525,-1.2470364428295997,-0.6738208558563895
2025-10-29,2025-10-29,press_conferences,,0.9607234990559812,-0.16602746994390186,-0.26711855747420005,0.6309086982917921,-0.3729790385140654,0.3788755902670473,1.135976942270919,-0.5453208017675993,-0.7706322409616666,-1.2447497292419878,-0.6731174781055025
2025-12-10,2025-12-10,minutes,,1.0420044131485175,0.002715396575775496,0.5855285720049884,0.48788480508832793,0.2678264893932573,0.9916191371629564,0.11722409180263338,-0.7761591602466987,0.049294251990561144,0.8642709223537687,1.5319565492886387
2025-12-10,2025-12-10,statements,,-0.2592415038447032,-0.379679584529922,-0.231705148252683,0.62992198611914,-0.3733069266059937,-0.26132425411059884,1.9397208513448883,-0.3895827112843223,-0.18288108476133388,-1.243940538387314,-0.673961832000216
2025-12-10,2025-12-10,speech,{'unknown'},0.25259201098538636,-1.907123954535697,-0.25396931359790836,-0.5566197059061568,-0.37300295072786704,-0.8070165986414157,0.6477100728280761,-0.23174336078533214,-0.9983180387388354,0.8646320779678713,-0.6732612329131369
2025-12-10,2025-12-10,press_conferences,,0.5353989522275432,-0.24628023901740875,-0.31542249934056676,0.6303997041988182,-0.37269971635618127,0.11700202313866395,-0.06736632514541542,-0.81158132670171,-0.880083923816844,-1.2431367353138518,-0.6725628150513513
