{
  "base": {
    "label": "base_sft_p7",
    "n_sentences": 100,
    "parse_failure_rate": 0.0,
    "summary_f1": 0.4543469379262667,
    "field_metrics": {
      "top": {
        "accuracy": 0.54,
        "f1_macro": 0.6016666666666667,
        "precision": 0.6016666666666667,
        "recall": 0.6016666666666667,
        "n": 100
      },
      "ten": {
        "accuracy": 0.73,
        "f1_macro": 0.7286704853783539,
        "precision": 0.7491883116883117,
        "recall": 0.7634062634062634,
        "n": 100
      },
      "sen": {
        "accuracy": 0.43,
        "f1_macro": 0.36233298515907214,
        "precision": 0.3634897828863346,
        "recall": 0.41203138462666594,
        "n": 100
      },
      "com": {
        "accuracy": 0.74,
        "f1_macro": 0.5691104140041051,
        "precision": 0.5561497326203209,
        "recall": 0.6505466309683178,
        "n": 100
      },
      "hor": {
        "accuracy": 0.91,
        "f1_macro": 0.8282114907425081,
        "precision": 0.7933604336043361,
        "recall": 0.8828470380194517,
        "n": 100
      },
      "ris": {
        "accuracy": 0.7,
        "f1_macro": 0.27190661839784647,
        "precision": 0.2864583333333333,
        "recall": 0.3891843971631206,
        "n": 100
      },
      "wid": {
        "accuracy": 0.89,
        "f1_macro": 0.5814814814814815,
        "precision": 0.5314775663612873,
        "recall": 0.7180851063829787,
        "n": 100
      }
    },
    "timestamp": "2026-05-16T16:46:02.914234"
  },
  "sft": {
    "label": "sft_sft_p7",
    "n_sentences": 100,
    "parse_failure_rate": 0.0,
    "summary_f1": 0.535822996486893,
    "field_metrics": {
      "top": {
        "accuracy": 0.72,
        "f1_macro": 0.7666666666666667,
        "precision": 0.7666666666666667,
        "recall": 0.7666666666666667,
        "n": 100
      },
      "ten": {
        "accuracy": 0.87,
        "f1_macro": 0.8661311914323963,
        "precision": 0.8619162640901772,
        "recall": 0.8856713856713856,
        "n": 100
      },
      "sen": {
        "accuracy": 0.57,
        "f1_macro": 0.3829277456728437,
        "precision": 0.3874416433239962,
        "recall": 0.38239564428312156,
        "n": 100
      },
      "com": {
        "accuracy": 0.84,
        "f1_macro": 0.6206671982987773,
        "precision": 0.6379474184352234,
        "recall": 0.6154060687193217,
        "n": 100
      },
      "hor": {
        "accuracy": 0.92,
        "f1_macro": 0.7777777777777778,
        "precision": 0.890937019969278,
        "recall": 0.7250221043324492,
        "n": 100
      },
      "ris": {
        "accuracy": 0.91,
        "f1_macro": 0.539247311827957,
        "precision": 0.5275621118012422,
        "recall": 0.5700354609929078,
        "n": 100
      },
      "wid": {
        "accuracy": 0.93,
        "f1_macro": 0.4544502617801047,
        "precision": 0.6494845360824743,
        "recall": 0.40957446808510634,
        "n": 100
      }
    },
    "timestamp": "2026-05-16T16:41:24.387135"
  },
  "delta_summary_f1": 0.08147605856062634,
  "timestamp": "2026-05-16T16:46:02.917306"
}