{
  "name": "sft_sft_p7",
  "n_sentences": 114,
  "parse_failure_rate": 0.0,
  "summary_f1": 0.4664807538556539,
  "field_metrics": {
    "top": {
      "accuracy": 0.543859649122807,
      "f1_macro": 0.45374950610619724,
      "precision": 0.4844681972828425,
      "recall": 0.473546176046176,
      "jaccard_mean": 0.6008771929824561,
      "n": 114
    },
    "ten": {
      "accuracy": 0.8157894736842105,
      "f1_macro": 0.4084773001205303,
      "precision": 0.4057637345188949,
      "recall": 0.41145833333333337,
      "n": 114
    },
    "sen": {
      "accuracy": 0.5263157894736842,
      "f1_macro": 0.355548326465698,
      "precision": 0.3562925170068027,
      "recall": 0.36794922913343964,
      "n": 114
    },
    "com": {
      "accuracy": 0.8771929824561403,
      "f1_macro": 0.5041666666666667,
      "precision": 0.5029761904761905,
      "recall": 0.5053694158075601,
      "n": 114
    },
    "hor": {
      "accuracy": 0.9210526315789473,
      "f1_macro": 0.5407772304324029,
      "precision": 0.6042328042328042,
      "recall": 0.5077097505668934,
      "n": 114
    },
    "ris": {
      "accuracy": 0.9122807017543859,
      "f1_macro": 0.6986154741128562,
      "precision": 0.7413594470046083,
      "recall": 0.7309059987631417,
      "n": 114
    },
    "wid": {
      "accuracy": 0.8771929824561403,
      "f1_macro": 0.3580097087378641,
      "precision": 0.42429906542056073,
      "recall": 0.33333333333333337,
      "n": 114
    }
  },
  "timestamp": "2026-05-17T13:52:44.081769"
}